# .PCD v0.7 - Point Cloud Data file format
VERSION 0.7
FIELDS x y z rgb
SIZE 4 4 4 4
TYPE F F F U
COUNT 1 1 1 1
WIDTH 10000
HEIGHT 1
VIEWPOINT 0 0 0 1 0 0 0
POINTS 10000
DATA ascii
-0.0595439 -0.059411898 0.68704802 4278190334
0.53174299 -0.104597 0.59652698 4294703875
0.078256801 0.114859 0.67605799 4278321916
0.464035 0.062784798 0.64525402 4284769434
0.32143399 0.038305301 0.68708301 4279440363
0.34106001 -0.17804299 0.64847797 4282137794
0.40431699 0.050738499 0.66881102 4282993077
0.381264 -0.108142 0.66470999 4282729913
-0.147305 -0.31622499 0.56066 4278848244
-0.32438901 0.067228802 0.68252599 4282335167
0.038125101 -0.0044437498 0.69084299 4278190334
0.481213 -0.0577223 0.63816601 4286677373
0.36351401 0.020412199 0.68124998 4281677257
0.46877 0.065951496 0.64242798 4285427344
-0.16192 -0.073663101 0.68443602 4280032482
0.42563301 0.277686 0.561782 4287269492
0.32898399 -0.17494901 0.65161002 4280493019
0.053366099 0.26454499 0.60435897 4278321916
0.28151301 0.071664996 0.68491602 4279637736
-0.35248801 0.17619 0.64766097 4283585196
0.051392499 0.23544 0.624412 4278321916
-0.0164364 0.25801 0.609694 4278190334
-0.072889999 0.37144601 0.49532899 4278190334
-0.301514 -0.197831 0.64342099 4281874630
0.38399699 0.224498 0.61620599 4284572061
0.43500701 -0.38031301 0.42312101 4286743164
-0.311344 0.141184 0.66691703 4281216720
-0.349702 -0.338092 0.52790099 4281743048
0.019966099 0.00084378599 0.69060498 4278190334
0.239555 -0.0125394 0.69063002 4278585080
0.26833701 0.29065499 0.58339798 4280756183
0.41071501 -0.109683 0.65601099 4285756299
-0.331958 0.2176 0.630265 4281743048
0.43529001 -0.154884 0.63234001 4284308897
0.38275 -0.078331299 0.671211 4282137794
0.67381799 0.023975801 0.45333001 4294967040
-0.0786933 -0.204254 0.64201701 4278190334
-0.088369399 -0.17087799 0.65672201 4278321916
0.087301403 -0.19066601 0.64767402 4278782453
0.0285135 -0.217972 0.63365102 4278321916
0.58713597 -0.022914199 0.56694502 4294967040
0.29144999 0.38122699 0.47828701 4282400958
0.327209 0.036688901 0.68646002 4278979826
0.49960399 -0.052661799 0.62816101 4289309013
-0.17173401 -0.095045403 0.68066198 4279374572
-0.32509199 0.0618819 0.68359798 4283124659
-0.32818201 0.050043602 0.68437099 4283650987
-0.024746999 0.00765219 0.690907 4278190334
0.412155 -0.174024 0.63275403 4283256241
0.47865701 0.25071499 0.55486202 4291216952
0.16171101 0.15320399 0.663683 4278979826
-0.217796 0.049625501 0.68816698 4279506154
0.206306 0.243072 0.61962098 4280032482
-0.0249539 0.10268 0.67900002 4278190334
0.40072 -0.256327 0.58882302 4284308897
-0.0245806 0.25503999 0.61180001 4278190334
0.24700201 -0.22859199 0.628277 4280558810
0.59408098 0.22179 0.470566 4294967040
0.282327 -0.074552998 0.68417901 4280098273
0.038132802 0.192779 0.647246 4278190334
0.078053199 -0.31213 0.564955 4278716662
0.27925599 0.021384001 0.68956399 4279440363
0.38559699 0.17409401 0.64086801 4282729913
0.518709 0.28875801 0.487221 4289769550
0.22214501 -0.082813904 0.68232697 4279571945
0.20833801 -0.233411 0.62501699 4280427228
0.417382 -0.018570401 0.66793603 4281808839
-0.321448 -0.287471 0.58396697 4280953556
0.329101 -0.32598799 0.54638797 4283124659
0.212117 -0.338893 0.537126 4279242990
0.46057501 -0.15708099 0.62055802 4287137910
0.54884201 0.29988801 0.438117 4293190682
0.073477603 0.065064803 0.68587399 4278321916
0.39050999 -0.29094899 0.56520402 4285822090
0.393186 -0.106005 0.66272098 4282729913
0.126928 -0.027499 0.68980801 4278387707
-0.0562509 0.325822 0.55091298 4278321916
0.307401 0.056834899 0.68633997 4279242990
-0.22524901 -0.37090799 0.49556801 4280032482
-0.13551299 -0.225223 0.62965399 4278848244
0.100042 0.0243128 0.69029301 4278321916
0.37669799 -0.0353764 0.678267 4282795704
0.32734701 -0.21781801 0.63097799 4281677257
0.30298799 0.050221 0.68690002 4279703527
0.0317472 -0.15460201 0.66343999 4278256125
-0.31974399 -0.0564362 0.68464899 4282729913
0.39630201 0.053152502 0.67101097 4283190450
0.55901599 -0.167348 0.54972398 4294967040
0.197735 0.139368 0.668589 4278914035
0.203234 -0.0123405 0.69019002 4278585080
0.58718801 0.026871501 0.56610298 4294638084
0.38921899 -0.21838599 0.61748701 4282795704
0.425078 0.10837 0.65140998 4283058868
-0.032608598 -0.048093598 0.68805802 4278256125
0.0031850201 0.064430401 0.68619299 4278190334
0.34683099 -0.17924599 0.64714402 4281743048
0.032760099 -0.0377081 0.689134 4278190334
0.156738 -0.0324434 0.68907303 4278519289
-0.34605801 -0.132525 0.66497701 4282993077
0.0250491 -0.16461299 0.65888703 4278256125
0.381935 0.050143 0.67523402 4283124659
0.110933 0.042132702 0.68838102 4278321916
0.25327 -0.14882401 0.66504103 4279637736
-0.12809099 0.030663099 0.68941897 4278650871
-0.23024 -0.011497 0.69010901 4279637736
0.333837 -0.189152 0.64515501 4281874630
-0.077378899 -0.095178001 0.68015599 4278453498
-0.43204999 0.149938 0.635526 4284901016
-0.47565001 0.199967 0.59166503 4283650987
0.038780998 -0.28991699 0.58451402 4278256125
-0.233437 -0.27936101 0.59274602 4280887765
0.192918 0.14075001 0.66754502 4278716662
-0.306005 -0.37435499 0.48846 4280821974
0.364957 -0.237941 0.61292398 4282532540
0.116278 -0.267093 0.60269201 4279111408
-0.180998 0.0401829 0.68897301 4279900900
0.30458999 -0.051538099 0.68630701 4278979826
0.19367699 -0.096173503 0.67973399 4278716662
0.063372701 -0.095860697 0.68041801 4278387707
0.053240798 -0.032148201 0.68910199 4278256125
0.30180699 -0.30232099 0.57330298 4281808839
0.45873901 0.179727 0.61057401 4287730029
0.310096 0.124174 0.67162901 4281611466
0.46287501 0.031510498 0.64986497 4284769434
0.0422692 -0.107317 0.67773402 4278256125
0.159712 -0.15129 0.66469002 4279308781
0.610008 -0.218095 0.450665 4294967040
0.61092299 -0.065538503 0.53512901 4294967040
0.54292899 -0.167594 0.56268001 4291809071
0.15301099 -0.30190101 0.57360899 4279374572
0.439946 -0.040453002 0.65817499 4283716778
-0.263439 -0.132577 0.67068797 4280361437
0.20816401 -0.126293 0.67283499 4279374572
0.56957901 -0.093404397 0.56982702 4293124891
0.456305 -0.127134 0.63393903 4288782685
-0.21060801 -0.117704 0.67458898 4280229855
0.34232301 0.081383497 0.677948 4279769318
0.41993499 0.041327901 0.66534901 4282269376
0.162451 0.209902 0.63907498 4279440363
0.064889997 -0.16294099 0.6602 4278321916
-0.026264001 -0.123274 0.67338401 4278190334
0.34575 0.40210199 0.43136701 4282664122
0.19800501 -0.060966302 0.68654299 4278716662
0.250808 0.095445201 0.679923 4279440363
0.227265 0.38088 0.479689 4280887765
0.18463901 -0.203688 0.64149302 4279506154
0.080476902 0.172455 0.655761 4278387707
0.089022197 0.18334299 0.65194702 4278190334
-0.266146 -0.167882 0.658153 4282137794
0.123709 -0.183156 0.65144002 4278585080
0.60625601 -0.074476399 0.53831202 4294967040
0.246784 -0.205365 0.64132297 4280032482
-0.146433 0.0095522301 0.69069099 4278650871
0.303303 0.34834599 0.52345902 4281414093
-0.27894199 0.21307699 0.63674498 4280361437
0.21112899 0.360461 0.50941998 4280098273
0.070355996 0.263482 0.60560799 4278387707
0.27384499 -0.071927696 0.68461502 4279637736
0.0871806 -0.219404 0.63394701 4278256125
-0.348777 0.224338 0.62384802 4282664122
0.091181003 -0.102116 0.678913 4278190334
0.46821001 -0.066198103 0.64292097 4286677373
0.34529901 -0.17563 0.64926702 4282795704
-0.27403301 -0.199147 0.64455903 4280624601
0.36354101 -0.27293101 0.58834302 4284440479
0.46268001 0.174105 0.61159497 4288256357
0.59781402 -0.0043212301 0.55652398 4294967040
0.32785201 0.270531 0.597054 4282006212
0.27967799 0.16581801 0.65903902 4279506154
-0.370588 0.077867404 0.67389601 4283256241
-0.00254696 0.172437 0.65569299 4278190334
0.031845301 0.24292301 0.61907399 4278190334
0.43020299 -0.092379302 0.65384698 4284966807
-0.37695 0.0452432 0.67754501 4284506270
0.37692699 0.30604899 0.55559802 4285032598
0.29543599 -0.127422 0.67143101 4279440363
0.30303201 0.156435 0.66218799 4280493019
0.29553199 -0.183889 0.65033001 4281216720
0.181174 0.0228185 0.69028902 4278453498
-0.0301308 0.137086 0.66959703 4278190334
-0.36312801 -0.192589 0.63818902 4283979942
-0.33108801 -0.165518 0.655361 4281874630
0.44547999 -0.109609 0.64281601 4284901016
-0.38775599 0.22987901 0.61181802 4282664122
-0.080393098 0.317514 0.55975199 4278256125
0.077372499 -0.128456 0.67199802 4278321916
-0.094432801 -0.0234967 0.69028199 4278387707
0.170592 0.156011 0.66242498 4279111408
-0.19517399 -0.237747 0.62276101 4279440363
0.42661101 -0.126909 0.64603502 4285887881
0.297589 -0.228806 0.62768102 4282466749
0.16783801 0.231133 0.626531 4279571945
0.24467801 -0.40044901 0.446668 4279966691
0.039184202 -0.17527001 0.65464097 4278387707
0.374962 0.121603 0.66284603 4283848360
0.25071001 -0.25791901 0.60953301 4281611466
0.045550201 0.011959 0.69029498 4278190334
0.46069399 0.37594199 0.40556401 4285164180
-0.044457901 0.121419 0.67377597 4278190334
0.0147632 -0.125127 0.67279398 4278256125
0.350907 0.40769801 0.41709599 4282861495
-0.0450464 0.090403102 0.68110198 4278190334
0.00169316 -0.00286981 0.69066697 4278190334
0.31056601 -0.37789199 0.482943 4283058868
0.0094045997 0.116383 0.67486799 4278190334
-0.14045601 0.27483401 0.59738398 4278585080
0.55304098 -0.099116802 0.58175403 4292993309
0.35294399 0.43011701 0.34946901 4282466749
0.058774099 0.16687 0.658692 4278519289
-0.164048 0.073101804 0.68422502 4278979826
0.527982 0.063404597 0.60955203 4289637968
0.173127 0.224887 0.63073498 4279308781
0.29772201 0.052797899 0.687069 4279374572
-0.137025 0.17215399 0.65573603 4278650871
-0.126375 -0.109138 0.67680001 4278650871
-0.0209818 0.054035801 0.68725997 4278190334
0.52210599 -0.27810901 0.49582201 4290756415
-0.124803 -0.0589852 0.68681097 4278782453
-0.21948799 0.234092 0.62534398 4280624601
0.127831 -0.122292 0.67319602 4278782453
-0.098256297 -0.13163599 0.67115003 4278256125
0.148855 0.108971 0.67681003 4278716662
0.34315699 -0.093918003 0.67583799 4281085138
-0.171067 -0.29776499 0.57785302 4278979826
0.598122 0.25746799 0.424532 4294309129
-0.0233464 0.048579499 0.687383 4278190334
0.362032 0.26548001 0.594028 4282664122
0.174428 -0.0436542 0.68810499 4278519289
0.50924599 0.059706502 0.62159199 4289572177
-0.076525502 -0.253674 0.61191303 4278190334
0.112999 -0.103338 0.67796302 4278387707
0.199248 0.19251101 0.64745301 4279703527
-0.0550946 -0.15501501 0.66268599 4278256125
0.078765698 0.305242 0.57065398 4278190334
0.182521 0.0615138 0.68652099 4278979826
0.093762197 -0.124478 0.67310899 4278453498
0.20714501 0.028655199 0.68971997 4278782453
0.122183 0.35563999 0.51645201 4278716662
-0.11516 -0.063573301 0.68584102 4278519289
0.422914 0.022247899 0.66557199 4285295762
0.31307101 -0.216971 0.63281798 4282664122
0.135956 0.132615 0.67031598 4278453498
0.0138785 -0.0265531 0.68968898 4278190334
0.420744 0.0059083099 0.66723698 4284045733
0.32023999 0.33263499 0.540811 4283848360
-0.12347 -0.127307 0.67182899 4278519289
0.54627699 0.191616 0.54688102 4293388055
-0.23927499 0.101671 0.679061 4281282511
-0.0102144 0.28883001 0.58498001 4278190334
-0.188087 0.181375 0.65271002 4279637736
0.135525 0.14462499 0.666668 4278519289
-0.169816 -0.019813299 0.68988198 4278848244
0.33589199 -0.150557 0.66047198 4281743048
-0.284363 0.058523301 0.68630099 4281019347
0.287723 0.16828801 0.65750903 4280493019
0.39462599 0.051931199 0.672387 4280756183
0.35069799 0.34333 0.521312 4284045733
0.0069215102 -0.328302 0.54855901 4278190334
0.263322 -0.26234099 0.60567302 4280558810
0.50850397 0.354031 0.39631701 4288782685
0.28657901 0.424824 0.38780001 4281348302
0.42469701 -0.073311903 0.658912 4283914151
-0.100953 -0.0034159 0.69081903 4278848244
0.34769401 -0.190667 0.64190298 4282993077
0.47166401 -0.178065 0.60503602 4289769550
-0.111565 0.0312365 0.68910301 4278387707
-0.032542601 -0.047392599 0.68776798 4278321916
-0.193224 -0.40956199 0.42730901 4278979826
-0.24528299 0.14006799 0.66772598 4279966691
0.24843299 -0.285777 0.58798999 4281348302
-0.048383601 0.0071860701 0.69016802 4278321916
0.447611 -0.239291 0.58117002 4288387939
0.22759099 0.13390701 0.67010999 4279900900
0.055345502 -0.053421099 0.687648 4278256125
0.33668199 0.247178 0.61235601 4281479884
0.412691 -0.138641 0.64620203 4283058868
0.34526199 -0.26021799 0.60077101 4283453614
-0.0433181 -0.055115901 0.68748301 4278190334
-0.077915303 0.0286422 0.68960202 4278256125
0.099224903 -0.028080501 0.68969297 4278256125
0.316302 0.28357601 0.58743799 4283322032
0.181685 -0.20135701 0.64337301 4279835109
0.33519199 0.082773603 0.67932999 4280756183
-0.064260997 0.115005 0.67567903 4278190334
0.46070701 -0.00134174 0.65113401 4284835225
-0.056006901 -0.13611799 0.66910499 4278190334
0.075172096 0.040976498 0.68909401 4278321916
0.25912499 0.19292501 0.64664102 4280229855
0.55881202 0.175761 0.545187 4294703875
0.603347 -0.174674 0.49641001 4294967040
0.51985598 0.19234 0.56667399 4293124891
-0.16731299 -0.13033301 0.67123502 4279769318
0.41530499 0.13705499 0.646366 4283387823
0.61584699 0.138144 0.50300598 4294967040
0.392481 0.39802101 0.416747 4284440479
0.080836803 0.25015199 0.61404198 4278848244
0.151453 -0.033794001 0.689098 4278387707
0.53660202 0.111593 0.59159303 4292927518
0.0154922 0.385396 0.47213 4278190334
0.43011701 0.145165 0.63854003 4285427344
0.158943 0.110073 0.67711103 4278519289
0.055633198 0.37614599 0.48799601 4278453498
-0.0366618 -0.0160076 0.69016302 4278190334
0.29159501 0.028143501 0.689309 4279308781
0.39998001 -0.16783699 0.64004701 4285229971
0.45356801 0.076643199 0.647192 4283848360
0.14485399 -0.086077496 0.68179399 4278716662
0.458882 0.30252001 0.52043003 4288256357
-0.119981 -0.123477 0.67306 4278650871
0.125875 -0.166783 0.65809602 4279111408
-0.288784 -0.119906 0.67384398 4281019347
-0.26175401 0.0401701 0.68905401 4280361437
0.15277401 0.092596702 0.68133903 4278453498
0.362672 0.0211681 0.68175399 4281808839
0.099235997 0.165171 0.65904999 4278387707
0.128151 -0.237909 0.62245101 4278914035
0.240767 -0.15751199 0.66234601 4280361437
-0.437051 -0.182386 0.62013602 4284111524
-0.20373499 0.075120203 0.68448198 4279900900
-0.020460499 -0.12912101 0.67146599 4278190334
-0.343788 -0.0815036 0.67807698 4282664122
0.363929 -0.0965918 0.67171699 4281479884
0.318921 -0.0678128 0.68338102 4279242990
0.139669 -0.054198999 0.68722099 4278387707
0.34889799 -0.34307799 0.52341998 4283650987
-0.033538699 -0.097209997 0.67986602 4278190334
0.34110901 0.0915858 0.67681801 4281874630
0.331202 0.057773098 0.68369901 4280427228
0.298195 -0.016063699 0.690054 4278650871
0.41845301 -0.161291 0.63663501 4286348418
0.48679599 0.227155 0.56838298 4287927402
0.123295 0.086537696 0.68224001 4278716662
0.28755 0.38937801 0.466566 4282006212
0.018916801 0.29703099 0.57810098 4278190334
-0.051117402 -0.250045 0.61433399 4278387707
-0.037566502 0.280177 0.59209299 4278190334
-0.35635701 0.035503 0.68179703 4282795704
0.174483 -0.185462 0.65076602 4279111408
0.24540199 -0.111896 0.67675102 4280098273
0.364328 0.22038899 0.62358201 4281940421
-0.025077101 -0.245552 0.61807001 4278190334
0.278126 -0.0151334 0.69021499 4278914035
0.34901401 -0.160033 0.65471798 4282861495
0.31867999 -0.0115375 0.68825001 4278979826
0.029518399 0.0483687 0.68745601 4278190334
0.48581299 0.17947599 0.59734499 4291545907
0.27022201 0.12883499 0.67175901 4279177199
0.61013103 -0.18439899 0.480389 4294967040
0.354635 0.063874297 0.67927003 4280953556
-0.41920999 0.0203219 0.66756803 4284243106
-0.295894 0.19538 0.64550298 4281479884
-0.14149199 0.36147201 0.50889701 4278585080
-0.037438601 -0.097167298 0.68026 4278190334
0.108688 0.16447499 0.65903503 4278782453
-0.41132301 0.16905899 0.63596201 4284637852
0.386684 -0.0406872 0.675188 4282072003
0.066537 0.079739302 0.68336302 4278321916
-0.0066625699 -0.115879 0.67509502 4278190334
0.52880901 -0.109054 0.59739798 4290361669
0.357164 0.15028501 0.65732098 4281216720
0.029730501 0.200478 0.64363402 4278190334
0.24869099 -0.30244499 0.57436901 4280032482
0.106152 0.049596999 0.688182 4278256125
0.30372101 -0.229674 0.62636697 4282269376
0.24184901 -0.072323799 0.68440998 4279440363
0.108674 -0.0156876 0.69011301 4278256125
-0.231875 -0.091038801 0.680794 4279506154
0.22568201 -0.35622999 0.51562399 4279900900
0.0157707 0.043317702 0.68828499 4278190334
-0.23792399 0.25282601 0.61296302 4279835109
0.26215199 0.29685101 0.57860601 4280493019
0.0273779 -0.0336578 0.68950701 4278190334
0.29204699 0.083950497 0.68253398 4279308781
0.097034 -0.104019 0.67781699 4278387707
0.213764 -0.083567902 0.68305397 4278650871
0.21874499 -0.0158225 0.68992901 4278848244
0.30172101 -0.0121703 0.69010699 4279703527
0.462686 0.00249568 0.65015298 4285032598
0.106889 0.209151 0.63932103 4278387707
0.199141 -0.0290752 0.68982202 4278650871
-0.216491 0.28168699 0.59115201 4279374572
0.17624301 0.200858 0.64346498 4279045617
0.26260501 0.151674 0.66369402 4279440363
0.62568498 0.073236004 0.51669002 4294967040
0.0255304 0.31121701 0.56605703 4278190334
0.154322 -0.28438601 0.58926398 4278716662
0.45856199 -0.131969 0.63099301 4285558926
0.084786303 -0.20720799 0.64020002 4278453498
0.48532599 0.091497697 0.62905997 4286874746
0.23379201 -0.070491001 0.685094 4279374572
0.087801903 0.0946372 0.68049002 4278453498
0.24693801 0.104844 0.67794198 4278848244
0.30312401 0.15633 0.66128099 4280032482
-0.191387 -0.070804499 0.68442899 4279374572
0.51439202 0.0085912095 0.62273401 4290098505
-0.406322 0.096978001 0.660752 4284243106
-0.173978 0.102083 0.67851698 4280032482
0.14131799 -0.025075801 0.68953598 4278519289
0.32349399 -0.20412201 0.63880199 4282664122
0.40627801 -0.067122102 0.66650701 4282861495
0.041961499 0.15151501 0.66387701 4278190334
0.040299401 0.32767001 0.54914701 4278321916
0.45628601 0.26039201 0.56040102 4289374804
0.358724 -0.155128 0.65471703 4282532540
-0.016601101 0.0275323 0.68917203 4278256125
0.122617 -0.27253699 0.59882802 4278979826
0.36894399 -0.38354799 0.45819101 4284440479
0.38690501 0.0229344 0.67680299 4282532540
0.37455201 0.25668901 0.596614 4283387823
0.147127 0.046377901 0.68845302 4278453498
-0.457681 0.0298576 0.65181702 4285427344
0.51168799 -0.222114 0.554757 4291545907
-0.241098 -0.037376601 0.68852299 4280032482
0.32000899 0.11068 0.67425501 4279835109
-0.38522801 0.25981399 0.591304 4282664122
0.402412 -0.110916 0.658786 4282795704
0.29500201 -0.142848 0.667 4279835109
0.39381799 -0.17048401 0.64022797 4284966807
-0.055507898 -0.35092199 0.52178699 4278256125
0.15808 -0.23367 0.62528402 4279440363
0.120904 0.00721484 0.69014198 4278585080
-0.39712501 -0.146997 0.64892298 4284308897
0.49689901 0.163275 0.598333 4288058984
0.56416702 0.017442999 0.58710301 4294243338
0.071139298 0.13534001 0.669963 4278387707
0.54056603 0.163048 0.567119 4294967040
0.0617195 0.165448 0.658889 4278190334
0.176642 -0.32800999 0.54906797 4279571945
0.174854 0.14439601 0.66680503 4278716662
-0.364016 0.00120362 0.682504 4284177315
-0.0547252 -0.0122918 0.69018 4278585080
0.081912197 0.32471001 0.552481 4278519289
0.51348197 -0.165635 0.58639801 4290559042
-0.317642 -0.0293642 0.68776 4281545675
0.0833489 -0.147396 0.66527098 4278190334
0.48233899 0.0100327 0.641496 4286611582
-0.061939001 -0.018870199 0.68972802 4278585080
0.390966 0.037048999 0.67444301 4282729913
0.0331994 -0.164451 0.65980297 4278190334
0.30543199 0.30720499 0.568358 4282795704
0.56009001 -0.26954499 0.4648 4292335399
-0.276355 -0.21326999 0.63684797 4280229855
0.076802596 -0.142755 0.66764498 4278321916
-0.085082598 0.092952497 0.68041801 4278387707
-0.33821899 -0.034152001 0.68476599 4282072003
0.35036999 0.236561 0.61645198 4282861495
-0.00804995 -0.109943 0.677369 4278190334
0.45908499 0.052178301 0.64875197 4284111524
0.41987601 -0.26356199 0.57612598 4288387939
0.497338 0.11233 0.617181 4287466865
0.15137801 -0.41258401 0.42077801 4278914035
-0.047234099 -0.123484 0.67316997 4278190334
0.064107098 -0.19578899 0.646083 4278256125
0.421891 -0.15545 0.63756901 4285032598
-0.035927799 0.0141003 0.68995601 4278256125
0.19401599 -0.082138397 0.68254 4279177199
0.024503101 0.0107492 0.69046003 4278190334
0.25388899 -0.044679798 0.68785 4278979826
-0.135612 0.26507899 0.603966 4278716662
0.496124 0.234989 0.556117 4291545907
0.185433 0.050181899 0.68811798 4278519289
0.39599699 -0.174242 0.63860297 4282729913
-0.085715599 -0.079733796 0.68333 4278453498
0.632348 -0.037895702 0.51498199 4294967040
-0.33978799 -0.182675 0.64679301 4283124659
-0.087365396 -0.067735203 0.685489 4278256125
0.39716199 -0.15293799 0.64610201 4282006212
0.24497101 -0.111508 0.67604101 4279111408
0.43531901 -0.251766 0.57830501 4285887881
0.499881 0.100302 0.61860001 4288322148
0.40424201 -0.045905199 0.66962701 4283256241
0.221909 0.27507499 0.59712201 4279966691
0.49450999 0.127909 0.613401 4287927402
0.288562 0.272852 0.59758902 4282532540
-0.395473 0.0090271598 0.67515802 4284045733
0.238391 0.0064081899 0.69041699 4278650871
0.48322099 0.155422 0.60891402 4288453730
0.419797 -0.065173797 0.66284198 4285427344
0.27227199 0.214288 0.63630497 4280821974
0.39129701 -0.09454 0.665887 4281743048
-0.241567 0.0199186 0.69037998 4280032482
0.372776 0.104691 0.66806 4281348302
0.42397699 0.186857 0.62249798 4285098389
-0.166609 0.115193 0.67514497 4278914035
0.26890799 -0.099676698 0.67912698 4279835109
0.304941 0.224957 0.628699 4281348302
0.65518498 -0.14794099 0.43497401 4294967040
-0.211337 -0.14732701 0.66532397 4280032482
0.267299 -0.204474 0.64103502 4280624601
-0.181265 0.079564899 0.68365699 4278782453
0.142593 0.198356 0.64453501 4279242990
0.49295399 -0.0461495 0.63336802 4286282627
0.24817599 -0.056849901 0.68716902 4279111408
0.36446199 -0.110238 0.66791999 4283058868
0.61626399 -0.041398901 0.53357899 4294967040
-0.45144999 0.034499601 0.65464097 4285427344
-0.318665 -0.12796 0.66966802 4281282511
-0.225719 0.045967299 0.68820798 4280032482
-0.409073 0.21382999 0.613406 4283387823
0.0027443201 0.172158 0.65673202 4278190334
0.495334 0.218446 0.56868201 4288716894
0.0127198 0.182596 0.65180802 4278321916
-0.33194801 0.019643299 0.68670702 4283716778
-0.391334 -0.21351901 0.62045097 4283190450
0.65272999 -0.066619202 0.480773 4294967040
-0.24980301 0.194727 0.64594698 4280887765
-0.109677 0.27622601 0.59547901 4278650871
-0.0236107 0.4242 0.39203599 4278190334
0.029863199 0.0114299 0.69069803 4278190334
0.174393 -0.15076301 0.664069 4278716662
0.47218201 -0.0080296798 0.64651299 4288716894
0.135368 -0.29409 0.58066303 4279571945
0.054876301 0.18195701 0.65200597 4278321916
0.63345301 0.163936 0.46091101 4294967040
0.15593 0.12755799 0.67154598 4278585080
0.062840499 0.12626401 0.67254603 4278190334
-0.196202 0.235379 0.62460798 4279045617
0.33984801 0.048442099 0.68337297 4280361437
-0.30024999 0.063221499 0.68512702 4281019347
0.474177 -0.0073377802 0.64516002 4287203701
0.25601 -0.38993201 0.46470201 4281545675
-0.347018 0.201446 0.636747 4282400958
0.50265598 -0.326758 0.453022 4291085370
0.67946202 -0.052830499 0.43704301 4294967040
0.0071374099 -0.13733201 0.66852999 4278190334
-0.137022 -0.134948 0.66930199 4278782453
0.126114 -0.094338201 0.68075901 4278782453
-0.001257 0.105708 0.678258 4278256125
0.48847899 0.0266422 0.637694 4290427460
0.657359 -0.0076255701 0.481884 4294967040
0.143933 0.160133 0.66133302 4278453498
-0.267811 0.27698499 0.59555203 4280887765
0.46681201 0.088284701 0.63887697 4289111640
-0.31325299 -0.0109608 0.68901199 4282729913
-0.42581999 0.085518703 0.65643501 4285361553
0.246842 0.16044 0.66109902 4279835109
0.59370601 0.034114599 0.55908501 4294835457
-0.20814601 0.198433 0.64478201 4280164064
0.46323001 0.30159199 0.51856601 4289243222
0.36548799 0.031961899 0.68020803 4279900900
0.118603 0.076882899 0.68427801 4278321916
-0.202645 -0.072596103 0.684156 4279242990
0.57047999 -0.048883598 0.57867199 4294967040
0.48000899 0.021719599 0.64184898 4286019463
0.356722 -0.073100403 0.67792499 4279835109
0.090642899 0.107925 0.67752397 4278256125
-0.110306 0.141991 0.667059 4278848244
0.22879501 -0.40361899 0.43944901 4280164064
0.218679 -0.220771 0.632397 4280427228
-0.238975 0.0143152 0.69050199 4281414093
0.60712802 -0.169625 0.49548599 4294967040
-0.026283599 -0.066734403 0.68541199 4278190334
0.501957 0.26071799 0.53101897 4290624833
0.63474798 0.087859802 0.49950999 4294967040
0.111319 0.0597478 0.68647099 4278387707
0.40241501 -0.127573 0.65358299 4282203585
0.188775 0.078948699 0.68386197 4278914035
0.420555 -0.063657701 0.66230202 4282400958
0.292519 0.164672 0.65903401 4280295646
0.47342601 0.157741 0.61314201 4285953672
0.461193 0.183635 0.60850602 4287861611
0.162359 -0.187224 0.64939201 4278716662
0.115421 -0.118141 0.67511302 4278453498
-0.077104703 -0.336137 0.53908801 4278519289
-0.180913 0.389644 0.466223 4278716662
0.177523 -0.402706 0.442285 4278716662
0.063554198 0.025634401 0.68989098 4278321916
-0.329945 0.24530999 0.61357599 4281677257
-0.220366 0.176456 0.65456998 4279769318
0.206147 -0.224692 0.63041502 4279900900
0.21068899 -0.0426271 0.688609 4278585080
0.23614299 0.123747 0.67362398 4279177199
-0.082997903 -0.16723201 0.65804899 4278190334
0.040135302 -0.20490199 0.640908 4278256125
0.36290699 -0.041099999 0.68042898 4280821974
0.61799097 -0.020118499 0.53391302 4294967040
0.061440598 -0.099391699 0.67972898 4278321916
0.23382699 -0.072310202 0.68417698 4279374572
-0.29533899 -0.0323839 0.68942302 4281216720
0.033000801 -0.216591 0.63497102 4278256125
0.033204101 0.061237302 0.68635201 4278190334
-0.25545099 -0.215573 0.63575399 4279900900
-0.18531699 -0.25059801 0.613895 4279308781
0.30604401 0.250155 0.61360699 4280821974
0.0047230101 -0.28810501 0.58655798 4278190334
0.095446698 -0.0192356 0.69054598 4278387707
0.56206101 0.026530599 0.58859497 4293717010
-0.132331 0.154184 0.66290301 4278519289
0.52340102 -0.25695199 0.51687801 4290098505
0.590141 0.12858699 0.53715199 4294967040
0.27494201 -0.194065 0.646079 4279769318
0.56410801 0.110249 0.56940699 4293980174
0.44271401 0.156955 0.62853998 4286480000
0.000136508 0.052896999 0.68737501 4278190334
0.45906201 0.37880799 0.40268901 4287006328
0.39075601 0.16444699 0.643448 4283453614
0.39363801 0.021827901 0.67504799 4283256241
0.69212598 -0.00334171 0.414334 4294967040
0.187921 0.118017 0.67423803 4279242990
-0.217255 0.0093147401 0.69020599 4279308781
0.29056999 0.194158 0.64678699 4279966691
-0.36288601 0.17286199 0.64762998 4283256241
-0.081514403 0.332068 0.54428399 4278190334
0.39454001 -0.123778 0.65727103 4283979942
0.35644299 -0.051589601 0.68023098 4279769318
0.28710401 0.050788801 0.68771601 4278979826
0.321704 -0.123213 0.670825 4280098273
0.51554698 0.0099729598 0.62207103 4288058984
0.0908181 -0.029769201 0.689116 4278321916
0.38993299 -0.14676701 0.650662 4282269376
0.59829301 0.123918 0.530514 4294967040
0.35337299 0.35427201 0.50756902 4282598331
0.42666 0.0076165502 0.66458601 4283848360
0.47748199 0.090018697 0.63295102 4286611582
0.41490301 0.0436344 0.666596 4283058868
0.349305 -0.215755 0.62827301 4283190450
-0.26269099 -0.248678 0.61516303 4280887765
-0.21433599 -0.27984601 0.59238601 4279242990
0.15973 -0.161396 0.66064101 4279045617
-0.0064198901 -0.26627401 0.60266799 4278190334
-0.14121801 -0.254917 0.61095202 4278519289
0.31464699 -0.340202 0.53322202 4282466749
-0.49172699 0.12695301 0.615363 4284966807
0.56366301 -0.285494 0.43782699 4292006444
0.41993999 -0.34458199 0.49248201 4287269492
0.17790499 0.096606597 0.67994899 4278848244
0.561014 -0.029615499 0.58842498 4294967040
0.28153399 -0.124572 0.67302299 4279900900
0.41949499 0.122253 0.65019703 4284374688
0.284711 0.058180399 0.68664098 4279374572
0.43966299 -0.32400399 0.50740701 4288914267
-0.110624 -0.112188 0.67579699 4278650871
-0.33185199 0.084573403 0.67867303 4282729913
0.50497502 0.151057 0.59856701 4293059100
0.17467301 -0.062381599 0.68649399 4278650871
0.418033 0.324469 0.51838201 4287072119
0.294893 0.31968901 0.55698198 4281348302
-0.024367901 0.227414 0.62892997 4278190334
0.21951699 0.147627 0.66519499 4279835109
0.13508999 0.038665202 0.688995 4278387707
0.52114302 0.0227702 0.61786401 4288058984
0.43344301 -0.125925 0.64381599 4284440479
0.55082101 0.25627899 0.48994499 4294045965
0.080476202 -0.065640397 0.68542701 4278387707
-0.067006104 0.31124601 0.56616002 4278256125
0.44005999 -0.235939 0.58809 4287203701
0.38424799 0.193684 0.631899 4285493135
0.29789099 -0.143437 0.666565 4280558810
0.090862699 -0.032681301 0.68919402 4278453498
0.326812 -0.15127 0.66128701 4280690392
0.216699 -0.0066845701 0.69028801 4278650871
0.0250782 -0.115831 0.67549998 4278190334
0.50745797 0.189578 0.57762301 4292927518
0.044415001 -0.26878601 0.60119301 4278321916
-0.28859699 -0.0103113 0.689906 4282466749
0.414096 0.21714699 0.61082202 4285229971
-0.257384 -0.26930499 0.60128802 4280953556
0.35661 0.29717499 0.56871301 4282795704
0.143443 -0.0044298498 0.69083202 4278453498
0.354157 0.157195 0.65482199 4282137794
0.061974101 0.39852801 0.44993001 4278321916
0.120173 -0.32665199 0.54960501 4278387707
0.081522502 0.21482299 0.63608903 4278256125
0.31708601 0.207187 0.63850701 4282795704
0.030782601 -0.133256 0.67049301 4278190334
0.157267 -0.241778 0.61985499 4279308781
0.33651999 -0.37824699 0.477171 4281808839
0.40110499 -0.088589601 0.66427398 4282598331
-0.36357701 0.00168079 0.68264002 4282927286
0.12647299 -0.210998 0.63793802 4278585080
-0.044851199 0.094929002 0.67991102 4278190334
0.42965499 -0.078783803 0.65690202 4283650987
0.00077974802 0.28909701 0.584813 4278190334
0.098637998 0.051777098 0.68757302 4278256125
-0.121559 0.244432 0.61790699 4278453498
0.0388107 -0.036287598 0.68865401 4278190334
0.38178799 -0.187783 0.635952 4284572061
0.37566799 0.161871 0.64885497 4283716778
0.107603 -0.115917 0.675071 4278387707
0.279291 0.216628 0.63489801 4280295646
0.139799 0.177503 0.653678 4278848244
0.43535799 0.368074 0.44668201 4285887881
0.081259802 0.30575699 0.57016701 4278321916
0.20252299 0.089237697 0.68117499 4278650871
0.0583052 -0.214819 0.63630599 4278387707
0.43171701 -0.0536304 0.66033298 4284901016
0.33117601 0.110504 0.67311698 4282072003
0.53591901 -0.336759 0.389456 4290295878
0.0579747 -0.037011798 0.68869698 4278190334
0.47472101 0.239503 0.56688499 4288453730
0.063925102 0.344872 0.52940202 4278256125
0.42508501 0.0442142 0.66309202 4284111524
0.27783701 0.065074801 0.68624699 4279637736
0.0232375 0.0119273 0.69069999 4278190334
-0.085525401 0.0242869 0.69020498 4278848244
0.32485199 -0.223317 0.62870401 4281019347
0.21803901 -0.26623499 0.60273701 4280229855
0.60939902 -0.091646798 0.529576 4294967040
0.39664501 -0.184644 0.63293499 4282664122
0.616575 0.126875 0.50854897 4294967040
0.432356 -0.082369998 0.65510303 4284506270
0.40977901 -0.236204 0.59999901 4284572061
0.25963601 -0.27651799 0.59590101 4280098273
-0.224104 0.293663 0.58150899 4280164064
-0.0235296 -0.087570898 0.68205899 4278190334
-0.132309 -0.057522599 0.68721497 4278453498
0.101582 0.026009399 0.68971902 4278321916
-0.044617999 0.0219127 0.690153 4278190334
0.26909301 0.17017201 0.65721297 4280493019
0.144971 -0.29143599 0.58394903 4279308781
0.088067502 -0.34658799 0.52688003 4278387707
0.37555599 0.168652 0.64609402 4282006212
0.045333799 -0.074557997 0.68464899 4278256125
-0.103121 -0.016523501 0.68985099 4278256125
-0.031568099 0.0347187 0.68935299 4278190334
0.29974201 -0.171542 0.65566999 4281019347
-0.13876399 -0.38904399 0.46761 4278519289
0.442274 -0.053074699 0.655738 4283979942
0.31916001 -0.094040602 0.67898703 4280493019
0.154956 0.091899201 0.68115199 4278519289
0.44876599 0.0220196 0.65596199 4283914151
0.624111 0.205452 0.44180799 4294967040
-0.351879 -0.10901 0.670816 4283058868
0.31159699 0.168617 0.65661901 4281414093
0.13551 -0.041017201 0.68859601 4278321916
-0.129131 0.384801 0.47440499 4278387707
0.43760899 -0.13263001 0.63992 4285690508
-0.181316 0.107651 0.67721498 4280295646
-0.119854 -0.0320975 0.68960899 4278453498
0.55835098 0.139689 0.56325799 4292861727
0.34628099 -0.203373 0.63610202 4281414093
0.33562401 0.105722 0.67406398 4281611466
0.0599044 0.27323899 0.59771502 4278190334
0.11619 0.0432612 0.68807101 4278321916
0.074546702 -0.190219 0.64879298 4278321916
0.28273001 0.062446501 0.685996 4279769318
-0.086912699 -0.32258201 0.554959 4278585080
0.373202 0.197685 0.63337398 4282532540
0.44300699 -0.032329101 0.65767598 4284572061
0.31765601 -0.0115277 0.688752 4280624601
0.52545899 -0.270547 0.50085098 4293848592
0.069299497 0.207761 0.63942599 4278256125
0.335731 -0.12732001 0.66811001 4280756183
0.376297 -0.17403901 0.64373398 4282137794
0.41419801 0.21075401 0.61434799 4284308897
0.26136199 -0.214366 0.63570797 4279900900
0.659033 -0.072670199 0.46833599 4294967040
0.019167401 0.25024599 0.61479098 4278321916
0.051876999 0.078282602 0.68360102 4278190334
-0.0147207 -0.072955601 0.68449497 4278190334
0.40773001 -0.092144601 0.66177899 4281874630
0.377027 -0.089207597 0.66983902 4281677257
0.43545201 -0.31705201 0.51760602 4286677373
0.20826299 0.097869098 0.67953098 4279440363
0.26286101 0.220134 0.63320303 4280361437
-0.061650001 -0.17396 0.65581697 4278256125
0.0224608 0.13215999 0.67049301 4278190334
0.365031 0.145726 0.65753299 4283124659
-0.028353799 -0.0658971 0.68593597 4278190334
-0.27561501 0.149902 0.66497701 4280427228
0.153669 0.046296299 0.68810099 4278387707
0.071593799 -0.055371501 0.68660301 4278321916
0.46133801 -0.258616 0.559645 4289769550
-0.29933 -0.0067608901 0.689574 4282993077
-0.26931399 0.043655101 0.68865597 4280427228
0.485558 -0.21764199 0.57460302 4289177431
0.47653499 0.101386 0.63171601 4286677373
0.26875901 0.174832 0.65490901 4279769318
0.38558501 -0.0057273498 0.67754102 4281545675
0.0359121 -0.0062814099 0.69065201 4278256125
0.155422 -0.043857101 0.68822199 4278716662
0.25413901 -0.092236303 0.68074799 4279374572
-0.073192403 -0.225528 0.62974298 4278650871
0.019583199 -0.216427 0.63506001 4278190334
-0.00288251 -0.23340701 0.62517202 4278256125
0.38399199 0.326152 0.53203201 4286151045
0.052301899 -0.18524399 0.65077901 4278256125
0.444581 -0.16905101 0.622307 4286480000
0.311506 0.203168 0.64032298 4281216720
0.46227801 -0.132856 0.62916398 4284769434
0.33674499 0.170114 0.65327299 4283124659
0.58439499 0.106376 0.55227202 4294967040
0.024659 -0.157161 0.662139 4278190334
0.073212802 -0.28329501 0.59059501 4278716662
-0.067821898 0.186997 0.649382 4278256125
0.090473503 -0.20770501 0.640167 4278387707
0.30776101 0.22101501 0.63120699 4281743048
0.122446 -0.14782301 0.66510099 4278650871
0.095244497 -0.0318565 0.68983102 4278387707
0.59713602 0.060941301 0.55124903 4294967040
0.021723799 0.34639001 0.52738702 4278190334
-0.0138164 0.0493536 0.688245 4278190334
0.53259099 0.13721199 0.58520901 4292598563
-0.047897201 0.0632568 0.68576699 4278190334
-0.32571301 -0.35277 0.51522499 4280821974
0.19711301 -0.099140398 0.67917103 4278782453
0.478755 -0.020971799 0.64274198 4285822090
0.374966 0.101357 0.668396 4281348302
-0.33910099 0.0087359697 0.68665701 4282072003
-0.42092001 0.0143494 0.666686 4285493135
0.38647199 0.116803 0.66074097 4281019347
-0.17271399 0.050522398 0.68802601 4279177199
0.10396 -0.326794 0.54970199 4278321916
0.30960399 0.193845 0.64485902 4281216720
-0.055156101 -0.0100594 0.689978 4278256125
-0.141341 -0.0243173 0.68949699 4278585080
-0.130908 -0.147838 0.66583103 4278979826
-0.184862 0.229886 0.62698698 4279440363
-0.321381 -0.16674501 0.656519 4282006212
-0.231061 -0.0225771 0.68946803 4280624601
0.29127899 -0.36807501 0.49957699 4282203585
0.376142 0.085892998 0.67149001 4281808839
-0.34288901 -0.110893 0.67174703 4282532540
0.250761 0.157867 0.661726 4279703527
0.24467 -0.217758 0.63410199 4280295646
-0.48357999 0.061229602 0.636298 4285164180
0.018324601 -0.108674 0.677284 4278190334
-0.056834601 0.15786999 0.66150099 4278453498
-0.0143903 0.242468 0.62001199 4278190334
0.51356 0.233228 0.54524201 4291348534
-0.125606 -0.133927 0.670407 4278782453
0.354119 0.226115 0.622455 4282400958
0.137347 0.054198101 0.68704998 4278387707
0.324707 0.00275659 0.687828 4279111408
0.451395 0.095094703 0.64423698 4284637852
0.00102845 -0.25572899 0.61084801 4278256125
-0.105378 -0.119996 0.67463398 4278519289
0.21850801 0.168109 0.65827698 4279374572
-0.0285042 0.0243674 0.69000798 4278190334
0.25504699 0.39623001 0.45369601 4280953556
-0.137218 -0.159885 0.66073 4278914035
0.298421 -0.0527023 0.686737 4279769318
0.39546999 0.29192099 0.56216699 4287532656
0.347745 0.045624401 0.68239099 4280098273
0.493902 -0.13369299 0.61236799 4287927402
0.198498 -0.120117 0.674492 4279440363
0.288486 -0.336348 0.53994203 4282400958
-0.013368 0.35418299 0.51845902 4278256125
0.39271799 0.25896299 0.59045601 4285624717
-0.025975499 0.093386501 0.68045902 4278190334
0.54813498 0.29329699 0.44790199 4291216952
0.27871299 -0.38918 0.4664 4280493019
0.17894299 -0.124369 0.67309302 4279045617
0.62742001 -0.013054 0.52290303 4294967040
0.48728201 0.056394201 0.63412702 4286216836
0.14374299 0.118963 0.674474 4278848244
0.356451 0.203779 0.63358003 4281743048
-0.43746799 -0.185259 0.61840999 4283979942
-0.38347 -0.0501693 0.67481297 4284572061
-0.090097398 -0.078063801 0.68393499 4278256125
-0.217308 4.8366201e-05 0.69009 4279703527
-0.37298599 -0.229274 0.61586601 4282598331
0.32298201 0.14377999 0.66436702 4281874630
0.042054601 -0.26770601 0.60249001 4278256125
0.26215899 0.16253 0.66042203 4279571945
0.210308 0.167 0.65786701 4279045617
0.144797 0.061845101 0.68631703 4278650871
0.52598399 0.0106368 0.61603999 4291085370
-0.296597 0.26043001 0.60730898 4280821974
0.37966001 0.168926 0.64452797 4281808839
0.0208627 -0.0793804 0.68337798 4278190334
0.226547 0.118231 0.674326 4278914035
-0.15772299 0.0134514 0.69004101 4278848244
-0.15418699 0.274988 0.597009 4279571945
0.023844199 0.15456399 0.66278303 4278190334
0.51298201 0.24802101 0.53325099 4291151161
0.29178199 0.00735552 0.68983799 4279703527
0.153276 0.058976699 0.68688297 4278453498
-0.082519203 0.061625201 0.68655998 4278256125
0.254798 -0.12526999 0.672732 4279111408
-0.24533901 -0.00600767 0.69043797 4280624601
0.320602 0.00406601 0.68860799 4280493019
0.51699901 -0.109422 0.605349 4289703759
0.23343 -0.157977 0.66211498 4279374572
0.185921 -0.074941002 0.68469298 4278585080
-0.0109806 0.29286 0.58230001 4278256125
-0.213447 0.27404499 0.59697503 4280098273
0.527336 0.040769801 0.61209297 4290756415
0.21894599 -0.33162901 0.54469001 4279571945
0.010408 0.043350399 0.68869603 4278190334
0.081761099 -0.0207766 0.689767 4278256125
0.27184701 0.20044801 0.64388698 4280690392
0.37365299 0.099320397 0.66892499 4280493019
0.029891999 0.071062103 0.68506598 4278190334
-0.343723 0.17211901 0.65125901 4281940421
0.062189002 -0.264332 0.60483801 4278387707
-0.13695601 0.25819299 0.608944 4278914035
-0.077167198 -0.061937299 0.68644702 4278321916
0.38103399 -0.29325399 0.56540197 4285558926
0.46767601 -0.032788798 0.646613 4287598447
-0.27351999 -0.067355603 0.68590701 4280558810
0.230941 -0.0103555 0.69026399 4278979826
-0.106709 -0.126619 0.67196202 4278650871
0.046975099 0.35755599 0.514018 4278190334
0.463649 0.112563 0.63485098 4288256357
0.296231 -0.19919901 0.64309299 4280756183
0.18755201 0.141948 0.66719598 4278716662
0.239315 -0.037002299 0.688568 4278782453
-0.30922699 -0.059236299 0.68519002 4281414093
0.098599397 0.14045399 0.66829598 4278716662
0.032741301 -0.0240699 0.689991 4278190334
0.53277302 -0.079097003 0.60278702 4290690624
-0.175294 -0.0602515 0.68595302 4278914035
0.139754 -0.13170201 0.67091697 4278585080
-0.24887501 -0.141527 0.667656 4280229855
0.20319 -0.22046 0.63322598 4279177199
0.38753101 0.234879 0.60800701 4284111524
-0.092815399 -0.26868299 0.60101801 4278387707
0.67918199 -0.118789 0.40543699 4294967040
0.40652299 -0.096178703 0.66101903 4282335167
0.095500998 0.34284499 0.53246701 4278256125
-0.081072301 0.091445103 0.68077701 4278453498
0.38923401 -0.24814001 0.59940398 4284703643
0.236405 -0.343564 0.53151298 4279835109
0.34319499 0.114759 0.67062801 4282269376
-0.160418 0.33041501 0.54552901 4279242990
0.38437501 -0.36740199 0.47810599 4283387823
-0.32036901 -0.0263381 0.68815398 4282532540
0.40241 -0.29019299 0.56148499 4285098389
0.144382 0.28081599 0.592538 4279111408
0.401829 0.181918 0.63311303 4284440479
0.224144 0.35511699 0.51699901 4280690392
0.53359097 0.123513 0.589342 4290427460
0.38277099 0.150034 0.651447 4283058868
0.56505799 -0.045017801 0.583776 4292598563
0.0845128 -0.0176067 0.690157 4278321916
0.53858602 -0.0170529 0.60624897 4289374804
0.0115831 -0.23972 0.62080902 4278190334
0.18587101 -0.120266 0.674371 4278848244
0.47637701 -0.000467209 0.64422798 4286348418
0.106368 -0.162173 0.66035199 4278387707
0.289682 -0.238629 0.62198198 4282072003
0.141018 0.165387 0.659307 4278650871
0.545605 -0.089508697 0.59063703 4292401190
0.257218 0.062902197 0.68584698 4278848244
0.345245 -0.390641 0.45267901 4283848360
0.080625698 0.102668 0.67881697 4278190334
0.0151986 -0.27615899 0.59594703 4278190334
0.310601 0.118817 0.67296302 4281611466
0.060559001 -0.047138602 0.68779999 4278190334
0.220789 -0.069285102 0.68496901 4278716662
0.176568 -0.33888799 0.53667402 4279242990
0.20307299 -0.14251401 0.66781002 4278848244
0.52240199 0.12727299 0.59536701 4294309129
0.53037602 0.059721999 0.60768598 4290953788
0.051205099 0.0027302401 0.690211 4278190334
0.222792 0.038865302 0.68900901 4279045617
-0.36832401 0.091892503 0.67149502 4282795704
0.31266499 0.018887199 0.68892902 4280164064
0.21499901 -0.097249299 0.67937398 4278716662
0.42896101 0.262629 0.57333398 4287401074
0.40930599 -0.234201 0.60136002 4285164180
-0.187804 0.0400589 0.68920302 4279177199
-0.176736 0.265526 0.60408998 4279045617
0.12594301 0.35455599 0.51721102 4279045617
-0.335538 0.29335299 0.57635498 4281545675
0.21350899 0.186161 0.65013802 4279374572
-0.035969298 -0.0110499 0.69084299 4278256125
0.230279 0.30953199 0.56770301 4280295646
0.45239699 -0.27665299 0.55005598 4287335283
-0.074499801 -0.124072 0.67343301 4278256125
0.43849599 0.10426 0.648085 4285558926
0.43626001 0.17979901 0.621328 4287795820
-0.068346798 -0.133854 0.66970998 4278650871
0.66554499 0.15665001 0.40699601 4294967040
0.66099799 -0.103155 0.451608 4294967040
0.18335401 -0.293093 0.58157003 4279571945
0.27421001 -0.195775 0.645316 4279835109
-0.028119201 0.074335903 0.68418097 4278190334
-0.21248201 0.194635 0.64650798 4279440363
0.0153895 0.084614404 0.68283403 4278190334
0.13121299 0.42615899 0.38551399 4278716662
0.29174599 -0.217483 0.634615 4281085138
0.077674903 0.16303401 0.66020799 4278321916
0.244452 0.078257099 0.68353498 4279703527
0.380649 -0.180672 0.63974297 4285229971
0.042218901 0.0045538698 0.69088203 4278256125
0.59492999 0.078659698 0.55041403 4294967040
0.36636299 -0.152491 0.65396798 4283848360
0.44506401 -0.291621 0.53877401 4287006328
-0.016068799 -0.124508 0.67320198 4278190334
0.208463 0.097674899 0.67980802 4278782453
0.62707502 -0.232224 0.402327 4294967040
0.14679401 0.099188402 0.67927003 4278914035
0.59996402 0.140285 0.52201402 4294967040
-0.177687 -0.15789901 0.66193902 4279177199
0.229369 0.120817 0.674357 4278848244
0.58757198 -0.20272 0.49537399 4294901248
-0.153566 -0.0152208 0.69071299 4279177199
0.42071399 -0.243561 0.59050697 4286282627
0.23543701 -0.180207 0.65291202 4279900900
0.46597001 -0.366739 0.41982999 4286019463
0.038338199 -0.319437 0.55675203 4278453498
0.097827099 -0.285175 0.58828598 4278256125
-0.081316501 0.26892099 0.600905 4278519289
0.46699899 -0.14869 0.62062103 4286085254
0.17936499 -0.042874299 0.68875998 4278848244
0.0085329302 -0.18073601 0.65261197 4278190334
0.14864001 0.023742501 0.689493 4278782453
0.443459 -0.0697001 0.65258402 4286085254
-0.213254 0.243696 0.61881697 4279637736
0.47966 -0.102648 0.62968302 4289177431
0.36179101 0.114643 0.66699302 4282795704
0.294182 0.0200652 0.68956703 4279769318
-0.27245599 0.21381301 0.63626897 4280953556
0.130931 -0.048022501 0.68785 4278387707
-0.0259462 -0.179612 0.652632 4278190334
0.16347 0.14153001 0.66784602 4278519289
-0.0853526 -0.12539899 0.67254603 4278716662
-0.175152 0.267555 0.60171002 4279769318
0.66118199 -0.055574 0.468541 4294967040
0.052205302 -0.151401 0.66433102 4278190334
0.24969099 -0.31420901 0.56220299 4279900900
0.35790399 -0.139402 0.66043299 4281677257
0.52641898 0.0447606 0.612894 4289374804
-0.097662099 -0.109213 0.67735797 4278387707
0.160144 -0.179143 0.652807 4278914035
0.187325 0.115761 0.67547703 4278782453
0.44420299 0.112962 0.64331502 4285032598
0.349383 -0.335697 0.53138 4285295762
0.55370897 0.126607 0.57239097 4294967040
0.458312 0.032395702 0.65114099 4285295762
0.46244299 0.088669904 0.64077002 4285098389
0.265228 -0.0040591699 0.690409 4278979826
-0.37316099 -0.071645401 0.67482102 4283716778
0.50195903 -0.26214099 0.52951199 4291480116
0.243031 -0.20715401 0.63969803 4280493019
0.401384 0.0107506 0.67288703 4282006212
-0.22573701 -0.12813599 0.67149699 4279703527
-0.104965 0.142387 0.66766399 4278848244
0.069325499 0.21059699 0.63840902 4278453498
-0.301963 0.21901201 0.63301998 4281414093
0.34934801 -0.22257 0.62498701 4283453614
0.33283401 -0.140633 0.66452003 4281940421
0.58332801 -0.124619 0.54617703 4294309129
0.036220402 -0.187664 0.64980298 4278190334
0.104376 -0.16426399 0.65916002 4278650871
0.142371 0.049353499 0.688034 4278453498
0.179305 -0.0343256 0.689224 4278585080
0.38477001 0.204128 0.62752402 4285098389
-0.24439099 -0.142138 0.667099 4281085138
-0.31970999 -0.223958 0.62853301 4281216720
0.053828299 0.0128882 0.69030303 4278256125
0.28221199 -0.38371199 0.475844 4282203585
0.239325 0.033593401 0.68960601 4278650871
0.30106601 0.141581 0.667184 4280164064
-0.279378 -0.102658 0.67833197 4280690392
0.160713 -0.26442099 0.60407901 4279045617
-0.0140491 0.21478 0.63598102 4278190334
0.148931 0.31233501 0.56479698 4278585080
0.186262 0.222196 0.63165402 4278848244
0.41883701 0.351623 0.482613 4286808955
0.474529 0.0884986 0.63518602 4286743164
-0.091115303 0.0999915 0.67951697 4278519289
0.342374 -0.16268501 0.655361 4281282511
0.40202099 -0.0357912 0.67185497 4282335167
0.607701 -0.044176102 0.54333597 4294967040
0.47917801 -0.0113293 0.64211899 4286743164
-0.35571599 0.19193301 0.63959002 4283058868
-0.38309601 0.241422 0.60537398 4282795704
-0.41707301 -0.073835202 0.66229898 4284177315
0.43048301 -0.214946 0.60475999 4285361553
-0.20169701 0.285413 0.588292 4280295646
0.292456 -0.034148701 0.68851799 4279177199
0.195288 -0.234414 0.62410498 4280295646
0.650684 -0.0202365 0.49054301 4294967040
-0.0337274 -0.26144901 0.60626203 4278190334
-0.143819 0.106937 0.677297 4278979826
0.148802 -0.33118901 0.545057 4278848244
0.195059 0.164619 0.658885 4279308781
0.095797099 -0.13983101 0.66799098 4278321916
0.108096 -0.2233 0.63159502 4278519289
0.0183415 0.0408067 0.68869901 4278190334
0.52744502 0.33848399 0.399344 4289901132
-0.35103801 0.0085951705 0.684843 4282795704
0.36454201 -0.242965 0.60870701 4285427344
0.252525 -0.17482001 0.65482098 4280295646
0.476944 0.054613799 0.64056599 4285756299
0.46783999 0.291493 0.52498901 4290164296
-0.34313199 0.184531 0.64609802 4282203585
-0.329907 -0.34153399 0.52926999 4281348302
0.47581199 0.069496401 0.638318 4286743164
0.37493899 -0.0216367 0.67921603 4280295646
0.22748899 0.189758 0.64880198 4279440363
0.40110499 0.073008597 0.66685301 4281611466
0.034582399 0.059706699 0.68644798 4278190334
0.33254299 0.055900499 0.68342698 4279242990
0.25107199 0.0127333 0.69071198 4279111408
-0.33156699 -0.108873 0.67343199 4282072003
0.45797199 0.064018101 0.64765602 4283716778
0.421509 -0.18517201 0.624547 4285493135
0.15793499 0.034698401 0.688932 4278519289
0.155764 0.150626 0.664437 4278914035
-0.016076799 -0.00478375 0.690615 4278190334
0.0447612 -0.044282299 0.68818903 4278190334
-0.36058399 0.163799 0.65121901 4282795704
0.29398701 0.141185 0.667386 4280887765
0.54735303 0.0619899 0.59572899 4291809071
0.221775 0.18608101 0.65022397 4279966691
0.079312801 -0.195308 0.64557397 4278519289
0.113767 -0.0281715 0.68962902 4278585080
-0.28012601 0.12557 0.67246801 4281085138
0.34091201 0.206856 0.634803 4281874630
0.45792401 -0.225843 0.58481199 4287664238
0.205534 -0.16512001 0.65937698 4279637736
0.32479501 -0.21634699 0.63217098 4282137794
0.236343 -0.147045 0.66545302 4279506154
0.46155 -0.34392801 0.46549499 4289769550
0.234512 -0.208029 0.63988101 4279637736
0.17508601 -0.058446199 0.68693399 4278848244
0.52310902 -0.098305501 0.604119 4289111640
0.182642 0.13311701 0.67055601 4279440363
0.184377 0.0436472 0.68852901 4278585080
0.375552 0.352752 0.50180203 4285558926
0.46215901 0.067735203 0.6455 4285098389
-0.28880399 0.0246563 0.68975198 4281348302
0.361588 -0.154875 0.65425199 4282269376
0.40048501 0.030371999 0.67256403 4282269376
-0.029417099 0.15536 0.66257399 4278190334
0.154605 -0.079092801 0.68371099 4278453498
0.0640295 -0.332315 0.54378498 4278321916
-0.243596 0.24976 0.61495101 4279769318
0.050758298 -0.39884701 0.449388 4278256125
-0.209574 0.33858401 0.53626299 4279111408
0.057548199 0.246364 0.617185 4278256125
0.0378353 -0.112499 0.67664599 4278190334
0.109165 -0.121008 0.67352402 4278519289
0.445548 -0.032320201 0.65683198 4283650987
0.105927 0.304528 0.572375 4278585080
0.054258499 0.19621301 0.64563602 4278190334
0.26111701 0.140071 0.66826701 4279835109
0.38033199 -0.268902 0.585922 4284308897
0.169276 -0.312004 0.56467801 4279506154
0.40179601 -0.089324303 0.663939 4283585196
0.239178 0.051470201 0.68734902 4278782453
0.58898598 -0.170185 0.51677001 4294967040
-0.0150933 0.159255 0.66107702 4278190334
0.42427999 0.092962101 0.65546298 4284572061
0.0682403 -0.22515801 0.63015902 4278650871
-0.30403399 -0.127042 0.67108101 4281743048
0.077143401 0.0462755 0.68848199 4278190334
0.40733999 0.172479 0.635499 4284703643
0.393327 0.073966399 0.66924101 4281348302
-0.100331 -0.168676 0.65780801 4278519289
0.54312301 0.069577202 0.59649003 4290756415
0.21874 -0.149536 0.66544098 4278914035
0.029455099 0.086723998 0.682455 4278190334
0.141527 0.40842199 0.42925301 4278716662
-0.0200781 -0.249558 0.61479801 4278190334
0.0090109296 -0.0345258 0.68910098 4278190334
0.457816 -0.092189997 0.64186603 4285229971
0.47294599 0.165163 0.61117297 4286216836
-0.30957401 -0.051593799 0.68673801 4281940421
-0.212788 -0.020309201 0.69024903 4279374572
0.385501 0.15109199 0.650774 4283190450
-0.091433197 -0.15667699 0.66240197 4278256125
0.409127 0.22132801 0.60949999 4285756299
0.636877 -0.166133 0.45484999 4294967040
-0.214349 0.16241901 0.66060001 4280953556
0.413964 0.041866101 0.666996 4283256241
0.151862 0.242672 0.61932802 4278848244
-0.229157 0.0467434 0.68830198 4279835109
-0.11645 -0.250907 0.61369902 4278650871
0.395904 -0.168265 0.640921 4282400958
0.45524999 -0.0936988 0.64301503 4286414209
-0.101505 0.125461 0.67243999 4278256125
0.245361 0.140651 0.66792899 4279506154
0.444877 0.114142 0.64238 4283979942
0.31595999 0.38790101 0.465754 4283716778
0.0812326 -0.32933801 0.54668999 4278321916
0.245249 -0.17840999 0.65387499 4279571945
0.20343301 -0.0029271001 0.69068301 4278914035
-0.29672301 -0.143272 0.66633999 4280821974
0.28951499 0.205769 0.64107698 4281150929
0.43651301 0.26016501 0.57153702 4285493135
0.340067 0.26524901 0.59895498 4284243106
0.059859701 0.13403501 0.66980302 4278321916
-0.34615901 -0.25838 0.60220301 4281940421
-0.0477232 0.338337 0.53708899 4278585080
0.622738 -0.047237501 0.52471298 4294967040
0.19480699 -0.120246 0.67364103 4279242990
0.0039467602 -0.0255615 0.69015503 4278190334
0.281014 0.049506702 0.68772298 4278848244
0.35996699 0.0929555 0.67301399 4280624601
-0.232879 -0.38811699 0.46735099 4279571945
0.35095799 -0.41155499 0.406299 4283453614
0.224475 0.25643399 0.61046898 4279506154
-0.318369 0.128544 0.66951799 4283256241
0.40921599 0.122346 0.65359998 4284835225
-0.0051532998 -0.172126 0.656771 4278190334
0.463469 -0.0148143 0.64992499 4288058984
0.090936497 -0.26449499 0.60455602 4278716662
0.311277 -0.25088099 0.61225301 4281545675
0.089731202 0.35368001 0.51909399 4278387707
0.53433597 0.231677 0.52804297 4293388055
0.50456101 -0.30652401 0.478677 4290098505
0.37240601 -0.190595 0.63665801 4284177315
0.40880299 0.0471039 0.668338 4281743048
-0.170661 0.21278501 0.63672602 4279900900
0.418834 0.372518 0.450553 4285164180
0.61574203 -0.078616403 0.52718902 4294967040
0.49555901 -0.181493 0.58955097 4288124775
0.65353101 -0.073021904 0.47686899 4294967040
0.080627002 0.222754 0.63189697 4278716662
-0.161604 0.131999 0.67078298 4279900900
0.139525 0.132808 0.67010897 4278585080
-0.137514 -0.105224 0.67800498 4278848244
-0.091459803 -0.084836997 0.682015 4278519289
0.14858399 -0.181905 0.65231597 4278782453
0.33030301 -0.111477 0.67282099 4280229855
-0.163038 -0.31627101 0.56105 4278716662
0.43763101 0.247045 0.58090901 4286808955
0.059873302 0.40865701 0.42927399 4278453498
0.018829299 0.0107775 0.69065601 4278190334
-0.0424412 -0.0139355 0.690611 4278190334
-0.091231301 0.307033 0.56947303 4278256125
-0.119467 0.0052726301 0.69030398 4278979826
0.44828901 -0.25299901 0.57156998 4290098505
0.53046799 0.140946 0.58438301 4290295878
-0.29756999 -0.034585401 0.68826097 4281150929
-0.0938292 0.049644802 0.687473 4278387707
-0.36646399 -0.046174102 0.679685 4283716778
0.49771601 0.190108 0.58402902 4288980058
0.66885197 -0.116186 0.430805 4294967040
-0.34492001 -0.216235 0.62984198 4282466749
0.530644 -0.16238201 0.57471299 4290953788
-0.000906325 0.185021 0.65096098 4278190334
0.0332716 -0.161245 0.66015399 4278321916
0.0810147 -0.209589 0.63821602 4278519289
-0.30890799 0.28217 0.59022599 4281150929
0.311097 -0.050148301 0.68656403 4278848244
-0.0520101 0.31821901 0.55850399 4278321916
0.190916 -0.194392 0.64591497 4279045617
0.42550099 -0.12622499 0.64584899 4284572061
-0.038739599 -0.27012199 0.60074502 4278453498
0.400675 0.0123743 0.673136 4284111524
-0.27193901 0.2281 0.62872702 4281216720
0.090447903 -0.088570297 0.68218303 4278321916
0.0686673 -0.0172939 0.69033098 4278190334
0.067342497 0.061138399 0.68615502 4278190334
0.075444803 0.327474 0.54896301 4278650871
0.342112 -0.27386099 0.591254 4282532540
0.200655 0.208821 0.63871801 4280098273
-0.0607053 0.076261297 0.68391103 4278190334
0.255362 -0.101 0.67859399 4279769318
0.38773999 -0.27330801 0.58091402 4284440479
0.286026 0.392611 0.46066201 4281019347
0.62332898 0.0440722 0.52449602 4294967040
0.0046997699 -0.0229882 0.689843 4278190334
-0.393558 0.14307401 0.65119499 4284111524
-0.193543 0.110344 0.676296 4279308781
0.42500401 0.0189672 0.66481501 4282006212
0.0819612 -0.0249296 0.68986499 4278387707
0.30939001 -0.124453 0.67223799 4279900900
-0.0219138 0.33219999 0.54345602 4278321916
0.126698 0.15554699 0.662247 4278453498
-0.261895 -0.360073 0.50963098 4280098273
-0.31536499 -0.207706 0.638336 4282203585
0.53379798 0.17203701 0.56788599 4293585428
0.48521101 0.0740683 0.63274699 4286414209
0.41155401 0.133301 0.64857 4284045733
0.27859101 0.16813099 0.65793002 4279769318
0.35119399 0.0645395 0.67978001 4280295646
0.37731901 0.027802501 0.67803198 4281150929
0.199045 0.163908 0.65946102 4278979826
0.033570301 0.078493997 0.68404001 4278190334
-0.101456 -0.224208 0.63033003 4278585080
-0.144466 0.077597797 0.683981 4278650871
0.266123 -0.084894702 0.68265599 4279571945
-0.300964 0.179491 0.652466 4282203585
0.63594401 -0.085040301 0.49952501 4294967040
0.0080448603 0.244507 0.61832601 4278190334
-0.114275 0.065238699 0.68572098 4278650871
0.20304801 -0.0052243602 0.69030398 4278585080
0.44675699 0.161349 0.62496001 4285098389
0.61845499 -0.1153 0.51031899 4294967040
0.26081401 0.331361 0.54461998 4280756183
0.14903399 -0.24405199 0.61852998 4279242990
0.342967 0.34387401 0.522879 4282269376
0.336328 0.055242799 0.683249 4279177199
-0.180273 -0.31600201 0.56127799 4279177199
0.59991598 0.22866 0.45502099 4294967040
0.39685899 0.150307 0.64720303 4282861495
-0.35280499 -0.035331301 0.68298298 4282400958
-0.00236494 -0.062537901 0.68595099 4278190334
0.043745 -0.086271398 0.68264198 4278190334
0.120372 -0.057106901 0.68727899 4278585080
0.068589002 0.17230199 0.656344 4278585080
0.53552598 0.274979 0.48538899 4292335399
0.37164399 0.162011 0.65005797 4283124659
0.23421399 -0.135185 0.66993701 4279966691
0.0924666 -0.231438 0.62696201 4278716662
0.470061 0.057826601 0.64317203 4286874746
0.43046799 0.356233 0.46901101 4285756299
0.219366 -0.233777 0.625534 4280295646
0.40353501 -0.051253699 0.66905701 4282466749
0.0135169 -0.14354099 0.66741002 4278190334
0.461858 0.053173199 0.647677 4284769434
0.212256 -0.24049801 0.62127697 4279506154
0.28985199 -0.144752 0.66680402 4280164064
0.021784 -0.0211959 0.68970299 4278256125
-0.365096 -0.282215 0.57950401 4282072003
-0.260113 0.30215001 0.57393801 4281282511
0.25011599 -0.203282 0.64218003 4279900900
-0.305408 0.194324 0.64583099 4281414093
0.088807099 0.114293 0.675735 4278519289
0.0151613 0.13698401 0.66901201 4278190334
0.287839 0.088477999 0.681692 4279308781
0.33602199 -0.224428 0.62644398 4281677257
-0.43404901 0.192445 0.61624098 4283914151
0.387732 0.099363796 0.66565502 4282335167
0.33839801 0.200149 0.63905197 4281940421
0.314861 -0.0028750501 0.68891698 4280098273
0.33768901 -0.0442647 0.683828 4279374572
0.51096302 -0.196372 0.57144302 4289572177
0.200718 -0.069602601 0.685404 4278585080
0.55762398 0.0313063 0.59072602 4291809071
-0.35258701 -0.067052603 0.67958099 4284045733
0.65500498 0.0303443 0.48442301 4294967040
-0.088975698 0.041666601 0.68839997 4278321916
-0.067205504 -0.31688201 0.56019098 4278190334
-0.36753601 0.197583 0.63412398 4284045733
-0.29768601 0.074158803 0.68432999 4280756183
-0.49217999 -0.154126 0.60525203 4284572061
0.37338001 0.0142486 0.68029302 4280493019
0.187315 -0.18668599 0.64957798 4279440363
-0.042867702 0.253703 0.611736 4278190334
0.094389603 0.043370601 0.68858498 4278387707
-0.116797 -0.096134603 0.679838 4278321916
0.0214369 0.00309917 0.690121 4278190334
0.29678801 -0.20814 0.63928199 4281940421
0.0049379999 0.124978 0.67326599 4278190334
0.52410698 0.0317026 0.616027 4288387939
0.15181699 0.38065001 0.480692 4279440363
-0.47971201 0.18943501 0.59495097 4284177315
0.31129199 -0.017310601 0.68856198 4279111408
0.116057 -0.19577 0.64614099 4278321916
0.46235201 -0.177802 0.61000502 4289901132
0.100265 -0.333453 0.54317999 4278716662
0.393049 -0.096816897 0.66438299 4283585196
-0.0473601 -0.168228 0.65786701 4278321916
0.34681201 0.320043 0.54890001 4284374688
0.14681 -0.102242 0.67916298 4278782453
0.28772801 0.221797 0.63245398 4281150929
-0.203596 -0.29205701 0.58281398 4280032482
0.069898598 -0.052121501 0.68731701 4278256125
-0.328318 -0.0496912 0.68520302 4283979942
-0.031695198 -0.026925201 0.68983197 4278190334
0.225344 0.188829 0.64858502 4279111408
0.095004901 -0.074317597 0.683833 4278453498
0.0394537 -0.080051497 0.68288398 4278190334
0.50550699 0.2414 0.54423898 4291085370
0.45546901 -0.23935699 0.57733297 4287861611
0.172325 0.25716901 0.60950202 4279900900
-0.0304293 -0.315761 0.56169999 4278321916
0.36466101 0.34413499 0.517757 4284637852
0.15672401 -0.108307 0.67720902 4278650871
-0.29419801 0.28103301 0.59136701 4281348302
-0.115874 0.017037399 0.68975401 4278716662
-0.205791 0.094777301 0.68023598 4279440363
0.121084 0.0912349 0.68163198 4278321916
0.29553199 -0.146119 0.66616398 4280887765
0.28168899 0.33103999 0.54456103 4281874630
0.295926 -0.078558698 0.683043 4279900900
0.44488499 -0.34755701 0.47224599 4288651103
0.380752 0.033694301 0.67676401 4281150929
-0.334429 0.0178835 0.68683201 4282598331
0.34551501 -0.030708 0.68387902 4280887765
-0.29975101 0.115743 0.67492801 4283058868
0.33753201 -0.16026799 0.65625 4281940421
0.117469 -0.25669399 0.60988802 4278979826
-0.076522797 0.381585 0.478825 4278387707
0.29552999 0.34535399 0.52873701 4281479884
0.61236203 0.107691 0.52132899 4294967040
0.66075897 0.035951499 0.47338501 4294967040
0.110763 -0.222519 0.63149798 4278519289
0.32089001 -0.123439 0.671166 4280098273
0.32906401 -0.230516 0.62376601 4282006212
0.4522 0.185995 0.61105502 4287993193
0.193032 0.33419099 0.54235703 4279374572
0.324038 -0.044481501 0.68577999 4279242990
0.53287297 0.151503 0.57867002 4294572293
0.051749099 0.079839602 0.68312597 4278190334
0.32236701 -0.210503 0.63618302 4280887765
0.450629 -0.151399 0.62768298 4288782685
0.331824 -0.168961 0.65350401 4281348302
0.409832 0.065537401 0.66542703 4283058868
0.56208301 -0.182901 0.53777498 4292795936
0.059517901 0.082878202 0.68240201 4278256125
0.48414299 0.071587101 0.63336998 4288716894
0.074375004 0.15481199 0.66285902 4278387707
0.49060601 0.0108217 0.63643199 4289835341
0.190375 0.18205801 0.65239501 4279308781
0.30314699 -0.154329 0.66291398 4281808839
0.43819901 -0.307684 0.526842 4288782685
-0.079497598 0.0096851001 0.69014102 4278190334
0.14425901 -0.38354701 0.47664899 4278585080
0.50548398 0.066565 0.62223601 4291677489
0.055465002 -0.00149911 0.69084603 4278256125
0.57842398 -0.074780002 0.566737 4293980174
0.0464889 0.019972101 0.690323 4278190334
0.52609098 -0.143334 0.58754498 4293388055
0.0280024 0.353037 0.51959902 4278190334
-0.016024901 -0.090140402 0.68112302 4278190334
0.474868 0.047306102 0.64200699 4286808955
-0.369212 0.151668 0.65371001 4283914151
0.26067001 0.237625 0.62293601 4279835109
0.25974801 0.41545501 0.41330099 4280756183
-0.186876 -0.090491399 0.68125802 4279045617
0.49105299 -0.057051498 0.63197702 4286216836
0.41058099 0.27622199 0.57033002 4287335283
0.475122 0.30112201 0.51079398 4291480116
0.527767 0.037330799 0.61297601 4290887997
0.39629099 0.0249808 0.674164 4280558810
-0.0581889 -0.083103597 0.68251097 4278256125
0.38082799 -0.14087699 0.65527803 4283848360
0.109409 0.20448101 0.641487 4278585080
0.223911 -0.096982703 0.67984903 4279242990
0.44268399 -0.084792599 0.65006 4284901016
-0.28939801 -0.070389397 0.68518198 4280887765
-0.425722 0.27821401 0.56151801 4282861495
0.36548299 0.0293769 0.68103802 4282137794
-0.095805302 0.27327099 0.59827203 4278519289
0.101339 0.270042 0.60024703 4278585080
0.226483 0.089354701 0.68195999 4278979826
-0.204272 -0.33330601 0.542835 4279571945
0.41797099 -0.0152294 0.668235 4284769434
-0.15322 0.224447 0.630436 4279045617
0.42116401 -0.181954 0.626001 4286151045
0.60189199 0.045072999 0.54939902 4294967040
-0.10477 0.197375 0.64542502 4278782453
0.32179299 -0.14571901 0.66404402 4280295646
-0.069533497 0.35143301 0.52093202 4278387707
0.35510299 0.143619 0.659343 4281348302
0.22038101 0.33832601 0.53645998 4280164064
0.49031201 0.328408 0.46233201 4288980058
-0.056099702 -0.035106398 0.68904197 4278190334
-0.171918 -0.081096798 0.68299598 4278782453
0.22510201 -0.365733 0.50326997 4280690392
0.39532399 0.19859201 0.62645203 4283387823
0.0059022699 -0.138107 0.66836601 4278190334
-0.35600799 -0.14545099 0.65936202 4282729913
0.181317 0.0576961 0.68670797 4278716662
0.16102099 -0.188445 0.64862299 4279440363
0.562702 0.223737 0.50716299 4294374920
0.367495 -0.0324427 0.67978901 4279966691
0.509296 0.19040599 0.57566798 4288651103
0.295176 0.0015365999 0.69017601 4278782453
-0.083063103 0.0531477 0.68750602 4278321916
0.254933 -0.154043 0.66316301 4280690392
0.64468098 -0.159251 0.44542599 4294967040
0.050865401 0.42644599 0.38344601 4278256125
0.113606 0.059995402 0.68608302 4278256125
0.045131799 0.052717701 0.68761402 4278190334
-0.198627 0.132606 0.670228 4279835109
0.281845 -0.22634301 0.62884903 4280493019
0.032255799 -0.0032313401 0.69029701 4278190334
0.116966 0.249925 0.61502099 4278782453
-0.30232799 0.102112 0.677993 4281611466
0.61300999 0.051304199 0.53641099 4294967040
0.36767799 -0.28922701 0.57261598 4284111524
0.67702597 0.0036585999 0.44786099 4294967040
-0.113227 -0.0415814 0.68828797 4278387707
-0.022249199 -0.33342201 0.54237801 4278190334
0.40444401 0.110351 0.65814197 4283387823
-0.354397 -0.20311099 0.63435 4283585196
0.46053201 0.112212 0.636199 4284703643
-0.073034197 -0.149112 0.66503203 4278256125
0.43870601 0.206668 0.60588402 4287927402
0.32024199 -0.220522 0.63020498 4281545675
-0.208156 -0.085711703 0.682477 4279374572
-0.279899 0.20365299 0.64141101 4280690392
0.17057399 -0.164837 0.65900701 4279506154
0.15324301 0.116678 0.67561901 4279045617
-0.054909501 0.32095399 0.55607599 4278190334
-0.46212199 -0.136392 0.62777501 4285098389
0.57939702 0.035973601 0.57261199 4294967040
0.321208 0.41974801 0.39571199 4281611466
-0.044061601 0.052340802 0.68758303 4278190334
-0.35429299 0.211456 0.63028902 4282927286
0.34728199 0.115465 0.66963202 4280229855
-0.000363523 0.24187601 0.61997902 4278190334
0.33470601 -0.151023 0.66101497 4280690392
-0.17028201 0.36052799 0.509166 4279242990
-0.025422599 -0.052116599 0.687114 4278190334
0.38758001 0.098247498 0.66563499 4283914151
0.46802399 0.031837001 0.64694101 4285493135
-0.0280756 0.277776 0.59491098 4278387707
0.32832599 -0.0265441 0.68652397 4279703527
0.0142698 0.082495198 0.68253899 4278256125
-0.073099099 -0.093924597 0.68068701 4278585080
-0.174401 -0.10821 0.67742801 4280295646
0.21502601 -0.19662499 0.64537901 4279637736
-0.13313 -0.25315401 0.612427 4279242990
-0.016777299 -0.052163798 0.68709397 4278190334
-0.48532701 0.138217 0.61534703 4284637852
0.279544 0.159523 0.661277 4279900900
0.421312 -0.0142353 0.66722101 4283322032
-0.072875001 -0.24213199 0.62027502 4278650871
0.52855998 0.23751 0.52825099 4292335399
0.191746 0.18200099 0.65246302 4278914035
0.341723 0.224765 0.62477303 4283782569
-0.117059 0.029027499 0.689614 4278453498
-0.068781801 0.061485201 0.68657798 4278190334
0.49124399 -0.0183548 0.63656801 4287664238
0.59771103 -0.088205703 0.544806 4294967040
0.55807298 0.093169503 0.57949698 4294243338
0.125608 0.125245 0.67220998 4278519289
-0.33133301 0.103489 0.674775 4282203585
0.47715199 -0.086818203 0.63383198 4286348418
0.50316602 0.102938 0.61621201 4288848476
-0.29322699 -0.088068299 0.68199497 4282006212
-0.050990202 -0.130301 0.67167097 4278190334
0.409668 -0.050302599 0.66756099 4281743048
0.110439 -0.123033 0.67304897 4278453498
0.234883 0.288802 0.58588701 4280427228
-0.27966601 -0.14954101 0.66481501 4281216720
0.067383602 -0.0136599 0.69052798 4278387707
0.160935 0.187327 0.64946997 4278782453
0.60158199 -0.096794598 0.53772098 4294967040
0.52670902 -0.078549303 0.60752797 4290690624
0.0237513 0.240429 0.62090498 4278190334
-0.053672001 -0.035867099 0.68908 4278190334
0.44973701 -0.076982401 0.64956301 4285953672
-0.232151 0.20357101 0.64225501 4280164064
-0.076497696 0.081680499 0.68348902 4278453498
0.19346 -0.35562301 0.51655799 4279506154
-0.0078270203 0.163065 0.65962899 4278190334
0.249203 0.303146 0.57349598 4279835109
0.44032899 -0.0092008002 0.65949798 4284111524
0.140559 -0.106393 0.677248 4278782453
0.183824 0.167154 0.65877801 4278914035
0.46228999 0.19291399 0.603284 4289901132
-0.36669999 0.17588 0.64494002 4282598331
0.42727101 0.22357699 0.60137099 4286677373
0.238785 -0.18882 0.648718 4279506154
-0.42628399 -0.079146102 0.65762198 4284308897
0.119613 0.151711 0.66388798 4278519289
0.63994497 0.065107502 0.49894401 4294967040
0.47824001 0.223983 0.57581198 4288256357
0.072366901 -0.257478 0.60902399 4278190334
0.067019299 -0.095448703 0.68037701 4278321916
0.097544603 -0.284237 0.58920401 4278650871
0.50459498 0.13140699 0.605968 4290690624
0.227284 0.155615 0.66310298 4279045617
0.178964 0.253052 0.61307299 4279703527
0.344504 0.341993 0.52566803 4284045733
0.38841501 0.0340432 0.675116 4281545675
0.27285901 0.296361 0.57948399 4281150929
0.36089399 0.33464 0.52959502 4284901016
0.43339199 -0.13694499 0.63971198 4284045733
0.47215199 -0.087209098 0.63650697 4285164180
0.166273 -0.067757502 0.68570298 4278585080
-0.050656099 0.283364 0.589616 4278190334
0.24358299 0.17777701 0.65336299 4279835109
-0.296029 0.221138 0.63214201 4282072003
0.36705199 -0.126224 0.66346997 4282532540
-0.121359 0.0073223999 0.69090903 4278519289
0.148569 0.38815099 0.46828601 4278650871
0.034584899 0.090692498 0.68153 4278190334
-0.24527501 -0.324 0.55347198 4280756183
0.176772 0.043700501 0.68822998 4278519289
0.575948 0.00525301 0.57777101 4294967040
-0.14233799 -0.111872 0.67623597 4279374572
0.427358 0.129651 0.644144 4284111524
0.45055699 -0.048691601 0.65295303 4285098389
0.43512899 0.0756751 0.65536398 4284901016
0.19421799 -0.127354 0.67248398 4278782453
0.211044 -0.196945 0.64561999 4279374572
0.136747 0.197155 0.64464402 4278716662
-0.028186399 0.255537 0.61090302 4278190334
-0.26360101 -0.175845 0.65452898 4280756183
0.280902 -0.036416899 0.68854201 4278585080
-0.31081399 0.12655599 0.67104799 4281940421
0.48977 0.37856701 0.36008 4287664238
0.308911 0.060304198 0.685112 4279769318
0.18049601 -0.20673101 0.64018703 4279835109
0.48508301 -0.097438604 0.62823403 4287072119
-0.400011 0.032398298 0.67214 4283716778
-0.165094 -0.026760399 0.689376 4278848244
0.062945597 -0.230956 0.62713999 4278387707
0.61346298 -0.061029699 0.53438902 4294967040
0.187298 -0.321652 0.555825 4280098273
0.464147 0.279394 0.54055297 4290953788
0.47264701 -0.0160587 0.646061 4285624717
0.30277401 0.120842 0.673154 4280887765
0.234216 -0.157859 0.66168898 4280164064
-0.32002401 -0.26699799 0.60065901 4281085138
-0.38843399 -0.093170397 0.666192 4283782569
0.425513 -0.20017099 0.61483902 4286480000
0.335087 -0.065035596 0.68190801 4279506154
0.422943 0.016423101 0.66654003 4284769434
-0.158108 -0.182833 0.65173203 4279242990
0.092151299 -0.190154 0.64808702 4278387707
0.1426 -0.129502 0.67149198 4278979826
0.452813 -0.029776501 0.65385699 4283124659
-0.15581501 0.061363202 0.68677801 4278716662
-0.099668898 0.295421 0.57934397 4278256125
0.098249502 0.150709 0.664644 4278453498
0.38824701 -0.1223 0.659563 4283058868
0.122042 -0.0436728 0.68849599 4278585080
0.00544118 0.076204099 0.68365401 4278190334
0.040356699 -0.10954 0.67650598 4278190334
-0.00144427 0.086347602 0.682051 4278190334
0.26162499 -0.131946 0.67051202 4279900900
-0.151851 0.0217213 0.69046199 4278979826
0.28585801 -0.118261 0.67473799 4280624601
-0.17148399 0.374782 0.489793 4278914035
0.0077702599 0.084909096 0.68232 4278190334
0.32762301 -0.097757801 0.67736399 4280427228
0.51197797 -0.118995 0.60619998 4289637968
0.260115 -0.16527499 0.65897501 4279900900
0.36389399 0.12921 0.66252398 4281677257
0.19044399 -0.165341 0.65885502 4278716662
-0.207957 -0.017605299 0.69055998 4280624601
-0.32595399 0.29069 0.58122599 4281282511
0.313611 -0.34202 0.53014398 4283256241
0.0105286 -0.0142232 0.69061702 4278190334
0.63213801 -0.184415 0.44755599 4294967040
0.455093 0.021787699 0.65303898 4284177315
0.062993102 -0.040528301 0.68894601 4278256125
-0.270107 0.122808 0.673307 4281150929
0.10254 -0.0703841 0.68515098 4278321916
0.212221 -0.25697899 0.61033702 4279703527
0.45846799 -0.35009801 0.45862499 4286808955
-0.123254 0.29091701 0.584171 4278979826
-0.24798501 -0.0278059 0.68991899 4281150929
0.32423401 -0.183171 0.64914697 4281677257
0.0185012 -0.16969199 0.65745598 4278190334
0.396669 -0.235998 0.60523099 4283322032
0.389851 -0.239767 0.60401398 4284966807
0.64888501 -0.162624 0.436268 4294967040
0.55242401 -0.152437 0.56203097 4294967040
-0.350925 0.245189 0.61009198 4282006212
0.57972401 -0.137527 0.54472399 4294440711
0.38477999 -0.32953101 0.52816099 4285427344
0.059055001 0.059386 0.68652397 4278256125
-0.20497701 -0.28760901 0.58650899 4279177199
0.280965 0.087798297 0.68203902 4280098273
0.466452 -0.17840099 0.60762399 4288716894
-0.017270001 -0.36612901 0.50256199 4278190334
0.099195503 -0.081611402 0.68344998 4278190334
0.484321 0.035723899 0.63867497 4285822090
0.180059 -0.17768499 0.65388501 4278979826
0.39094001 0.176771 0.638888 4282927286
0.55825502 0.142452 0.56243199 4294967040
-0.277136 -0.0068621901 0.69076598 4281282511
0.49620199 -0.119442 0.61561501 4288387939
0.37403101 0.375534 0.468254 4284637852
0.42418101 0.351367 0.48028901 4286874746
-0.298576 -0.063228004 0.68563497 4281414093
0.155039 0.024844101 0.69031399 4278585080
-0.026691601 0.183532 0.651187 4278321916
-0.142297 0.046114299 0.68790102 4279045617
0.59353203 0.0190477 0.56059802 4294967040
-0.30201799 -0.152474 0.66300398 4281545675
0.235043 -0.30835301 0.56832802 4280690392
0.0083412798 0.39861801 0.44993499 4278190334
0.37499601 -0.0473901 0.67693597 4281085138
0.0300576 0.086574703 0.68185502 4278190334
-0.2401 -0.091329299 0.68088299 4279900900
-0.160303 0.0816264 0.68260998 4278782453
-0.047830202 0.044702001 0.68875003 4278190334
-0.098781198 0.213781 0.63694799 4278585080
0.349132 0.016917201 0.68471599 4279242990
0.35780099 -0.353273 0.50702697 4285164180
0.39698201 -0.0359012 0.67338401 4281150929
0.27323699 -0.130789 0.67145598 4279703527
-0.082440399 -0.037587699 0.688438 4278519289
0.38455299 0.201683 0.628097 4284045733
0.36508399 0.059560802 0.678141 4279835109
0.33129701 -0.38613501 0.46504799 4283256241
-0.046988498 0.249429 0.615327 4278256125
-0.26250601 0.223933 0.63025397 4280295646
0.18751401 0.22364999 0.630602 4279045617
0.467224 -0.042471401 0.64598298 4283782569
-0.082049601 -0.010609 0.69055802 4278519289
0.044877801 -0.137953 0.66899598 4278256125
0.276039 0.072139397 0.685049 4279374572
-0.148261 -0.193802 0.64701301 4279308781
0.436257 0.056262299 0.65759498 4283058868
-0.281665 -0.113216 0.67579103 4280953556
0.249937 0.38301101 0.47669899 4280953556
0.34640899 -0.14822 0.66016698 4282993077
0.33879799 -0.27565199 0.59151101 4283387823
0.25205901 -0.147438 0.66596901 4279835109
0.0245375 0.077231199 0.683402 4278256125
-0.066962101 0.19537599 0.64603603 4278190334
0.39239499 0.12690499 0.65693498 4284572061
0.386051 0.054161299 0.67358202 4281348302
0.070256397 -0.124822 0.67309803 4278519289
-0.28159299 -0.0033674899 0.69026297 4280558810
0.61158597 -0.072189897 0.53356999 4294967040
-0.0125655 0.142913 0.667382 4278190334
0.404268 -0.022538699 0.67219102 4280756183
0.46456701 -0.246116 0.56705201 4288716894
0.100776 -0.067269497 0.68518299 4278256125
0.18955 0.0797913 0.68345398 4278650871
0.025567099 0.058378901 0.68669599 4278190334
-0.0534973 0.058141001 0.686997 4278256125
0.0537812 0.31931099 0.557419 4278256125
0.18913899 0.15413199 0.66365701 4279111408
-0.16594 0.175905 0.65460402 4278979826
0.068987899 -0.29168999 0.58323699 4278321916
0.105198 -0.0374569 0.68910199 4278321916
0.143767 0.34837601 0.52523702 4278979826
0.35159901 0.119267 0.66821802 4282993077
-0.14179 0.28402099 0.58987099 4279045617
0.37832201 -0.141967 0.65593499 4283848360
0.584831 0.069183096 0.56194699 4294967040
-0.379697 0.15185 0.65165102 4283124659
0.280119 0.16064601 0.66066903 4280427228
0.50344998 0.166711 0.592035 4290559042
0.64728302 0.0051123998 0.49766999 4294967040
0.55212301 -0.16887 0.554546 4292072235
-0.0269132 -0.361471 0.50789601 4278256125
-0.36433101 0.16240001 0.650922 4282664122
-0.163028 0.35285699 0.51997602 4279111408
0.47347 -0.0242987 0.64543599 4285690508
0.68933398 -0.020256201 0.42174399 4294967040
-0.13695601 0.13738599 0.66906297 4278782453
-0.123193 -0.16160899 0.66058499 4278650871
-0.165692 0.066014998 0.68594998 4279045617
-0.248282 -0.25994 0.60843998 4281019347
-0.327975 0.239034 0.61854202 4282203585
0.0116282 0.155543 0.66262102 4278190334
-0.18475799 0.366487 0.50247103 4279506154
0.154001 0.085012898 0.682895 4278585080
-0.16038699 0.26985401 0.60106498 4279374572
-0.17877699 0.0483911 0.68746299 4279111408
0.132485 0.062535897 0.68623501 4278321916
0.44231001 0.31569001 0.516092 4287466865
-0.036564901 0.066445202 0.68538201 4278190334
0.62877101 0.246052 0.375864 4293980174
0.35937899 -0.054751899 0.67992699 4281150929
-0.225354 -0.25477901 0.61175299 4279506154
0.19834501 -0.31933001 0.55799901 4279835109
0.138423 0.250453 0.614362 4279045617
-0.046061501 0.108723 0.67667598 4278190334
0.39377901 -0.214468 0.61910802 4286480000
0.15444601 -0.166374 0.65910101 4279374572
0.047588602 -0.22207101 0.63236099 4278519289
0.58851302 0.282516 0.400489 4292138026
-0.19433799 0.33606601 0.539437 4279440363
-0.33563599 -0.040263899 0.685103 4282400958
-0.395964 -0.030287599 0.67406201 4284045733
0.44996801 -0.133608 0.63356799 4285164180
0.51145703 -0.303642 0.475741 4292730145
-0.031969301 -0.123589 0.672916 4278190334
0.169939 -0.134406 0.66969699 4278585080
0.383609 -0.300919 0.55759698 4284966807
0.61974299 0.114056 0.50952601 4294967040
0.43900901 0.080932602 0.65308201 4282927286
0.15808401 0.0499902 0.68731499 4278519289
0.68696398 -0.0682377 0.41475999 4294967040
0.51032299 0.31251401 0.46498001 4289769550
0.113652 0.061416101 0.686351 4278716662
-0.045527902 -0.241824 0.619753 4278190334
0.46268001 -0.20589501 0.59552503 4287203701
-0.092012398 0.117646 0.67468202 4278782453
0.58663303 -0.110929 0.54887301 4294967040
0.0128043 -0.16557699 0.659181 4278190334
0.38873899 0.052303299 0.67298299 4281743048
-0.222884 -0.078759901 0.68333203 4279374572
-0.41260299 0.239917 0.59635001 4283190450
0.33002001 0.190531 0.64437699 4282203585
0.43863899 -0.112066 0.64531201 4283716778
-0.195806 -0.038627598 0.68871599 4279769318
-0.178721 -0.174696 0.65516001 4279506154
-0.34581101 -0.186184 0.64469701 4282137794
0.240382 0.085347302 0.68263203 4278979826
0.123577 0.15192699 0.66376102 4278387707
0.46305299 -0.0239607 0.65009201 4285229971
0.34143499 -0.16038699 0.655707 4283322032
0.244674 -0.31861201 0.55794799 4280887765
0.598957 -0.185049 0.49480301 4294967040
0.407121 0.042663399 0.66943902 4281414093
0.27866599 -0.39533001 0.45646599 4281611466
0.210596 -0.121854 0.67381799 4279111408
0.57849401 0.0923732 0.56242597 4294835457
-0.37810501 0.097072497 0.66825598 4283782569
-0.0244055 0.213846 0.63601798 4278190334
0.080734402 -0.122524 0.672993 4278256125
-0.084906101 -0.0330038 0.68913603 4278190334
-0.037472699 0.0069400701 0.69066602 4278190334
0.48617399 0.34836599 0.435323 4289703759
-0.0226638 -0.25957501 0.60825402 4278190334
0.025550401 -0.27818501 0.59455198 4278190334
0.18519101 0.211918 0.63797802 4279111408
0.31288299 0.218071 0.63252997 4281479884
0.29327399 0.183191 0.65110201 4280558810
-0.0061887698 -0.072597101 0.68443298 4278190334
-0.0126846 -0.27396899 0.59723502 4278190334
0.18581399 -0.145294 0.66619098 4279506154
0.20347001 0.229177 0.62782198 4279045617
-0.13380501 0.161796 0.66041797 4278519289
0.18347199 0.27814201 0.593826 4280164064
-0.33759499 -0.36145201 0.50112402 4280821974
-0.45254701 0.066834003 0.64918202 4284835225
0.256652 0.076427601 0.68356502 4279045617
0.227887 -0.050979599 0.68747503 4278650871
0.49169201 0.291504 0.50762898 4291677489
0.32477501 -0.187757 0.64718699 4281874630
-0.0271463 0.0632153 0.68597698 4278190334
-0.199623 0.017816599 0.68995899 4279308781
-0.438775 -0.0273584 0.65946698 4284769434
-0.099771902 -0.162764 0.65978801 4278585080
-0.043359499 -0.079790503 0.68354303 4278256125
0.499816 0.137382 0.60709101 4287993193
0.021900499 -0.41690901 0.41013199 4278321916
0.148342 0.078200102 0.68359298 4278650871
0.49656999 0.092808902 0.62292999 4288124775
-0.179143 0.16869301 0.65714598 4278782453
0.304351 -0.26267499 0.60473698 4282006212
0.40055299 0.280325 0.57094502 4284440479
0.62719399 0.122167 0.49690899 4294967040
0.086216003 0.099767998 0.67949897 4278321916
0.0126369 -0.129575 0.67095798 4278190334
0.26217601 0.31180599 0.56523198 4280295646
0.196435 -0.179683 0.65274 4278979826
-0.070245102 0.099907197 0.67927599 4278256125
-0.228845 -0.052246399 0.68711698 4281414093
0.087902203 0.038153999 0.688779 4278321916
0.57207298 -0.131635 0.55410701 4294506502
0.0104646 0.195463 0.64635402 4278190334
0.208242 -0.062168699 0.68643302 4278848244
0.077166401 -0.083116896 0.68263501 4278321916
0.47334799 0.153511 0.615978 4288058984
0.037673201 -0.0061790301 0.69015801 4278256125
0.28034401 0.031932998 0.68891603 4278782453
0.57450199 0.21286599 0.50364798 4294243338
0.28470701 0.134452 0.67016602 4280690392
-0.27823299 -0.065788098 0.68554902 4280953556
0.181008 0.16846199 0.65733498 4278914035
-0.061662301 0.27684 0.59486097 4278519289
0.060615599 -0.26129699 0.60653502 4278453498
-0.36320099 0.13583399 0.66123301 4282927286
-0.049240101 -0.142832 0.66774797 4278190334
0.170459 0.13288601 0.67016798 4279177199
0.290445 0.059853699 0.68597299 4279242990
0.116202 -0.074657798 0.68404001 4278321916
0.31657201 -0.41759899 0.40265399 4282927286
0.30610901 -0.208738 0.63821602 4281677257
-0.084098503 0.0039714598 0.69006801 4278519289
0.029150801 0.098710999 0.679331 4278256125
0.48479801 -0.094680399 0.62812501 4286743164
0.23456299 -0.30411699 0.57209003 4281019347
0.059217799 0.133007 0.67083198 4278256125
0.34507501 0.32218501 0.54725897 4285098389
0.26346001 -0.107275 0.67701298 4280295646
0.49701801 -0.018420201 0.63328701 4286808955
0.0799632 -0.25912401 0.60822898 4278321916
0.34605601 -0.045601599 0.68249398 4280953556
0.27541599 0.14111499 0.66816998 4280756183
0.475178 -0.109467 0.62954801 4286743164
0.17187899 0.119004 0.674137 4278716662
0.34338099 0.126588 0.66732299 4281282511
-0.147954 0.38660201 0.470579 4278650871
0.061121199 0.33064899 0.54550302 4278256125
0.28605801 0.118452 0.674779 4279637736
0.200075 -0.33268201 0.54347998 4280361437
0.42647201 -0.265948 0.57157898 4287137910
-0.167339 0.081074797 0.683079 4278848244
0.0067181 0.215359 0.63562697 4278190334
0.074097998 -0.184186 0.65118802 4278585080
0.107376 -0.190971 0.64799899 4278716662
-0.235754 0.080173202 0.68310601 4279571945
0.0043512299 0.18634599 0.65051299 4278256125
0.080489099 -0.080227502 0.68341398 4278256125
-0.28061599 -0.33199301 0.544994 4280493019
0.50793397 0.051877901 0.62358701 4289440595
0.000145656 -0.0118527 0.69049001 4278190334
0.38064599 0.10997 0.664186 4283322032
-0.095073603 -0.083674699 0.68304902 4278321916
0.485365 -0.28694299 0.51809001 4289374804
-0.0246366 0.302881 0.57285601 4278190334
0.312971 0.300578 0.573277 4281677257
-0.027980199 -0.176403 0.65473998 4278190334
0.117913 -0.2193 0.633358 4279045617
-0.137724 -0.149738 0.66465998 4279111408
-0.049408801 0.0335753 0.68878502 4278190334
0.50181103 -0.106433 0.61637002 4290822206
0.066443399 0.19778401 0.64464301 4278387707
0.12504099 0.321758 0.55506003 4278519289
0.464012 0.15413401 0.61966199 4287598447
0.63657498 0.0043677501 0.51133198 4294967040
-0.33792201 -0.0436606 0.68443501 4282400958
0.0163147 -0.25171801 0.61301202 4278256125
0.228789 0.21061701 0.637694 4280361437
-0.204705 0.105619 0.67770499 4279440363
-0.280231 0.16189501 0.66043901 4281282511
0.067613803 -0.091785498 0.680906 4278453498
0.408521 0.18815701 0.62813997 4284177315
0.38921699 -0.019871401 0.675695 4281150929
-0.45138001 0.149279 0.62750202 4284506270
0.184275 -0.237947 0.62268198 4279374572
0.26886401 -0.0592779 0.68679202 4279308781
0.0587309 0.239401 0.621907 4278321916
0.179812 0.191312 0.64816201 4279769318
0.18446 -0.243691 0.61917102 4279045617
0.127121 0.24311 0.619259 4279374572
-0.207845 0.102018 0.67880601 4279440363
0.31625399 -0.108362 0.67563599 4280558810
0.336274 0.024132799 0.68564302 4279637736
0.41877401 -0.039963901 0.66585797 4282137794
0.51368898 -0.27567899 0.50726497 4292072235
0.023773801 -0.0037776099 0.69063503 4278190334
0.20131101 0.24892899 0.61594099 4280229855
0.52512503 -0.037618399 0.61464101 4289111640
-0.023491001 -0.164397 0.65911698 4278256125
0.13315099 0.00938382 0.690745 4278387707
0.68642598 0.019508701 0.427322 4294967040
0.29631001 0.229297 0.62774998 4281085138
-0.13647 0.40649301 0.43345201 4278519289
0.326336 0.092857003 0.67765999 4279506154
0.31056699 0.212219 0.636051 4280953556
0.53689498 0.068066202 0.60203701 4291480116
0.339122 -0.27051499 0.59482002 4283650987
-0.0283239 0.275271 0.59682697 4278321916
-0.099264503 -0.112691 0.67659402 4278453498
0.29304901 -0.177457 0.65322798 4280887765
0.29890901 -0.069023803 0.68486202 4279637736
-0.084744699 -0.33888301 0.53642899 4278716662
0.148702 0.117791 0.67519701 4278716662
-0.32354301 0.225549 0.62745601 4282335167
-0.040539399 -0.294539 0.581348 4278190334
0.284217 -0.057608999 0.68640298 4278782453
-0.154448 -0.159013 0.66151798 4279242990
0.0616058 -0.091649003 0.68091899 4278387707
-0.0139545 0.161954 0.66055501 4278190334
-0.119941 -0.083385102 0.68247902 4278782453
0.42188799 0.315431 0.52678299 4286414209
0.43582499 0.0272293 0.661062 4284177315
0.44701099 -0.109883 0.64215797 4288058984
-0.111866 0.13616 0.66897702 4278453498
0.093210399 0.099368297 0.679658 4278453498
-0.139311 0.28869599 0.58568001 4279111408
0.0114158 -0.13998 0.66823 4278190334
0.25501299 -0.241813 0.61976397 4280032482
0.473032 0.273002 0.54033703 4289637968
0.32084101 -0.36599299 0.49952301 4282335167
0.191984 -0.18185601 0.65165699 4279900900
0.17086101 -0.060155101 0.68632299 4278716662
0.45151699 0.0133931 0.65575099 4283058868
0.384251 0.050939798 0.67479199 4280887765
0.30307001 -0.0732328 0.68379903 4280361437
0.212145 0.0131755 0.69071501 4278716662
0.473299 0.041243199 0.64327103 4285690508
0.51811898 0.111763 0.60364199 4291545907
0.292613 -0.207067 0.639247 4280229855
0.43122801 0.0096455896 0.66341698 4283650987
0.29569101 -0.217832 0.63340199 4281150929
0.122361 -0.224279 0.63033098 4278585080
-0.067231096 -0.108503 0.67732698 4278387707
0.21012899 0.10689 0.678123 4279308781
0.077872097 -0.28207701 0.59099197 4278585080
-0.057393499 -0.124138 0.67348301 4278321916
-0.28064901 -0.37180501 0.49428201 4280098273
0.153441 0.36671099 0.50069398 4279571945
0.62811202 0.0050464701 0.52197099 4294967040
0.072912998 0.049467102 0.688007 4278321916
0.122142 0.0310285 0.689183 4278453498
0.43937999 -0.109999 0.64621502 4283914151
0.27487299 -0.161405 0.66072398 4279900900
0.371122 -0.23795301 0.61081499 4284374688
0.114935 0.0167154 0.69022799 4278387707
-0.0073107602 0.211373 0.63784301 4278190334
0.174052 0.24106801 0.62056798 4278716662
0.44161999 -0.0010914 0.65941697 4285953672
-0.0051011899 0.099751502 0.67922503 4278190334
0.499511 -0.13472299 0.60832697 4292269608
0.45208001 0.064584203 0.65073299 4283979942
0.460356 -0.35483599 0.44801101 4289309013
0.18775401 0.101462 0.67869902 4278650871
-0.025905499 0.0039863102 0.69089502 4278190334
0.023813101 -0.357344 0.51374298 4278387707
0.28105801 -0.15971901 0.66169602 4280164064
-0.18616401 0.14689501 0.66549802 4279045617
-0.32652 0.061465599 0.68368298 4282072003
0.46240899 0.083031602 0.64249003 4286677373
0.64957702 0.043237999 0.48974901 4294967040
0.230414 0.053126 0.68729597 4279177199
-0.069573298 0.379731 0.481967 4278321916
-0.071312003 -0.033835601 0.688923 4278190334
0.061206099 0.080890901 0.68312699 4278256125
0.088922799 -0.26814801 0.60189003 4278914035
0.51963598 0.19403701 0.56611103 4292335399
0.132706 0.0059048901 0.69091398 4278453498
0.40157101 0.116319 0.656991 4283058868
-0.38313401 0.144657 0.65388203 4283979942
0.096453004 -0.068024397 0.68555301 4278321916
0.36057499 -0.038858298 0.68110102 4280821974
-0.075775199 0.345231 0.52894998 4278387707
0.46095899 -0.020409901 0.65088898 4286874746
-0.346183 -0.021484099 0.68495798 4282335167
-0.29288799 0.060618501 0.68650198 4280821974
0.22924 0.278799 0.59386498 4279835109
0.50383502 -0.107756 0.614564 4288124775
0.22355799 0.12702601 0.67224801 4279308781
0.102781 -0.0231837 0.69016898 4278387707
0.31371501 -0.114427 0.673823 4281479884
-0.43980399 -0.160467 0.62881702 4284835225
0.457939 -0.188908 0.60711199 4285690508
-0.18497001 -0.079091899 0.683478 4279045617
0.38756999 0.144693 0.65200901 4282993077
0.39907601 -0.259801 0.58747298 4285427344
-0.14576299 0.28199801 0.59147698 4279045617
0.217089 -0.12596899 0.67211801 4279506154
0.61233699 0.0057028998 0.54159898 4294967040
0.0501718 0.227255 0.62908697 4278321916
0.32145199 -0.131947 0.66802001 4281611466
0.26036099 -0.24890099 0.61512703 4280427228
0.34489599 -0.147852 0.65991402 4280493019
-0.20744599 -0.0135902 0.68984097 4279637736
0.298408 -0.243393 0.61822999 4281545675
-0.351118 -0.309484 0.55878198 4281611466
0.491254 -0.161272 0.60195798 4290230087
0.242993 0.088485003 0.68217498 4279703527
-0.361633 -0.061005399 0.67822897 4284440479
0.29698899 0.111531 0.67623198 4280493019
0.281075 -0.161323 0.66030002 4280624601
0.453722 0.039366599 0.65250999 4283058868
-0.239941 -0.0139955 0.69049102 4280690392
0.49933201 -0.052963398 0.628389 4291545907
0.32786101 -0.0100804 0.687181 4279769318
0.52238202 0.27137399 0.50226098 4293453846
0.33041599 -0.103274 0.674981 4281216720
-0.0194625 -0.128767 0.67136002 4278190334
-0.040392399 -0.337643 0.53816098 4278256125
0.321024 0.139441 0.66655701 4281019347
0.067336001 0.206929 0.64043701 4278650871
-0.42417201 -0.18657599 0.62285602 4284111524
0.412227 0.087538898 0.66112101 4284835225
0.349161 -0.14603999 0.65957803 4281150929
-0.206387 0.059025899 0.68638599 4280229855
0.405839 0.00222878 0.67221397 4281808839
0.0256727 0.105466 0.67767203 4278190334
0.70207202 -0.0113352 0.38960701 4294967040
0.215948 -0.283593 0.58988899 4280953556
-0.28389999 -0.179611 0.65348101 4280821974
0.154984 -0.27650201 0.59562999 4279177199
0.075172298 0.297649 0.57832199 4278387707
0.35324401 0.25896001 0.60038501 4282927286
0.444251 0.078639902 0.651016 4284440479
0.15772299 0.127432 0.67188603 4278848244
0.282574 0.126122 0.67268902 4280032482
-0.046524599 0.094076797 0.68017101 4278387707
-0.051053502 0.0532781 0.68752402 4278190334
0.128849 0.310936 0.56644601 4278782453
0.43555701 0.124153 0.64348501 4284703643
0.274461 -0.256733 0.60991299 4281085138
0.29767099 0.339733 0.534679 4282664122
0.431651 0.264891 0.57026601 4287466865
0.145477 -0.030324999 0.68927097 4278585080
0.130684 -0.069777101 0.68519098 4278585080
0.55871999 0.203126 0.52789599 4293059100
-0.12447 0.100882 0.678743 4278453498
0.42565501 0.174347 0.62801301 4286019463
0.36411399 0.27052999 0.589755 4283585196
0.48362699 -0.17774101 0.59888399 4287203701
-0.032668099 -0.268738 0.60176897 4278453498
-0.097971298 -0.092163697 0.68112898 4278321916
0.081027001 0.27638799 0.59522599 4278716662
-0.0187809 -0.0258494 0.68936998 4278190334
0.124526 0.36223999 0.50771201 4278716662
0.221451 -0.360201 0.51048797 4281216720
0.206135 0.13764299 0.66911399 4279045617
0.45723099 0.0457648 0.65104502 4286808955
-0.13225301 0.111299 0.67610699 4279045617
0.0176164 0.095499501 0.68038601 4278190334
0.33898899 -0.0045132702 0.68619901 4281414093
0.26177499 0.35253301 0.52042198 4281479884
0.170488 -0.20730001 0.63983601 4279506154
0.075723603 0.199422 0.64371598 4278256125
0.285521 0.19131801 0.64743501 4280361437
0.047514599 -0.118867 0.674528 4278321916
0.13092799 0.180437 0.65299499 4278650871
0.18977 -0.29589599 0.57942498 4279900900
0.084095702 -0.0131042 0.69021201 4278256125
0.43730101 -0.120633 0.64305401 4286085254
0.48580399 0.052457601 0.63565701 4289309013
0.0684397 -0.171064 0.65694702 4278519289
0.028505299 0.39396599 0.45716801 4278190334
0.156813 0.38169 0.47944999 4278716662
0.441284 0.0151125 0.659747 4284835225
0.40659299 0.19302 0.625965 4284901016
0.43065199 0.054214701 0.66016799 4283124659
0.47514099 -0.278743 0.533553 4288058984
0.50290501 0.17285299 0.59008902 4290164296
0.67661399 -0.0298 0.44631499 4294967040
0.233335 -0.143939 0.666673 4278979826
0.57936102 0.088451102 0.56239599 4294967040
0.13576099 0.40318 0.44087201 4278387707
-0.0581287 -0.086269699 0.68203002 4278256125
-0.225482 0.190832 0.64814699 4279571945
0.56763601 -0.27547699 0.44668001 4294967040
0.45844701 0.18899 0.60666698 4286940537
0.033275802 -0.193185 0.647376 4278190334
-0.205585 -0.30753601 0.56966698 4279835109
0.52001297 0.0166499 0.61952102 4288256357
0.29664299 -0.124044 0.67250699 4279571945
0.217852 0.221062 0.63227302 4279703527
0.0516367 0.138979 0.66830403 4278387707
-0.023742201 -0.0441075 0.68872797 4278190334
0.43878001 0.102481 0.64751399 4286743164
-0.0892713 -0.022386899 0.68994099 4278387707
0.138813 -0.161635 0.66087198 4279045617
0.257009 0.199173 0.643996 4281085138
0.059295401 -0.077559099 0.68361402 4278256125
0.24036799 -0.121457 0.67408299 4278979826
0.373382 -0.258632 0.59638798 4283256241
0.132906 -0.31830701 0.55856299 4279374572
0.50396597 -0.29141301 0.49865201 4291940653
0.052113999 0.077528603 0.68412799 4278321916
0.0445088 -0.223391 0.63131398 4278190334
0.524342 0.31946599 0.43939099 4291414325
0.064794898 0.0635828 0.68552101 4278387707
0.59192097 0.156582 0.52123499 4294967040
0.0132575 0.28981301 0.58489299 4278190334
0.413544 -0.191166 0.62481099 4283979942
0.354451 0.097643502 0.67264903 4282598331
0.21706 -0.22889499 0.62786001 4279571945
-0.393639 -0.018151 0.67531502 4284045733
0.264689 -0.15227599 0.66376197 4279440363
0.47701499 0.12647399 0.62368202 4286085254
-0.317056 0.166695 0.65620899 4282927286
0.102745 -0.0115046 0.69073403 4278321916
0.143268 0.35349101 0.519566 4279177199
-0.0197904 0.40042201 0.44673499 4278190334
0.58791 0.050647501 0.56261599 4294967040
0.279183 0.148008 0.66525197 4280624601
0.48955199 0.170663 0.599078 4287993193
0.324774 -0.27388299 0.59386599 4282137794
-0.019688601 0.22741599 0.62876803 4278190334
0.39355499 0.273004 0.57956302 4284045733
0.0748237 -0.109795 0.67676699 4278256125
-0.147468 0.0249785 0.689731 4278782453
0.27719 0.228036 0.62855297 4280953556
0.0609974 -0.274207 0.59773803 4278585080
-0.18988401 0.233557 0.62520403 4279045617
0.24070001 -0.00103103 0.69022202 4278650871
0.49641901 -0.24788199 0.54582202 4289966923
0.109655 0.0364304 0.68862897 4278519289
0.440029 0.109945 0.64538902 4287137910
0.100908 -0.19821399 0.644409 4278716662
0.507994 0.074085698 0.62015098 4287795820
0.346569 0.25165001 0.60704601 4282203585
0.0077191 -0.078942798 0.68356299 4278190334
0.20624501 -0.14462 0.666453 4278782453
0.189596 -0.177184 0.65404201 4279111408
0.139633 0.080021799 0.68341398 4278519289
0.483013 0.20973299 0.58210099 4288716894
-0.29903001 -0.172443 0.65533102 4282400958
0.408409 -0.033216599 0.67012399 4281874630
0.25642601 -0.135919 0.66958702 4279440363
-0.235282 0.30329299 0.57274801 4280032482
-0.112513 0.108364 0.67680401 4278453498
0.0151597 0.241129 0.61985898 4278190334
0.102932 0.033772498 0.68961 4278519289
0.659796 0.185179 0.39050701 4294967040
0.39340499 -0.214766 0.61819899 4283782569
0.276645 -0.126222 0.672701 4279506154
0.109507 -0.0215912 0.69001299 4278256125
-0.098215103 0.097963497 0.67925102 4278716662
0.15897 -0.062146701 0.68571597 4278848244
0.20132799 -0.33778799 0.53841799 4280558810
-0.245028 -0.157611 0.66250098 4280558810
0.45196301 0.124292 0.636603 4286151045
-0.0127985 -0.0118196 0.69065797 4278190334
-0.074412704 0.069401398 0.68544799 4278190334
0.309843 -0.216884 0.63305902 4281282511
0.046543501 0.092043102 0.68136901 4278256125
0.285198 0.36646801 0.50190902 4281545675
0.21805701 -0.062565997 0.686333 4278979826
0.17328601 0.13547 0.669541 4279111408
-0.073022202 -0.105162 0.67760003 4278190334
-0.057723202 -0.0083529698 0.690162 4278190334
0.445934 0.031959899 0.65636498 4283716778
0.037475899 -0.055142801 0.687316 4278190334
0.14732599 -0.0609175 0.68653703 4278716662
0.18834101 -0.082035102 0.68284798 4279177199
0.25843701 -0.052994501 0.68688899 4278914035
0.37936401 0.152431 0.65099102 4281940421
-0.0066228299 0.00098342798 0.69065899 4278190334
0.45654801 0.25871801 0.56274301 4287532656
0.34314901 0.237308 0.61769998 4283387823
-0.129766 -0.078700401 0.68407202 4278716662
0.53178 0.084384501 0.60180801 4289901132
-0.40477499 -0.069911897 0.66624099 4285098389
0.41088101 0.265461 0.57828099 4285756299
-0.471789 0.053405501 0.64331698 4285164180
0.325459 -0.28598899 0.584598 4282927286
0.45249701 0.368 0.432428 4287532656
0.088729598 -0.203978 0.64161998 4278453498
-0.29436201 -0.28755799 0.58664501 4280756183
-0.414776 -0.081182703 0.660869 4284308897
0.231548 -0.095635302 0.679766 4279637736
0.42279699 -0.228926 0.59929198 4285295762
-0.325057 0.058885001 0.683792 4281743048
0.33800799 0.34727699 0.51993197 4283058868
0.191604 0.25622001 0.60987997 4279966691
0.034212299 -0.206633 0.63990003 4278190334
0.457849 0.079483502 0.64561802 4284769434
0.0405665 -0.091023602 0.68108201 4278190334
0.0586446 -0.062074199 0.68583399 4278256125
0.42202699 -0.125182 0.64809 4282532540
-0.10256 -0.046146799 0.68791699 4278387707
-0.085142002 0.0447497 0.688676 4278585080
0.489912 0.0118495 0.63759398 4290032714
0.30514401 0.216426 0.633825 4280624601
0.45938399 -0.19004799 0.60523599 4288848476
0.162779 0.121837 0.673567 4279045617
0.34732699 0.00283106 0.68502003 4280756183
0.34757501 0.223102 0.62556398 4281677257
0.43247199 0.090780601 0.65333301 4283124659
0.240619 0.072668798 0.68501401 4279506154
0.092241198 0.188905 0.64840603 4278453498
0.30990401 0.18074501 0.651667 4280427228
0.060827199 -0.0040534898 0.690795 4278256125
0.50721401 0.14762899 0.59854603 4290032714
0.40982601 0.033950601 0.66973901 4284637852
0.084349804 -0.179066 0.65350699 4278321916
-0.33242801 0.28007901 0.58857203 4281282511
0.25477001 -0.19615801 0.64560002 4279835109
0.142682 -0.126684 0.67229998 4279045617
0.40721199 0.050103899 0.668127 4281348302
-0.115766 -0.065493099 0.685507 4278782453
0.42346099 -0.14893501 0.63945597 4284243106
0.25726399 -0.205292 0.64129102 4280032482
0.51203501 -0.116602 0.60617697 4292269608
0.43878099 0.36461899 0.450039 4286019463
0.25821999 0.055120099 0.68751401 4278848244
0.364555 -0.16367 0.65002102 4281808839
0.35054401 -0.28529301 0.58092999 4284308897
-0.41790101 -0.00323006 0.66817999 4284572061
0.329891 0.41964701 0.394559 4282532540
0.325454 0.119692 0.67184103 4279966691
-0.086025201 -0.057621799 0.68691802 4278256125
0.66635001 0.13892099 0.41865 4294967040
0.37545899 0.060403802 0.67571998 4280229855
0.373391 0.049347699 0.67689598 4281545675
0.181282 -0.16651399 0.65865999 4279374572
0.183823 0.39263499 0.45961401 4279111408
0.064493902 0.061585002 0.686239 4278190334
-0.17865101 -0.041953001 0.68881702 4279374572
0.098198399 -0.12572201 0.67269403 4278256125
0.43836299 -0.043299399 0.65837401 4284177315
0.67291898 0.088929802 0.436028 4294967040
-0.065995596 0.092637204 0.680978 4278519289
-0.30199 -0.30907899 0.566504 4281808839
0.26613399 -0.122535 0.67374498 4280558810
0.104592 -0.0530928 0.68739003 4278321916
0.303592 0.26091799 0.60625601 4282137794
0.474116 -0.200745 0.59199399 4289111640
0.25721899 0.16317099 0.65961999 4280756183
0.23952401 0.063842297 0.68560499 4279045617
-0.19975699 0.22300699 0.63182402 4280690392
0.157884 0.044002902 0.68852901 4278519289
0.55258501 0.065960698 0.58994299 4291611698
0.33136901 0.22407299 0.627415 4282269376
0.48725301 -0.059221599 0.63398802 4285953672
0.0592319 0.038984802 0.68850702 4278321916
0.43842399 0.077215299 0.65377599 4284177315
-0.222139 -0.0308073 0.68923402 4281085138
0.27127901 -0.427807 0.38028601 4281019347
-0.27731699 -0.037014801 0.68866003 4282072003
0.336941 0.38247401 0.46943101 4282993077
-0.316192 -0.282399 0.588139 4281414093
-0.053505201 -0.019383401 0.69041198 4278190334
0.158527 0.32885 0.54828203 4279308781
-0.231051 0.36489499 0.50428897 4279506154
-0.191218 -0.112801 0.676404 4279966691
0.093320198 -0.041738998 0.68897903 4278256125
-0.091068797 0.36253399 0.50713801 4278256125
0.15732899 0.079721898 0.68310201 4278782453
0.322193 -0.087462001 0.67969298 4280953556
0.243873 0.39278501 0.45970699 4280427228
0.263363 -0.101221 0.67861402 4279769318
0.691935 0.087909803 0.39158601 4294967040
-0.30216199 0.019029601 0.68956 4281479884
0.046433602 -0.082138702 0.68254203 4278321916
0.30137801 0.0132005 0.68976098 4279045617
0.40907899 0.045078501 0.66837502 4281019347
-0.067414001 -0.38122401 0.479296 4278190334
-0.047667298 -0.13312601 0.670461 4278453498
0.159208 -0.18989 0.64822698 4279440363
0.0710667 -0.00435234 0.69020098 4278190334
0.32694101 -0.0146552 0.68729299 4279308781
0.22835299 0.039353602 0.688492 4278716662
-0.31304899 0.098882899 0.67830199 4281808839
-0.020944601 -0.14149 0.66724598 4278190334
0.365188 -0.134434 0.661304 4281479884
0.215563 0.0190657 0.69024903 4278519289
0.410804 -0.154311 0.64196903 4283453614
0.270275 -0.205538 0.64034599 4279966691
0.33121201 0.093267299 0.67721498 4280098273
0.178519 -0.049304102 0.68752199 4278519289
0.028467201 -0.310379 0.56686401 4278190334
-0.0641293 0.055253901 0.68687302 4278387707
0.477972 0.17165799 0.60501701 4286414209
0.093447603 -0.162338 0.66025901 4278519289
-0.00131044 0.27305901 0.59807402 4278190334
-0.084074698 0.042610299 0.68821698 4278321916
0.37448701 -0.171656 0.64514202 4281808839
0.187728 0.21521001 0.63600999 4279177199
-0.051016498 0.34177101 0.532561 4278256125
-0.365639 -0.073498398 0.67549503 4282993077
0.34510499 0.19632 0.63942999 4282203585
0.56460899 -0.200794 0.52337801 4294835457
0.20902801 0.282543 0.590388 4280164064
0.27447101 0.187061 0.64930201 4280953556
0.0145158 -0.14291701 0.667117 4278256125
0.32954001 0.150833 0.66083002 4280229855
0.0535895 -0.102765 0.678657 4278190334
0.136077 0.32602501 0.55074501 4279045617
0.129179 -0.060569201 0.686813 4278453498
0.36474299 -0.225324 0.62066299 4284045733
0.52126402 0.24416099 0.53024399 4291874862
0.14759099 -0.116097 0.67546701 4278453498
0.23468301 0.050820399 0.68723297 4278848244
0.168319 0.29935899 0.57618302 4279966691
0.15042 -0.051019199 0.68760002 4278387707
-0.29703599 0.27469 0.59592199 4280558810
0.35100299 0.026417799 0.68388402 4280558810
0.144483 -0.0026162099 0.69082397 4278650871
-0.0844208 -0.104768 0.678114 4278650871
0.33231801 -0.21222299 0.63347298 4281808839
0.40359399 -0.28570399 0.565153 4286348418
0.58830303 0.0060620699 0.56532103 4294967040
0.33986199 -0.133215 0.665443 4280427228
0.186996 -0.0686979 0.68553299 4278782453
0.14327601 -0.083573498 0.68300802 4278650871
0.47472 -0.021511201 0.64473897 4286019463
0.147008 -0.26294401 0.60517597 4278716662
0.109451 0.363464 0.50502998 4278979826
0.341088 0.111409 0.672158 4281874630
0.462809 0.129362 0.62970001 4285822090
0.51232302 0.145083 0.59594297 4288651103
0.37060401 0.0811579 0.67285001 4281545675
0.13892899 -0.432118 0.36746299 4278585080
0.313811 0.162421 0.65894097 4280887765
0.492612 -0.098834902 0.62361902 4287401074
0.28898501 -0.14741699 0.6652 4279571945
0.30813599 -0.0728053 0.68362302 4279571945
0.494268 0.00162813 0.63470203 4286480000
-0.127058 0.036886599 0.68868297 4278585080
0.45726001 0.082173601 0.64439899 4285558926
0.665465 0.0133116 0.467709 4294967040
-0.13938101 -0.38184199 0.47910199 4278650871
0.266 0.177213 0.65399897 4279571945
0.28453699 -0.176121 0.654024 4279703527
0.44918701 -0.0278241 0.655976 4285098389
-0.27136001 0.116652 0.67540097 4282137794
-0.31013799 -0.063727297 0.684277 4283387823
0.040230401 0.030795701 0.68913901 4278190334
0.36568999 0.042290699 0.67988098 4281216720
-0.132954 -0.172525 0.65620399 4278979826
0.45224801 0.28292 0.54341102 4287269492
-0.43040699 0.096585602 0.65211701 4285164180
0.140999 -0.06549 0.685785 4278387707
0.48447099 -0.00259126 0.63973701 4286677373
0.0302734 0.075944103 0.68443 4278190334
0.406923 0.39298099 0.41863501 4285690508
0.588983 -0.181905 0.51006401 4294967040
0.347063 0.0674247 0.67959601 4280098273
-0.089681402 0.20467 0.64126003 4278321916
-0.067910403 -0.27100599 0.59999597 4278256125
0.099965297 -0.192889 0.64674199 4278387707
-0.367906 -0.2131 0.62698698 4282729913
0.374843 -0.0295185 0.678478 4280427228
0.471275 0.316856 0.494001 4288980058
0.015225 -0.150832 0.66410798 4278190334
0.245308 -0.110163 0.67646301 4279177199
0.38884199 0.111729 0.66204602 4281808839
0.33642501 0.212918 0.63301498 4282532540
0.071198203 -0.29889601 0.57742798 4278716662
-0.25106499 -0.308887 0.56766498 4279900900
0.0542375 0.25041401 0.61425298 4278190334
-0.0420288 0.02241 0.68993199 4278256125
0.017391101 0.082058802 0.682841 4278256125
0.47437599 0.0270615 0.64381897 4284374688
0.144933 0.0064980402 0.69036198 4278519289
0.037073199 -0.0264738 0.68939298 4278190334
0.53591102 0.17003 0.56748098 4290690624
0.34063199 0.197062 0.639642 4282269376
0.29683301 -0.20884299 0.63881499 4280756183
-0.0168919 -0.00227554 0.69020498 4278190334
0.052389201 -0.33576801 0.53954703 4278190334
0.17487501 -0.100555 0.67868698 4278979826
0.38473001 0.054135799 0.67400199 4282729913
0.289702 -0.103537 0.67840499 4279506154
0.531681 0.11354 0.59465998 4291611698
0.108078 0.186111 0.650424 4278585080
0.087590702 -0.0062583699 0.69034702 4278256125
0.15051299 0.18797401 0.64886999 4279177199
0.13569701 0.429149 0.376825 4278585080
0.64544201 0.132891 0.46332401 4294967040
0.211528 -0.30337 0.57319802 4280493019
-0.114482 0.109699 0.67681098 4278453498
0.55981702 0.30179599 0.418594 4292269608
0.076575398 -0.106237 0.67728901 4278190334
-0.42180499 -0.00137241 0.666605 4284440479
0.0300365 -0.034875199 0.689004 4278256125
0.089017898 6.2221203e-05 0.690988 4278321916
0.258232 -0.19420999 0.64608997 4280821974
0.28879699 0.00298173 0.69015402 4278914035
0.19846299 0.221774 0.63158202 4280098273
-0.32305601 0.2235 0.62797397 4283124659
0.21915901 -0.36466599 0.50409597 4279835109
0.26644 -0.042572498 0.68866098 4278914035
0.58159399 -0.0150532 0.57211399 4293782801
0.134661 -0.078792498 0.68347198 4278321916
0.104129 -0.42320001 0.39213201 4278914035
-0.056376401 -0.12969901 0.67138702 4278190334
0.0226912 -0.0121762 0.69062698 4278190334
-0.123645 -0.191724 0.64747202 4279242990
-0.35593501 0.065346003 0.67839098 4283453614
-0.29260799 -0.26597199 0.60334599 4281479884
0.172445 -0.121621 0.67404902 4278716662
0.21969201 0.142234 0.66778398 4279440363
0.120726 -0.188623 0.64866197 4278914035
0.46612301 -0.092179097 0.63871098 4286019463
0.213726 -0.113513 0.67641199 4279045617
0.21702801 0.097451501 0.67998898 4278716662
0.20488501 0.0429895 0.68885398 4278848244
0.68455499 -0.142257 0.368029 4294967040
-0.14292701 -0.088793799 0.68211401 4278716662
0.034031 -0.058517002 0.686589 4278190334
0.36567199 -0.024468601 0.68125802 4279637736
0.044420298 0.18093599 0.65231901 4278256125
-0.200776 -0.230213 0.626697 4280229855
0.43728301 -0.32400101 0.508762 4287993193
0.166379 -0.35767499 0.512779 4278782453
0.023213901 -0.038191199 0.68847501 4278190334
-0.44335601 0.0192836 0.65790099 4285493135
0.54518801 -0.127592 0.57862502 4294045965
0.0372971 -0.21241 0.63763899 4278190334
0.51352698 -0.00267969 0.62422299 4291480116
0.334667 -0.229228 0.623326 4282072003
-0.086447999 0.076050296 0.68443203 4278716662
0.22420201 -0.070542097 0.685188 4279308781
0.114031 0.223593 0.63153499 4278848244
0.0122238 -0.0069548702 0.69020098 4278190334
-0.320557 0.00064850802 0.68873698 4281743048
0.161661 -0.285263 0.58910698 4278914035
0.018454701 0.34603199 0.52790302 4278256125
0.57454997 0.11294 0.55939198 4294967040
0.15043899 0.076170802 0.68410701 4278387707
-0.149296 0.148387 0.665591 4278650871
0.448706 -0.14945801 0.62939501 4284440479
0.34871799 0.027657701 0.68439603 4280821974
0.037651401 -0.121622 0.67409998 4278190334
0.253571 -0.37843999 0.48318499 4281019347
0.325452 0.095895402 0.67790198 4280756183
0.27033499 0.0055905101 0.69078499 4278782453
0.633847 -0.071334504 0.506037 4294967040
0.0208901 0.121702 0.673428 4278190334
0.422602 0.14087801 0.64298397 4282927286
0.064372301 0.0866559 0.68253797 4278256125
0.44742301 0.055094302 0.653669 4284308897
0.074380897 -0.047027599 0.68840098 4278387707
-0.32244301 0.28518301 0.58623099 4281019347
0.132093 -0.374356 0.489728 4278650871
0.21254499 -0.31235901 0.56414199 4280624601
-0.351356 0.160726 0.65469903 4283058868
0.48331901 0.0192274 0.639772 4285427344
-0.092835002 -0.131596 0.67056501 4278979826
0.0019268 0.12738501 0.67244101 4278190334
0.244812 0.093863301 0.68037403 4278914035
0.64373702 -0.079141103 0.49043101 4294967040
0.515724 0.047383402 0.61895299 4288124775
-0.166455 -0.137435 0.669101 4279177199
0.47464699 -0.106889 0.63072097 4289045849
0.31264701 -0.169273 0.65549302 4281743048
0.14143699 0.060468301 0.68639398 4278453498
-0.0200934 0.0236036 0.69020498 4278190334
0.128737 -0.19852801 0.64383602 4279111408
0.37774599 -0.100238 0.66813302 4281479884
-0.33605799 -0.25525001 0.60628003 4281479884
0.0048216898 0.041497599 0.68898797 4278190334
0.44319901 -0.135299 0.63602 4284440479
0.073023602 0.047298498 0.68839198 4278321916
0.60926402 0.17619 0.48751399 4294967040
0.040703401 0.20935801 0.63827097 4278190334
0.42111599 -0.185019 0.625099 4284506270
-0.368305 0.13312501 0.66028601 4283848360
0.251771 -0.0122516 0.69021201 4278848244
0.19440199 -0.189353 0.64917803 4279835109
0.187352 0.0601926 0.68692303 4278716662
0.40744799 -0.2086 0.61769801 4284440479
0.166729 -0.23705 0.62299103 4279769318
0.388219 0.0045658401 0.67620999 4280361437
-0.115848 0.21498901 0.63526702 4278519289
0.084165797 0.039553601 0.68916899 4278321916
0.299795 -0.19564199 0.64553303 4280558810
0.00381646 -0.014444 0.69043601 4278190334
0.305693 -0.0620302 0.685458 4279769318
0.015993699 0.21601599 0.63572502 4278190334
0.26133499 -0.124127 0.67341799 4280295646
0.21830501 0.069884397 0.68471301 4278782453
0.19846 0.17977899 0.65274101 4279111408
0.31270799 0.0090385303 0.68929601 4278650871
0.39896899 -0.22631 0.60943401 4284835225
0.48400399 0.076251701 0.63284701 4286414209
-0.138218 -0.075057 0.68436003 4278585080
0.359148 -0.26929501 0.59177202 4283914151
0.477824 -0.0519033 0.63988101 4286677373
0.42856199 -0.20113701 0.614205 4288190566
0.30909801 0.137844 0.66732597 4281150929
0.57746899 -0.22030701 0.49331599 4294967040
0.227667 -0.198385 0.64488399 4280558810
0.068797998 0.0587142 0.68710899 4278321916
0.0200879 -0.080459103 0.68365002 4278190334
0.35217699 0.132155 0.66361302 4280558810
0.035517499 -0.23341601 0.62478697 4278256125
-0.075697802 -0.24452899 0.61849302 4278585080
0.159444 -0.0287531 0.68952101 4278585080
-0.331209 -0.13739599 0.665784 4283124659
-0.066920497 0.28229201 0.59068799 4278321916
0.269227 0.31100401 0.56533599 4281874630
-0.121603 -0.00304982 0.69001299 4279177199
-0.043181799 0.0302344 0.68974602 4278321916
0.24119499 0.39488801 0.455383 4279900900
0.20461901 -0.197528 0.64434099 4279111408
0.54004902 0.253921 0.50348902 4294045965
0.127159 -0.062037598 0.68572599 4278453498
0.49353099 -0.345815 0.42996401 4289637968
0.17122699 -0.27239901 0.59810197 4279703527
-0.159963 0.093639098 0.681027 4278716662
-0.33149201 -0.093930997 0.67678398 4281677257
-0.38712099 -0.0152442 0.67664301 4283650987
0.130334 -0.078930303 0.68312401 4278387707
0.33647799 0.17656399 0.65047097 4282466749
0.43240601 -0.070619904 0.65750599 4284901016
0.232493 0.26770601 0.60207599 4279571945
0.107317 0.25727099 0.60944301 4278782453
0.382256 0.15554 0.64972699 4284111524
0.043893799 -0.18368299 0.65144598 4278190334
-0.28127 0.036056601 0.68943101 4282137794
0.32650399 -0.20884299 0.63608801 4282006212
0.42424801 0.313501 0.52814698 4285558926
0.234815 0.119322 0.67388701 4278979826
0.171923 -0.38751701 0.468757 4280032482
0.60226101 0.230887 0.44870999 4294967040
-0.036573701 0.00392251 0.69026101 4278190334
0.21928699 -0.23970801 0.62173003 4279374572
0.074156903 -0.13451 0.67005301 4278190334
-0.024230801 0.149673 0.66501403 4278190334
0.063465796 -0.236619 0.623142 4278321916
-0.4296 -0.0048707202 0.66441399 4285295762
0.233567 0.28326499 0.59050101 4280756183
0.25191799 0.048570599 0.68759 4278782453
-0.184743 -0.121413 0.67381799 4279703527
0.53227299 0.15756699 0.575957 4291940653
0.0140639 -0.035018299 0.68904501 4278190334
-0.15868901 0.34289399 0.53131598 4278716662
0.29993501 0.131888 0.669945 4280164064
0.32921699 0.048952799 0.68441802 4279308781
0.048051499 -0.11381 0.675906 4278321916
-0.19275901 -0.27213901 0.59895402 4279374572
0.149285 -0.14411999 0.66670799 4278716662
0.17679 -0.137804 0.669137 4278848244
0.568214 0.132745 0.55736297 4294967040
0.0226862 0.208984 0.63852203 4278256125
0.35837701 0.12599701 0.66490698 4281743048
-0.479224 -0.12871601 0.62127697 4284966807
0.41255099 0.21467701 0.612468 4285756299
0.25576201 -0.281764 0.59131497 4279835109
0.41718 0.132484 0.64753699 4283585196
0.146111 0.382108 0.478089 4279571945
0.481332 0.06095 0.63701701 4287466865
0.186285 -0.0443018 0.68790698 4278650871
0.51349401 0.188146 0.57445502 4292664354
0.52449203 -0.0763795 0.60902601 4292598563
0.58117801 -0.066175602 0.56669497 4294967040
0.29610401 -0.070120297 0.684416 4279242990
0.26241899 0.27735999 0.59438503 4280032482
0.50187802 0.0177813 0.63069499 4289045849
0.16771001 0.0826542 0.68260801 4278453498
0.20773301 0.104643 0.67802298 4278782453
0.35772201 0.062523298 0.67869198 4279966691
0.347956 -0.40051499 0.433009 4283979942
0.32344601 0.22184099 0.62899101 4280887765
0.42789501 0.14396 0.63972503 4283650987
0.43750799 -0.0021718501 0.660707 4285624717
0.58696598 -0.073426999 0.55849701 4294967040
0.32414001 -0.18716501 0.64734399 4282466749
0.020645499 0.21764 0.63403702 4278190334
-0.161167 -0.22965699 0.62761098 4279045617
-0.20187899 -0.127103 0.67173201 4279374572
0.130079 0.18179999 0.65201598 4278519289
0.43035299 0.19653299 0.61589903 4285032598
0.33293301 0.193918 0.64286703 4280821974
0.073093399 -0.16311701 0.660025 4278190334
0.174064 0.31262901 0.56451201 4279440363
0.670946 -0.0070862998 0.459268 4294967040
0.0020481099 -0.22918101 0.62778503 4278190334
0.30670601 0.206255 0.63953102 4281150929
-0.25432101 0.38894501 0.46685699 4279506154
-0.060623299 0.0171491 0.69041401 4278519289
0.066101201 0.322321 0.55495101 4278387707
0.099529102 -0.37018099 0.49572599 4279045617
-0.42271501 0.156142 0.63656902 4284374688
-0.18709999 -0.078695603 0.683065 4278979826
0.0097602503 0.271631 0.59916002 4278190334
0.589733 -0.048183002 0.56109703 4294967040
0.21980201 -0.0521251 0.68766701 4278650871
0.51899499 -0.035822999 0.61869001 4292335399
-0.32983199 -0.073283002 0.681615 4282137794
0.36177 0.36831599 0.484467 4283848360
0.52566898 0.098726504 0.60262001 4291151161
0.28498 0.020376099 0.68981701 4279440363
0.211336 0.048485801 0.68767798 4278585080
0.41620901 -0.0064309202 0.66884297 4281808839
0.32918999 0.20403901 0.63836902 4281414093
0.301626 -0.27054101 0.59977198 4281085138
-0.32380301 0.098106101 0.67673898 4282006212
0.43297601 -0.0040213098 0.66256797 4284045733
-0.40918601 0.23796 0.59938902 4283124659
0.33078399 -0.12456 0.670147 4280558810
0.337006 0.250348 0.61015999 4282993077
0.26124799 -0.19540299 0.64619797 4280295646
0.336117 -0.075462699 0.68011302 4279571945
-0.0043290802 0.286156 0.58746302 4278256125
0.519126 0.050502099 0.61706603 4290230087
-0.17599501 -0.052862801 0.68702298 4278979826
0.445081 -0.29898199 0.53160203 4288651103
0.078349501 0.208666 0.63963699 4278716662
0.20580301 -0.12957799 0.67113203 4279111408
0.49452901 -0.049794901 0.63139898 4286348418
0.173995 -0.230867 0.62698698 4278979826
0.42954201 -0.087272704 0.65495199 4283387823
-0.0386375 0.074803799 0.68467402 4278256125
0.068308704 -0.29310101 0.58242399 4278453498
-0.053304002 -0.0095898602 0.69026798 4278256125
-0.35091999 -0.0139195 0.68389302 4282532540
0.41894901 0.152477 0.63947397 4283979942
0.105093 0.262142 0.60650402 4278453498
-0.174917 -0.16962101 0.65743399 4279242990
0.52610701 -0.289368 0.48008499 4292795936
0.58890599 -0.233108 0.46669301 4294177547
0.019069901 -0.180886 0.65252602 4278190334
0.31575999 0.19088399 0.64586699 4282400958
0.308063 -0.138165 0.66725898 4280558810
0.37992701 0.083285198 0.67112398 4280493019
0.185755 0.202426 0.64279002 4279374572
0.17961501 0.19013201 0.64848202 4279242990
0.39910999 -0.117727 0.657565 4282993077
0.13887601 0.0507866 0.68798298 4278387707
-0.043915499 0.0038950201 0.690781 4278190334
0.098250501 0.044557098 0.68849498 4278256125
0.054605201 -0.042593699 0.68811202 4278190334
0.120216 0.104251 0.67876297 4278848244
0.034170799 0.088634498 0.68151897 4278190334
0.157874 -0.036352102 0.68903399 4278453498
0.278965 -0.0098858904 0.69059598 4278585080
-0.22273999 0.096491002 0.67993301 4280032482
0.0076223002 0.146254 0.66585201 4278190334
0.39513001 -0.133972 0.65388298 4284177315
0.42787501 -0.166796 0.63090998 4284901016
0.476749 -0.26208401 0.54661101 4288124775
-0.425551 0.041536801 0.66303903 4284703643
-0.0626968 -0.142655 0.66730499 4278190334
-0.382815 0.229932 0.61296898 4283716778
0.074975498 0.042158801 0.68822002 4278256125
0.21311501 -0.024766101 0.68971699 4278782453
0.105877 0.280469 0.59299302 4278585080
0.31659299 -0.0738739 0.68263799 4280887765
0.43179899 0.369964 0.44531801 4287203701
-0.274941 -0.022775199 0.68965 4280624601
-0.38656899 -0.29218999 0.56527799 4282006212
-0.10424 0.151162 0.66411901 4278387707
0.49305901 0.251728 0.54565001 4290690624
0.419296 -0.168989 0.63325799 4286151045
0.149528 0.27408999 0.59711999 4279506154
0.529724 0.075832799 0.60603601 4290164296
0.40759599 0.256405 0.586707 4283979942
0.319493 0.069044597 0.68295902 4280821974
0.458653 -0.0039613801 0.65240502 4287730029
0.444233 -0.0196862 0.65840298 4283716778
0.090556502 0.321605 0.55535799 4278519289
-0.214164 0.14252099 0.66744 4279506154
0.48094401 -0.0327361 0.64041197 4286677373
0.35775501 0.246013 0.608612 4283453614
0.37733001 0.12088 0.66180599 4282400958
0.343952 0.073989101 0.67924201 4279637736
0.51013398 0.098631099 0.61332703 4289111640
-0.25095099 -0.0742606 0.68384898 4280295646
0.151151 0.121689 0.67333698 4278585080
0.0094264597 -0.36526 0.50375402 4278190334
0.29984599 -0.177871 0.653144 4280032482
-0.044479299 0.304389 0.57242 4278190334
0.0451377 -0.17289799 0.65600699 4278190334
0.471544 -0.044323798 0.64450598 4285361553
0.211657 -0.21985599 0.63269901 4279769318
0.297856 -0.107935 0.67737198 4279374572
0.28157201 -0.235994 0.62409598 4281677257
-0.16321 -0.28689 0.58666903 4278848244
-0.024083201 0.18174499 0.65232599 4278190334
-0.0094927996 -0.27381301 0.59767699 4278190334
0.0074734101 0.061703499 0.68580902 4278190334
0.0321697 -0.327131 0.55011803 4278321916
0.43499401 -0.123696 0.64383602 4287664238
0.029787 0.0167541 0.69045699 4278190334
0.61794502 0.062740803 0.527969 4294967040
-0.0094103497 -0.199843 0.64364803 4278190334
-0.207665 0.056685202 0.687078 4279966691
-0.135277 -0.15174299 0.66425002 4279308781
-0.166063 0.231702 0.62581801 4279242990
0.356644 0.31306401 0.55435503 4284111524
-0.0061455402 0.0069883601 0.690525 4278190334
-0.25372601 0.121969 0.67336702 4279966691
0.040210001 0.049024701 0.68764699 4278190334
0.077486999 0.24778201 0.61636502 4278585080
-0.224031 0.122895 0.67359698 4280953556
0.190661 -0.190007 0.64810598 4279177199
-0.018970501 0.0039458401 0.69095099 4278190334
-0.00600015 -0.029793801 0.69000399 4278190334
0.210806 0.097413301 0.67963701 4279440363
0.51341099 0.23158699 0.54619902 4293848592
0.13283999 0.34638101 0.52711898 4278519289
0.57365501 -0.26038 0.45750201 4294967040
-0.035086401 0.036254101 0.68867201 4278190334
0.184251 0.037700601 0.688694 4278519289
-0.018030601 -0.29433501 0.58042699 4278256125
0.36352399 0.062709697 0.677692 4280690392
-0.087212399 0.0194894 0.690193 4278321916
0.18467499 0.099497199 0.67894202 4278585080
0.038956702 0.169146 0.65752798 4278256125
-0.0081367204 0.095029898 0.67996299 4278190334
0.073865503 -0.26323801 0.60506201 4278585080
0.212549 -0.319078 0.55842 4280493019
0.60412699 -0.037693702 0.54766297 4294967040
0.072182 -0.27222601 0.59902799 4278190334
0.46746999 -0.34853199 0.452719 4289111640
0.410629 0.24356 0.595164 4284637852
-0.0196249 0.075372301 0.684542 4278190334
-0.0338622 0.071148902 0.68485999 4278190334
0.45222601 -0.041095499 0.65284801 4283914151
0.336245 0.269642 0.59574801 4282072003
0.22766399 -0.31089699 0.566194 4280821974
0.17474701 0.286237 0.58710498 4280098273
0.43424699 0.14082301 0.63812 4287269492
0.112059 -0.199228 0.64354998 4278453498
0.516406 -0.111998 0.60519201 4291545907
0.394308 -0.104075 0.66258502 4282400958
0.49815199 0.35899401 0.39951599 4289111640
0.465628 0.20991001 0.59102702 4288585312
0.35058099 0.171075 0.65000802 4282072003
0.33855501 0.21906701 0.62912601 4282137794
0.39123601 0.0605096 0.67187399 4283190450
0.36541799 -0.0993049 0.670941 4282532540
0.54984599 0.0924365 0.58647299 4294703875
-0.130078 0.125267 0.67262399 4278716662
0.35407701 -0.0997563 0.67240399 4281019347
0.214386 0.40051201 0.446273 4280427228
0.39823401 -0.179959 0.63438201 4284703643
0.32185599 0.37875199 0.47969699 4282729913
0.45524299 0.169586 0.61705899 4285361553
0.0929102 0.41898099 0.40566599 4278321916
0.54455799 -0.30936 0.42965701 4290887997
0.28148901 0.30046901 0.575854 4281940421
0.214205 0.047993802 0.68791902 4278914035
0.40138599 0.073049903 0.666924 4282072003
0.3876 0.160558 0.64643902 4283453614
0.359846 0.063548401 0.67851901 4280361437
0.247108 -0.046977699 0.68813801 4278914035
-0.0105857 -0.041332599 0.68837899 4278190334
-0.167821 0.29753599 0.57792002 4279242990
0.51461703 -0.058939502 0.61858398 4290098505
0.25938699 -0.023863699 0.689753 4278914035
0.27533999 -0.18577801 0.64992601 4279835109
-0.058236599 0.350133 0.52292001 4278190334
0.391664 0.1506 0.649005 4281940421
0.128272 0.23542801 0.62424397 4278453498
-0.28703099 -0.322101 0.55432701 4280098273
-0.0460108 0.032523699 0.68970197 4278387707
-0.28821799 0.15713 0.66203302 4280887765
0.352 0.0104198 0.68449199 4280229855
0.404569 -0.16875 0.637676 4284637852
-0.26589701 -0.195586 0.64583898 4280887765
0.61588103 -0.100401 0.52047598 4294967040
0.425818 0.116774 0.64858198 4284111524
0.60424203 -0.130253 0.52058899 4294967040
-0.0083718896 -0.0141013 0.69017798 4278190334
0.206736 0.080517501 0.68347299 4279111408
-0.12676799 0.112318 0.675776 4278387707
0.44283101 -0.164728 0.62476802 4286151045
-0.0173559 0.065722398 0.685619 4278190334
0.064850301 -0.223434 0.63161498 4278256125
0.37450701 0.114954 0.66456503 4281414093
0.26799199 -0.36968899 0.49675599 4280164064
0.37414399 0.16983201 0.646393 4281611466
-0.0688871 -0.082460202 0.68279701 4278585080
0.40832901 -0.104122 0.65824002 4282466749
0.38115799 -0.092965402 0.66892701 4282861495
-0.018479601 -0.031499799 0.68969399 4278190334
0.637366 -0.052423701 0.50637501 4294967040
0.208235 0.22200499 0.63206899 4279177199
0.38902 -0.32198501 0.53385103 4286545791
0.077372298 0.0051551298 0.69017798 4278453498
0.0158056 -0.37062201 0.49637699 4278256125
0.449406 -0.0572519 0.652529 4284308897
0.41488099 0.023129299 0.66864699 4281940421
0.50449997 0.041622099 0.62649798 4287072119
0.30985299 -0.152196 0.66269702 4280361437
-0.31013599 -0.149185 0.66355699 4281677257
0.331929 0.286304 0.58357799 4284506270
0.26713401 -0.119068 0.67398399 4279308781
0.53232801 -0.021227 0.61137098 4293190682
-0.095348701 -0.048475299 0.68810803 4278387707
0.107139 -0.112112 0.67617702 4278321916
0.428413 0.0024266799 0.664509 4284703643
-0.29084599 0.15274701 0.66365498 4280953556
0.34583899 -0.249511 0.60889399 4282203585
0.37005499 -0.313133 0.550385 4285690508
0.251183 -0.33231601 0.54335397 4281216720
0.274912 0.128381 0.671803 4279242990
0.314293 -0.38481101 0.47106001 4281348302
-0.064495802 0.100184 0.678922 4278321916
0.31391701 0.278256 0.59257901 4282729913
0.0676727 -0.42517501 0.388399 4278321916
-0.22974899 -0.32426599 0.55201399 4279506154
0.52480102 0.043705098 0.61412102 4291611698
0.38319501 -0.150998 0.65062499 4282861495
0.248805 0.218936 0.63312203 4280756183
-0.14076 -0.0506218 0.68749797 4278585080
-0.18662199 0.0424731 0.68813097 4279374572
0.456155 0.119789 0.63633901 4284374688
0.55738598 0.27618599 0.45866799 4294374920
-0.035557799 -0.057494499 0.686665 4278321916
-0.0085965497 0.13722301 0.66942799 4278190334
0.40516901 -0.084850997 0.66315001 4282795704
0.39014599 -0.19666301 0.62878001 4283256241
-0.14585701 -0.0611622 0.68610197 4278650871
0.062043801 -0.061716501 0.68595099 4278321916
0.016642701 0.193509 0.64681703 4278190334
-0.0022223101 0.31046101 0.56621301 4278190334
-0.088400699 -0.29546601 0.579494 4278519289
0.32887599 0.25542599 0.607862 4283979942
0.032832 -0.106398 0.67798501 4278256125
-0.019972799 0.032728001 0.68917102 4278190334
-0.166688 -0.30845499 0.56819302 4279440363
0.43393499 0.0281602 0.66118997 4284966807
0.161441 -0.167041 0.65846097 4279177199
0.37783 -0.15770499 0.65034801 4283650987
0.00213028 0.114126 0.67592299 4278190334
0.34381399 -0.30132899 0.567532 4282532540
0.405139 0.034566201 0.670367 4283387823
-0.116223 0.19441301 0.64643198 4279111408
-0.126294 0.228771 0.62759399 4279374572
-0.132769 -0.225705 0.62937301 4279506154
0.53718001 0.099957302 0.59419602 4293782801
0.281486 0.38351101 0.47575599 4280558810
-0.173006 -0.136355 0.66944999 4279374572
0.150324 -0.00033695699 0.69024098 4278650871
0.38899401 0.25112301 0.59667897 4285295762
0.58045501 0.02526 0.57195002 4294967040
0.16183101 0.179166 0.65285403 4278519289
-0.15379 -0.0617112 0.68589097 4278782453
0.103785 0.016173599 0.68987 4278321916
-0.234826 -0.0213184 0.69034201 4279835109
0.360302 0.220925 0.62351501 4282729913
0.48619801 0.051998299 0.63545603 4285164180
0.14179599 -0.123765 0.67366302 4278453498
0.488583 0.164279 0.60203999 4288848476
0.62282401 0.035735302 0.52690899 4294967040
-0.282599 -0.120661 0.67407298 4282137794
0.123246 0.080898397 0.68289798 4278453498
0.26068699 -0.35684201 0.51494998 4280953556
0.38528901 0.198752 0.62977397 4284506270
0.233246 0.0054085799 0.690099 4278782453
-0.38613099 0.133348 0.65676498 4283782569
0.137069 0.313434 0.56332201 4278585080
0.41038701 -0.31573501 0.53290302 4285822090
0.27717599 -0.155154 0.66297698 4279703527
-0.029492499 0.088090003 0.68226802 4278190334
0.11414 -0.106914 0.67785102 4278453498
0.39131099 -0.086633697 0.66768497 4284440479
0.19840799 -0.078795202 0.683227 4278650871
0.0068154698 -0.36323899 0.50565302 4278190334
-0.401252 0.196854 0.62543303 4283979942
0.46660799 -0.127152 0.62800699 4288980058
-0.34511301 0.0907344 0.67614001 4283914151
0.503663 0.374044 0.34950301 4286940537
0.209773 0.27706701 0.59521902 4280295646
0.067735597 -0.0086578904 0.69005102 4278190334
0.28710899 -0.246006 0.61764097 4280558810
0.19112299 0.24500801 0.61785299 4279177199
0.231152 -0.040350601 0.68900001 4278585080
0.65790701 -0.127459 0.44506401 4294967040
0.275334 -0.31747901 0.56010699 4280756183
0.56692898 -0.0231017 0.58376598 4293782801
-0.027776901 -0.061220501 0.68633097 4278190334
0.0684615 0.154333 0.66295999 4278519289
-0.17238501 0.0177799 0.69053501 4279703527
-0.094157003 -0.038046401 0.68916899 4278256125
0.127143 0.184569 0.65066302 4278387707
0.19413701 -0.27168599 0.59948802 4279242990
0.37789899 -0.240668 0.606915 4283716778
-0.038702101 0.255366 0.61141199 4278190334
-0.37842101 -0.166844 0.646442 4283190450
0.177498 -0.34480199 0.52996802 4279703527
0.0116785 -0.058745399 0.68658501 4278190334
0.185175 0.20026 0.64296299 4278914035
-0.27881399 0.056439899 0.68673199 4280887765
0.29297701 0.13686199 0.66895503 4280229855
0.084987096 -0.024072601 0.69007099 4278321916
-0.257916 0.0996387 0.67973 4280624601
-0.0070692301 -0.24617 0.61730802 4278190334
0.59418201 -0.00998649 0.56025702 4294967040
0.32254401 -0.178592 0.65150499 4280493019
0.52957302 -0.30448401 0.456274 4292269608
-0.0036917301 0.049422499 0.68808198 4278190334
0.566845 -0.035810601 0.58367503 4294967040
0.260984 0.31805199 0.55844897 4281611466
-0.0147058 -0.352952 0.51973599 4278190334
0.45003 -0.13936999 0.63247102 4285624717
-0.19402701 -0.070543401 0.68520701 4279242990
0.35924199 -0.118099 0.66678202 4282400958
0.452153 0.050500698 0.65198803 4283387823
-0.17727999 0.31117299 0.56559998 4279769318
0.222913 0.047963101 0.687612 4278585080
0.53437299 -0.086813398 0.59913898 4291940653
0.31263199 0.0109826 0.68864799 4279835109
0.52322501 -0.16855501 0.578125 4291216952
0.039220002 0.068023503 0.68514901 4278321916
0.45181999 0.0033669199 0.65546298 4284966807
-0.0244336 -0.065846004 0.68575197 4278190334
0.22922499 -0.113326 0.675686 4278848244
-0.071642198 -0.110234 0.67654598 4278256125
0.27852899 -0.165416 0.65858501 4281019347
0.36696899 0.21224 0.62672102 4281940421
-0.080677003 0.143401 0.667409 4278716662
0.38195699 -0.11038 0.66395098 4282137794
0.16746899 0.26131701 0.60659802 4278914035
0.044513199 0.30839801 0.56887698 4278190334
0.38828099 0.066063501 0.67142302 4282598331
0.40892801 0.113866 0.65526402 4282072003
0.0079214098 0.0050908602 0.69036502 4278190334
0.0483886 -0.189679 0.64878201 4278190334
0.140572 0.179049 0.652987 4278650871
0.31455201 -0.150985 0.66267103 4280032482
0.120496 -0.39416999 0.45790401 4278519289
0.44220799 0.0347647 0.65764302 4283387823
0.46787599 -0.33088899 0.47821 4288914267
0.0101697 0.031950399 0.68906099 4278190334
-0.066444598 -0.137628 0.66859001 4278190334
0.50585097 0.067097999 0.62255502 4289111640
-0.167597 -0.00033533899 0.69060397 4279308781
0.374257 -0.077467099 0.67306101 4280756183
0.34701499 0.174696 0.64941198 4283650987
-0.030918799 -0.39788699 0.45143801 4278256125
0.36917901 0.28709701 0.57512498 4285164180
-0.28999799 -0.130943 0.67078298 4280821974
0.052254599 0.389835 0.46547201 4278321916
0.231512 0.169631 0.65727502 4279111408
-0.21291199 0.197052 0.645055 4279900900
0.162101 -0.091313101 0.68106502 4279045617
0.44494399 0.25358799 0.57238698 4289506386
0.52759397 0.25568399 0.51344597 4292664354
0.111839 -0.00380035 0.68999201 4278321916
0.48560101 -0.159621 0.60661203 4287401074
0.100357 -0.0303545 0.68904001 4278256125
0.35126501 0.0381639 0.682796 4281216720
0.054064602 -0.056862 0.68685699 4278190334
0.35789299 0.400976 0.42920101 4284177315
0.298033 -0.0544619 0.68715799 4278848244
0.37464401 0.022491001 0.67894298 4281677257
-0.228494 0.047467198 0.68840998 4279900900
-0.0347519 -0.0029565201 0.69023198 4278190334
-0.0319685 0.117961 0.675035 4278256125
0.47053301 0.17975 0.60499501 4288519521
-0.32167599 0.179215 0.65060401 4282795704
-0.0411468 -0.264846 0.60416102 4278519289
-0.18131401 -0.144427 0.66686898 4280032482
0.33364099 -0.19465899 0.641819 4280953556
-0.214812 0.068811901 0.68504 4279440363
0.27255899 -0.148669 0.66525298 4280558810
0.55856103 0.0783583 0.58294803 4294967040
-0.261186 -0.17772201 0.653395 4281545675
0.062373899 -0.15186401 0.66414899 4278387707
0.41975901 0.122512 0.64994103 4283453614
-0.0723373 -0.33473301 0.54187202 4278190334
0.34587401 0.25732499 0.603441 4284572061
0.038943902 -0.099543802 0.67885602 4278387707
-0.167909 0.075909898 0.684228 4279506154
0.025819501 0.0388356 0.68880397 4278256125
0.327865 0.236993 0.61984903 4281150929
0.53439802 -0.12827399 0.58676201 4292532772
0.453931 0.25029501 0.57082498 4286216836
0.0226446 -0.0102385 0.69051701 4278256125
0.45077699 0.202378 0.603136 4287006328
0.44818699 -0.152557 0.628093 4286019463
0.336696 0.019743901 0.68598002 4280164064
0.557401 -0.029555701 0.591429 4291216952
-0.0416454 -0.078031801 0.683698 4278453498
0.38885799 0.23470099 0.60847998 4284637852
0.219853 0.170764 0.65656602 4279966691
0.536291 -0.123266 0.58797801 4292861727
0.42888299 -0.061504502 0.65967399 4284374688
-0.055499598 0.27602601 0.59631699 4278190334
0.230749 -0.14186101 0.66762698 4279440363
0.20132799 -0.00786715 0.69002402 4278585080
0.56550598 0.245932 0.48348799 4293190682
0.463557 -0.053417198 0.646972 4284966807
-0.123405 0.078636698 0.68403399 4278519289
0.310608 0.115944 0.67450702 4279637736
0.39133799 -0.037523899 0.674456 4283585196
-0.079073697 -0.13166299 0.67035198 4278321916
-0.0016583099 0.033336401 0.68893701 4278190334
-0.017968601 -0.108676 0.677131 4278190334
0.0323264 -0.27752799 0.594257 4278190334
0.40380099 -0.149178 0.64560801 4282466749
0.150463 0.073625498 0.68404001 4278519289
0.040797502 0.040200699 0.68848997 4278190334
0.40577301 -0.107069 0.65842801 4283979942
0.081014499 0.096023597 0.68033397 4278256125
0.283797 0.328765 0.54804701 4282137794
0.28819799 0.226291 0.62930501 4281479884
0.54054701 -0.085341699 0.59502202 4290164296
0.192284 0.14265101 0.66762799 4279571945
-0.033885501 0.237378 0.62302601 4278321916
-0.150782 -0.091437899 0.68065101 4279374572
0.149933 0.25730699 0.60994297 4278585080
0.32479599 -0.078187801 0.68148899 4280229855
0.15872499 -0.338909 0.53640097 4279045617
0.0422948 -0.147466 0.66519302 4278256125
0.38089001 0.41053501 0.393774 4283782569
-0.290694 -0.240032 0.62076998 4280756183
0.0176393 -0.127746 0.67165798 4278190334
0.506603 0.14072099 0.60162699 4291085370
-0.094137497 0.0109781 0.69086498 4278190334
0.094331697 0.19144399 0.64794302 4278519289
-0.17493799 0.198257 0.64456898 4280098273
0.38437101 -0.353755 0.49664101 4283914151
0.16855399 -0.20162299 0.64285898 4279440363
0.40507799 -0.114053 0.65717798 4281677257
0.17847 0.119157 0.67432803 4279374572
0.285532 0.146957 0.66604799 4280229855
0.26104799 -0.168661 0.65785402 4280032482
-0.13539 0.204833 0.64098501 4279111408
-0.376771 -0.240982 0.60699099 4282927286
-0.116335 -0.13216799 0.67056501 4279111408
0.28409201 -0.40463701 0.43805999 4281743048
-0.23527201 -0.042550001 0.68838799 4281150929
-0.123553 -0.119606 0.67424101 4278585080
0.50498003 0.069944702 0.62295401 4290493251
0.25477299 0.034685001 0.68928301 4278716662
-0.115984 0.040680699 0.68847299 4278387707
0.58797598 -0.0058925399 0.56633502 4294967040
0.60838503 0.169487 0.49432799 4294967040
0.31659201 0.26094499 0.60463202 4282335167
-0.137032 -0.0237848 0.69032699 4278716662
0.606969 0.18163 0.48745 4294967040
0.55435902 0.27502701 0.464248 4293453846
0.088987403 0.0889135 0.68128002 4278453498
0.215516 -0.156978 0.66205102 4279637736
0.168102 0.158141 0.66203201 4278716662
-0.30967599 -0.14882299 0.66415101 4281282511
0.447936 -0.0076527498 0.65651298 4285229971
0.20234799 0.21533 0.63553703 4279308781
-0.17749301 0.0850183 0.68233299 4279308781
0.45162401 -0.172591 0.61829901 4286743164
0.20145901 0.104345 0.67826003 4278914035
0.45379701 -0.087641299 0.64536399 4284374688
0.035263799 0.085233599 0.68240798 4278190334
0.50536001 0.0085565904 0.62838101 4292006444
-0.018443501 -0.12891801 0.67208898 4278190334
-0.29449099 -0.0272946 0.68946201 4280821974
0.24431799 -0.34507799 0.52928501 4281611466
0.040948998 -0.34371999 0.53086299 4278321916
0.019362999 -0.32924899 0.54730701 4278190334
0.524867 -0.158868 0.58161002 4292730145
0.35240799 0.14846399 0.65877801 4281743048
0.34680799 -0.117717 0.669249 4282072003
0.30062199 0.15981799 0.66048199 4280558810
0.30421099 -0.23366 0.62385899 4280953556
0.342374 -0.164093 0.65450901 4280558810
0.40277699 -0.24694 0.59522003 4286677373
0.187612 0.095553897 0.68018401 4278848244
-0.218511 0.264202 0.60475802 4280493019
0.55866998 0.23548 0.50182903 4293651219
0.33164001 -0.125837 0.669249 4280361437
0.235906 0.015837699 0.69016898 4278585080
0.29918599 -0.048057899 0.68772697 4279506154
-0.150244 0.080072299 0.68304402 4278716662
0.26954401 0.135988 0.66962999 4280295646
-0.16199601 -0.0091565503 0.69019502 4278716662
0.56276399 -0.0035612499 0.58844602 4294967040
0.46608499 0.0208993 0.648426 4287269492
-0.21013699 -0.30957499 0.56729698 4279308781
0.0042980099 0.066067502 0.68588698 4278190334
0.42740101 0.116814 0.64869201 4285295762
0.17128301 0.228499 0.62830698 4279242990
0.44099599 -0.0410107 0.65736002 4283322032
0.41372001 0.243405 0.59396201 4284177315
0.297782 0.220386 0.63261098 4280690392
0.074769102 -0.31877899 0.557621 4278321916
-0.085846402 -0.22619601 0.62974799 4278256125
0.042996 -0.104257 0.67805898 4278190334
0.176559 -0.18814801 0.64899701 4279506154
0.65523601 0.144372 0.436995 4294967040
0.52698398 0.0268849 0.61415702 4293519637
0.449117 0.12915701 0.63637602 4288453730
0.0779038 -0.0137605 0.68986398 4278321916
0.482739 -0.074404798 0.63398099 4285229971
-0.041160502 0.086717099 0.68166798 4278321916
0.0123063 0.0106478 0.69056398 4278190334
0.290609 -0.0121481 0.69012898 4279703527
0.167164 -0.0031137399 0.69057399 4278650871
-0.033038702 0.0100465 0.690413 4278321916
-0.027890701 0.20590501 0.640145 4278190334
0.57244802 -0.28420499 0.42793101 4294440711
0.17306501 -0.31215999 0.565171 4279637736
0.21579801 -0.158233 0.66183698 4279440363
-0.078187697 -0.135023 0.66969699 4278190334
-0.0253629 0.194214 0.64694703 4278190334
0.497704 -0.0060841702 0.63263601 4287203701
0.29834601 -0.26204699 0.60535198 4281019347
0.061453499 -0.324397 0.55199897 4278256125
0.360912 -0.19745199 0.636491 4282532540
0.0192995 0.12675899 0.67240399 4278190334
0.57059002 0.288331 0.42420799 4291414325
0.35779801 0.0134203 0.68289298 4279242990
-0.095961303 0.045979101 0.68779498 4278321916
-0.0090128202 0.093673497 0.68097299 4278190334
0.29427701 -0.188696 0.64869201 4280295646
0.111496 -0.081739098 0.68318897 4278256125
0.38366899 0.24218699 0.60427898 4285953672
0.43876001 0.315339 0.51779199 4289374804
0.45628899 0.104336 0.640576 4285953672
0.44559601 -0.0071284198 0.65817499 4283782569
0.0287959 0.21841399 0.63390499 4278256125
0.0297834 0.152023 0.66406697 4278256125
0.51624697 0.0434005 0.61938697 4287927402
0.0268832 0.082888797 0.68308997 4278190334
-0.407269 0.094067998 0.66139799 4284901016
0.0310518 -0.093141198 0.68108499 4278190334
0.47689199 0.0019910501 0.64430702 4284966807
0.16656201 0.212593 0.63669002 4279045617
0.35883 0.181731 0.64425302 4283190450
0.15199301 0.096330501 0.68013 4278650871
0.49414399 0.34602901 0.429611 4287993193
-0.041101299 0.177946 0.653543 4278453498
0.110213 0.039838001 0.68840998 4278321916
-0.28179401 0.13341101 0.67005497 4280558810
0.13168401 0.158885 0.66159999 4278453498
-0.24918599 0.20694099 0.639543 4280756183
0.074824102 -0.22728001 0.629188 4278387707
0.0813995 0.25208899 0.61281502 4278387707
0.39834499 0.29051599 0.56226301 4284308897
0.57473898 -0.023243301 0.57734001 4294967040
0.102456 0.168946 0.65754801 4278782453
-0.074646696 -0.054298401 0.68684798 4278519289
0.28953901 -0.36519101 0.50320399 4281479884
0.164987 0.097485699 0.67980701 4278453498
0.34072101 0.31788 0.55248898 4282993077
0.104867 0.231475 0.626342 4278256125
-0.22773001 0.196766 0.64548099 4279703527
0.33387399 0.247788 0.61128998 4283716778
0.43641999 0.0148333 0.66157198 4284835225
0.161662 -0.165043 0.659325 4278585080
0.23117401 0.095581003 0.68041801 4278716662
0.023934601 0.179601 0.65349698 4278321916
0.057794001 0.071119197 0.68488199 4278256125
-0.19451299 0.099067204 0.67997003 4279111408
0.13252801 0.0805493 0.68320501 4278716662
0.37876901 0.20181701 0.63008499 4283979942
0.036296502 0.30445099 0.57121199 4278321916
0.054782402 -0.140628 0.66767699 4278387707
0.25351399 -0.0132359 0.69 4279177199
0.103802 -0.27381501 0.59780502 4278848244
0.38554099 0.33115199 0.52618802 4284835225
-0.041686699 -0.25873399 0.60873002 4278190334
0.38876599 -0.14133599 0.65325099 4283716778
0.0026853699 0.055168498 0.68703198 4278190334
-0.36966601 0.0021268199 0.68118298 4283256241
-0.026734101 -0.26648 0.603468 4278387707
0.31857499 0.068764098 0.68290699 4280427228
0.39555401 -0.053568501 0.67191797 4281545675
0.16290499 -0.115718 0.67534399 4278782453
0.188867 -0.37226799 0.49245301 4278914035
0.22680201 -0.101728 0.67834198 4278782453
0.37668201 -0.113951 0.66440701 4281479884
0.55208701 -0.14559101 0.56631899 4291809071
0.48899701 -0.20555601 0.58032 4292466981
0.0012147099 -0.19815999 0.64444101 4278190334
0.34184399 0.37077701 0.48795399 4283190450
0.018491801 -0.30039001 0.57489401 4278256125
0.198364 -0.037192699 0.68939102 4278650871
0.241671 -0.073558398 0.68466401 4279111408
0.081524901 0.053183202 0.687141 4278256125
0.342729 0.087104604 0.677127 4281216720
-0.096913897 -0.28784001 0.586878 4278585080
-0.118022 0.042901199 0.68865299 4279308781
0.35626 0.35121199 0.510369 4285229971
0.40308601 0.21096399 0.61725599 4283650987
-0.050960898 0.0122224 0.69075799 4278190334
0.357636 -0.124595 0.66577703 4282664122
0.64038301 -0.092162102 0.48989001 4294967040
-0.38319999 -0.182702 0.63741601 4283914151
0.60759097 -0.0045916499 0.54706699 4294967040
-0.00666122 -0.056611601 0.68730801 4278190334
0.33902001 -0.061560702 0.68215698 4279769318
-0.0826931 0.139531 0.66811502 4278321916
0.0146042 -0.033348199 0.68947202 4278190334
0.432477 -0.061190698 0.65887302 4285756299
-0.28929001 -0.103419 0.678662 4280953556
0.28961101 -0.189108 0.64898998 4280558810
0.0215776 0.083904199 0.68267202 4278190334
0.246453 0.27247301 0.598068 4279900900
0.102438 -0.131249 0.67066002 4278453498
-0.255256 0.14381699 0.66653001 4281940421
-0.080137603 -0.078463502 0.68393499 4278321916
0.57088202 0.120382 0.55939698 4292861727
0.27603301 0.205249 0.64133602 4281150929
0.166731 0.0647562 0.68600303 4278519289
0.0128657 -0.2219 0.63239002 4278190334
0.495083 -0.0344912 0.63315803 4286480000
0.34777001 0.209227 0.63285899 4283190450
-0.028129101 0.17110901 0.65676701 4278190334
0.401086 -0.25768799 0.58797598 4284835225
0.42077199 0.19705699 0.61904299 4284243106
-0.163306 0.0300985 0.68927902 4278848244
0.41557199 0.081646003 0.66109103 4283782569
0.594814 0.0028998801 0.55908501 4294967040
-0.049981002 -0.34191 0.53252 4278190334
0.158062 0.099689402 0.67937899 4278519289
0.32865801 0.11764 0.67148101 4281150929
-0.33535501 0.14916199 0.66097498 4282137794
0.057399001 0.0965022 0.67952597 4278256125
0.384572 0.101032 0.66545099 4281677257
-0.27866799 0.161724 0.66007799 4280624601
0.53205597 0.26944101 0.496218 4292861727
-0.42961499 -0.134333 0.64192897 4284440479
0.018133501 0.020757301 0.68956798 4278190334
-0.282866 0.073891103 0.68393898 4281085138
0.40155599 0.19290701 0.627666 4283650987
0.345947 0.381964 0.46810499 4283979942
-0.091999099 -0.3436 0.531398 4278387707
0.28058299 0.136425 0.66893601 4280098273
-0.20805401 -0.262647 0.60644299 4280624601
0.223869 0.070902899 0.68455702 4278848244
0.128755 -0.17103 0.65665901 4278519289
0.00729809 -0.073127702 0.68414599 4278190334
0.44937 -0.099543698 0.64435202 4284769434
0.62967598 -0.18945201 0.44808599 4294967040
0.288259 0.177496 0.65376103 4279769318
0.39574301 -0.162255 0.643727 4283914151
-0.365329 -0.166922 0.64946198 4283979942
0.59129798 -0.161687 0.51932299 4294506502
0.57135999 0.245777 0.47604701 4293585428
0.15770601 0.32451999 0.55227 4279440363
0.58725297 -0.133717 0.53898001 4294835457
0.64339602 0.063318104 0.494073 4294967040
0.197089 0.205837 0.64086097 4278979826
0.0301199 -0.092216097 0.68099201 4278321916
0.40587199 -0.19875599 0.623393 4286414209
0.22524101 -0.16132499 0.661026 4279111408
0.399214 -0.109422 0.66021901 4283058868
0.091712698 -0.071517996 0.68499202 4278453498
0.344886 0.081345499 0.67827201 4280229855
0.417072 0.085069098 0.659419 4283848360
0.048957001 0.068677701 0.68504 4278256125
0.065580398 0.071832001 0.68477398 4278256125
-0.013427 -0.312832 0.56358802 4278190334
0.14360601 0.100947 0.67882597 4278519289
0.51773798 -0.0423049 0.61920899 4288980058
0.56025398 0.30882299 0.40577701 4292532772
-0.0312079 0.207763 0.64005399 4278321916
-0.13749699 0.00733141 0.69044399 4278914035
-0.087008402 -0.40443599 0.43705001 4278321916
-0.110409 0.222316 0.63120902 4278321916
0.054166399 0.26336399 0.60542798 4278321916
0.46985301 0.22753499 0.57802701 4287861611
0.45384499 -0.121972 0.63569301 4284966807
0.34664199 0.26227 0.59918499 4283914151
0.330369 0.023701901 0.686306 4279308781
-0.42357299 -0.107533 0.65188003 4284308897
0.29329899 -0.211073 0.63756502 4280493019
0.057854399 0.0667108 0.68554097 4278256125
0.15477601 0.118216 0.67472702 4278453498
0.225447 -0.0099526998 0.69021201 4278585080
0.325156 -0.20120201 0.64008099 4280887765
0.52497202 0.041277301 0.61369401 4290032714
-0.17290699 0.0105634 0.69082999 4278979826
-0.356947 -0.31305 0.55447 4281940421
-0.00185092 -0.150997 0.66451001 4278190334
0.25421399 0.18732101 0.64917201 4279703527
0.060826302 0.066101499 0.68529397 4278190334
0.155213 0.042543199 0.68862998 4278716662
0.19230799 0.040874802 0.68819797 4278519289
0.25174901 -0.0081560602 0.69059497 4279374572
0.21758901 0.33500201 0.54168099 4279769318
0.39450699 -0.18308599 0.63487703 4283256241
0.32295299 0.273357 0.59449798 4283650987
0.15004399 -0.354341 0.51797003 4278979826
-0.0307304 -0.0074082701 0.69085503 4278256125
0.32346699 -0.175191 0.652906 4280558810
0.340047 0.038369998 0.68431997 4279900900
0.42105201 -0.050406002 0.66433799 4285229971
0.039568201 0.195979 0.64604503 4278190334
-0.025872899 0.39711601 0.45233399 4278190334
-0.209499 0.036653899 0.68927801 4280032482
0.248455 -0.30873901 0.56823701 4281282511
-0.26007801 -0.27096599 0.59993201 4280624601
0.69443798 0.120536 0.35958701 4294967040
0.49021399 0.055720001 0.63307703 4286874746
0.165396 -0.227851 0.62818801 4278848244
-0.058956798 0.068594404 0.68510801 4278190334
0.228738 0.000915059 0.69007498 4278519289
0.145943 -0.244023 0.61906201 4279177199
0.17265899 -0.179747 0.65294802 4279045617
-0.28260601 -0.350568 0.522991 4279835109
0.39471799 -0.122313 0.65736902 4282269376
-0.067186199 0.25724801 0.60950899 4278190334
0.50448698 -0.241944 0.544043 4292598563
0.0593693 -0.271469 0.599289 4278453498
0.40904599 0.085217603 0.66181999 4284440479
-0.393731 -0.104467 0.66268402 4283585196
0.24206799 0.186848 0.650352 4280164064
0.23004299 0.35080901 0.522403 4281479884
-0.165445 0.025303001 0.68947202 4278782453
-0.42853099 0.134794 0.64208502 4284243106
0.42380399 -0.13291299 0.64491302 4283979942
0.420398 0.040558901 0.66550702 4282203585
0.081362598 -0.000859336 0.69032502 4278190334
0.529185 0.098714903 0.59997302 4290032714
0.38247401 0.136419 0.65626103 4284243106
0.43774301 0.081068203 0.65316802 4284177315
0.27968001 0.30081901 0.57555801 4281348302
-0.31658101 0.032093801 0.68789899 4281808839
0.39953899 0.13521001 0.652381 4285756299
0.019268099 0.19260301 0.64697897 4278190334
0.30424801 0.0315671 0.68902397 4279835109
0.193772 -0.144702 0.666807 4278848244
0.094197497 0.105963 0.67806 4278321916
0.48357999 0.17475501 0.60016102 4288782685
0.025675399 -0.200507 0.64319199 4278190334
0.019775201 -0.065060899 0.68620598 4278256125
0.165334 -0.069872998 0.68511701 4278585080
0.0678128 -0.194139 0.64621502 4278190334
0.083232701 -0.35720301 0.51379699 4278256125
0.0128716 -0.084011301 0.68221802 4278256125
0.355589 0.041363601 0.68221301 4279571945
0.0226532 0.30542201 0.57096899 4278190334
0.53213203 -0.123671 0.59071398 4292138026
0.093626499 0.33773601 0.538459 4278321916
0.00741889 -0.0503029 0.68780702 4278190334
0.208858 -0.140357 0.66798902 4278848244
0.40928301 -0.131225 0.65033501 4285164180
0.122034 0.071396001 0.68450302 4278585080
-0.32207999 -0.216135 0.63295001 4281479884
0.25239199 0.0295732 0.68966401 4279308781
0.39469999 0.0063175298 0.67470598 4284045733
-0.138244 0.041087199 0.689116 4278914035
0.42613 0.130062 0.64537901 4284045733
0.041841999 0.0563538 0.68678403 4278256125
0.62998801 -0.082097702 0.50736898 4294967040
0.57079899 0.112453 0.562379 4293124891
0.190457 0.116937 0.67503399 4278782453
0.36828801 -0.086036302 0.67311901 4282664122
0.385941 -0.301099 0.55695403 4285493135
0.356186 -0.162297 0.65249997 4281414093
0.49757901 0.0213817 0.632083 4287203701
0.16112 0.092065603 0.68129301 4278585080
0.110822 -0.095340997 0.68055898 4278519289
0.46955699 0.0026501899 0.64762402 4284637852
0.39049399 0.194353 0.63036603 4282729913
0.13473301 0.087129697 0.681566 4278914035
-0.29976901 -0.0287992 0.68948001 4281677257
0.094207197 0.023013899 0.69022799 4278256125
0.0149023 -0.22390801 0.63083303 4278256125
-0.37764999 -0.093148001 0.668962 4284045733
0.42393801 0.080852501 0.65811801 4283453614
0.57540202 0.175442 0.52925003 4293717010
0.37259099 0.235328 0.61167598 4283124659
0.313972 0.215038 0.633825 4282072003
-0.25071901 0.25029001 0.61422002 4280295646
-0.116527 0.0304108 0.68934399 4278650871
0.49116099 0.0086732302 0.63632202 4289572177
0.0084550297 -0.0403658 0.689188 4278190334
0.33721599 0.24220601 0.61472201 4281545675
0.40887201 -0.32915601 0.51823401 4287335283
0.50380898 0.151814 0.59879601 4290822206
0.52399802 0.0073196599 0.61702198 4289637968
0.14073899 -0.0073950998 0.690081 4278453498
0.41275999 -0.086427502 0.66069102 4281874630
-0.084741697 0.183553 0.65109402 4278848244
0.47859001 0.118271 0.625359 4286348418
0.68774498 0.096155897 0.398974 4294967040
0.34458399 0.113862 0.67077899 4282466749
0.33546501 -0.116163 0.67174602 4282203585
0.015679101 0.11054 0.67627698 4278190334
0.187181 0.129621 0.67141199 4279571945
0.34569201 -0.189208 0.64303899 4282335167
0.056808598 0.069288902 0.68532002 4278190334
0.38772601 0.094224498 0.66696602 4281743048
0.26990399 0.195665 0.64597201 4280427228
-0.037971701 -0.132037 0.67055202 4278190334
0.38611001 0.095023401 0.66683298 4280690392
0.25374001 -0.184108 0.65106899 4280361437
-0.033974901 0.0303073 0.68977499 4278190334
0.164065 -0.056095202 0.68741798 4278585080
0.371371 0.172622 0.64493501 4281743048
0.210586 0.187802 0.64952898 4278979826
0.374302 0.18133099 0.64122099 4282072003
0.33612099 -0.040266301 0.68464202 4280624601
0.058207098 -0.18553101 0.65067601 4278453498
-0.155316 0.053072099 0.68721098 4278848244
0.059553299 0.266388 0.60363501 4278190334
0.4382 -0.18001699 0.62001401 4284506270
-0.0632523 0.0825333 0.68244702 4278256125
-0.063158303 -0.156987 0.66246903 4278387707
0.4804 -0.239714 0.56301099 4288914267
0.61504 -0.118752 0.51269698 4294967040
-0.26181099 -0.20352501 0.64155 4280558810
-0.223061 0.0218665 0.68972403 4279835109
0.597947 -0.020984899 0.55597699 4294967040
0.151334 0.40829599 0.428756 4278519289
0.304434 -0.29508299 0.57960302 4281348302
0.54692101 0.204421 0.53812498 4292072235
-0.072818696 -0.137263 0.66914302 4278190334
0.14110699 -0.103902 0.67884099 4278453498
0.068892099 0.045506299 0.68784302 4278321916
0.062111799 -0.088121802 0.68154901 4278190334
0.54633802 0.081745699 0.59184301 4292072235
0.46061501 0.00075700099 0.65187198 4283387823
0.38802701 0.148305 0.65105802 4283058868
-0.25727701 -0.0253451 0.69028097 4280756183
0.48440501 -0.0056769401 0.63990098 4286808955
0.45104 0.093919702 0.64487302 4287861611
0.50145102 -0.061394699 0.62552702 4291085370
0.45192501 -0.27427399 0.55215901 4287335283
-0.236617 0.25030601 0.61400199 4280756183
0.35428399 -0.16992299 0.649836 4281479884
0.31285 0.032809298 0.68743002 4280361437
0.0772781 0.0371546 0.68918502 4278321916
0.171538 0.0140046 0.68985599 4278453498
0.074800096 0.32264501 0.55418998 4278256125
0.391655 -0.089732699 0.66609299 4283124659
0.461932 -0.174265 0.61172098 4285887881
-0.078444697 -0.230674 0.62634301 4278650871
0.072345302 0.016987201 0.68982601 4278321916
0.418448 0.31597099 0.52786702 4286348418
0.48627999 -0.280137 0.52432698 4291085370
0.55805498 -0.23023801 0.50693899 4292861727
0.197036 -0.31440401 0.56301099 4279637736
-0.13389499 -0.016956501 0.69056398 4279374572
0.55220199 0.104443 0.581155 4294967040
0.48832801 0.19846 0.58508497 4288980058
-0.39559999 0.0272738 0.673931 4285361553
0.248584 0.176955 0.654351 4280295646
0.51575398 -0.239813 0.53767997 4293322264
-0.065352201 0.090778798 0.68108797 4278321916
0.28380001 0.262586 0.606471 4282072003
-0.37221199 -0.106055 0.66788799 4283453614
0.44627401 -0.275399 0.554407 4287730029
-0.221517 -0.043636501 0.68807602 4279900900
-0.36605901 -0.147062 0.656995 4283190450
0.46755001 0.124084 0.62864602 4288124775
0.175069 0.094970301 0.68081301 4278914035
0.089032099 0.059477501 0.68620503 4278190334
0.504601 -0.16147 0.593454 4288190566
0.650442 -0.0538918 0.48620999 4294967040
0.117238 0.0424404 0.68800998 4278387707
-0.17441601 0.283858 0.58944798 4278914035
-0.00183165 0.072462797 0.68425202 4278256125
0.26029 -0.171516 0.65606803 4280558810
0.47287801 0.178534 0.60459399 4288058984
0.328356 -0.124814 0.66969198 4280821974
0.33212301 -0.038031202 0.68508601 4279966691
0.71108401 0.0190467 0.35902101 4294967040
0.414985 -0.038563199 0.66767699 4282006212
0.143356 0.111891 0.67679697 4278914035
0.555668 0.0910035 0.58302498 4292466981
0.25687799 0.0339268 0.689116 4279045617
0.065826103 0.0826988 0.68245202 4278321916
0.379296 0.19966701 0.63081002 4283848360
0.363083 -0.25474399 0.60156 4284111524
-0.0984613 0.0601601 0.68612897 4278848244
0.553249 0.0055372901 0.59617698 4293453846
0.57159197 0.158179 0.541991 4294638084
0.328275 0.33833301 0.53282398 4282269376
0.361352 -0.242194 0.610618 4283716778
-0.30172801 0.25650501 0.60986203 4281545675
0.100044 -0.100342 0.679093 4278256125
0.25110501 -0.301135 0.57467002 4280427228
0.072349899 -0.099084303 0.67940801 4278190334
0.143673 0.064000599 0.68608999 4278387707
0.20311099 0.0799715 0.68348801 4278848244
-0.12791701 0.144091 0.66689599 4278914035
0.40790701 0.065208003 0.66619402 4281743048
0.23044699 0.198254 0.64408702 4279571945
0.46205899 0.049353 0.64769298 4284966807
0.55898499 -0.037147399 0.58971697 4293256473
0.061233301 -0.028045399 0.68948102 4278190334
0.494221 0.208226 0.57589501 4291085370
0.289561 0.217575 0.63397801 4280098273
0.47278199 0.0115723 0.64633799 4285427344
0.17495599 0.31394401 0.56336498 4279242990
0.37382501 -0.151859 0.65312099 4283322032
0.0466877 0.035161301 0.68917799 4278256125
0.466104 0.336887 0.47113699 4287072119
0.44967201 -0.031909298 0.65495402 4283322032
-0.19536 -0.019499101 0.689767 4279111408
0.443077 -0.169367 0.62307501 4285361553
-0.406315 0.082497798 0.66336799 4284045733
0.41536501 -0.020042101 0.66793102 4284308897
-0.123103 0.0104722 0.69085097 4278519289
0.399133 0.0231208 0.67310798 4280821974
0.111157 0.32576999 0.55127102 4278387707
0.0521589 -0.025611799 0.68974799 4278190334
0.114068 -0.154127 0.66366202 4278716662
0.239833 0.136631 0.66915202 4279900900
-0.193186 0.143911 0.66664702 4279506154
0.35635701 0.142364 0.65996802 4280756183
0.39219901 0.24126101 0.60244 4285624717
0.28081501 -0.095302798 0.67984098 4279177199
0.41643599 0.029691599 0.66725802 4281874630
0.58282 -0.080454402 0.56128699 4294572293
0.069741197 0.16874801 0.65766197 4278321916
-0.195584 -0.175458 0.654746 4278979826
0.528225 -0.0361313 0.61198401 4291545907
0.000257735 0.038020398 0.68871099 4278190334
-0.30942199 0.096363202 0.67917001 4281479884
-0.058931898 -0.042172302 0.68801802 4278190334
0.21215101 -0.079814099 0.68378001 4278650871
-0.469814 0.0408567 0.644853 4285427344
0.47874701 0.257285 0.54988801 4288387939
0.58397597 0.098533303 0.55532801 4294967040
0.159908 -0.235906 0.62325799 4279242990
0.34147799 -0.383533 0.466407 4282335167
0.32290801 0.228232 0.62575501 4281085138
0.0297968 -0.0515089 0.68705601 4278190334
-0.364526 -0.038518999 0.68014199 4282664122
0.25357199 -0.0115346 0.690844 4278519289
0.46646801 -0.048712298 0.645652 4287137910
0.15159801 0.0203149 0.69037497 4278387707
0.302876 -0.165381 0.65771699 4280493019
0.56914902 0.0337619 0.58184499 4294967040
0.103932 0.101888 0.67925203 4278453498
0.42066699 -0.070242099 0.66119897 4284966807
0.495231 -0.027625199 0.63284999 4290164296
-0.32620099 0.17941099 0.65081197 4281545675
-0.074401297 -0.0030475601 0.69090599 4278453498
0.221762 0.214513 0.636244 4279769318
0.48969299 0.060633998 0.63320798 4286414209
0.28167099 -0.16300701 0.66039801 4280756183
0.33371201 0.085259601 0.67860198 4281216720
0.311039 0.041382398 0.68695801 4278979826
0.32944599 -0.191184 0.64494801 4282598331
0.39943799 -0.177899 0.63563901 4284308897
0.36754701 0.150304 0.65461898 4282795704
0.086821198 -0.25264299 0.61318499 4278256125
-0.104471 -0.26562399 0.60383701 4278716662
0.46161199 -0.090040602 0.64126098 4287072119
0.374286 -0.162572 0.64840102 4283716778
0.217622 -0.229019 0.62754601 4279835109
0.61280799 0.212688 0.451938 4294967040
0.22647101 0.247329 0.61648297 4280953556
0.41764799 0.26995301 0.57175398 4285032598
0.30019501 0.0119292 0.69014299 4278782453
0.36789101 0.071302898 0.67514402 4280164064
-0.051011302 -0.047298402 0.68757302 4278190334
-0.158747 0.339834 0.53564602 4278914035
-0.0075342702 -0.18889 0.64908803 4278190334
-0.118799 0.0057655401 0.69084501 4278387707
-0.25828999 0.108847 0.67751998 4280427228
0.199688 -0.069641203 0.68516397 4278585080
0.39599001 0.26290199 0.58659297 4283782569
-0.24866299 -0.0092416098 0.69003099 4279966691
0.14714099 -0.36116099 0.50850201 4279374572
0.20721699 0.094208702 0.68052 4279506154
0.33118099 0.27649301 0.59117597 4282664122
0.40089399 0.33215299 0.517802 4286743164
0.25214499 0.024990899 0.68945301 4279242990
0.55689901 0.074845098 0.58576798 4294967040
0.120351 -0.087095097 0.68189001 4278387707
0.28277099 0.099941298 0.67883003 4280098273
-0.00515272 -0.13437 0.66987997 4278190334
-0.16301399 -0.32956901 0.54738802 4278782453
0.0188538 0.219475 0.63311702 4278190334
0.402596 -0.0110579 0.67300397 4281874630
0.172299 -0.20891 0.63882297 4279242990
0.52002603 0.094706699 0.60786003 4289045849
-0.20062 -0.065110698 0.68559402 4279966691
0.34729001 0.043623101 0.68274701 4280032482
0.104887 -0.20221099 0.642519 4278321916
-0.0023942101 0.074970901 0.68458402 4278190334
-0.077525496 0.051115599 0.68713403 4278256125
-0.27908099 -0.27918401 0.59373897 4280953556
-0.19962899 0.083937801 0.68285298 4279440363
0.214434 -0.18591601 0.65072697 4279506154
-0.047830898 0.0401632 0.68905699 4278519289
0.046072502 -0.0052289101 0.69078398 4278256125
0.00128032 -0.087641902 0.681786 4278190334
0.18700799 0.124781 0.673168 4279177199
0.0132036 -0.081442103 0.683222 4278256125
-0.162719 -0.259123 0.60822201 4279111408
0.38723099 -0.113941 0.66210502 4283848360
-0.18131401 0.044491101 0.68845999 4280361437
0.158988 0.42731199 0.38123 4278782453
0.191622 0.28268301 0.59075397 4279835109
0.22487301 0.0532967 0.68705899 4278650871
0.61329699 -0.153589 0.49805701 4294967040
0.073122203 -0.0819989 0.68268597 4278387707
0.601318 -0.0112514 0.55322802 4294967040
0.230846 -0.00180459 0.69055003 4278519289
0.38689899 0.296377 0.561674 4287072119
-0.199755 0.26351801 0.60556501 4279966691
-0.154774 0.32354301 0.55333298 4278716662
-0.40765199 -0.037370201 0.66926903 4284243106
0.38688099 -0.308382 0.55009699 4284440479
0.27928999 0.046467401 0.688353 4279374572
0.34292901 -0.32673901 0.54337102 4284966807
0.13469701 -0.32269001 0.55358201 4278650871
0.070174001 0.274005 0.59767097 4278453498
0.110251 0.15298299 0.66401601 4278519289
0.37930501 0.378537 0.462172 4285164180
0.34674501 0.217435 0.62866497 4284177315
0.582726 0.153842 0.53263199 4294967040
0.21457399 -0.28398699 0.59014797 4280558810
0.58540398 0.22917899 0.47465399 4294967040
0.116751 0.20288 0.64265901 4278782453
-0.167597 0.0136501 0.690777 4280032482
0.63368899 0.079534799 0.50396597 4294967040
0.41805899 0.075952798 0.66081601 4283387823
0.445117 0.070312798 0.65242702 4283716778
0.230776 0.079383299 0.68339998 4278848244
-0.101847 -0.122098 0.67392498 4278387707
0.38290101 0.080876097 0.67092401 4283058868
0.58701998 -0.182108 0.51250702 4294967040
0.17195199 0.20258699 0.64247602 4279242990
0.17175999 -0.027784299 0.68940401 4278519289
-0.080279 -0.036221098 0.68892902 4278453498
0.33918899 -0.204264 0.63722402 4281677257
0.13104101 0.00026133601 0.69013298 4278321916
0.39606899 -0.23576701 0.60549599 4285295762
0.33927599 -0.34091499 0.52772599 4284506270
-0.041444801 -0.030601701 0.68963897 4278321916
0.151252 -0.25515899 0.61067301 4279045617
-0.268543 0.26106501 0.60738403 4280493019
0.46508801 0.16992 0.61237401 4286282627
0.386401 -0.21396001 0.62119001 4282598331
-0.049161799 -0.017335201 0.69005698 4278256125
-0.18099 0.30380899 0.572519 4279374572
0.329319 0.073671401 0.68158299 4280098273
0.51798397 -0.074758299 0.61314398 4289374804
-0.398839 -0.202445 0.62344098 4283650987
0.385867 0.249029 0.59966898 4285164180
0.24978501 -0.14994 0.66443199 4279506154
0.034848999 -0.210724 0.63792598 4278321916
0.220192 -0.34333599 0.531636 4280295646
0.413048 -0.110898 0.65469098 4283716778
0.24159899 0.15107299 0.66456699 4279374572
0.62426603 -0.121983 0.500624 4294967040
-0.128567 -0.108506 0.67703098 4278716662
0.039006799 -0.120598 0.67389101 4278256125
0.28898299 0.061943199 0.68582702 4279111408
0.283447 -0.083244301 0.68318701 4280098273
0.30112901 -0.140339 0.66747099 4280032482
0.211628 -0.124815 0.67280501 4278782453
0.40201399 0.0281893 0.67249799 4281216720
0.018508 -0.27181599 0.599437 4278256125
0.39082599 -0.149313 0.65012699 4283322032
0.54161203 -0.185192 0.55465698 4292664354
0.45660999 0.098510198 0.64116597 4285953672
0.419002 0.042383399 0.66600603 4283322032
0.52218699 0.088065498 0.60769999 4290427460
0.105866 0.134707 0.66974699 4278650871
0.645836 -0.192563 0.414406 4294967040
0.480382 0.073786996 0.63508397 4287137910
0.0479316 0.0014193 0.69056898 4278256125
0.422252 0.168208 0.63153702 4284308897
-0.103863 0.300329 0.57533199 4278256125
0.113284 0.119843 0.674312 4278321916
-0.42631999 -0.110344 0.65025699 4284111524
-0.16448399 0.097012401 0.68024802 4278650871
0.31419399 0.098369002 0.67851698 4280887765
-0.087779798 -0.185535 0.65021199 4278321916
0.372531 0.35920501 0.494142 4283848360
-0.043049201 0.042734299 0.68842 4278190334
0.28526801 -0.241593 0.62051201 4281414093
0.49698299 -0.17864899 0.58987498 4288980058
0.132586 0.140545 0.66824102 4278585080
-0.234285 0.015298 0.690054 4279900900
0.45457599 -0.095297799 0.643655 4286348418
0.267524 -0.068052702 0.68530798 4279374572
-0.35289899 0.056734599 0.68011099 4282861495
0.238435 0.129582 0.671947 4279177199
0.38237 -0.260337 0.59290802 4285032598
-0.028151 -0.181226 0.65277803 4278190334
0.133213 -0.143557 0.66721398 4278650871
0.33605099 0.110417 0.67258197 4280427228
-0.32354301 -0.0055363402 0.68791401 4281479884
0.42455199 -0.187783 0.62187803 4286874746
-0.13914999 0.240346 0.62038201 4278585080
0.14534999 -0.15393899 0.663252 4278914035
0.31922299 0.085374497 0.68027401 4279308781
0.0538886 0.143033 0.66715199 4278256125
0.58825803 0.223152 0.477501 4294967040
0.47253901 0.045576598 0.64332998 4288980058
0.56292301 -0.0557907 0.58432299 4294769666
0.40312001 -0.225908 0.60930002 4287072119
-0.089200802 0.035749201 0.68859297 4278321916
0.215427 0.201088 0.642699 4280098273
0.25421301 -0.11712 0.674788 4280098273
0.405 0.33527899 0.51232803 4285098389
-0.18314999 -0.063180998 0.68571699 4279308781
-0.131975 0.0054325298 0.69073999 4278585080
0.159996 -0.13478599 0.67021298 4278650871
-0.071331501 0.18987501 0.64875102 4278585080
-0.24711201 -0.27974001 0.592498 4281019347
-0.0093081202 -0.022961 0.69033498 4278190334
0.188823 0.226496 0.62933701 4279177199
0.093207702 0.172488 0.65603697 4278321916
-0.0017924 -0.127297 0.67187703 4278256125
-0.096128501 -0.100365 0.67936599 4278256125
0.25833699 0.087749198 0.68195301 4279703527
-0.34277001 0.0128518 0.686032 4282664122
0.173298 -0.074882403 0.68432999 4278716662
0.038238298 -0.116161 0.675542 4278387707
0.342262 0.229523 0.62252301 4283124659
-0.39017999 -0.213461 0.62056601 4282993077
0.231095 0.12679701 0.67271 4279045617
0.214435 -0.173783 0.65589398 4279242990
0.43249801 0.104776 0.649257 4285953672
0.122145 -0.142602 0.66772902 4278716662
0.51442897 -0.033316199 0.62184799 4290295878
0.126743 -0.057073601 0.68657702 4278453498
0.230931 0.0291242 0.68964303 4278519289
0.018057 0.0072689499 0.69023299 4278190334
0.17820001 -0.14242101 0.66757202 4278716662
-0.16902 -0.190908 0.64755899 4279045617
0.40029901 -0.13300399 0.652605 4282729913
0.181541 -0.068410799 0.68516302 4278782453
0.247466 0.27577001 0.59565902 4280295646
-0.277731 0.0032629301 0.690934 4281216720
0.368945 -0.118108 0.664527 4283453614
0.468326 0.063876301 0.64355701 4288256357
-0.121962 -0.087797597 0.68214297 4279308781
0.17487299 -0.287541 0.58663797 4279177199
0.27820501 -0.098345302 0.67927003 4279440363
0.049460299 -0.33507499 0.54096401 4278585080
0.426819 0.37353399 0.44246 4286282627
0.28390199 0.33992001 0.53566802 4282269376
0.481534 0.155626 0.60985702 4288256357
0.105128 -0.079512201 0.68374503 4278387707
-0.064190596 0.064170502 0.68547499 4278256125
0.33697501 0.208891 0.63456303 4281414093
-0.38219699 -0.080811597 0.67058599 4283716778
0.42005801 0.32622999 0.51605999 4285164180
0.38871199 0.089403197 0.66696101 4283782569
-0.221431 0.29607001 0.579961 4279703527
0.316706 0.0911479 0.67990398 4280427228
-0.20863999 -0.094191402 0.68081897 4280953556
0.50969201 0.067946203 0.62032402 4287269492
-0.052256901 0.036538001 0.68936002 4278190334
0.22187901 -0.190107 0.64783102 4279177199
-0.30843499 -0.25121 0.61251801 4281545675
0.58417302 0.0291247 0.56875801 4293519637
0.171728 0.200342 0.64389199 4279637736
0.39467999 0.0045733098 0.67546803 4283585196
0.44611999 -0.206 0.60357201 4287861611
0.65936702 0.010587 0.478616 4294967040
0.107124 0.039662302 0.68863201 4278321916
0.57560599 0.21976499 0.49566099 4293453846
0.120836 0.092271701 0.68132299 4278716662
-0.37043899 0.20054001 0.63217402 4283256241
0.24940699 -0.200654 0.64287603 4280295646
0.42084301 -0.20563699 0.614236 4284966807
-0.467594 -0.203292 0.59457099 4284045733
0.46128801 -0.178334 0.60999602 4286282627
0.431849 0.0286971 0.66216099 4284374688
0.64616001 -0.147551 0.452654 4294967040
0.54474902 -0.120821 0.58236301 4292861727
0.43358901 -0.22318301 0.59832102 4284901016
0.090085797 -0.11545 0.67568702 4278190334
0.19054499 0.17936601 0.65278101 4278914035
0.29032999 -0.216573 0.634727 4280295646
0.067013398 0.223891 0.63107598 4278190334
0.43584099 0.097209796 0.650419 4283979942
0.294579 0.16838901 0.65739602 4281611466
0.136278 -0.20797201 0.63929999 4279177199
-0.084389299 0.039877001 0.68890798 4278387707
-0.223923 0.052907899 0.68738198 4281085138
0.28688601 -0.13429201 0.670407 4279506154
-0.112733 -0.24292301 0.61919099 4278650871
0.372235 0.065952197 0.67597097 4281282511
0.171794 0.139641 0.668414 4279177199
0.038772799 -0.064884298 0.68532503 4278190334
0.037599102 -0.372168 0.493379 4278190334
0.0026696599 0.033249099 0.6893 4278190334
0.36599699 0.049964901 0.67868102 4281611466
-0.340379 -0.178552 0.648678 4282335167
0.067517497 -0.128657 0.672167 4278190334
-0.082120202 0.102226 0.67877501 4278256125
0.54010701 -0.22594699 0.52735502 4292203817
-0.056843098 0.031605501 0.68932903 4278387707
0.55023003 0.054338999 0.59409499 4293651219
0.55152798 -0.090683997 0.58641601 4292532772
-0.050951499 -0.122506 0.67341399 4278190334
-0.0049067098 0.073002897 0.68452603 4278190334
-0.055962201 0.046436399 0.68776703 4278190334
0.144411 0.011666 0.69049001 4278519289
0.49023899 0.090764597 0.626221 4288453730
0.44848999 0.0942581 0.64649802 4285756299
0.0150669 -0.198888 0.64385098 4278190334
-0.34922099 -0.063147999 0.67997301 4284440479
0.51233202 -0.120929 0.60523498 4290032714
0.0453922 0.00592979 0.69069499 4278190334
0.202191 0.19516499 0.646191 4279045617
-0.25333899 -0.222452 0.631486 4281414093
-0.18680499 0.14524101 0.66657901 4278979826
0.52267402 0.292339 0.478515 4292861727
0.052731801 -0.155526 0.66289097 4278190334
0.178394 -0.0293166 0.6893 4278519289
0.51745701 -0.20061 0.56479102 4290953788
0.190117 -0.0268448 0.69007802 4278519289
0.490549 -0.116584 0.61899102 4290164296
0.42491999 0.14234599 0.64168799 4283979942
0.27268401 0.177109 0.654055 4279769318
0.43023199 -0.014305 0.66309601 4284440479
0.34916401 0.25972399 0.60109198 4281874630
0.66381902 -0.059783299 0.463833 4294967040
0.47417101 -0.225362 0.57693303 4287072119
0.68276298 -0.0025928901 0.43584001 4294967040
-0.13346 0.19849101 0.64400899 4278650871
0.576446 -0.105663 0.56023401 4294967040
0.217511 0.156037 0.66254997 4279308781
0.26653299 -0.27652001 0.594908 4281019347
0.278211 0.342931 0.53221101 4281282511
0.49316001 -0.0177869 0.634902 4286874746
0.42125601 -0.099793904 0.655343 4282927286
0.22250301 -0.159316 0.66142702 4279637736
-0.38355401 0.071933098 0.67213798 4283914151
0.124975 -0.39288601 0.45936 4278387707
-0.279504 0.044038501 0.68839699 4281019347
0.48989499 -0.20853899 0.57819498 4289769550
0.054604501 -0.11936 0.673922 4278387707
0.31861201 -0.29682401 0.576729 4281940421
0.18231 -0.089339398 0.68138999 4278848244
0.212971 -0.36041301 0.51041698 4281085138
-0.147909 0.31887701 0.55795598 4278782453
-0.198287 0.055636398 0.687527 4279769318
0.25236201 0.017102201 0.68980902 4278979826
0.36687699 -0.41265199 0.39517799 4282729913
0.237625 -0.218786 0.63324302 4280427228
0.215312 0.136675 0.66874403 4279835109
0.054879501 0.0124454 0.69059199 4278190334
0.17664699 0.114962 0.67513502 4279111408
0.0573828 0.33060101 0.54560202 4278256125
0.107542 -0.032708898 0.68916202 4278453498
-0.197358 -0.18494999 0.65070701 4279900900
0.301873 -0.15985601 0.66003799 4279966691
0.38076001 0.26308 0.590882 4286085254
0.61421102 0.0120334 0.53906602 4294967040
0.31651199 0.00203708 0.68924499 4280229855
0.56923199 0.0656472 0.57692897 4294967040
0.0463599 -0.18939701 0.64836001 4278453498
0.53566301 0.080469497 0.59996903 4291151161
0.31613499 0.032162402 0.68743402 4279440363
0.47611299 -0.145641 0.61682701 4290164296
-0.0309467 0.248602 0.61560398 4278190334
-0.181015 -0.28056201 0.59205401 4278914035
0.58099002 0.00129771 0.57265902 4294769666
0.44272301 0.057336401 0.65546399 4285822090
-0.116162 0.29377899 0.58172297 4279177199
0.28517699 0.065442502 0.68592799 4278716662
0.48327601 0.089923099 0.63034701 4287993193
0.36501801 0.221426 0.622774 4284177315
0.064754099 0.151669 0.66446298 4278453498
-0.070328198 -0.22891501 0.62787801 4278256125
0.125531 0.206172 0.64054197 4278914035
0.459326 -0.0148869 0.65231597 4287203701
0.13264599 -0.0150428 0.69050801 4278321916
0.027860099 0.213542 0.63696599 4278190334
0.35780799 -0.404542 0.41944 4284506270
0.51347798 0.105858 0.60848898 4291085370
0.0205804 0.42915699 0.375678 4278256125
0.47954801 -0.376735 0.38038599 4287927402
0.018678499 0.387012 0.46985501 4278190334
-0.324633 -0.294209 0.57787901 4282006212
0.047082402 0.15278099 0.66362703 4278190334
0.57759702 0.169737 0.53034198 4294177547
-0.247214 -0.00089684199 0.69011998 4280690392
0.066257499 0.14101 0.66833901 4278190334
-0.34004599 -0.26559001 0.59846002 4281611466
0.074808501 0.179378 0.65271801 4278256125
0.51740998 0.041865502 0.618967 4288322148
-0.067031801 0.0243866 0.68940502 4278519289
-0.080767803 -0.063994303 0.68592203 4278190334
0.12908 -0.16205201 0.660478 4278716662
0.49115801 -0.086127602 0.62704098 4289572177
0.26963201 -0.095872499 0.67989498 4279637736
0.35440099 0.13254 0.66343099 4280821974
0.62957001 -0.120796 0.494225 4294967040
0.336867 0.233446 0.62087101 4282269376
0.238823 0.20118099 0.64250898 4279703527
-0.111096 0.018541699 0.689946 4278716662
0.0216309 -0.027973801 0.69009799 4278190334
0.46978101 -0.0535478 0.64434201 4284769434
0.41970599 -0.31030899 0.533629 4286611582
0.20997199 0.072165102 0.68488699 4278650871
0.29440299 0.046836 0.68754399 4279835109
0.38635999 0.044824202 0.67535502 4280821974
0.25834301 0.19097801 0.64796001 4279835109
0.065327004 -0.40625301 0.433027 4278387707
0.55111402 0.073535003 0.58986998 4294967040
0.246494 -0.192902 0.64727998 4279966691
0.459214 0.0041900598 0.65273499 4283322032
0.189661 0.28873 0.58583498 4279177199
-0.20561799 -0.26759899 0.60264498 4280032482
0.291875 -0.11054 0.67616701 4279308781
0.18441901 -0.23322999 0.62521499 4279374572
0.0397751 -0.37408301 0.490421 4278190334
0.174171 0.160375 0.66066301 4278979826
-0.116719 -0.212565 0.63737202 4278848244
-0.30224401 0.016105101 0.68906897 4281414093
0.028419301 -0.066543698 0.68539602 4278256125
0.19591101 0.136373 0.66973698 4278914035
0.111006 0.139727 0.66833597 4278519289
0.49103001 -0.018469701 0.63592798 4287532656
0.076879703 -0.0962805 0.67962301 4278321916
0.29431599 0.100971 0.679066 4279308781
0.054626301 -0.226199 0.62941402 4278190334
0.111061 0.087733701 0.68191397 4278387707
-0.36335301 -0.305949 0.55980903 4281874630
0.28891501 -0.15819199 0.662 4280624601
0.52854198 0.28183499 0.48581499 4291743280
0.105595 0.108327 0.67722201 4278716662
0.39936501 -0.15775201 0.64344198 4282137794
0.34623101 -0.170811 0.65104502 4280756183
0.19230799 -0.054476101 0.68718201 4278716662
-0.146309 -0.102228 0.67863202 4278716662
-0.089168802 -0.38279301 0.477422 4278519289
0.164821 0.127014 0.67267102 4278519289
0.052291099 0.084137797 0.68279499 4278256125
-0.106208 -0.163234 0.66014302 4278519289
0.061650801 -0.047237702 0.68807203 4278321916
0.18662301 0.184145 0.65085202 4279045617
-0.35656601 -0.212538 0.62943798 4282269376
-0.055551 0.067782 0.684883 4278190334
-0.152288 0.094787203 0.68057799 4278585080
-0.0221113 -0.28609201 0.58847702 4278190334
0.104808 0.071023099 0.68470597 4278453498
0.0075187902 -0.081766099 0.68330097 4278190334
0.115634 -0.18044899 0.65236503 4278848244
0.199435 0.205057 0.64098197 4279308781
0.00167838 0.165731 0.65834397 4278190334
-0.142088 -0.153358 0.66344202 4278519289
0.525769 0.155826 0.582546 4292993309
0.167631 0.30542701 0.57032597 4279506154
0.479177 0.115789 0.62617201 4285756299
0.52269399 -0.342435 0.39802399 4288256357
-0.078051701 -0.0126843 0.69030899 4278321916
-0.089062698 -0.0351028 0.68890899 4278321916
0.300356 0.438344 0.34024501 4281216720
-0.076463602 -0.37722 0.48513201 4278453498
-0.200489 -0.27735001 0.595227 4280558810
0.38439 0.229095 0.612409 4284243106
0.50549603 -0.154505 0.59687799 4289901132
0.51711702 -0.12906 0.59952599 4293124891
0.15527301 0.25226599 0.61337799 4279111408
-0.109298 -0.20024 0.644005 4278321916
-0.086916 0.073954903 0.68414801 4278190334
0.54842001 -0.10575 0.58334398 4293453846
0.286661 0.197133 0.64437199 4279966691
0.52680701 -0.180703 0.568353 4291545907
0.103339 -0.155275 0.66333902 4278387707
0.28624001 -0.113779 0.67596698 4279835109
0.474823 0.12567399 0.62494999 4289177431
0.56307298 0.074639902 0.58064699 4294967040
0.20349599 0.069176599 0.68539602 4278650871
0.66693097 0.026938399 0.46384999 4294967040
0.30651 -0.14499199 0.66529 4280032482
0.305208 -0.0072267698 0.689421 4278979826
0.176156 0.20379101 0.64182103 4278914035
0.151627 -0.00382243 0.69086897 4278716662
0.435231 0.064425603 0.65718198 4283058868
0.40027899 0.138761 0.65031999 4285756299
0.151325 0.120468 0.674447 4279177199
0.22480699 -0.29958999 0.57666802 4280032482
0.156941 -0.128622 0.67143703 4278914035
0.144816 0.0044095502 0.69007701 4278453498
0.247134 0.233465 0.62533301 4281216720
-0.27216801 -0.15939 0.66092098 4281085138
0.069738701 -0.0552852 0.68693501 4278190334
0.40855199 -0.28817499 0.560004 4287993193
0.60460401 0.072597697 0.54081398 4294967040
0.195327 0.38197601 0.47786799 4279440363
0.367787 -0.34452599 0.516123 4283124659
0.38374999 0.27131301 0.58355302 4284835225
0.27104801 -0.106571 0.678101 4279308781
0.66559398 0.122297 0.43358099 4294967040
0.37660801 -0.106897 0.66612202 4283782569
-0.066061199 -0.0150468 0.690696 4278256125
0.138289 0.051140599 0.68741399 4278716662
0.371658 0.017771 0.68057901 4280427228
0.367753 -0.35742301 0.49936199 4284440479
0.35478899 -0.247374 0.6081 4282137794
0.25640601 0.075463504 0.68380302 4279506154
0.39541 0.31528199 0.53880298 4286282627
0.074001901 -0.111967 0.67629498 4278519289
0.39315999 0.38164499 0.44823599 4285295762
0.30215001 -0.093033597 0.67993498 4279374572
0.61406201 0.187379 0.47377899 4294967040
0.14366201 0.209837 0.63804603 4278650871
-0.024246501 0.30115399 0.57481903 4278321916
0.052413099 0.34031099 0.53476 4278387707
0.32483101 0.078914799 0.68086898 4280493019
0.43126401 -0.24393301 0.586151 4287137910
0.56498802 -0.196099 0.52579701 4294967040
0.202856 0.370821 0.49568799 4279506154
0.0077691898 -0.279324 0.59351802 4278190334
0.0192347 0.358711 0.512263 4278256125
0.400139 -0.108169 0.65945601 4283914151
0.328926 0.0134015 0.68709099 4279637736
0.266442 -0.27450001 0.59757799 4281348302
0.54746199 0.060066599 0.59513599 4291677489
0.147383 -0.29167899 0.58308601 4279440363
0.168161 0.18023001 0.65284503 4279506154
-0.34110799 0.173179 0.65097898 4281808839
0.086226404 0.099209704 0.678945 4278387707
-0.23132201 -0.061742999 0.686634 4280295646
0.208746 0.075513303 0.68417299 4279308781
0.380665 0.335926 0.52095199 4285098389
0.104733 0.049875502 0.68758398 4278453498
-0.077499002 -0.018858099 0.68980598 4278256125
-0.20439801 -0.086844601 0.68233198 4279242990
-0.099990502 0.085400999 0.68229997 4278256125
-0.23968001 0.101148 0.67926502 4280164064
0.44085199 -0.14839201 0.63262898 4285558926
0.113808 0.070610799 0.684596 4278387707
0.37709799 -0.320591 0.54030401 4285032598
0.60232699 -0.0596531 0.54608202 4294967040
0.3651 -0.10193 0.670048 4280821974
0.239162 -0.308505 0.56781501 4280427228
0.29597101 0.036324799 0.68852901 4279637736
0.074960098 0.23100001 0.62717003 4278321916
0.305765 -0.147103 0.66444701 4279966691
0.114258 0.40847301 0.429304 4279045617
0.231851 -0.260243 0.60737598 4279637736
0.072139502 -0.0231605 0.68957299 4278256125
0.230847 -0.136344 0.66925502 4279111408
0.144023 -0.061681699 0.68624097 4278585080
0.37707099 0.25504601 0.59772497 4285624717
0.34108099 0.086728901 0.67796898 4281479884
0.41419899 -0.047396298 0.66657901 4281348302
0.41895199 0.063999802 0.66283703 4282203585
0.083975397 0.029632701 0.68984801 4278321916
-0.0042524301 -0.0139792 0.690117 4278190334
0.149872 0.0840725 0.68213099 4278387707
-0.187665 -0.309874 0.56667602 4279506154
-0.35109499 -0.135574 0.66354501 4282927286
0.37722999 -0.162277 0.64874297 4283453614
0.188777 -0.054683201 0.68728799 4278782453
0.171432 -0.216739 0.63439298 4279045617
0.52797401 0.0208333 0.61347598 4288124775
0.50075901 -0.29550001 0.49586299 4292138026
0.244331 -0.169153 0.657942 4280098273
-0.27454501 -0.087226599 0.68238801 4280756183
0.52795202 0.27601799 0.49294499 4292795936
0.220512 -0.38945401 0.46509799 4281085138
0.55536503 -0.195364 0.53511602 4293322264
-0.30132899 -0.20970701 0.63849902 4282335167
-0.075376503 -0.185202 0.650962 4278190334
0.34320599 -0.25285199 0.606484 4283124659
-0.172701 -0.112045 0.67614901 4279374572
0.145851 0.15034699 0.66479802 4278979826
0.018996499 -0.039360099 0.688393 4278190334
0.16901501 -0.115363 0.675767 4278519289
0.213824 0.33804601 0.53788799 4279637736
0.067257002 0.289722 0.58419502 4278716662
-0.36701 -0.034533702 0.68016303 4284111524
-0.17461701 -0.045506202 0.68843102 4279111408
0.51059902 -0.0283105 0.62463599 4288519521
0.016752001 0.185509 0.65064502 4278190334
-0.29586101 -0.026750101 0.68906498 4280953556
0.193864 -0.185011 0.65070802 4279374572
-0.042374998 -0.078271098 0.68316102 4278256125
0.27440399 -0.07017 0.68490303 4279571945
0.186739 0.169551 0.657233 4279703527
0.118652 0.0097909402 0.690054 4278256125
0.383605 0.39572501 0.42612901 4284308897
0.082624398 -0.115512 0.67581201 4278321916
0.27121201 0.189521 0.64813203 4280624601
0.082618602 -0.276849 0.59518999 4278519289
0.29374 0.089276001 0.68147302 4280427228
0.083827801 0.025691999 0.68987101 4278256125
0.63801199 -0.205898 0.41376999 4294703875
-0.33275199 -0.112328 0.67272502 4283058868
0.088332303 -0.33621499 0.53911602 4278782453
0.58272702 0.0093491403 0.57087398 4293190682
0.030851901 -0.30611899 0.57039797 4278190334
0.0057067601 -0.337338 0.53851098 4278190334
0.110334 -0.014469 0.69069701 4278256125
0.262308 -0.128553 0.67183399 4279571945
-0.169046 0.026715601 0.689695 4279637736
0.44033101 0.183589 0.61732799 4286940537
0.60044599 -0.070720702 0.54596901 4294967040
0.00158008 -0.13070901 0.67059302 4278190334
0.0291222 -0.115886 0.67537999 4278256125
0.463727 0.103358 0.63683498 4284572061
-0.12942 0.170065 0.65686798 4278716662
0.038722102 0.172693 0.65626401 4278190334
-0.038188301 0.065875798 0.68602097 4278190334
-0.302443 -0.18503 0.65041602 4281216720
0.00626799 0.066930301 0.68539 4278190334
0.153338 0.13383301 0.66993302 4278782453
0.063324802 -0.22101399 0.632119 4278453498
0.38174599 0.195327 0.632397 4284374688
-0.0292031 0.000614852 0.69022101 4278190334
0.32877901 0.222121 0.628609 4282993077
-0.33489099 -0.068861097 0.68185002 4282532540
0.30657601 0.15933 0.66014802 4280690392
0.54659301 0.27269199 0.477052 4294177547
0.143941 0.13939101 0.66863197 4278650871
-0.059291199 0.19002201 0.64859402 4278256125
-0.111067 -0.37958199 0.48127899 4278650871
0.36998501 0.226899 0.61795402 4283124659
-0.132276 0.213761 0.63677698 4278716662
0.185755 0.164391 0.65910703 4278848244
0.12905499 -0.0378986 0.68887901 4278519289
-0.0191167 -0.118985 0.67477101 4278190334
0.53484601 0.124138 0.587991 4292006444
-0.108725 0.282029 0.59114701 4278519289
0.35086799 0.090825401 0.67553902 4281348302
0.24999399 0.366602 0.50170201 4280624601
0.37322 -0.17165001 0.64550602 4282532540
0.175017 0.167632 0.657781 4279308781
0.31344801 0.078315198 0.68249601 4279177199
0.488565 -0.00708145 0.63758802 4286874746
0.13785499 0.079094902 0.68300802 4278387707
0.331227 -0.076719299 0.68037403 4279835109
-0.087649897 -0.162388 0.65965199 4278979826
0.456646 0.105879 0.63956499 4287664238
0.060775001 0.0242492 0.69009697 4278387707
0.221788 -0.27141899 0.59957403 4279374572
-0.075941503 -0.11689 0.67538202 4278519289
0.0089791901 -0.35032499 0.522762 4278190334
0.079483204 0.102055 0.67871797 4278519289
0.355986 0.0268663 0.68230301 4279835109
-0.12670401 0.148425 0.66482502 4279440363
0.50203902 -0.13624801 0.60596299 4289374804
0.39767599 -0.0094387503 0.67361498 4280887765
0.33912599 0.214333 0.631724 4281743048
-0.150033 0.13930801 0.66890001 4278650871
-0.145018 0.091195397 0.68128997 4278650871
0.58060598 -0.196528 0.50824201 4294967040
0.389586 -0.29128799 0.56438899 4283782569
-0.091531903 0.097991198 0.67958802 4278321916
-0.0473179 -0.127252 0.67174602 4278190334
0.34253901 0.118102 0.67023802 4280558810
0.387068 0.27522501 0.57949102 4286085254
0.38765201 -0.107461 0.66335398 4280953556
-0.0416352 0.313483 0.56391197 4278190334
-0.0362489 0.211778 0.63709801 4278190334
0.45535699 0.128342 0.63397002 4285098389
0.087495796 0.0301365 0.689964 4278387707
0.107263 -0.124111 0.67293203 4278585080
0.46243101 -0.136112 0.62777197 4285756299
-0.28087699 0.210612 0.63869601 4281479884
0.17817201 -0.22847299 0.62854999 4278914035
0.338406 -0.081724502 0.67911202 4280361437
0.30950099 0.17298 0.65441197 4281611466
0.49518099 -0.060244702 0.63009298 4287269492
-0.16846301 0.168063 0.65833998 4278979826
-0.100407 0.362082 0.507029 4278848244
0.090560198 -0.091858402 0.680866 4278256125
0.254161 -0.0419796 0.68810302 4279374572
0.28340501 0.39578599 0.45418799 4280229855
0.301083 0.16307101 0.65905499 4281611466
0.052732199 0.088839501 0.68208802 4278256125
0.102394 -0.27726299 0.59471101 4278716662
-0.00115266 0.0273018 0.68930501 4278256125
-0.084686801 0.040479399 0.68909198 4278453498
0.415169 0.0376871 0.66717899 4281677257
0.49152699 0.20696899 0.57748902 4292138026
0.248533 0.32966301 0.54737699 4280295646
0.0415872 -0.155139 0.66315502 4278190334
0.0992902 0.089834303 0.68180799 4278190334
0.0210595 -0.032632899 0.68913603 4278190334
-0.14483 0.0197396 0.69046903 4278585080
-0.37782401 0.034711301 0.67798501 4283782569
0.0285252 -0.055388 0.68736702 4278190334
0.077059098 -0.140047 0.66780102 4278256125
0.356489 0.25561699 0.60195303 4283585196
0.52498198 -0.0156429 0.615538 4290230087
-0.176787 -0.173236 0.65600097 4279440363
0.11963 0.082369998 0.68265098 4278321916
-0.0880256 -0.0015496199 0.69059801 4278387707
-0.190963 -0.13586199 0.669447 4280164064
0.14383 -0.053989101 0.68699998 4278453498
0.51889902 0.083315603 0.61078203 4290164296
-0.124623 -0.30891901 0.56832302 4279242990
0.057837799 -0.14333101 0.66658503 4278256125
0.43228799 -0.36568201 0.45179999 4287401074
0.044933502 0.0092751998 0.690759 4278256125
0.117496 0.182253 0.652071 4278453498
0.57222402 -0.044237901 0.57749403 4293980174
-0.37272099 -0.206085 0.62868202 4283914151
0.32374701 0.17202 0.65364802 4281940421
0.36048001 0.042127699 0.68040597 4280756183
0.41451699 0.36875501 0.45966801 4286808955
0.16188499 -0.29443699 0.58094299 4279506154
0.40136799 0.0073802299 0.67323703 4284374688
0.037387699 -0.214177 0.635741 4278256125
0.39539701 0.0317122 0.67396802 4281808839
0.33255699 0.24841399 0.61167002 4282203585
0.412662 0.28680599 0.55938298 4288190566
0.122777 0.098470896 0.68000501 4278321916
0.33607599 0.17310099 0.65153903 4281348302
0.393341 0.065363802 0.67012298 4282795704
-0.070533298 -0.0229667 0.68980801 4278190334
0.37465799 -0.27804801 0.58038402 4285032598
0.12457 0.00029034901 0.69080698 4278387707
-0.499293 -0.0320112 0.63053501 4285164180
0.0162098 0.040207502 0.688384 4278190334
0.47679299 0.067688197 0.63862902 4287072119
-0.47246501 0.041214898 0.64443302 4285098389
0.31909201 -0.040541202 0.68693 4279835109
0.146815 -0.309369 0.56662202 4279374572
0.34006 0.000265421 0.68595397 4279769318
0.188381 0.13084801 0.67127699 4278782453
0.420158 0.152349 0.63899398 4283190450
0.163139 -0.156547 0.66255301 4278782453
0.55056399 0.21033999 0.52976298 4293717010
-0.0225324 -0.020241501 0.69023299 4278190334
0.091603696 -0.059069801 0.68696302 4278321916
0.023853101 -0.066591397 0.68511701 4278190334
0.24232601 0.18225899 0.65198702 4279966691
0.088420697 -0.026019 0.68977398 4278256125
0.33928999 0.127767 0.66758502 4282729913
0.248403 -0.0115508 0.69001502 4278519289
0.51744002 0.184854 0.573268 4293585428
0.48245499 -0.0882691 0.631715 4287137910
0.16482601 0.0910118 0.68079501 4278650871
0.394366 0.113948 0.65949398 4283322032
-0.0143021 0.210814 0.638004 4278190334
-0.136365 0.071250997 0.68491602 4278716662
-0.13890401 0.38748199 0.46893901 4278979826
-0.0149084 0.064700402 0.68557501 4278190334
0.486577 -0.200239 0.58475298 4289572177
0.55466598 -0.22397999 0.51516902 4292598563
0.38555399 -0.199738 0.62921202 4282466749
0.0172677 -0.28636599 0.587237 4278190334
-0.095432296 -0.177209 0.654257 4278716662
0.105856 0.156104 0.66264302 4278387707
0.50633198 -0.0028766701 0.62799299 4286677373
0.17046501 0.17564499 0.65489697 4278914035
0.53378302 0.14396399 0.580782 4293717010
0.48455 -0.0431609 0.637631 4290230087
-0.0145969 0.20028199 0.64300698 4278190334
0.033904102 0.098501399 0.67940497 4278256125
0.37622401 -0.135307 0.65800703 4282927286
0.040196698 -0.057561699 0.68694699 4278256125
0.39953801 0.103446 0.66079903 4281545675
0.133835 -0.0938069 0.68099803 4278782453
0.137087 -0.28600499 0.58824301 4278979826
-0.0459866 -0.082623199 0.68311101 4278321916
-0.24488799 0.0847947 0.68209702 4280229855
0.22291601 -0.20559999 0.64068699 4279440363
0.39278501 0.207882 0.62304097 4284901016
0.412981 -0.14365999 0.645329 4284703643
0.43477499 0.017683201 0.66189599 4284177315
0.421581 -0.235294 0.59645599 4285427344
-0.244489 0.292485 0.58249801 4279966691
-0.17863999 -0.089066997 0.68126798 4279242990
0.423233 0.045129199 0.66428798 4283914151
0.65685499 0.122907 0.45017099 4294967040
-0.12732001 0.14179499 0.66772598 4279045617
-0.108641 -0.29517299 0.57986701 4278848244
0.34988201 0.29051101 0.576096 4284572061
0.0800578 -0.16129699 0.66107798 4278321916
0.55949003 0.019238399 0.59126502 4294440711
0.30918899 0.076483101 0.68243402 4279440363
0.48876399 -0.24724001 0.55107898 4289506386
-0.178772 -0.38183799 0.47776899 4279045617
-0.407011 -0.133642 0.65029198 4284045733
0.29988399 0.100594 0.67894602 4280295646
-0.160377 0.25720599 0.60928398 4278914035
0.388338 0.086637698 0.667611 4282729913
0.493846 0.198333 0.58113497 4288585312
0.156222 0.0791087 0.68327099 4278716662
0.17204601 0.0344522 0.68920797 4278782453
-0.050073698 0.0059489701 0.69074798 4278190334
0.488538 -0.0028939999 0.63850802 4289243222
0.49683401 -0.078672402 0.625871 4290493251
0.116965 -0.095118597 0.68036097 4278519289
0.43972099 0.090559497 0.64999098 4283650987
-0.20975301 0.19808701 0.644934 4280098273
0.292346 0.25310901 0.61176002 4282400958
0.060928199 0.025729001 0.69025397 4278387707
0.27136499 -0.165509 0.658701 4281019347
0.54142898 -0.250422 0.50474298 4291874862
0.23569 -0.150994 0.66491401 4279835109
-0.266628 0.334838 0.54069901 4279900900
0.396209 -0.227899 0.609519 4285690508
0.040905401 -0.39697099 0.452557 4278321916
0.41627899 0.13189501 0.64732599 4283519405
0.48866999 0.188517 0.59023899 4289901132
-0.25894201 -0.0186207 0.69018799 4280164064
0.16013101 -0.088407703 0.681355 4278914035
0.096730903 -0.291765 0.58287102 4278848244
0.246465 -0.241501 0.62035203 4279835109
-0.29171601 0.032751098 0.688703 4282203585
0.234231 0.026518401 0.68935698 4278650871
-0.0514629 -0.047102202 0.688438 4278190334
0.020626999 -0.0249938 0.68931001 4278190334
0.25085601 -0.0158376 0.69022298 4279177199
0.13163 0.1928 0.64747399 4278519289
-0.441609 0.099956498 0.64764601 4284966807
0.249981 -0.055993099 0.686634 4278782453
0.58802801 0.213954 0.48543599 4294967040
0.120913 -0.144146 0.66647398 4278519289
0.11173 0.027888499 0.68930101 4278387707
0.31287101 -0.120008 0.672553 4280098273
-0.155889 -0.27355301 0.598369 4279571945
0.31807399 -0.042939901 0.68683702 4279703527
-0.38095799 0.048187699 0.67623401 4283782569
-0.126606 0.23833799 0.621638 4278585080
0.24666899 -0.0112032 0.69047898 4279111408
0.327546 -0.212733 0.63418198 4282466749
-0.022958299 -0.016120501 0.69066298 4278190334
-0.36940899 -0.065758198 0.67587101 4284703643
0.0117178 0.018162699 0.69017702 4278190334
0.170222 0.078868501 0.68339503 4278453498
0.358632 -0.23777901 0.61402202 4284243106
0.25058499 0.192816 0.64761198 4280295646
0.52732402 0.118769 0.59518301 4290953788
0.332488 -0.33051699 0.54150802 4284506270
0.053361099 0.12817501 0.67202097 4278453498
0.29799199 -0.20861501 0.638946 4281019347
0.236408 -0.181795 0.65216601 4279440363
0.37698701 -0.27314299 0.583453 4285493135
-0.197184 -0.0608369 0.68620902 4279440363
0.440714 -0.105457 0.64695799 4286611582
0.53245097 -0.19522101 0.55602503 4290953788
-0.0378423 0.0113029 0.69018298 4278190334
0.27872401 0.313169 0.564318 4280690392
0.62255901 0.100326 0.51203299 4294967040
-0.023630301 -0.193067 0.64658803 4278190334
0.23735 0.121644 0.67325801 4279966691
0.309724 -0.060009599 0.685305 4280558810
0.039080899 -0.212694 0.63677198 4278190334
0.24768899 0.289361 0.58529902 4280493019
0.58003402 0.28567299 0.41227001 4293848592
0.40801299 -0.27280101 0.57385403 4286545791
0.28380299 0.125625 0.67283398 4279440363
-0.37533599 0.065386802 0.67470902 4284111524
0.403788 0.12913799 0.65272099 4284966807
0.50564498 -0.226869 0.55535102 4293519637
0.30308601 -0.058044299 0.686508 4279045617
0.0050808601 0.029218299 0.68996203 4278190334
0.25352901 0.25821301 0.60895997 4280229855
-0.180555 -0.0256756 0.68933499 4279703527
0.38959301 0.29045501 0.56582302 4285822090
0.49693999 0.30208299 0.49144799 4291545907
0.233393 0.231461 0.62674999 4280295646
-0.238571 -0.179197 0.652789 4281085138
0.25629401 -0.0191707 0.69010597 4278650871
-0.134216 -0.140652 0.66795403 4278585080
-0.243671 0.078309096 0.68339998 4279900900
0.46469599 -0.12845799 0.62854898 4286282627
0.128773 -0.125598 0.672243 4278782453
0.67408699 -0.046969801 0.44747201 4294967040
0.43149301 -0.105059 0.64960301 4284111524
0.071387202 0.12384 0.67328399 4278256125
0.29702401 -0.13170899 0.67077601 4281282511
0.115242 -0.072474502 0.68453097 4278519289
0.0117669 0.123646 0.67359 4278190334
0.52121699 -0.16298901 0.58159798 4291414325
-0.21436 -0.188871 0.64889902 4279308781
0.27276999 -0.197889 0.64440101 4281414093
0.33842999 0.086563699 0.67827398 4281282511
-0.044314399 -0.088619597 0.68199098 4278321916
0.163569 0.36859801 0.499208 4279966691
0.169385 0.128498 0.67164201 4279242990
0.181752 0.325091 0.55137998 4279835109
0.580477 -0.082129598 0.56276399 4294967040
0.54431301 0.189926 0.54874003 4294967040
0.61251903 0.097669803 0.52476799 4294967040
-0.033543099 0.1617 0.66086102 4278387707
0.1336 0.188999 0.64912301 4278848244
0.42207199 -0.083523102 0.65790999 4285887881
0.2802 -0.230258 0.62736601 4280361437
0.155917 -0.041246399 0.68830401 4278585080
0.099362999 -0.227851 0.62903899 4278782453
0.095605299 0.178418 0.65413201 4278190334
-0.20729101 0.14769299 0.666004 4279440363
0.17244001 -0.118156 0.67500401 4278650871
-0.15910099 -0.201538 0.64270997 4279966691
0.0078273397 0.30366999 0.57277399 4278190334
0.354076 -0.298453 0.56844002 4284703643
0.42725399 -0.173802 0.62797898 4284111524
-0.28287899 0.122705 0.67365998 4282532540
0.483448 -0.038890999 0.63928902 4287927402
0.26671499 0.296525 0.57931203 4280098273
0.22837199 0.0129365 0.69021302 4278650871
0.046294201 -0.192863 0.64682603 4278256125
0.31491899 -0.017601401 0.68894398 4279045617
0.116231 -0.124899 0.67250699 4278453498
0.56139702 0.26107401 0.47219199 4292993309
0.422521 -0.0019702499 0.66599298 4285558926
-0.0157726 0.064126603 0.68564701 4278190334
0.213328 0.27671501 0.59551698 4280624601
-0.0367404 -0.104969 0.67808598 4278190334
0.219769 0.097684599 0.67952698 4279242990
0.168593 -0.043112598 0.68832397 4278848244
0.023372101 0.210556 0.63786799 4278321916
0.31426099 -0.114187 0.674707 4281348302
0.23940399 0.11657 0.67517298 4280098273
0.128121 -0.14545999 0.66588497 4278585080
-0.00059951597 0.0135095 0.69011301 4278190334
-0.0225127 0.25536501 0.61159098 4278190334
0.230979 0.21504 0.63525999 4279703527
0.44723001 0.061373901 0.65322602 4282927286
0.162461 0.018871499 0.68980098 4278453498
0.624035 0.0019894601 0.52807802 4294967040
0.498068 0.0605921 0.62847501 4286743164
0.075601302 -0.39612201 0.45423901 4278585080
0.469473 0.065640099 0.64226002 4284835225
-0.170432 0.172401 0.65645498 4279308781
0.66014397 0.092549697 0.45899001 4294967040
0.39676699 -0.011726 0.67427301 4280690392
0.33026499 -0.178179 0.65052098 4281940421
0.48728499 0.067620799 0.63295001 4287664238
0.53202099 -0.148491 0.580989 4292466981
0.155148 0.041113801 0.68827498 4278585080
0.34475899 -0.13643 0.66385698 4280821974
0.320988 0.11463 0.67336297 4279966691
0.039115898 0.13550401 0.66926003 4278256125
-0.172984 0.245657 0.61738002 4279045617
0.0464927 -0.140723 0.667485 4278256125
0.54260099 0.208828 0.53856802 4293190682
-0.205998 -0.0261524 0.69002402 4279506154
0.50271899 0.096166603 0.61850297 4288124775
0.45345199 0.30326399 0.52210897 4288585312
0.41229501 -0.124093 0.65124899 4283058868
0.239346 -0.21619201 0.63516599 4279374572
0.190727 -0.100188 0.67950797 4278585080
-0.144233 -0.081259303 0.68268299 4278979826
0.0355816 -0.376425 0.486707 4278190334
0.0306517 0.42479199 0.38799599 4278190334
-0.31891999 -0.174541 0.65306997 4281743048
0.54211599 -0.0967547 0.59165698 4293256473
0.37915501 0.217554 0.62125999 4283979942
0.49813199 0.0179314 0.63222098 4288058984
0.239722 -0.349071 0.52508801 4281150929
0.116241 -0.24944399 0.61495799 4278453498
0.36266401 -0.114709 0.667234 4281216720
0.30095401 0.39696199 0.45147499 4282532540
0.51374799 0.20750099 0.56290901 4290032714
-0.31219301 -0.32229 0.55229801 4281677257
0.441423 0.032471798 0.65831602 4283848360
0.44075799 -0.15765201 0.62901902 4286282627
0.079471499 0.274867 0.59702402 4278387707
0.58397698 0.110417 0.55106199 4294967040
0.100394 -0.28141099 0.59112102 4278387707
0.0518662 0.0058731898 0.690005 4278321916
-0.159475 -0.042794101 0.68797803 4279900900
0.43034399 0.0964038 0.65304202 4283650987
-0.00231861 -0.107949 0.67785901 4278190334
-0.30413499 -0.205072 0.63979602 4281611466
-0.288367 0.28462699 0.58890599 4280690392
-0.149533 -0.372031 0.49353901 4279308781
0.338916 0.202335 0.63793498 4282729913
0.485356 0.189863 0.59114403 4290756415
-0.053292301 0.205764 0.64093399 4278321916
0.40151301 -0.117438 0.65728599 4283782569
0.43980199 0.27736899 0.55552697 4288519521
-0.284583 0.195158 0.64606899 4280887765
0.22331201 0.144098 0.66684902 4279177199
0.219947 0.14332899 0.66697901 4279374572
0.14058 -0.0145776 0.689807 4278453498
0.45065701 0.037528001 0.65407503 4286085254
0.045024 -0.352433 0.52072299 4278256125
0.47327399 -0.15840501 0.613383 4288716894
0.089646898 -0.0527349 0.68717802 4278387707
0.098183699 -0.098026402 0.68018198 4278321916
0.19001199 0.39525101 0.45473599 4279900900
0.0152439 -0.035323799 0.68927997 4278190334
0.30899599 0.084355302 0.68168801 4279703527
-0.35803601 0.259067 0.59897 4282203585
-0.23202799 -0.247499 0.61633998 4281216720
0.29940301 -0.209033 0.63846397 4281019347
-0.23319399 0.18854401 0.64936203 4281414093
0.54211199 -0.105412 0.58953297 4292138026
-0.306173 0.041132499 0.68782598 4283124659
0.082940601 0.177458 0.65426397 4278716662
0.067025103 -0.063672803 0.68552202 4278256125
0.2324 0.224538 0.63036799 4279571945
-0.193286 -0.0256387 0.68970799 4279769318
-0.13011301 -0.100802 0.678617 4278650871
0.37898001 -0.103706 0.66661 4282203585
0.121325 -0.15255199 0.66378599 4278387707
0.35204399 -0.059089899 0.68038797 4280624601
0.329014 -0.139552 0.66470402 4280756183
0.40978399 -0.068154998 0.66551203 4282993077
-0.099956296 -0.31588 0.56100398 4278321916
-0.046822499 0.0117967 0.69017398 4278190334
0.0048846202 -0.075174697 0.68392998 4278190334
-0.048776198 -0.28760701 0.58662802 4278190334
0.060031999 -0.16432901 0.65906101 4278190334
0.13591599 -0.35283399 0.51922297 4278979826
0.32316899 0.0099310298 0.68793201 4279900900
0.14203601 0.217342 0.63418502 4279308781
0.28862399 0.066153698 0.68505901 4280032482
0.25707901 -0.218968 0.63379401 4280427228
-0.455093 -0.0305731 0.65340298 4285558926
0.48881 -0.21544801 0.57460803 4287861611
0.67891902 0.0147357 0.44324699 4294967040
0.0400276 0.075293303 0.68365598 4278256125
0.22453099 0.124839 0.67327797 4279111408
0.18976399 -0.19385 0.64640403 4279637736
-0.083045997 -0.146534 0.66550601 4278321916
0.192617 -0.30488899 0.57093799 4279308781
0.29004601 0.068172999 0.685166 4279177199
0.13545699 0.046725798 0.68823999 4278453498
-0.32091299 0.104958 0.67594302 4282532540
0.163451 -0.16023099 0.66084898 4279308781
0.21018299 0.088787504 0.68158799 4278914035
0.147119 0.20693199 0.63961703 4278716662
-0.0044565401 -0.062789798 0.68628299 4278190334
-0.15809099 0.37531301 0.48821899 4279242990
-0.071302801 -0.0561147 0.68675798 4278190334
0.464468 0.079767004 0.64209801 4287137910
-0.34196401 0.295755 0.57357502 4282269376
-0.096369699 -0.21385799 0.63599497 4278650871
0.43227699 0.33835 0.49423501 4287927402
0.38163701 0.114261 0.66348201 4282072003
0.47896001 0.169741 0.60572898 4290032714
0.42392299 -0.21500801 0.60803002 4288322148
0.33981001 0.320723 0.55003399 4283453614
-0.201281 -0.127361 0.67216301 4279637736
0.27433801 0.0401516 0.68907201 4279242990
0.15845101 -0.30315101 0.57337999 4278914035
0.286327 -0.056419902 0.686647 4279111408
0.16950899 -0.118991 0.674335 4278519289
-0.064755298 0.0129322 0.69026399 4278321916
0.57452798 0.0185511 0.578686 4294967040
0.33986199 -0.104715 0.67365599 4280558810
0.312601 0.213383 0.634983 4281216720
0.384846 0.25899801 0.59299099 4285822090
0.35922101 0.0992755 0.67184103 4281677257
0.36213899 0.167018 0.64986002 4283322032
-0.27026701 -0.143007 0.66757703 4280295646
-0.113337 0.37789601 0.48542199 4278387707
0.28346699 0.0842783 0.68221599 4279111408
0.31325799 0.131117 0.66908997 4281216720
0.40268999 -0.0286383 0.67224699 4283256241
0.28816399 -0.0667715 0.68542999 4279440363
0.27184799 -0.274324 0.59666902 4280164064
0.114624 0.151604 0.66440701 4278914035
0.091422804 0.28793499 0.58691502 4278716662
0.21128 -0.13119 0.67066002 4279177199
0.37054801 -0.26335999 0.59327102 4283979942
-0.109446 0.273817 0.59707099 4278650871
0.479637 0.0289363 0.64185202 4289374804
0.125292 -0.0188078 0.69023299 4278650871
0.193795 -0.153689 0.66384 4279571945
0.480039 0.24445499 0.55927098 4288848476
0.397542 0.20749199 0.62084502 4283256241
0.278045 -0.22122 0.63286501 4281019347
0.38478601 -0.0050631198 0.67771399 4283058868
0.081852399 0.0504147 0.68747002 4278190334
-0.42706501 0.090391502 0.65473902 4285164180
0.113935 -0.089352898 0.68167597 4278321916
0.0060467701 0.097717099 0.67954499 4278190334
-0.059364799 0.028656401 0.68934202 4278190334
0.15088999 -0.116602 0.67526299 4278453498
-0.079943299 -0.0150834 0.68991297 4278716662
0.35771301 0.29727799 0.56818998 4284769434
-0.0239179 -0.20049199 0.64302301 4278190334
-0.126921 -0.137458 0.66920298 4278650871
0.46292901 0.107571 0.63645798 4289440595
-0.126974 0.032666001 0.68881297 4278848244
-0.45900699 -0.098981999 0.64024699 4284901016
-0.27732801 -0.077478603 0.68420303 4282006212
0.1089 -0.15346199 0.66400701 4278519289
0.083337501 -0.094621398 0.68010998 4278453498
0.56768298 -0.015656 0.58383602 4293914383
-0.120228 -0.19710501 0.64449501 4278716662
-0.0245506 -0.205442 0.640966 4278190334
-0.17277101 -0.102077 0.67927301 4279045617
-0.35300699 0.28137901 0.58335799 4281743048
0.17728899 -0.095990904 0.68045801 4278519289
0.53313798 0.098031498 0.59825599 4291677489
0.41726699 0.247796 0.58868098 4285493135
-0.107718 -0.048278999 0.68820602 4278650871
0.171478 0.049033001 0.68781102 4278519289
0.425933 0.137889 0.64202702 4284572061
0.346553 -0.00561505 0.68554598 4279835109
0.067562498 0.106829 0.67784798 4278190334
0.53913099 -0.23199099 0.523727 4293059100
0.452456 -0.121766 0.63692403 4287401074
-0.45048401 0.144747 0.63018399 4284440479
0.37861899 -0.12098 0.661551 4283716778
0.093452498 -0.12536401 0.67314798 4278519289
-0.413636 -0.013077 0.66884899 4284374688
0.0151394 0.387806 0.46881601 4278190334
0.34520099 -0.112405 0.67127699 4281940421
0.28441599 0.21261901 0.637429 4280164064
0.20553499 -0.099058203 0.679277 4279242990
-0.070117399 -0.017856101 0.69045103 4278190334
0.0035365501 0.031474501 0.689713 4278190334
-0.11182 0.091650903 0.68144399 4278453498
0.043951299 0.028407101 0.68998498 4278190334
0.230373 -0.241862 0.62037402 4280690392
0.065782301 0.394979 0.45604199 4278453498
-0.0527413 0.057254199 0.68728 4278190334
0.143206 0.0124784 0.689897 4278453498
0.548311 0.160886 0.56225699 4294967040
0.56264502 -0.131062 0.56335002 4294967040
0.629893 -0.153061 0.475301 4294967040
0.222445 0.080472201 0.68321502 4279374572
0.236158 -0.24432901 0.61854202 4280756183
-0.151731 -0.193793 0.64658999 4278650871
0.325569 0.152715 0.66112202 4280624601
-0.18196601 0.071113802 0.68476701 4279637736
0.135793 -0.023417899 0.69031501 4278387707
0.45611301 -0.00198737 0.65341997 4284177315
0.364645 -0.0131406 0.68206 4281085138
0.31848201 0.259671 0.60531998 4282335167
0.095204301 0.045804501 0.68846798 4278321916
-0.29492801 -0.028154399 0.68926603 4281348302
0.54107499 0.202887 0.54427803 4292401190
0.55026102 0.063423499 0.59318399 4292466981
0.050425202 0.045160301 0.68844497 4278190334
0.266884 0.227988 0.62798101 4280493019
0.2436 0.070183001 0.684784 4279242990
0.245619 0.031557102 0.68988597 4279177199
0.357326 0.30453399 0.56227899 4283519405
0.34681401 0.207176 0.63365602 4284177315
0.58293802 0.067483902 0.56444001 4294967040
0.078209698 0.38462099 0.473959 4278321916
0.35772401 0.082218297 0.67560297 4280756183
0.42593601 -0.0339996 0.66404498 4283322032
0.58978099 -0.039747301 0.56183702 4294967040
0.32289001 -0.121182 0.67183799 4280953556
-0.36463699 -0.29064 0.57230502 4282203585
0.17153101 0.116852 0.67494702 4278650871
0.43489999 0.17427699 0.624654 4288322148
-0.280628 0.13738801 0.66933101 4280558810
-0.28096399 0.069191001 0.684852 4282466749
-0.29093 -0.0025581 0.69012201 4282466749
0.48443899 0.0357899 0.63884401 4287927402
0.209075 0.0080401702 0.69041598 4278716662
-0.444785 -0.0155954 0.65846503 4285361553
-0.0123025 0.044431601 0.68876702 4278190334
0.092378199 0.12579501 0.67246097 4278519289
0.035398498 -0.221008 0.63289303 4278190334
0.32613301 0.198257 0.64129901 4280953556
-0.282231 -0.176283 0.654329 4280690392
0.200497 0.129857 0.67166603 4279637736
0.56059599 0.23038501 0.50346202 4292532772
0.53885698 -0.077239998 0.599253 4290427460
-0.167081 -0.16552 0.65932298 4278914035
0.077292897 0.236858 0.62344903 4278519289
0.0607237 0.103422 0.678734 4278256125
0.53127801 0.107412 0.59643501 4290164296
0.040202901 -0.33357599 0.54283297 4278256125
-0.35898399 0.13232 0.66336298 4282927286
-0.0575726 0.29620901 0.57970202 4278321916
-0.391967 0.183808 0.63458002 4283453614
-0.178184 -0.27203301 0.59909898 4278848244
-0.26717001 0.085515 0.68207002 4280295646
0.599231 -0.067776598 0.54822898 4294967040
0.44413 0.054215498 0.65530598 4283914151
0.17071301 -0.218389 0.63380498 4279703527
0.50837803 0.19966801 0.57187498 4290756415
0.25289199 0.28793001 0.58604002 4280690392
0.086022899 -0.041975901 0.68816698 4278321916
0.382339 -0.0121377 0.67777503 4282664122
0.44649899 0.29603601 0.534953 4287730029
0.234859 -0.113267 0.67617601 4279440363
0.0192718 -0.0084480103 0.69014198 4278190334
0.0128282 0.112114 0.67606097 4278190334
0.59693497 -0.268172 0.40883601 4294769666
0.35222301 0.37630099 0.47601399 4283387823
-0.112527 -0.195373 0.64604002 4279111408
-0.102209 -0.199789 0.643462 4278650871
-0.29067901 -0.22618499 0.62901402 4281545675
-0.0275573 0.041901 0.688721 4278190334
0.37674099 -0.167678 0.64598298 4283058868
0.22490101 -0.434167 0.35799 4279637736
0.095463999 -0.078846 0.68328899 4278256125
0.51500797 -0.084751502 0.61383301 4287861611
0.29259899 0.098505497 0.67916501 4280295646
-0.380454 -0.137796 0.65673202 4283124659
0.000389241 -0.082139201 0.68244499 4278190334
0.30849299 -0.39863899 0.44694 4282269376
0.40584901 -0.224942 0.60854697 4287137910
0.0767878 -0.0161309 0.68987799 4278256125
0.172097 -0.15296599 0.66419399 4278782453
0.447826 -0.240245 0.580531 4287006328
0.13762 0.131016 0.67089802 4278979826
-0.345792 -0.206733 0.63423002 4282466749
-0.17995401 -0.0266883 0.68926698 4279045617
0.135323 -0.045150299 0.68828601 4278321916
-0.35735399 0.081284598 0.67575598 4283124659
-0.0104794 0.133803 0.67051399 4278190334
-0.031470601 -0.0988397 0.67966199 4278190334
-0.0130705 -0.114145 0.67565298 4278190334
0.40515801 0.068608098 0.66678798 4282861495
0.076753303 -0.023545999 0.69034702 4278190334
-0.272358 -0.172084 0.65584099 4280756183
0.26759401 0.25834301 0.60893101 4281282511
0.42443001 -0.0101509 0.66568297 4283322032
-0.00100821 -0.190272 0.64835501 4278190334
0.25669599 0.16532201 0.65907198 4279506154
0.098580703 -0.137409 0.66933799 4278256125
0.39262101 0.167556 0.64174199 4284901016
0.167153 -0.091721997 0.68058097 4278716662
0.168237 -0.27994201 0.59333998 4279900900
0.299647 -0.166372 0.65793401 4280164064
0.16500001 0.0062342002 0.69029403 4278716662
0.59169501 0.033901501 0.561261 4294967040
0.300818 0.144218 0.666471 4279900900
-0.178791 -0.078233197 0.68339503 4279571945
0.00105378 0.17566299 0.65526003 4278190334
0.067900099 -0.166521 0.65809101 4278321916
0.42914999 0.0033567101 0.66399997 4283650987
-0.109868 0.220964 0.63234502 4278387707
0.46921501 -0.146935 0.61975902 4285624717
0.045208499 0.0148442 0.69007403 4278190334
-0.0053707701 -0.18170799 0.652439 4278190334
0.49898699 0.054613799 0.62836999 4289045849
0.41902801 0.0250194 0.66746902 4282861495
0.63857597 -0.0088101299 0.50909901 4294967040
0.349125 0.28371301 0.582142 4282993077
0.44411501 0.27698299 0.55360901 4287927402
-0.0246913 -0.211183 0.63805598 4278190334
0.17943799 0.172842 0.65646797 4279637736
0.48776999 -0.078397699 0.63084799 4290953788
0.34417301 0.145753 0.66083902 4280624601
0.472801 -0.27575701 0.53842002 4288848476
0.023121201 0.19303299 0.647533 4278190334
0.054332301 0.074891001 0.68449003 4278387707
0.405736 -0.40116701 0.39923599 4284703643
0.059579499 0.101418 0.678967 4278453498
-0.039631601 0.410983 0.423783 4278321916
-0.0510749 -0.231058 0.62696099 4278190334
0.37036699 0.0365819 0.67911297 4280690392
0.44170699 0.183103 0.61720997 4286677373
0.44580999 -0.16737799 0.62325799 4285953672
-0.18700001 -0.35782999 0.51328498 4278914035
0.538836 0.15080801 0.57491797 4294967040
0.0175063 0.080629297 0.68278199 4278190334
0.230276 0.0184588 0.68989497 4278650871
0.29723501 0.23882499 0.621544 4280887765
0.234633 0.30527201 0.57057601 4281085138
0.68458498 0.070626199 0.41898099 4294967040
0.340644 0.394604 0.44660899 4282795704
0.042336602 -0.046592299 0.68832201 4278190334
0.112053 0.099597797 0.67965102 4278453498
-0.101754 0.0122421 0.69072902 4278585080
0.0303392 -0.13026799 0.67140299 4278190334
-0.36323699 -0.185377 0.64168602 4282335167
0.303617 0.129262 0.670533 4279966691
0.394122 -0.068083003 0.66952097 4281348302
0.19253799 -0.30366999 0.57250398 4280295646
0.11544 0.14780299 0.665932 4278848244
0.56057698 0.31222501 0.39903599 4292598563
0.36420101 0.41565299 0.389121 4283519405
0.182016 -0.065957397 0.68529099 4278650871
0.00221691 0.151223 0.66442698 4278190334
0.64471698 -0.148112 0.45413601 4294967040
0.157967 0.305195 0.57079297 4278650871
0.421143 -0.053319 0.66394901 4282598331
0.28007999 -0.29150501 0.58370501 4280756183
0.120888 -0.180325 0.65261 4278914035
0.593674 0.087424196 0.54820502 4294967040
0.401223 0.088425197 0.66359198 4281940421
0.176092 -0.127285 0.67214298 4279242990
0.376739 -0.16085599 0.648803 4281808839
-0.048620801 -0.00545177 0.690341 4278256125
0.44998199 -0.090153798 0.64588797 4284308897
-0.173467 0.043790601 0.68823498 4280229855
-0.028262399 0.106084 0.67808098 4278190334
0.57961702 0.088886298 0.56237102 4293453846
0.32328999 0.20759401 0.63665903 4283322032
0.205542 0.078730904 0.68370599 4279111408
-0.158857 -0.0054136799 0.69050699 4278716662
0.26946199 -0.25689101 0.60979903 4281479884
-0.129832 -0.072651997 0.68458998 4278848244
-0.42045599 -0.111068 0.65294999 4284966807
0.186131 -0.19934601 0.64353597 4279966691
0.177802 0.132792 0.669949 4278716662
0.33226901 -0.0023104199 0.68690699 4280756183
-0.269198 0.25398201 0.61181003 4280624601
0.19227199 0.232596 0.62598002 4279506154
0.101322 -0.12923899 0.67182201 4278585080
0.447341 -0.057556 0.653229 4283650987
0.39059401 0.16567101 0.64342397 4284506270
0.26946101 -0.15212899 0.66404802 4280558810
0.23310301 0.092308499 0.68091202 4279242990
0.203017 0.17329399 0.65576202 4278979826
0.309847 -0.087655902 0.68046802 4279769318
0.40625799 0.046082899 0.66953301 4284506270
0.220044 0.40757799 0.43234301 4280098273
-0.36480299 -0.140882 0.65876901 4284111524
-0.026763899 -0.0382112 0.68896103 4278190334
-0.0063711801 -0.25086799 0.61432201 4278256125
-0.036198098 -0.30677101 0.57006103 4278190334
-0.125278 0.0991567 0.67936802 4278453498
0.51756001 0.0476574 0.61852998 4287795820
0.15404201 -0.083109602 0.68243998 4278387707
0.030520599 -0.35839301 0.51344901 4278387707
0.306972 -0.178656 0.65219897 4280624601
0.30617499 0.081898503 0.68155801 4280229855
0.0530378 -0.0160644 0.69042897 4278190334
0.35437301 -0.089057103 0.67446399 4280427228
0.45498899 0.231611 0.583278 4286743164
0.034444802 0.160445 0.66065001 4278256125
0.17762201 0.15419801 0.66329598 4279308781
0.38669699 -0.087297 0.66812801 4282729913
-0.081854299 -0.0267647 0.689879 4278387707
0.0154919 0.104795 0.67848498 4278190334
0.1296 0.400148 0.44691199 4278914035
0.46529299 0.184857 0.60528398 4287137910
-0.00384165 0.23682199 0.62282997 4278256125
0.45415899 -0.055234902 0.65074098 4284243106
-0.142442 0.041976102 0.68831599 4278848244
0.48872799 -0.17216399 0.59839898 4290756415
0.31340501 -0.20709699 0.63835299 4281808839
0.19674499 -0.077119902 0.68344998 4279111408
0.59693599 0.0119407 0.55751699 4294967040
0.17515901 0.26530501 0.60395002 4278782453
0.402686 -0.116707 0.65723002 4282532540
-0.074547797 -0.0201692 0.68967098 4278190334
0.319002 -0.227111 0.62686503 4282137794
0.52569002 0.018735901 0.61560303 4292664354
0.46179801 0.12847701 0.63032299 4286480000
0.46140701 0.0486078 0.64817399 4286282627
0.385425 -0.13307901 0.656753 4282203585
-0.285155 0.15434299 0.66272998 4280624601
0.074541204 -0.0175536 0.690575 4278387707
-0.165519 -0.0396051 0.68854302 4279374572
0.31053701 -0.081616201 0.681683 4279242990
0.146053 0.178808 0.653005 4278453498
0.27243099 -0.273826 0.59727103 4281150929
0.64143598 -0.24348199 0.343505 4294506502
0.39285699 -0.192495 0.63084102 4283716778
0.62447298 0.0230613 0.52641499 4294967040
0.037346099 0.31742001 0.55966401 4278190334
-0.099393301 -0.134846 0.669842 4278585080
0.156517 0.148252 0.66540802 4279242990
0.18784299 0.27358001 0.59782398 4279111408
0.45894501 0.032500301 0.65143502 4286151045
0.230599 0.168166 0.65784901 4279374572
-0.25736499 0.016609401 0.68995899 4280427228
0.32171401 0.099019803 0.67691898 4280690392
-0.22354899 0.26280901 0.60533601 4279769318
0.42358899 -0.069692098 0.66045702 4282400958
-0.39217201 0.0036309599 0.67533797 4284966807
0.45215601 0.34335199 0.473153 4288256357
0.411145 0.203723 0.61855 4284243106
0.25488499 0.025737699 0.68931299 4278848244
0.038827799 0.023293801 0.69016802 4278190334
0.57634002 0.201574 0.509956 4294177547
0.183221 0.090116702 0.68176198 4278848244
0.55065298 -0.17025299 0.55563802 4294967040
0.37327299 -0.12816 0.66115803 4281808839
0.29343301 -0.102422 0.67885798 4280624601
0.325113 0.0223547 0.68693697 4278914035
-0.404466 0.136978 0.650473 4284111524
0.342482 -0.33347401 0.53620797 4283124659
0.57854998 0.31779999 0.34343001 4291216952
0.097801797 0.132135 0.67025298 4278453498
0.0575088 -0.104905 0.67818499 4278256125
0.41708699 0.29738 0.54752302 4285822090
0.067122303 -0.141692 0.66711301 4278387707
0.29385799 -0.41101599 0.42320299 4281611466
0.48609999 0.24077301 0.55887997 4291282743
0.27447101 0.393769 0.45767999 4280887765
0.449808 0.16861901 0.62033701 4285953672
0.40131 0.082272597 0.66498202 4284769434
0.00499275 0.274939 0.597058 4278190334
-0.402273 0.0360994 0.67093199 4283848360
0.087232798 0.184019 0.65169299 4278256125
0.13026699 0.046028402 0.68823099 4278387707
0.35317799 -0.084809199 0.675632 4280690392
0.46152699 -0.0093604196 0.65147901 4286940537
-0.063575096 0.044861201 0.68785298 4278321916
0.094613098 -0.189236 0.64833999 4278387707
0.436811 -0.238189 0.58748001 4285361553
0.30935901 -0.264494 0.60298502 4281282511
0.611691 0.17465 0.486801 4294967040
0.37430501 0.23072401 0.61444598 4283914151
0.34202999 -0.152926 0.65914899 4281019347
0.13503601 -0.0516259 0.68738401 4278650871
-0.080248103 0.163647 0.66016299 4278256125
-0.271806 0.22140101 0.63210303 4281611466
0.37763 -0.27365199 0.58399397 4284440479
-0.32685301 -0.182836 0.64861101 4282861495
0.35522601 0.0991605 0.672562 4282598331
0.425933 0.19503599 0.61838901 4286348418
0.059995499 0.24508899 0.61815 4278190334
-0.189083 -0.193905 0.64713401 4279506154
0.327272 -0.25301 0.60964 4282006212
0.153741 0.33181399 0.54489797 4279308781
0.34699699 0.28402299 0.58245599 4282400958
0.46664 -0.085343599 0.63965601 4285032598
0.42111301 0.093916498 0.65618199 4284045733
0.42284399 -0.0068323198 0.66595 4281808839
0.272221 -0.181343 0.65181202 4280558810
0.159336 0.138091 0.668845 4278848244
0.369403 0.239894 0.61032301 4283124659
0.45826 0.21457 0.59301901 4286414209
-0.31779599 0.26814699 0.59930998 4281808839
0.457901 -0.121867 0.63438201 4286874746
0.37629601 -0.15491299 0.65091199 4282598331
0.179896 0.073592603 0.68488199 4278519289
0.195556 0.29694301 0.57830399 4279177199
0.33634001 0.33204499 0.53813303 4284045733
-0.44565201 -0.19886599 0.60721701 4284374688
0.246131 -0.029884201 0.68933302 4279242990
0.274288 -0.15759701 0.661475 4280164064
0.071917199 -0.048085101 0.68829501 4278256125
0.196095 -0.240363 0.62074399 4279045617
0.124506 -0.20731799 0.639548 4278387707
-0.136243 -0.227109 0.62904298 4279440363
0.093205802 -0.21049701 0.63833398 4278650871
0.62682301 0.093416698 0.50868303 4294967040
-0.15808401 0.073061503 0.68419302 4278585080
0.162524 -0.122655 0.67349601 4278848244
0.27009401 0.033211399 0.68891603 4279111408
0.0183267 0.067180797 0.68558699 4278190334
0.24890099 0.0282053 0.68961 4278848244
0.4346 0.057191901 0.65879703 4283058868
-0.25482801 0.030355699 0.68901998 4280032482
0.379574 -0.41921601 0.36942399 4284111524
-0.0826125 -0.333242 0.543248 4278453498
-0.49509901 -0.114489 0.61756003 4284901016
0.265764 0.24994799 0.61464399 4280953556
0.283759 0.0088211503 0.69001102 4279111408
0.300708 -0.0083585698 0.68952399 4279111408
0.25521201 -0.221349 0.63285702 4280887765
0.49603799 0.165295 0.59808201 4288058984
-0.0029887201 0.38741401 0.46946299 4278256125
-0.274257 -0.219634 0.633169 4282137794
-0.098161802 0.123235 0.67318302 4278519289
0.50663501 0.070755303 0.62182999 4288519521
0.186453 -0.0149047 0.68985701 4278453498
0.113001 0.216965 0.63482398 4278914035
0.303886 0.131633 0.67005998 4281545675
0.48363 0.315584 0.485753 4288651103
0.02974 -0.0426962 0.68849301 4278190334
0.583884 0.122289 0.54701197 4294967040
0.31136701 -0.25587001 0.60878998 4281150929
0.233869 0.086517401 0.68216699 4278848244
0.57514602 -0.132874 0.55043602 4294769666
0.258533 -0.075428799 0.68416101 4279045617
0.208957 -0.12923799 0.67123801 4278848244
0.421709 0.290023 0.55300999 4288453730
-0.32321799 0.105258 0.67518598 4282400958
0.31724799 0.27790701 0.59218901 4282137794
0.48638201 -0.089236997 0.628842 4290756415
0.501535 0.0538387 0.627675 4288980058
0.0172472 0.144926 0.66632098 4278190334
0.25712401 0.19253699 0.64710897 4280427228
0.28331399 0.191257 0.64807999 4279900900
0.43721199 0.000499963 0.661358 4286151045
0.42891201 0.206145 0.61064601 4288585312
0.20817401 0.131474 0.67036098 4278848244
0.0707739 -0.408575 0.42835799 4278321916
0.31196901 -0.072407603 0.683752 4280098273
-0.23537201 0.348483 0.52574098 4279637736
-0.061025601 -0.0317582 0.688977 4278453498
0.071700603 0.0084798904 0.69064599 4278256125
-0.121319 0.00026977301 0.69014299 4279111408
0.40091401 0.085765801 0.66418701 4281808839
0.57718998 -0.128271 0.55137098 4294111756
0.28273401 -0.193634 0.64646602 4280427228
0.61409497 -0.040384799 0.53703803 4294967040
-0.29719099 -0.23403101 0.62393898 4280756183
0.57846701 -0.234078 0.47993299 4294967040
-0.27769101 -0.0976106 0.68023598 4280821974
0.315862 0.021424901 0.68797898 4279835109
0.42018199 -0.17820001 0.62784702 4285229971
0.038058799 -0.18786301 0.64945197 4278256125
-0.07852 0.220448 0.63315099 4278256125
0.53415698 -0.032296501 0.60831499 4290295878
0.69117802 0.0527968 0.40854901 4294967040
0.40146199 0.133718 0.65190101 4284703643
0.34648401 -0.0072008502 0.68559301 4279835109
0.477754 0.042743001 0.64070803 4286874746
0.426052 -0.0176936 0.66542298 4283716778
-0.32821101 -0.15240601 0.66131401 4281743048
0.118604 0.275906 0.59621799 4278585080
0.55344701 0.099398904 0.58138901 4292598563
0.349599 0.177513 0.64750499 4282072003
-0.23304 0.075590402 0.68414599 4279703527
0.37064099 -0.074165598 0.674209 4281545675
-0.25751099 -0.156746 0.66242802 4280756183
0.376863 -0.187538 0.63765699 4285032598
-0.325075 0.037929099 0.686813 4281743048
0.38810501 0.0215494 0.67583603 4283256241
0.63453197 -0.0162788 0.51336998 4294967040
0.28705201 0.165117 0.65903503 4279966691
-0.49255699 0.0334723 0.63447398 4285493135
0.0123911 0.22137301 0.63276601 4278256125
0.099299401 0.15547501 0.66322601 4278321916
0.0118232 0.0226542 0.68968803 4278190334
-0.061041899 -0.118709 0.67478698 4278190334
-0.23743699 0.31605199 0.56023598 4280098273
-0.0010115 0.0256113 0.689798 4278190334
0.31676701 -0.18638501 0.64808202 4282137794
0.109526 0.118802 0.67466599 4278256125
-0.341537 -0.33013499 0.53938699 4281874630
0.070990197 -0.41783699 0.40669399 4278453498
-0.31316999 -0.049022399 0.68679398 4281348302
0.0291586 -0.0079837404 0.69004798 4278190334
0.617055 -0.058056202 0.53090799 4294967040
0.48367399 0.0205098 0.63962001 4287006328
-0.042802799 0.265683 0.604056 4278321916
0.55501801 -0.0075270399 0.59458899 4293388055
0.0753434 0.13803899 0.66835803 4278321916
-0.162938 0.076125696 0.68385899 4278848244
0.305792 0.17210101 0.65585899 4280690392
0.44648099 -0.0253838 0.65692103 4285822090
0.55736297 -0.0285127 0.59176099 4294638084
0.627895 -0.073757499 0.51286 4294967040
0.600824 -0.22827099 0.453751 4294967040
0.26370999 -0.211639 0.63785899 4281216720
0.097086497 0.13729499 0.66869098 4278321916
0.177019 -0.22077 0.63271898 4279571945
-0.094412498 -0.14134599 0.66729403 4278979826
0.14318199 -0.183715 0.65091997 4278716662
0.36536801 -0.166739 0.64907098 4281545675
0.61814398 -0.0057747099 0.53495997 4294967040
-0.099032298 0.026764501 0.68954402 4278519289
-0.108478 0.320149 0.557046 4278650871
0.0212026 -0.28585699 0.58758003 4278190334
0.34186 -0.157764 0.65713799 4281216720
0.309441 -0.088309497 0.68018198 4280624601
0.39906299 -0.13522901 0.65178299 4283650987
0.25214201 0.0035800301 0.69084299 4279111408
0.202527 0.283216 0.59046698 4279637736
-0.150874 -0.16632301 0.65844202 4278650871
0.137244 -0.027889401 0.68942899 4278519289
0.386733 -0.053639799 0.67338401 4280821974
0.35929599 0.32023299 0.546058 4284177315
-0.120251 0.26569599 0.60381401 4278782453
0.46121901 0.173659 0.61236799 4286545791
0.115591 -0.39124 0.463135 4279242990
0.032023899 0.067884997 0.68540001 4278190334
0.52061301 0.138109 0.59317797 4291151161
0.39530101 0.093427002 0.66474599 4283387823
-0.0356046 0.174307 0.65530801 4278256125
0.074342303 0.074496597 0.68449098 4278256125
0.21693701 -0.097236902 0.67989099 4279308781
0.16627599 0.0179554 0.68988699 4278650871
0.39519799 0.070046797 0.669155 4283190450
0.233215 -0.020845801 0.689776 4278848244
0.36057699 -0.233485 0.61632001 4284045733
0.40472099 -0.038501501 0.67075199 4282335167
0.309232 -0.184765 0.649863 4280624601
0.32933301 0.41948801 0.39601299 4282400958
0.00318179 0.086378403 0.68207902 4278190334
0.238277 -0.28191999 0.59181398 4281216720
0.054173298 -0.0117912 0.69013798 4278190334
-0.122493 0.035625 0.68933499 4278387707
-0.088339597 0.236664 0.62289798 4278519289
-0.43125299 0.11467 0.64744198 4284769434
0.108624 0.018129701 0.69027698 4278321916
-0.27555099 0.19902501 0.64399201 4280953556
0.407121 -0.039484899 0.67006803 4283650987
0.52000397 -0.18333501 0.57297099 4291677489
0.41863799 0.124775 0.649409 4283585196
0.36886901 0.147746 0.65544403 4281874630
0.096699998 -0.18871599 0.64888197 4278387707
-0.060423698 -0.18924201 0.64910501 4278321916
0.196257 0.28619501 0.58749598 4279637736
0.094044499 -0.13975801 0.66833901 4278387707
0.015625 -0.059805099 0.68655097 4278190334
-0.075826697 0.18768799 0.649854 4278321916
0.46893999 -0.116034 0.63060999 4287664238
0.115335 -0.160662 0.66119403 4278453498
0.38510299 -0.25347301 0.59689897 4284308897
0.342435 0.11902 0.66925102 4282664122
-0.17709 0.222168 0.63126099 4279571945
0.37699801 -0.165365 0.64699 4282993077
0.53922302 -0.0083484696 0.60631698 4291282743
0.62200803 -0.11154 0.50736803 4294967040
0.15829401 -0.192057 0.64795399 4278979826
0.069285497 0.29044801 0.58464801 4278519289
0.59258902 -0.041501999 0.55982298 4294967040
0.138423 0.25030199 0.61439598 4279308781
0.38208601 -0.118361 0.66170901 4283190450
0.105974 -0.074533001 0.683815 4278256125
0.093991801 0.108923 0.67748302 4278453498
0.35896 -0.046852201 0.68070602 4280821974
0.56580102 -0.232296 0.49693701 4294769666
0.487694 -0.15755799 0.60591698 4288651103
0.36448199 -0.221212 0.62205797 4282203585
-0.31154099 0.223377 0.63003302 4282269376
0.084642798 0.055985399 0.68713897 4278190334
0.060603801 -0.097300999 0.67954099 4278190334
0.34193701 0.075391904 0.67939103 4279637736
0.47999099 -0.315974 0.48892 4288387939
0.29806599 -0.086754501 0.68169099 4279045617
0.043007899 0.0804848 0.68304002 4278256125
0.23995399 0.16903 0.657592 4279571945
0.120343 -0.249061 0.61513901 4279242990
0.191742 -0.091070399 0.68075299 4278585080
-0.12622701 -0.10206 0.67885703 4278848244
0.31191999 -0.067954503 0.68389201 4280098273
0.0240489 -0.062643804 0.68622899 4278190334
0.196551 0.21739499 0.633982 4280164064
0.320916 -0.088142604 0.68002498 4279440363
0.372915 0.200885 0.63205498 4284966807
-0.018095 0.063393198 0.68563002 4278256125
0.47169599 0.0602431 0.64190203 4285756299
0.42699501 -0.178709 0.62503201 4284637852
0.58446902 0.0185777 0.56947601 4294967040
0.32828799 -0.016708899 0.68752098 4280032482
0.130586 -0.33717999 0.538876 4278716662
0.068363398 0.103379 0.67813998 4278256125
0.120568 -0.180351 0.65255499 4278716662
0.65088499 -0.039572999 0.488626 4294967040
0.56575799 0.20578 0.518879 4294506502
0.185123 -0.049713999 0.68809998 4278519289
0.406192 0.141477 0.64801699 4285493135
-0.329216 -0.15975399 0.65809 4282927286
-0.076382399 -0.073934197 0.684196 4278387707
0.0149552 0.144952 0.66608399 4278190334
0.48062801 -0.32947001 0.46980101 4291085370
0.249056 0.059636999 0.68690997 4278716662
0.469612 -0.17200799 0.60939503 4288190566
0.48039401 -0.0607839 0.63704401 4288848476
-0.099886402 0.092514597 0.68073899 4278387707
0.078085601 -0.011318 0.689906 4278321916
-0.165738 0.00697297 0.69070101 4278914035
0.61293501 0.13702001 0.507025 4294967040
0.047585599 0.12971599 0.67138201 4278190334
-0.37532699 0.227595 0.61652899 4282993077
0.39073899 0.32161099 0.53398001 4283979942
-0.065917999 -0.210933 0.638291 4278585080
0.56093299 0.0093975998 0.59006202 4294506502
0.219881 -0.140403 0.668284 4279177199
0.420784 -0.0236989 0.66597301 4285295762
0.39670199 0.30670899 0.54712403 4286414209
-0.083619803 -0.167098 0.65826899 4278190334
0.390028 -0.0036204599 0.67622501 4282466749
0.020006301 -0.027186001 0.689996 4278190334
0.37622699 -0.082182698 0.67181098 4281743048
0.072365902 -0.125884 0.67278999 4278387707
0.26925701 0.156331 0.66239297 4280361437
0.407906 0.029362099 0.67053097 4283124659
-0.31910601 0.311322 0.56299102 4281414093
0.0132929 0.214793 0.63574499 4278190334
-0.204399 0.26510701 0.60391498 4279308781
0.428496 -0.022862 0.66354197 4282532540
0.0275112 0.13119499 0.671377 4278190334
-0.109143 -0.32183501 0.55548698 4278848244
-0.0532532 -0.043195002 0.68872201 4278321916
0.37764901 -0.20128401 0.63077301 4283256241
0.119001 0.123608 0.67355198 4278848244
0.075140603 0.124637 0.672553 4278256125
-0.34361899 -0.30465499 0.564538 4281282511
0.288214 -0.29822499 0.57779902 4282927286
0.337136 0.062984899 0.682437 4279308781
0.37002301 -0.053077798 0.67773598 4280558810
-0.31286299 0.217264 0.63262802 4282795704
-0.031746801 -0.243927 0.61842901 4278190334
0.027465001 0.113208 0.67568099 4278190334
-0.128489 -0.21505 0.63565701 4279374572
0.32041699 -0.046934102 0.68594998 4280164064
-0.052485101 -0.228085 0.62812799 4278190334
0.093873501 0.206515 0.63977599 4278519289
0.35909501 0.40935901 0.409125 4283782569
0.62698901 -0.073318802 0.51412499 4294967040
-0.0130942 -0.080916002 0.683586 4278190334
0.029602701 0.19248401 0.647425 4278190334
0.0852874 -0.14222699 0.66768599 4278387707
-0.091260798 0.0087980004 0.69079399 4278848244
0.423796 -0.229302 0.59911901 4285361553
-0.15675899 -0.055467699 0.68691403 4278979826
-0.0676094 0.112853 0.675807 4278321916
0.59448898 -0.22995099 0.46204701 4294967040
0.54877502 -0.0347551 0.59771502 4293388055
0.332773 0.061856899 0.68272197 4279308781
0.46190101 0.017295299 0.65052497 4284177315
0.143672 0.104359 0.67829001 4278585080
0.432742 -0.16517401 0.62984502 4285032598
-0.176772 -0.137569 0.66940999 4279045617
0.204795 0.110793 0.67659903 4278716662
-0.413921 -0.088283502 0.66041601 4284966807
0.19762699 -0.135594 0.66986799 4278848244
-0.32339901 -0.248523 0.61329502 4281874630
0.52719802 0.154084 0.581384 4289637968
0.44323599 0.027140001 0.657812 4286480000
-0.0415616 0.066110499 0.68575299 4278190334
0.0016393299 -0.064554103 0.68569797 4278190334
0.34637699 -0.244434 0.61226302 4282795704
0.71288002 0.0129679 0.35384601 4294967040
-0.142104 -0.25369999 0.61157602 4279045617
-0.242017 0.104803 0.67761302 4281677257
0.016579799 -0.129482 0.67110598 4278190334
0.419101 0.099070899 0.65637398 4283256241
0.43552101 0.179528 0.62144202 4285493135
-0.201517 0.162312 0.659733 4279571945
0.452912 -0.175107 0.61607802 4286874746
0.337098 -0.187521 0.64468199 4282203585
0.246889 0.28393999 0.58936203 4280821974
0.403265 -0.130072 0.65210301 4284835225
0.61635298 -0.107863 0.51648903 4294967040
0.110678 -0.056910101 0.686665 4278453498
0.44606099 -0.0075124698 0.657839 4286151045
0.13379601 0.0863434 0.68208301 4278387707
0.43382901 0.014944 0.66240299 4283716778
-0.40238899 0.110374 0.65884501 4284045733
0.38982099 -0.166814 0.64270598 4284440479
0.17736 -0.156707 0.66192299 4279242990
0.26734 0.01551 0.69052202 4279242990
0.065499596 0.017774699 0.68981999 4278190334
0.337892 -0.319691 0.55088502 4284572061
-0.0870867 0.058734201 0.68651903 4278519289
0.32632399 -0.128617 0.66855299 4279966691
-0.069502503 -0.29202101 0.58319998 4278256125
0.369499 -0.095260203 0.67107803 4282532540
0.56221002 0.022241199 0.58825701 4291874862
0.36450699 0.196073 0.63592601 4283124659
0.47831199 0.122317 0.62434798 4286545791
0.40900299 -0.146606 0.64565402 4283387823
-0.24492 0.032752201 0.689363 4279966691
0.136847 -0.141471 0.6674 4278519289
-0.267317 0.18457399 0.65051299 4281348302
0.054058701 -0.048988301 0.68830597 4278190334
0.083219297 0.0082022697 0.69086099 4278190334
0.180565 0.0502996 0.68788803 4278519289
-0.31066999 0.25435099 0.61070299 4281940421
0.017590599 0.00911678 0.69042403 4278190334
0.51137698 -0.109324 0.60885102 4291940653
0.269427 0.344699 0.529342 4281479884
0.224271 -0.372729 0.49250299 4280032482
0.090161398 0.209207 0.63883698 4278782453
0.455764 -0.036644101 0.65241599 4284966807
0.63600999 0.075191401 0.50182599 4294967040
0.053202301 -0.347691 0.52539098 4278190334
0.19295 -0.27543199 0.59577501 4279835109
0.243255 0.125102 0.67294598 4279045617
0.085611999 0.15493201 0.66279101 4278321916
0.39765301 0.077559799 0.666673 4284111524
0.38591799 0.29134199 0.56597197 4285493135
-0.118293 0.141911 0.66723299 4278453498
0.23673899 0.0141692 0.69052303 4278519289
-0.40226099 0.0864482 0.66386199 4284572061
0.131161 0.146226 0.66613102 4278716662
0.271842 -0.109841 0.67728001 4280361437
0.192004 -0.30525801 0.57134199 4279835109
0.68142802 0.076034397 0.42511401 4294967040
0.112293 0.083745301 0.68267697 4278519289
-0.057355698 -0.13377599 0.67023897 4278321916
0.39708799 0.0164892 0.67388099 4282335167
0.62260598 -0.074291699 0.520477 4294967040
0.45362401 0.254109 0.56705302 4288980058
0.0554513 -0.246512 0.61750102 4278453498
0.020815 -0.047449 0.68819398 4278190334
0.070970498 -0.0143029 0.68977702 4278190334
0.48645401 -0.208667 0.57950902 4288256357
-0.068839602 -0.104309 0.67872101 4278190334
0.42806101 -0.124228 0.64598799 4286282627
-0.102313 0.26563999 0.60389102 4278519289
0.317693 0.17317501 0.65440899 4280624601
0.51958299 0.249301 0.52623397 4291348534
0.26795399 0.35376599 0.51900601 4281085138
-0.24322 0.36293 0.50683302 4279506154
0.16380601 -0.21506201 0.63575798 4278782453
0.32979599 -0.18478499 0.647443 4280756183
0.0237197 -0.33940199 0.535855 4278190334
0.231976 0.063097998 0.68627 4278848244
0.58141899 -0.133325 0.54443002 4294967040
-0.14916199 0.29348499 0.58115 4279177199
0.075947396 -0.106687 0.67802 4278190334
0.083885603 0.0482595 0.68795198 4278387707
0.360937 0.13547701 0.66165298 4282598331
0.288275 0.119324 0.67425102 4279374572
0.112134 -0.27425399 0.59741497 4279177199
0.52386898 -0.272641 0.50096399 4291151161
-0.055127699 0.074120604 0.684618 4278190334
0.168341 0.151115 0.66472501 4278848244
0.35551199 -0.219569 0.62568003 4282006212
0.47086099 0.14209101 0.620767 4285953672
0.31886199 -0.104432 0.67664599 4280821974
0.62279499 -0.152144 0.48591501 4294967040
-0.0874658 -0.197484 0.64453101 4278519289
0.34079501 0.034273099 0.68480098 4279769318
0.47258401 -0.029674601 0.64543802 4285953672
0.62049502 -0.097839601 0.51485097 4294967040
0.35115999 -0.181521 0.64537698 4283322032
0.0146185 -0.0125371 0.69016701 4278190334
0.43574801 -0.075601302 0.654697 4285098389
0.43733299 -0.076291896 0.65439099 4282532540
0.0062083802 -0.36656299 0.50118899 4278190334
0.067327797 0.134159 0.67050302 4278190334
0.243866 0.25272399 0.61248499 4281150929
0.0136367 0.099409401 0.67895401 4278190334
-0.28113601 -0.171113 0.65634501 4280887765
0.087612003 0.0072500799 0.69042999 4278321916
0.115442 0.11578 0.67553103 4278256125
0.37239599 -0.203508 0.63084102 4282729913
0.19671001 0.36186799 0.50758398 4279703527
0.49235499 -0.078214303 0.62790602 4289901132
-0.063398801 -0.082727201 0.68278098 4278256125
-0.0274994 -0.021403201 0.68999201 4278190334
-0.070730597 0.0743623 0.68419898 4278190334
0.421076 0.069330797 0.660932 4283848360
0.48255101 0.054878201 0.63771099 4287203701
0.60437101 -0.180783 0.491669 4294967040
-0.38402399 0.101823 0.66520602 4284243106
0.225053 -0.032543398 0.68954003 4278650871
0.27266401 0.045319699 0.68779403 4279045617
0.43217599 -0.21668801 0.60361201 4286019463
0.146869 -0.200601 0.64345801 4278585080
-0.16322701 0.37946099 0.48260599 4278782453
0.27762601 -0.283912 0.589495 4281677257
0.073399901 0.34372199 0.53102899 4278453498
0.240181 -0.23988301 0.62087202 4281216720
0.373281 0.12418 0.66242802 4283782569
0.126625 0.135148 0.66951299 4278453498
0.0292926 0.055199299 0.68695301 4278190334
0.25978699 0.0452509 0.68842399 4278914035
-0.230492 0.135864 0.66937298 4279637736
0.056896701 -0.30125201 0.57452798 4278190334
0.14711501 -0.093236104 0.68031502 4278585080
0.46648401 0.046429101 0.646478 4289111640
0.353012 -0.18225101 0.64534998 4281677257
0.094822302 0.21891101 0.63345897 4278387707
0.553312 -0.178901 0.548522 4294967040
-0.0290068 -0.093151301 0.68103403 4278190334
0.451886 0.083697103 0.64690101 4284835225
0.48661 0.33341801 0.458574 4289309013
0.20031001 -0.120148 0.67461401 4279111408
0.38453901 -0.223993 0.61617202 4283453614
0.045662299 -0.15887401 0.66195703 4278190334
-0.30182299 0.0025736501 0.68985099 4281677257
0.14256901 -0.269283 0.60118401 4279111408
0.57776803 -0.21295799 0.49988201 4294769666
0.56478399 0.14478099 0.55523002 4292927518
-0.30741 -0.216508 0.63394803 4281808839
-0.31619501 -0.104526 0.67623502 4282269376
0.200177 -0.0148559 0.689996 4278519289
0.248023 -0.37163201 0.49425599 4280427228
-0.037818201 -0.043416299 0.688326 4278190334
0.491018 0.0204283 0.63588297 4288585312
0.196853 0.38628 0.47167099 4279308781
0.60459101 0.10755 0.53096497 4294967040
0.27520201 0.141645 0.66761702 4280295646
0.29453 0.23479401 0.62395602 4280427228
0.55979198 0.118359 0.57006198 4294703875
0.475283 -0.25395799 0.55484903 4289111640
-0.051569 0.041538499 0.68891001 4278256125
0.27985299 0.210998 0.63828599 4279966691
-0.071474098 0.092223801 0.68094099 4278256125
0.096703202 0.12182 0.67350799 4278716662
0.12452 -0.229121 0.62767702 4279111408
0.21929 -0.381432 0.47982901 4280624601
-0.12816501 0.35567701 0.51546699 4279045617
0.315081 0.412725 0.41514301 4282269376
0.075549103 -0.0447261 0.68823701 4278453498
0.156534 -0.0127117 0.69037801 4278453498
0.56316501 0.0042146002 0.58773398 4293980174
-0.083457798 -0.037340399 0.68890202 4278190334
0.440409 0.0072919098 0.65968102 4283256241
-0.110733 -0.123078 0.67328399 4278979826
0.41434899 0.0382859 0.66735703 4282664122
0.32303101 0.118341 0.67206502 4280558810
0.585823 -0.0799312 0.55826497 4294967040
0.269822 -0.123604 0.67269599 4280229855
0.34181201 0.38000599 0.47333801 4283782569
0.113532 0.31195101 0.56527799 4278782453
0.138237 0.103361 0.67818701 4278979826
0.221011 0.185055 0.65037602 4279769318
0.072484002 -0.057569701 0.68662602 4278387707
-0.241302 -0.118836 0.67434001 4280493019
-0.41899201 -0.070987903 0.66224903 4285427344
0.39871901 -0.17262 0.63784498 4285953672
0.486164 -0.134526 0.61548698 4288651103
0.575418 -0.30236599 0.390414 4293388055
0.32625499 0.065537199 0.682648 4279769318
0.13687199 0.28449401 0.58867699 4278848244
0.282686 -0.331763 0.54417503 4280427228
0.066901103 0.051111799 0.68753397 4278387707
-0.024985099 0.31582299 0.56053299 4278190334
0.41714901 -0.25519601 0.58331698 4285756299
0.33324599 0.041940499 0.68470901 4279111408
0.44016901 -0.0270158 0.65960997 4284506270
-0.0204586 -0.26041999 0.60706598 4278190334
0.48281699 0.194628 0.59012598 4290295878
0.41224501 0.0212586 0.66951501 4282993077
0.317415 0.1499 0.66297698 4281545675
-0.204372 -0.051268 0.68796998 4279900900
0.00198319 0.0509593 0.68757898 4278190334
-0.48084301 -0.076250903 0.63521397 4285098389
0.40145499 0.078217797 0.665748 4284045733
-0.023399301 0.222891 0.63178599 4278190334
-0.13323499 -0.158216 0.66215098 4278716662
0.577281 -0.049269099 0.57280201 4294967040
0.13119499 -0.15243299 0.66426599 4278387707
-0.313434 0.31239 0.56194597 4281085138
0.47610199 -0.25591701 0.55242801 4289703759
0.63804501 -0.147459 0.46612099 4294967040
0.46321201 0.328181 0.48556599 4290493251
0.40399799 0.0092460504 0.67237598 4282400958
0.504448 -0.105796 0.61440802 4291414325
0.103554 0.039142299 0.68849802 4278321916
-0.321008 -0.0155451 0.68827403 4283519405
0.54480702 0.29552099 0.448881 4292401190
0.34174201 -0.15409 0.65860599 4282203585
0.19597 0.15636399 0.66280502 4279637736
-0.14219099 -0.180145 0.65246397 4278650871
0.0277905 0.26228601 0.606049 4278190334
0.29707399 -0.37753201 0.48432201 4281940421
-0.33710399 0.303363 0.56708699 4281479884
0.308301 -0.0145445 0.68959302 4278979826
0.33888301 0.052622199 0.68319601 4280164064
0.21052501 0.13470601 0.67015803 4278782453
-0.055326 0.221963 0.63149202 4278256125
0.167225 0.092875898 0.68099397 4279111408
0.028354799 0.149005 0.66524202 4278256125
0.57932299 -0.089218102 0.56204498 4294440711
0.35456499 0.080448203 0.67640001 4280624601
-0.0208537 0.0142464 0.69031399 4278190334
-0.151434 0.0473781 0.68842399 4278650871
0.083979897 -0.15403099 0.66306502 4278256125
-0.41659099 0.27022699 0.57173097 4283190450
-0.334295 0.077044003 0.679712 4282203585
0.416502 0.097930901 0.657121 4285887881
0.56507897 -0.119972 0.56576598 4292072235
0.19461 -0.079296403 0.683644 4278585080
0.491173 -0.27859801 0.521501 4290690624
0.422959 -0.39732599 0.39245301 4285229971
-0.313907 -0.075706899 0.682558 4282137794
0.202666 0.213599 0.63685101 4279111408
0.419036 -0.12866201 0.647434 4283322032
0.32235199 0.35056499 0.51923001 4282729913
0.26826599 -0.061976001 0.685821 4279571945
-0.0231304 -0.196236 0.64601099 4278190334
-0.036818799 0.40333599 0.43986601 4278256125
0.180389 0.22313701 0.63137299 4279308781
0.37954399 0.368747 0.47790799 4284637852
0.37085399 0.347597 0.51035702 4284637852
-0.240363 -0.089021698 0.68116701 4280295646
0.45691499 0.100068 0.64044398 4285624717
-0.149583 0.084443897 0.68220598 4279637736
0.55280799 -0.123372 0.57457697 4291414325
0.24935301 0.094501399 0.68025798 4279703527
0.327764 0.077717602 0.68070298 4279242990
0.45974401 -0.29851201 0.52380502 4288190566
0.52680898 0.13648 0.588902 4290624833
0.52901697 -0.121714 0.59277201 4290032714
0.51229697 0.0363276 0.622711 4290493251
0.09093 0.090256803 0.68162298 4278387707
0.424988 -0.241037 0.59030497 4286282627
-0.15968999 0.139342 0.66865897 4278914035
-0.30265599 0.14021599 0.66746098 4281019347
0.44837299 -0.259469 0.56547499 4289374804
0.21291099 0.12546401 0.672925 4278782453
0.168806 -0.30602399 0.56998098 4279769318
0.292128 -0.084714003 0.68251699 4280098273
-0.289929 -0.33617601 0.53985202 4280558810
0.30075499 -0.221716 0.63148201 4282729913
0.25948101 0.019042799 0.68965203 4278453498
0.55125898 -0.045201 0.59433699 4293914383
0.136851 -0.040710401 0.688667 4278387707
0.26512799 -0.192228 0.64714301 4279835109
0.012254 -0.191028 0.64750701 4278256125
-0.105179 0.189923 0.648485 4278979826
0.31733799 -0.27789101 0.59237701 4282598331
0.289781 0.24302299 0.61904597 4280756183
0.143814 0.124477 0.67319399 4279111408
-0.28106701 -0.221651 0.63253999 4280558810
0.42791301 -0.20975199 0.60860097 4285822090
0.095053099 0.13186599 0.67069697 4278256125
0.28445399 -0.13015001 0.67119002 4279966691
0.264108 0.249706 0.61503601 4280098273
-0.0311209 0.00254296 0.69042403 4278190334
0.31295201 0.164969 0.65725201 4280887765
0.44779599 0.043929201 0.65493399 4287401074
0.143254 -0.234458 0.62494397 4279571945
0.037921101 -0.118841 0.67468601 4278190334
0.521685 -0.13651501 0.59316099 4290822206
0.279636 -0.25870001 0.609128 4281019347
-0.071181297 -0.33509699 0.54033297 4278782453
0.46200401 -0.32886299 0.48609799 4287335283
0.053954899 0.247565 0.616714 4278519289
0.48120499 -0.0943342 0.63007098 4285822090
0.26351801 0.318214 0.55849802 4280493019
0.49389201 0.058395699 0.63027501 4290098505
0.34999299 0.30823401 0.56093699 4282927286
0.194268 0.32139501 0.55532902 4279506154
0.35155299 0.0746345 0.67818099 4282335167
0.163067 -0.060143702 0.68625998 4278848244
-0.31794199 -0.242789 0.61667198 4282006212
0.24882799 -0.28613299 0.58747202 4279966691
0.33715299 0.25585899 0.606466 4283190450
0.039073899 0.064546101 0.685709 4278190334
-0.20593099 -0.115109 0.67600298 4279506154
-0.14503101 0.274351 0.59670502 4279045617
0.46480501 0.049975101 0.64710999 4287466865
-0.114793 -0.236203 0.623959 4278453498
0.29491201 -0.346944 0.52635998 4282598331
0.116644 0.023918699 0.68975401 4278321916
0.34809899 -0.31175101 0.557684 4282927286
0.27959701 0.120046 0.673675 4279900900
-0.204254 0.373714 0.49060401 4279835109
0.56509101 -0.084231697 0.57600701 4294967040
0.351601 0.020577 0.68402201 4279177199
0.000831154 -0.27345499 0.59731501 4278256125
0.41540101 -0.0053489101 0.66919202 4281348302
0.32470301 -0.0126269 0.68781102 4280032482
0.18485899 -0.21791799 0.63395602 4279177199
0.23911899 -0.36408699 0.50512302 4280493019
-0.224308 0.148472 0.66533399 4281019347
0.310765 0.09025 0.68017799 4279571945
0.097585 -0.12326 0.67281801 4278387707
0.51835299 0.0292252 0.61931598 4290098505
-0.13817701 0.247774 0.61577803 4278453498
-0.198743 -0.020710699 0.69050902 4279835109
0.0117917 -0.12774301 0.67148101 4278190334
0.064267203 0.159738 0.66079003 4278256125
0.49160999 -0.092086799 0.625274 4288453730
-0.110259 0.0197029 0.68982202 4278519289
-0.172952 -0.051978201 0.68770701 4279374572
0.44038999 0.120576 0.641895 4285361553
0.062001899 0.097490899 0.67983902 4278256125
0.176461 -0.143511 0.66701901 4279111408
0.093548 -0.251136 0.61369199 4278321916
0.423179 -0.095539004 0.65578598 4282927286
-0.0214868 -0.030870499 0.68942398 4278190334
0.018881099 -0.206898 0.640481 4278256125
0.077160299 -0.249936 0.61429697 4278190334
0.27173299 -0.0819778 0.68283802 4279308781
-0.349271 0.134618 0.663432 4283453614
-0.141001 -0.206342 0.64044797 4278782453
0.17911801 -0.096500903 0.68010998 4278914035
0.39418599 0.26182899 0.58747101 4285690508
0.226861 0.0273808 0.68960398 4278519289
0.39787599 0.118786 0.65772402 4283716778
0.230588 0.135446 0.66965199 4279506154
0.057721999 -0.0146761 0.69063199 4278190334
-0.046649899 -0.112181 0.67618603 4278190334
0.40501899 0.14704099 0.64595997 4284177315
-0.130915 0.24080899 0.62120402 4278716662
0.45962 0.171276 0.614537 4287795820
0.137187 0.186279 0.64989299 4278782453
0.0452048 -0.163654 0.660128 4278256125
-0.147919 -0.14527699 0.66635299 4278848244
-0.32599199 -0.081682503 0.68065798 4281677257
0.409868 -0.189927 0.62673801 4283256241
0.093092099 -0.41402599 0.41596299 4278519289
0.0363921 -0.103721 0.67804497 4278321916
0.152933 0.30076501 0.57503098 4279045617
0.31389701 0.053371299 0.68560302 4279177199
-0.184797 0.22145601 0.63186699 4279440363
0.26302099 0.0229715 0.69029701 4279308781
0.27646101 -0.203738 0.642057 4279966691
0.085073397 0.194832 0.646294 4278387707
0.34884599 0.034312598 0.68364102 4279571945
0.45115301 0.169301 0.61924499 4286480000
0.388165 -0.12741201 0.65734702 4283585196
-0.0109501 0.045879401 0.68770301 4278190334
-0.101373 -0.12281 0.67385101 4278256125
0.063133799 -0.17484 0.65517598 4278256125
0.083821803 0.0192958 0.69022 4278321916
-0.435056 -0.0238792 0.66149902 4285098389
0.41641 0.139706 0.64490402 4285558926
0.14914399 -0.035483699 0.68882 4278453498
0.068944097 0.093677603 0.68037701 4278321916
0.028438199 0.356491 0.51451498 4278190334
-0.079834104 0.196054 0.64582902 4278453498
0.036673602 -0.10083 0.67915499 4278321916
0.161753 0.204895 0.64118099 4279177199
-0.330553 0.105207 0.67455101 4282006212
0.407469 0.105527 0.65791303 4284440479
0.30711499 -0.081453197 0.68221802 4279769318
0.42536399 0.0088156201 0.66566402 4282532540
0.082894497 0.092767902 0.68075001 4278190334
0.291352 0.123343 0.67345297 4279308781
0.17705899 -0.0313989 0.689385 4278453498
-0.31123999 -0.028385401 0.68849802 4281216720
0.41509101 -0.074328497 0.66245902 4282795704
-0.058479398 0.308869 0.56756598 4278190334
-0.214261 0.024025099 0.69019598 4279440363
0.487997 0.028926101 0.63677502 4289637968
-0.021720899 0.0748972 0.684569 4278190334
0.360246 0.097763799 0.67211699 4280756183
0.200957 -0.167816 0.65751499 4279637736
-0.31550699 -0.120976 0.67244601 4281743048
0.066707999 0.0112318 0.68987101 4278190334
0.099586204 0.24392299 0.61851799 4278256125
-0.40754399 0.028782399 0.67049998 4283979942
0.30349699 -0.17902 0.65251797 4281808839
0.105034 0.098357797 0.67967999 4278453498
0.59686798 -0.16118699 0.51344001 4294703875
0.114576 -0.028349999 0.68912798 4278387707
0.51573402 -0.0735249 0.61543298 4289177431
0.45183399 0.0744358 0.64901501 4283322032
-0.328567 0.222386 0.628133 4281743048
-0.221534 -0.182062 0.65199 4281150929
0.0519321 -0.156399 0.66253197 4278190334
0.38293499 0.110867 0.66380501 4283716778
-0.25901401 0.084227301 0.68288499 4280756183
-0.110912 -0.019637899 0.69033903 4278519289
0.41190299 0.037376001 0.667943 4282861495
0.16727901 0.17272 0.65647697 4278716662
0.28460801 -0.150308 0.66430998 4279703527
-0.0087505504 0.146354 0.666049 4278190334
-0.14709 -0.076504603 0.684205 4279045617
0.13249999 -0.00101546 0.69058299 4278321916
0.38485199 -0.228174 0.61374199 4285558926
0.464315 0.181979 0.60711402 4288651103
0.302302 -0.16629501 0.65832698 4282006212
-0.360522 0.32262 0.54294097 4281677257
0.0889626 0.121201 0.67340398 4278321916
-0.130988 -0.241175 0.62094498 4278387707
0.19937401 0.123474 0.67340702 4278914035
0.227557 -0.232379 0.62618899 4279769318
0.105329 -0.105295 0.677719 4278321916
-0.051854402 0.090442903 0.68131799 4278190334
0.048585098 -0.068764098 0.68553299 4278190334
0.46914801 0.26951599 0.54557401 4287861611
0.0968787 -0.14105301 0.66757298 4278716662
0.29884899 -0.0856627 0.68205702 4280624601
0.42889601 -0.074403197 0.65751302 4284111524
0.186088 -0.226832 0.628874 4279045617
0.050637599 0.31840399 0.55806297 4278256125
0.55552298 -0.088794596 0.58270502 4293848592
0.39331299 0.160124 0.644521 4283848360
0.45767 -0.0504409 0.64983898 4284703643
0.025451601 -0.126645 0.67277199 4278256125
0.49603099 -0.047685701 0.63092101 4287861611
0.70670998 0.038485799 0.372114 4294967040
0.14889 -0.049939901 0.68744397 4278650871
-0.41228801 -0.062008198 0.66554898 4284308897
0.337071 -0.082613498 0.67904198 4281216720
-0.040871002 -0.092382498 0.68098199 4278387707
0.17783 0.16813999 0.65833199 4279177199
-0.106388 -0.184756 0.65097702 4278453498
0.26697701 0.103837 0.67885101 4278979826
0.00012437699 0.0631065 0.68633503 4278190334
0.44037899 0.0967893 0.64861399 4284374688
0.449707 -0.0449319 0.654351 4285690508
0.060440801 -0.0527221 0.68716902 4278190334
-0.26107001 0.13518 0.66980898 4280361437
0.162076 -0.0256155 0.69016999 4278716662
-0.0041791601 -0.39278701 0.459373 4278190334
0.379513 0.39770201 0.42448699 4283058868
0.431416 0.0208415 0.66334498 4282664122
0.49461001 0.0252202 0.63373601 4286940537
0.33733699 -0.047407102 0.68356401 4280493019
-0.30873799 -0.185284 0.64909601 4281743048
0.33555901 -0.030881399 0.68520898 4278979826
0.401512 0.107303 0.660074 4283519405
0.232416 0.31411701 0.562424 4279966691
-0.0232407 -0.246075 0.61757302 4278190334
0.35951701 -0.13403299 0.662296 4282532540
0.30247501 0.22729 0.62796497 4282072003
-0.042966001 -0.0533459 0.68761599 4278190334
0.350705 -0.075676203 0.67755002 4279835109
-0.36754599 0.208616 0.629287 4282927286
0.12569 -0.143381 0.66717601 4278321916
0.437893 0.343777 0.48337501 4286414209
-0.0041587902 0.15308701 0.66388798 4278190334
0.36800101 0.224373 0.620197 4283190450
0.45448199 -0.174274 0.615839 4287795820
0.33140799 0.248501 0.61194497 4284177315
0.26550099 0.114592 0.67558599 4279637736
0.000620729 0.083507702 0.68284303 4278190334
0.43029901 -0.103163 0.65084201 4283585196
-0.165488 0.100403 0.67887902 4279111408
-0.206196 -0.025986601 0.69018298 4279440363
0.103888 0.112237 0.67607099 4278519289
-0.120569 0.40252 0.44119301 4278716662
0.28117499 0.088062704 0.68171602 4279111408
0.059903 0.120453 0.67451298 4278256125
0.55225801 -0.31108299 0.413959 4291480116
0.398644 -0.12401 0.65547198 4283322032
0.473683 -0.125211 0.62583399 4286414209
0.179556 0.25817099 0.60847503 4278914035
-0.105831 0.240107 0.62139601 4278650871
0.11237 0.126717 0.67238897 4278782453
0.29343301 -0.162276 0.66016603 4279966691
0.407832 0.17274299 0.63494998 4284308897
0.14234699 0.066737399 0.68589801 4278782453
-0.35742801 -0.29894999 0.56733102 4282203585
0.0486442 -0.134966 0.67016101 4278190334
0.41005 0.33447099 0.511464 4285032598
0.33596301 0.217308 0.629646 4282861495
0.28825599 0.113925 0.67541099 4279966691
0.17267901 -0.037244499 0.68855298 4278585080
-0.20093399 0.311782 0.56433499 4279177199
-0.30927801 0.045603201 0.68747503 4281216720
0.30919001 -0.0474151 0.686746 4279637736
0.414289 0.23512501 0.59951901 4284769434
0.56586498 -0.271238 0.455264 4293322264
0.56900299 0.084729701 0.572842 4292466981
0.244635 0.017201001 0.69062698 4278914035
0.068847299 0.121545 0.67405802 4278453498
0.312323 0.0050734002 0.68864101 4279242990
-0.053891402 -0.283317 0.59036601 4278190334
0.50671101 0.175662 0.586088 4289835341
-0.223664 0.249946 0.61506999 4280427228
0.18584 0.36179799 0.50832999 4280032482
0.588126 -0.285824 0.397443 4294374920
-0.056111202 -0.074908301 0.68425101 4278321916
-0.26283601 0.180182 0.653157 4280493019
0.436777 -0.0098844497 0.66084898 4285887881
0.0425753 -0.156617 0.66206199 4278190334
-0.393282 0.078074202 0.66813803 4284703643
0.47131899 0.0067004901 0.64611602 4289111640
0.20208 0.083796203 0.682221 4278650871
0.38710001 0.0708194 0.670874 4281085138
0.073264197 -0.15885299 0.66127002 4278650871
-0.0053675999 -0.0149452 0.69058001 4278190334
0.40355301 -0.167698 0.63830101 4283190450
0.241767 -0.125044 0.67261201 4279374572
0.236358 -0.0595611 0.686432 4279242990
0.195968 0.202161 0.64248502 4278848244
0.57621098 0.071043901 0.569305 4294967040
-0.20575 0.123367 0.673127 4280032482
0.33442801 0.21273801 0.632954 4282400958
-0.116824 -0.339008 0.53635401 4278650871
0.159114 -0.0726794 0.68458098 4278453498
0.36364901 0.025312001 0.680996 4280690392
0.282197 -0.0560247 0.68670702 4280032482
-0.118473 0.077495001 0.68425798 4278979826
-0.0632414 -0.0169222 0.69022 4278387707
0.42199299 0.28500599 0.55779999 4286151045
-0.00318058 -0.034998499 0.688851 4278256125
0.51259702 0.216428 0.557567 4291282743
0.225376 0.136875 0.668818 4279045617
0.30605501 -0.21662 0.63385499 4280756183
-0.101463 0.0182337 0.68970001 4278453498
0.072779298 -0.39124399 0.46204099 4278453498
-0.19520099 0.018828699 0.690413 4280558810
0.328486 0.0107171 0.68720102 4280821974
0.064275198 0.234247 0.62482703 4278256125
-0.142379 -0.182107 0.65190297 4278650871
0.29721501 -0.35328901 0.51891398 4282400958
0.089760602 0.053970199 0.68739903 4278519289
0.26354799 0.027830301 0.68974501 4278782453
0.42820701 -0.170782 0.62883502 4284506270
0.104717 -0.24141 0.61988997 4278848244
0.163114 -0.25143901 0.613648 4279177199
-0.016593499 0.069499299 0.685534 4278190334
-0.32286599 0.117526 0.67299402 4282993077
-0.232344 -0.18336201 0.651537 4281150929
0.57470602 0.25112101 0.46750799 4293914383
-0.060219701 0.0521411 0.68788803 4278190334
-0.043940999 -0.113992 0.675686 4278519289
0.442166 -0.025241099 0.65910399 4283256241
0.391949 0.361247 0.484036 4284901016
0.41391599 0.37997001 0.43849 4285229971
0.58524698 -0.104057 0.55128902 4294967040
0.35872501 0.250101 0.605317 4282993077
0.70705497 -0.0046797199 0.373714 4294967040
0.33211499 -0.230518 0.62270802 4282006212
0.38617799 -0.30157301 0.556642 4285953672
-0.078041002 -0.073284298 0.68433398 4278190334
0.221504 -0.289469 0.584925 4279769318
0.038623899 0.106106 0.67819297 4278190334
0.13427401 0.15163399 0.66390097 4278519289
0.382961 -0.146468 0.65241402 4281940421
0.48245001 1.7803501e-05 0.64122403 4287532656
0.471425 -0.032868501 0.64551997 4285295762
0.133404 -0.034220401 0.68966103 4278453498
0.30341899 0.22688501 0.62814802 4282795704
0.147816 0.21274 0.63722903 4278585080
0.13489901 -0.30097699 0.57501 4278519289
-0.054453298 0.214911 0.63613999 4278256125
0.436748 0.33762401 0.49189299 4286348418
-0.0559786 0.042897899 0.688007 4278190334
-0.092377901 0.032025799 0.68925703 4278256125
-0.064832702 -0.092971601 0.68116701 4278190334
0.45256001 -0.33310699 0.48794001 4286414209
0.27345401 0.275913 0.59624201 4282006212
0.482784 -0.0348818 0.63964301 4287335283
-0.0521935 0.0412536 0.68817103 4278190334
0.125934 -0.048189599 0.68743002 4278321916
0.096140698 -0.0132313 0.69013602 4278321916
0.024955001 0.28080499 0.59161001 4278190334
-0.29786101 0.0232078 0.68909901 4281479884
-0.406147 0.0198719 0.67101502 4285164180
0.031685598 0.088955097 0.681952 4278256125
0.28303501 -0.242542 0.61891401 4281940421
0.46773899 -0.37118801 0.408728 4288322148
0.53198802 0.14608701 0.58196598 4291216952
-0.0920562 -0.063920602 0.68633097 4278387707
-0.145643 0.142804 0.66752702 4278848244
0.422535 0.0130932 0.66653299 4284045733
0.48516601 -0.18122099 0.59689999 4287927402
0.348847 -0.34879801 0.51537502 4283914151
0.355782 -0.170834 0.64937699 4282532540
0.48972899 -0.20181701 0.582726 4289111640
-0.108023 -0.36593801 0.50236797 4278321916
-0.034526698 0.105749 0.67817301 4278190334
0.491312 0.23857699 0.55713803 4289966923
0.578538 -0.0357784 0.57296699 4294638084
0.485719 0.155185 0.608145 4287598447
-0.106445 0.210476 0.63849503 4278519289
0.29646099 -0.26055101 0.60710198 4282335167
-0.38912499 -0.159585 0.64566803 4283519405
0.127092 0.37145299 0.49489999 4278782453
-0.26996899 0.188033 0.64902502 4280756183
0.34800801 -0.16550601 0.65309 4281874630
0.344715 0.15034799 0.65959799 4281216720
0.208241 -0.20253199 0.642084 4279769318
0.29837501 0.155148 0.66189802 4279900900
0.17560001 0.29820099 0.57727098 4279571945
0.12356 0.0257455 0.69000399 4278585080
0.602175 -0.0247127 0.55150598 4294967040
0.59196502 -0.0024500999 0.56263202 4294769666
0.295863 -0.062956199 0.68606597 4279177199
0.027454801 -0.14909799 0.66523802 4278190334
0.353706 0.106516 0.67052799 4282598331
0.36829999 -0.19217201 0.63738501 4282400958
0.0126148 -0.061968502 0.68654501 4278256125
0.061129302 -0.30917099 0.56701702 4278190334
-0.157537 -0.37326199 0.49255699 4278979826
0.090157799 0.036701601 0.68928599 4278256125
0.64940101 -0.0113138 0.494059 4294967040
0.14107201 -0.0228188 0.68985897 4278650871
0.292568 0.21000201 0.63773799 4281940421
-0.099999703 -0.095306903 0.68057501 4279045617
-0.32621399 0.046091501 0.68537599 4282795704
0.061168399 -0.078891501 0.68331301 4278321916
0.464746 -0.079488203 0.642079 4286216836
0.238773 0.16563199 0.65862298 4279703527
0.16104101 -0.30494401 0.57158202 4278716662
-0.35203001 -0.11369 0.66898799 4282664122
0.48481199 0.071112998 0.633515 4285427344
-0.288275 0.18119299 0.651766 4280624601
0.31900001 0.215783 0.63353401 4282466749
0.434746 -0.0924481 0.65152502 4283650987
0.087818198 -0.20909999 0.63853103 4278848244
0.39878201 -0.112457 0.65929198 4282664122
0.163674 -0.102297 0.678352 4278519289
0.44412199 -0.040364001 0.65707499 4283124659
-0.021623399 0.039452899 0.688757 4278190334
0.49711901 0.16567799 0.59640002 4290427460
0.55844897 0.0619357 0.58620799 4294440711
0.0534207 0.11835 0.67431903 4278256125
0.30475101 0.366137 0.50031102 4282729913
-0.0329592 -0.215856 0.63529998 4278190334
-0.069303803 0.068161897 0.685179 4278256125
0.43816999 0.30100301 0.53421098 4286545791
0.47159901 0.070806801 0.64058 4285295762
-0.065537803 -0.0147723 0.69039398 4278453498
0.283234 -0.129822 0.671009 4279374572
-0.066586599 -0.13253701 0.67084301 4278256125
0.085980304 -0.066125602 0.68601 4278256125
0.114006 -0.244239 0.61886698 4278387707
-0.30204701 0.030526699 0.68866801 4282400958
0.376387 -0.0226552 0.67858702 4282664122
0.54003 0.076317698 0.59747702 4294177547
0.40071401 0.17018799 0.63860601 4283256241
0.44683999 -0.260023 0.56612802 4289637968
0.31281 0.41087401 0.420026 4282466749
-0.29251501 -0.295643 0.57951498 4280953556
0.10695 -0.34130701 0.53445703 4279045617
-0.0329648 0.122049 0.67409003 4278256125
0.29615599 0.078161404 0.68348402 4279835109
-0.444837 -0.083229698 0.65024197 4284703643
-0.036049198 0.099419303 0.67967302 4278190334
0.47480601 -0.180315 0.60250801 4290230087
0.193931 0.0477322 0.68845701 4278650871
0.336128 -0.14472499 0.66253603 4280821974
0.106335 -0.18988401 0.64848298 4278321916
0.411933 0.231435 0.60199398 4284769434
0.186166 -0.0232412 0.68951797 4278716662
0.304299 0.19981401 0.643053 4280229855
0.51345098 0.122241 0.60313499 4291151161
0.0113593 -0.35873601 0.51149797 4278256125
0.34286201 0.207358 0.63467401 4281150929
0.047257699 -0.023543 0.68946302 4278190334
-0.404028 -0.091715999 0.662368 4283914151
0.016355401 0.280857 0.59232497 4278256125
0.48679501 -0.184319 0.593629 4287269492
0.44330099 0.052526701 0.65537 4283848360
0.34929201 0.140367 0.661883 4280953556
-0.415306 -0.13658699 0.64675897 4284637852
0.45872799 -0.212313 0.59331203 4286282627
0.016085301 -0.225942 0.63006002 4278190334
0.167035 0.212009 0.63747299 4279703527
0.39146501 0.149958 0.64887398 4283387823
-0.144135 -0.31054801 0.56553298 4278716662
-0.27620399 0.19651701 0.64481503 4280558810
0.156211 0.135221 0.67016 4278716662
0.419826 -0.039996602 0.66532898 4282532540
0.33692899 -0.226119 0.62559497 4282664122
0.445292 0.27584001 0.55424601 4288322148
-0.32588401 -0.0078822803 0.68749201 4282795704
0.081723101 0.144309 0.666269 4278190334
0.32321101 0.25596899 0.60732198 4281677257
0.34889501 0.16180199 0.65403599 4282598331
-0.108435 -0.083490998 0.682818 4279111408
0.100596 -0.108591 0.67694402 4278256125
0.243284 -0.39671299 0.453857 4279900900
0.21716399 -0.089254603 0.68169802 4279242990
-0.24332 0.169092 0.65725797 4279769318
0.0138094 -0.129544 0.67123699 4278190334
0.27457801 -0.045845401 0.68774903 4278979826
-0.037022699 0.258176 0.60881698 4278256125
0.375956 -0.17092 0.64501399 4283716778
0.26885501 -0.091330998 0.68069398 4279308781
0.345649 0.1938 0.64038903 4281874630
-0.12759501 -0.178804 0.65299398 4278519289
0.622343 0.190348 0.45868301 4294967040
0.40009299 0.177094 0.63605303 4285361553
-0.051275801 -0.24600901 0.61706799 4278387707
0.394297 -0.14828999 0.64910698 4283979942
0.19875801 0.20533501 0.64135998 4280164064
0.43442801 -0.127942 0.64265198 4284835225
0.24529 -0.18760499 0.64920098 4279835109
0.59326601 -0.27009901 0.412563 4294243338
0.25586501 0.15206499 0.664446 4280558810
0.31831101 -0.135821 0.66733199 4280295646
-0.153763 -0.0896485 0.68173999 4278585080
0.047699101 0.087194599 0.68227702 4278190334
-0.136641 0.021277901 0.68976998 4278650871
-0.191384 0.179497 0.65302902 4279308781
0.24992301 0.38755801 0.46912801 4280756183
-0.24041601 0.133518 0.66973603 4280032482
-0.149993 0.143286 0.66676301 4279177199
0.56754202 -0.024632599 0.58322603 4292730145
0.468263 -0.202292 0.59427601 4286414209
0.438824 -0.131404 0.63974899 4284966807
-0.19796599 -0.035716999 0.68927503 4279571945
-0.085621797 0.0600936 0.68642902 4278190334
0.245658 -0.0617803 0.68656898 4278914035
-0.120428 -0.18745901 0.64933401 4278914035
0.12758601 0.096250698 0.68014002 4278321916
0.179345 -0.035996702 0.68887198 4278453498
0.057224799 0.16788299 0.65750003 4278321916
-0.0169289 0.150756 0.66447401 4278190334
0.073023602 -0.025875 0.68931001 4278256125
0.19630399 0.18206599 0.65221798 4279703527
0.45628399 -0.29675999 0.52724701 4288124775
0.195492 0.027920101 0.69005698 4278782453
0.57560998 0.15533599 0.53991097 4294967040
-0.017016999 -0.22796801 0.628061 4278190334
0.36673799 0.239107 0.610883 4284308897
0.30496001 -0.034639001 0.688766 4279177199
0.54943103 0.044159502 0.59629601 4290624833
0.54670203 0.13163801 0.57618999 4294309129
0.27869499 0.193563 0.64641899 4279835109
0.51436001 0.0530384 0.619165 4291809071
0.319702 0.052228801 0.68591702 4280361437
-0.26616201 0.056807801 0.68710297 4280427228
-0.053441599 0.0141773 0.689816 4278190334
-0.108901 -0.24619199 0.61753601 4278453498
0.029246001 0.0166873 0.68982899 4278190334
-0.32921401 0.139928 0.664581 4281874630
0.44075301 0.189981 0.614052 4287664238
0.405756 -0.144436 0.64648801 4282203585
0.113739 -0.21928 0.633995 4278716662
0.57242298 -0.135216 0.55297202 4294967040
0.33349001 0.0152211 0.68725598 4279242990
0.206018 -0.082922503 0.68309301 4278914035
0.168873 0.230408 0.62686902 4278979826
-0.265589 0.32436001 0.552468 4280558810
0.0489727 -0.037815999 0.68842 4278256125
0.22797599 -0.133193 0.67038798 4278979826
0.18621901 -0.163793 0.65930098 4278979826
0.0603352 0.0817765 0.68257302 4278321916
0.238473 0.163 0.65951902 4279966691
-0.0380571 0.091651797 0.68111002 4278190334
-0.249332 0.091552801 0.68066901 4281414093
0.43320301 -0.099277496 0.65099502 4283848360
-0.061071999 0.30822799 0.56786197 4278453498
0.27605101 0.110419 0.67690402 4280032482
-0.22327 0.280184 0.59317398 4280690392
-0.0206855 -0.11961 0.67480898 4278190334
0.39933199 -0.122841 0.65627199 4285164180
0.49832499 -0.30069801 0.492064 4289637968
0.129356 -0.162975 0.65960002 4278782453
0.62984997 0.18451899 0.45212299 4294967040
-0.068755597 0.0176246 0.69026399 4278256125
0.60812402 -0.055888001 0.54143298 4294967040
0.55369598 0.099289797 0.58207399 4293782801
-0.39504001 -0.147743 0.64915103 4284243106
0.151077 -0.040358901 0.68873298 4278453498
0.42566499 0.075330503 0.65912402 4285493135
0.301144 0.178672 0.65260899 4280295646
0.25313899 -0.261713 0.60694301 4280164064
0.50954998 -0.0197827 0.625148 4288256357
0.376616 0.088934898 0.67053598 4281348302
0.42941499 -0.075376697 0.65737897 4283519405
-0.166455 0.043261401 0.68801397 4278979826
-0.40170401 0.104259 0.66008699 4285032598
0.089775398 -0.130197 0.67174298 4278585080
0.23840401 0.144517 0.66694999 4279111408
-0.030189499 -0.064208902 0.685853 4278190334
0.14443301 -0.148481 0.66490698 4278519289
0.13601001 -0.120369 0.67383802 4278519289
0.14819001 0.17070501 0.65733701 4278585080
0.31939 -0.0308675 0.68709999 4280032482
0.45647001 0.132195 0.63117999 4287269492
0.52286202 -0.112767 0.600007 4293782801
0.40044299 0.0958535 0.66220999 4283190450
0.11509 0.076008298 0.68426597 4278387707
-0.39932999 -0.121221 0.65677899 4283979942
0.28808701 -0.076768301 0.68408197 4280098273
0.0387991 -0.088368103 0.68143898 4278190334
-0.0080305301 -0.102841 0.67843699 4278190334
-0.383205 -0.219586 0.61853701 4283124659
0.22164901 0.0623299 0.68623698 4278848244
0.00998306 0.41138899 0.42293799 4278190334
0.0270548 -0.0539717 0.68704301 4278190334
0.0074626901 -0.113142 0.67647702 4278190334
0.25606099 0.16456901 0.65943998 4280164064
-0.36709499 -0.0904295 0.67168701 4283519405
0.111791 0.0929287 0.68079501 4278453498
0.317469 -0.0308278 0.68816698 4279637736
0.051844101 0.079277098 0.68343902 4278256125
0.37082401 0.0719212 0.67504799 4280032482
0.101214 -0.017340699 0.68977201 4278256125
-0.120025 0.074005 0.68448299 4278519289
0.23549899 0.23495901 0.62476999 4279506154
-0.0047259401 0.16943499 0.65721202 4278190334
0.28635299 -0.13081101 0.67113101 4279637736
0.067135498 0.37633801 0.486707 4278585080
0.50588101 -0.107365 0.61368603 4287532656
0.0262869 -0.0258913 0.69004798 4278190334
0.063352898 -0.15549099 0.66246903 4278519289
0.30445099 0.14086901 0.66663003 4280032482
0.28130701 0.33603001 0.53908801 4281874630
0.32216999 0.163973 0.65753901 4281282511
0.075094201 0.185196 0.65073597 4278453498
-0.36756599 0.12072 0.664635 4282861495
0.41327801 -0.044445701 0.66735703 4281743048
0.34468001 0.13041499 0.66550303 4281743048
0.50933403 0.0280599 0.624677 4288190566
-0.13465101 0.155811 0.662494 4278716662
0.411735 0.115217 0.65393603 4282795704
0.60406101 0.115518 0.52864403 4294967040
-0.33656701 0.055329598 0.68327099 4284045733
0.667611 0.117804 0.43041 4294967040
0.39676699 -0.044179499 0.67184001 4281611466
0.33722001 -0.34755701 0.52067101 4283519405
0.203651 -0.021204 0.68989801 4278848244
0.49219501 -0.0228181 0.63523698 4288256357
0.084746897 0.071223497 0.685112 4278453498
-0.086565301 0.126627 0.67249399 4278321916
0.178461 0.191351 0.64780998 4279308781
0.43483701 0.108712 0.64799798 4283519405
-0.0608849 -0.023940001 0.68965799 4278387707
0.217087 -0.16339301 0.65972 4279045617
0.36493099 -0.062266 0.67726398 4282137794
0.155104 0.041789401 0.6882 4278453498
0.39269099 -0.193859 0.62987202 4286085254
0.31805 0.097843602 0.67759401 4280295646
0.29383701 -0.13274001 0.670623 4280361437
0.46984801 -0.198769 0.59490299 4290953788
0.36407399 -0.39831299 0.43180901 4283124659
0.16760001 -0.18367299 0.65140098 4278848244
0.341115 -0.357568 0.50614297 4283453614
0.38652101 0.187038 0.635423 4282400958
0.33907801 0.141645 0.66326398 4281677257
0.249384 -0.26850599 0.60164499 4280361437
0.41378099 0.035402302 0.66812599 4282269376
0.435444 0.25760999 0.57464099 4287335283
0.079851702 -0.30695 0.56926602 4278321916
0.099047497 -0.331828 0.54512101 4278585080
0.12979101 -0.15523 0.66254401 4278650871
0.48526201 -0.046170399 0.63701302 4288716894
0.431748 0.120651 0.64541203 4287466865
0.468692 0.027749401 0.64689898 4285032598
-0.29223901 0.125392 0.67239398 4280821974
0.046235099 0.107117 0.67760402 4278190334
0.46316499 -0.194574 0.60139799 4286874746
0.34036899 -0.172995 0.65138698 4281479884
0.36023 0.209463 0.63046199 4284572061
0.136553 0.150282 0.66477698 4278519289
0.43590799 -0.077427603 0.65482002 4283387823
0.183166 0.22765601 0.62913197 4279571945
0.287045 -0.227451 0.62892801 4280690392
0.27830601 0.284538 0.58899701 4280361437
0.188857 -0.0216776 0.68961501 4278585080
-0.088266499 -0.25285599 0.61305201 4278321916
0.14983299 0.037021998 0.68892401 4278585080
-0.107168 -0.061563499 0.686023 4278585080
0.36940801 0.074569799 0.67426699 4281743048
0.37050301 0.0223634 0.68066198 4281414093
0.51484001 -0.037820499 0.62048799 4290624833
0.158741 -0.060110401 0.68638998 4278585080
0.53717399 0.32574201 0.41188401 4290690624
0.63311899 -0.152631 0.46955401 4294967040
0.29317501 0.207426 0.63996702 4281019347
0.190263 0.17218 0.65640002 4278914035
0.101707 -0.155045 0.662862 4278453498
0.094344497 0.138017 0.66855299 4278190334
-0.16470499 -0.121493 0.67340899 4279571945
0.330881 -0.087752998 0.67881101 4279966691
0.0251888 -0.31934801 0.55699003 4278256125
0.028859099 -0.0086541502 0.68992501 4278190334
-0.114713 -0.0410292 0.68861502 4279111408
0.41185901 -0.047680099 0.66775799 4284177315
0.299247 0.14733 0.66521502 4281216720
0.293064 0.0308361 0.68881601 4278979826
-0.41727099 -0.29195201 0.55246103 4282466749
0.0362758 0.21290401 0.63643301 4278190334
-0.278494 0.235751 0.62331998 4281085138
-0.0153824 -0.37093499 0.494975 4278190334
0.104031 -0.0579619 0.68721402 4278321916
0.0595401 0.11107 0.67695999 4278387707
0.0036853601 0.065307803 0.68542498 4278190334
0.41734901 0.0457321 0.66556698 4281282511
0.51258099 -0.123583 0.603342 4290887997
0.28643799 -0.0984153 0.67953199 4279242990
0.59325999 0.0244406 0.56071401 4294967040
0.52434301 0.081555098 0.60764599 4290427460
0.026780101 -0.00127478 0.690368 4278190334
0.13106 -0.093321599 0.68051499 4278650871
0.603055 0.0086970199 0.55093199 4294967040
0.54876202 0.098711297 0.58580297 4294045965
-0.067925297 0.092077397 0.68129599 4278190334
0.171307 -0.046424199 0.68853498 4278650871
0.19601899 -0.30292401 0.573313 4279637736
-0.343151 0.078177601 0.67918098 4282532540
0.160797 -0.066674203 0.68590802 4278519289
0.37898201 -0.136281 0.65723199 4284177315
-0.095023401 -0.205373 0.64095497 4278256125
0.26899001 -0.0083150696 0.69084501 4279177199
-0.069956496 0.142685 0.66676402 4278190334
0.247618 0.044794101 0.68858999 4278914035
0.61792499 -0.106447 0.514763 4294967040
0.44871399 -0.052080099 0.653171 4287401074
0.204307 0.22157501 0.63221902 4279900900
0.0088087702 -0.138162 0.66879201 4278190334
0.51052898 -0.0046509299 0.62558103 4287532656
0.281066 0.22335801 0.63138002 4280756183
-0.0068393298 0.107595 0.67712599 4278190334
0.0290963 -0.054908998 0.68755603 4278190334
0.46393201 0.064085603 0.64548898 4285164180
0.35912499 -0.298311 0.56771398 4284308897
-0.030803001 0.102924 0.67860597 4278190334
0.363644 -0.346021 0.51483798 4285098389
0.346524 -0.150444 0.658692 4282861495
0.35811099 -0.12617899 0.66485602 4282993077
0.26886499 0.227156 0.62895298 4279900900
-0.124324 0.25670901 0.609882 4278519289
0.147531 -0.12933999 0.672019 4278519289
-0.11768 -0.344376 0.52968001 4278519289
0.29692799 0.097324803 0.67941099 4279835109
0.083573803 0.074072801 0.68439502 4278321916
-0.33913201 -0.048170201 0.68343198 4283387823
0.43330199 -0.0029529801 0.66267198 4284440479
0.52747798 -0.0086663002 0.61444098 4288980058
0.34536701 -0.063285202 0.68129802 4280887765
0.25918701 0.046896599 0.68813801 4279177199
0.28652501 -0.305951 0.56991899 4282729913
0.63270903 -0.084079899 0.50381798 4294967040
0.198101 0.057882499 0.68700498 4278585080
0.53947598 -0.19878601 0.54751498 4294967040
0.51913399 -0.253892 0.52211201 4290822206
-0.057695899 -0.0791253 0.68299502 4278256125
-0.17921799 -0.15454 0.66327101 4278914035
0.55895299 0.069166899 0.58433503 4294967040
-0.11711 0.088219903 0.68222499 4278519289
0.62467003 0.032038599 0.52551401 4294967040
-0.0231971 0.201488 0.64331698 4278190334
0.343133 0.17638201 0.64910698 4281874630
0.045946099 0.107179 0.67706198 4278190334
0.303224 0.298118 0.57720202 4280887765
0.064427897 0.084711201 0.68284798 4278256125
-0.099993996 0.085389502 0.682239 4278519289
0.46025601 -0.218375 0.58866698 4286611582
-0.401216 -0.076327197 0.665968 4284637852
-0.243021 0.188172 0.64977503 4280361437
-0.28106999 -0.13410699 0.67003202 4280624601
0.62855703 0.0803921 0.51050299 4294967040
0.52713197 0.24122 0.527228 4293782801
0.44497299 0.077718399 0.65086901 4285493135
0.21035901 0.31345201 0.56313503 4279900900
0.221451 -0.30966499 0.56634098 4280098273
0.418392 0.33473799 0.50561899 4287664238
0.32427701 -0.118659 0.67250401 4279835109
0.49439499 0.215005 0.57140899 4290230087
-0.138898 -0.32134601 0.55591702 4278716662
0.462493 0.118987 0.63336599 4287401074
-0.36368799 -0.13300499 0.66162503 4283585196
0.54648697 0.132167 0.57638597 4291085370
-0.334732 -0.110817 0.67337501 4283650987
0.44837901 -0.025084799 0.65623099 4285953672
-0.092776202 -0.167714 0.65850598 4278256125
0.40292999 0.20361499 0.62124503 4284111524
-0.064067498 0.154514 0.66322303 4278256125
0.304196 0.0022634 0.68951797 4278914035
-0.0298413 0.140159 0.66836399 4278453498
0.34817499 -0.207526 0.63367999 4281348302
-0.019657999 0.097555898 0.67998999 4278190334
0.023673 -0.194484 0.64627999 4278190334
0.34358701 -0.17031799 0.65133399 4282993077
0.57448101 -0.162881 0.53723198 4294967040
0.169295 0.17551801 0.65452898 4278848244
0.47993699 0.041945901 0.64037198 4287006328
0.354709 0.156206 0.655312 4281414093
0.462217 -0.0030837001 0.65137398 4284243106
0.58714998 -0.2264 0.47633299 4294967040
-0.018072801 0.142058 0.66756898 4278190334
0.47191599 0.38474599 0.36975899 4287730029
0.50654799 -0.123031 0.60725898 4291677489
0.41349599 -0.143546 0.64500803 4285624717
0.54453301 -0.33498701 0.37952101 4291611698
0.100487 0.078796104 0.683815 4278453498
0.326583 -0.198337 0.641105 4281808839
0.50095397 0.104267 0.61733103 4287466865
-0.222877 0.26561901 0.60403001 4280229855
-0.120599 0.029849499 0.68913502 4278716662
0.46025199 -0.104229 0.63857698 4289177431
-0.061825901 0.066444002 0.68591797 4278387707
-0.24247 -0.0131524 0.68993801 4281743048
0.33907199 -0.243007 0.61393899 4281479884
-0.35134599 -0.183246 0.64507699 4283453614
-0.099214703 0.037159801 0.68896502 4278256125
0.432684 0.39467299 0.39197099 4283848360
0.234668 -0.197731 0.64460498 4280558810
0.32460299 0.027694801 0.68677503 4279045617
0.108575 0.0997665 0.679533 4278256125
0.49461401 0.13223299 0.61158401 4288256357
0.64272499 -0.0045074001 0.50432998 4294967040
0.310323 0.256192 0.608652 4282006212
0.143317 0.16882101 0.65789098 4278848244
0.070020899 -0.23800901 0.62204802 4278716662
-0.34027001 -0.29988199 0.56985301 4281940421
0.346297 -0.159235 0.65621603 4282203585
-0.30073699 0.105568 0.67777097 4281216720
0.108238 0.31703901 0.55955702 4278716662
-0.32621199 0.00186908 0.68833399 4282927286
0.56166703 0.214004 0.51662397 4294967040
0.57799 0.28727001 0.41249201 4292927518
0.585253 0.175596 0.51804799 4294967040
0.33409101 0.134184 0.66617399 4281019347
0.51849902 -0.169112 0.58128899 4290032714
0.27237701 0.036863599 0.68945497 4278782453
0.240752 0.113519 0.67564899 4278914035
0.49351799 0.170609 0.596699 4289637968
-0.25808701 0.32876399 0.54781902 4281085138
0.28002599 0.33955401 0.536318 4282598331
0.35385799 0.294761 0.57180899 4282598331
0.19639599 -0.41782701 0.40850201 4279506154
0.390919 -0.180738 0.636352 4283848360
0.102106 -0.27487999 0.597269 4278979826
0.0117597 -0.000360367 0.69092101 4278190334
0.450598 -0.0594838 0.651205 4283782569
0.116241 -0.126939 0.67251599 4278519289
-0.083043903 -0.16563 0.65938002 4278453498
0.075572997 0.182702 0.65212798 4278256125
0.156553 0.046406601 0.68840098 4278716662
0.046286602 -0.107383 0.67785901 4278256125
0.38566899 -0.400168 0.41637599 4282795704
0.36888501 0.213503 0.626288 4283256241
0.21781801 -0.112978 0.675933 4278979826
0.53560698 0.26891401 0.492125 4293914383
0.0152312 0.120186 0.674357 4278190334
0.208123 0.1797 0.65278202 4279308781
0.474154 -0.14589299 0.61764002 4286216836
0.18082801 -0.180115 0.65327901 4278914035
0.523835 0.0827922 0.60790402 4293322264
-0.20734499 -0.058940999 0.68708998 4279177199
0.084719203 0.32033101 0.55665803 4278848244
0.116262 -0.25056899 0.61391503 4278848244
-0.31026 0.127253 0.67047799 4281545675
-0.29256999 -0.0329712 0.68923998 4281085138
0.19882999 -0.059338 0.68637002 4278848244
0.18018501 -0.212961 0.63645399 4278914035
0.46100101 0.0155364 0.65129298 4284243106
-0.035236999 0.112679 0.676557 4278190334
0.0100832 0.36223501 0.508201 4278256125
0.29187301 0.127983 0.67189503 4280493019
0.0579236 -0.0652977 0.68598098 4278453498
0.27376401 -0.194314 0.64629 4281348302
0.10662 0.33665299 0.53925598 4278914035
0.47064701 0.040454499 0.644853 4285756299
0.30749899 0.051008899 0.68632698 4279111408
0.052796301 0.132112 0.67026901 4278256125
0.19334 0.092158802 0.68128699 4279045617
0.11992 -0.233345 0.62555301 4278585080
-0.092078499 0.20490199 0.64162302 4278914035
0.55420601 0.132202 0.56944698 4293388055
-0.440988 0.16028699 0.62848598 4284374688
0.312141 -0.21173 0.63588101 4282729913
-0.068047702 -0.17072301 0.65739 4278321916
0.42781699 0.0057056001 0.66505098 4284506270
0.15461101 0.075947203 0.68393898 4278716662
0.36118099 -0.0215973 0.681656 4280032482
-0.186095 0.053063098 0.68740898 4278848244
0.65251398 -0.0090984497 0.48925501 4294967040
0.468844 0.24746899 0.56370598 4288453730
0.306499 0.25637299 0.60897702 4281348302
-0.17974401 0.37866199 0.483125 4278914035
0.180544 -0.0105909 0.69010699 4278585080
-0.0058606002 0.0237564 0.69025201 4278190334
0.00516896 -0.161428 0.66009098 4278190334
0.21567801 -0.018813999 0.68978399 4278453498
0.25600001 0.37824199 0.483962 4281479884
0.376885 -0.198881 0.63147801 4285098389
0.35990399 0.137036 0.66131699 4281150929
0.54210597 -0.127912 0.58078301 4291348534
0.41552001 -0.0260709 0.66767001 4285229971
0.0104488 0.0460779 0.688434 4278190334
0.347819 0.16533799 0.65275502 4282335167
-0.27146301 0.29845801 0.57747102 4281150929
0.20592301 -0.21849801 0.63421798 4280229855
0.61968797 -0.058049198 0.52757502 4294967040
-0.13742299 0.39240801 0.46040899 4278519289
0.326121 -0.269685 0.59791702 4282269376
0.55317998 0.0182593 0.59528798 4292795936
0.141688 0.150024 0.66422802 4278453498
-0.0298269 -0.071171299 0.68493402 4278190334
-0.36100101 0.18548299 0.64211202 4283848360
0.56877202 -0.128657 0.55851901 4294967040
0.462953 0.081354402 0.64293098 4288980058
0.174972 -0.25750399 0.60944003 4278782453
0.193811 -0.154174 0.66331798 4279374572
-0.0141854 -0.0322464 0.68909001 4278321916
-0.102296 -0.149111 0.66490102 4278387707
0.13357 -0.0021562399 0.69072199 4278453498
0.049561501 -0.19708499 0.64483702 4278321916
0.64245898 0.127358 0.47135901 4294967040
0.124365 0.066296197 0.685103 4278453498
-0.124326 0.040209599 0.68833798 4278782453
0.29245001 0.23072401 0.62695801 4281216720
0.37561101 0.223254 0.61910897 4282729913
0.35111701 -0.0453762 0.68218702 4279506154
0.049098998 -0.057020199 0.68735701 4278256125
0.2071 -0.358394 0.51289999 4279769318
0.045152199 -0.248713 0.61556298 4278256125
-0.29146299 0.161864 0.66001302 4280887765
0.233124 0.14503101 0.66635603 4279045617
0.31303301 0.050274599 0.686773 4279769318
-0.071859099 -0.27041101 0.600622 4278321916
0.36381301 -0.277904 0.58366001 4284572061
0.28540099 0.022787301 0.689987 4278650871
0.0797389 -0.160073 0.66106999 4278321916
-0.315835 -0.010329 0.68891197 4281348302
0.47413999 0.217043 0.58262599 4291019579
0.32700101 -0.0119899 0.68800402 4279045617
0.20410199 0.053920101 0.68676198 4278914035
0.44029999 0.042980999 0.65769702 4283190450
0.065194301 -0.18442599 0.651164 4278585080
0.51366299 0.069123603 0.61791003 4287335283
0.132009 0.180622 0.652219 4279111408
0.087359697 -0.00075589301 0.69084197 4278387707
0.41177899 -0.051943701 0.66722202 4281216720
-0.23085199 0.27914301 0.593629 4280493019
0.27884701 0.186454 0.65010798 4280098273
-0.223509 -0.31832299 0.55894798 4280690392
0.31075001 0.0296729 0.68809003 4279111408
-0.14861199 -0.042272601 0.68876898 4279111408
0.13675 -0.097578503 0.67935997 4278387707
0.115411 -0.096781999 0.68023902 4278256125
0.44019201 0.200305 0.60977501 4284637852
0.206498 -0.126339 0.67220199 4278914035
0.49655601 -0.231001 0.55829698 4289309013
0.25352401 -0.056262098 0.686759 4279111408
0.124889 -0.0425652 0.68809301 4278519289
0.419844 -0.186736 0.62468702 4286940537
0.58063698 -0.099094599 0.55767798 4294835457
0.200865 0.27776501 0.59516501 4280295646
0.096293598 0.33612201 0.53966099 4278321916
0.28543901 0.32027099 0.55705398 4281677257
0.25611499 0.130585 0.67165399 4279900900
0.473683 -0.028507501 0.64476198 4285558926
-0.123887 0.30517399 0.57089198 4278387707
0.52021903 -0.22223701 0.54764903 4293519637
0.395165 0.37263501 0.46336201 4285164180
0.345191 0.15279301 0.65886801 4283124659
0.461925 0.16757999 0.61474001 4287203701
-0.174724 0.150939 0.66423798 4279506154
-0.00480614 -0.055547699 0.68682802 4278190334
0.297694 -0.184423 0.65008801 4280821974
0.24055 -0.11033 0.67688102 4279966691
-0.113224 0.197023 0.64556301 4278650871
0.093418702 -0.033545598 0.689035 4278321916
0.0201021 -0.101768 0.678913 4278190334
-0.50036597 -0.091884002 0.62104303 4284835225
-0.200387 -0.204845 0.64110303 4280164064
-0.32525 -0.286939 0.584243 4281808839
0.24201401 -0.28215799 0.590653 4280887765
0.155333 0.19133399 0.64737099 4278519289
-0.239355 -0.27730399 0.59519899 4280493019
0.245031 -0.19432101 0.64610201 4279506154
0.0771432 -0.26982799 0.60077697 4278782453
0.217647 -0.37017 0.49665499 4279900900
0.120043 -0.283858 0.590231 4278453498
0.340547 -0.29310399 0.57671899 4284243106
-0.085453197 0.30114901 0.57447302 4278256125
0.25868601 0.33748701 0.53822601 4280032482
-0.194966 -0.36681899 0.50037402 4279242990
0.458419 0.00593179 0.65247297 4287993193
0.70890802 -0.021065401 0.36624399 4294967040
0.069112398 0.078646801 0.68399698 4278190334
0.180161 0.0743974 0.68450803 4278519289
0.52728599 0.010615 0.61437601 4288848476
-0.0044673402 0.41446501 0.415465 4278190334
0.057944 0.062195402 0.68602598 4278190334
0.331698 0.41015601 0.41672 4283519405
0.26854101 -0.082576998 0.682742 4278979826
0.184898 0.31490701 0.56147599 4279374572
0.64881903 -0.0210332 0.494697 4294967040
-0.45635101 0.19576199 0.60362101 4283519405
0.499888 -0.0130956 0.63176298 4291414325
0.43799999 -0.0237961 0.66048002 4282532540
-0.13382301 -0.0175629 0.690561 4278914035
-0.125752 -0.228094 0.627837 4278519289
-0.140313 -0.2465 0.61736399 4278782453
0.22545201 -0.139211 0.66796398 4279308781
0.25530699 -0.37351301 0.49214801 4280164064
0.043138001 -0.0636006 0.68630898 4278256125
0.25314999 0.378766 0.48354101 4281282511
0.241817 0.41809401 0.407336 4280098273
0.074548297 0.038684599 0.68910301 4278256125
0.33232999 0.174788 0.651384 4281019347
0.68553197 -0.0460632 0.424647 4294967040
0.115406 -0.120377 0.673603 4278321916
0.42756799 -0.0514208 0.66185999 4284440479
0.00053621503 -0.228663 0.62754798 4278190334
0.493963 -0.066520102 0.62926298 4286216836
0.259817 -0.145404 0.66653299 4279703527
0.042154301 -0.11282 0.67565602 4278256125
0.00336381 -0.224663 0.63014799 4278256125
0.64126003 0.065230399 0.49691299 4294967040
0.31468499 -0.087884702 0.679914 4279900900
0.21603499 -0.172172 0.65672702 4280032482
-0.0063454299 -0.036295202 0.68893802 4278190334
-0.081426799 0.15322199 0.66375601 4278321916
0.397789 -0.149261 0.64816898 4283256241
-0.206983 -0.090353101 0.68102098 4279308781
0.51124698 0.0943413 0.61306798 4289835341
0.57047802 0.0287086 0.58052599 4293782801
0.35789499 0.090153597 0.67384499 4280361437
0.43879399 -0.29495299 0.54017198 4286677373
0.326388 0.202133 0.639319 4281216720
0.124227 -0.239014 0.62138301 4278387707
0.241006 -0.37009701 0.49710199 4279835109
0.247584 0.316331 0.56001902 4281743048
0.50578398 0.0053601302 0.628043 4288387939
0.335316 -0.116109 0.67142999 4281940421
-0.278072 -0.0085176304 0.690458 4280427228
-0.038815498 0.26174101 0.60682398 4278190334
0.20201799 0.029926401 0.689605 4278650871
0.015894299 -0.36528501 0.504058 4278190334
-0.0436211 -0.34080201 0.53489 4278190334
0.043471999 -0.146458 0.66547102 4278256125
0.53855097 -0.155149 0.572312 4294967040
0.12512399 0.13525701 0.66984802 4278716662
0.45382199 -0.0084488299 0.65395802 4285427344
0.40279499 0.101276 0.660218 4282137794
0.071207799 -0.033816501 0.68958598 4278321916
0.15780801 0.159817 0.66125101 4279045617
0.171894 -0.13623101 0.66937399 4278716662
-0.00800939 0.118073 0.67452699 4278190334
-0.176972 -0.128093 0.67193002 4279637736
0.407132 0.036014602 0.67010599 4283453614
0.49739501 0.28652701 0.50973803 4291809071
0.168071 -0.0225286 0.68975598 4278650871
-0.116617 0.118733 0.67412603 4278716662
0.27875701 -0.38364401 0.47507 4280756183
0.49804899 -0.117153 0.61434901 4290032714
0.31774601 0.34459901 0.52752 4282861495
-0.087682702 0.140949 0.66743702 4278519289
0.59275699 0.111073 0.54127502 4294967040
0.29581699 0.19034401 0.64757198 4279966691
0.394232 0.111547 0.660851 4282269376
-0.026428601 -0.194032 0.646258 4278321916
0.382204 -0.18757901 0.63621598 4283256241
0.32667601 0.0529976 0.68423599 4279111408
-0.242947 -0.126697 0.67212403 4279966691
-0.243669 0.30402401 0.57177901 4279966691
0.111369 0.20246799 0.64187402 4278453498
-0.43617001 -0.130128 0.64080799 4284769434
0.121372 0.128152 0.67207998 4278519289
0.111767 0.10623 0.67802101 4278716662
0.193287 0.20294701 0.64162803 4279440363
0.0131043 0.025919801 0.68959701 4278190334
0.065368801 0.15653799 0.66236001 4278256125
0.204059 -0.35262299 0.520702 4280427228
0.15717401 0.132416 0.67058998 4279242990
-0.245377 0.165874 0.65930903 4279966691
-0.055613101 -0.36876699 0.49889001 4278190334
-0.212905 -0.1155 0.67539501 4279835109
0.0087939603 -0.0128001 0.69049299 4278190334
0.117682 -0.057222299 0.68707901 4278453498
-0.397771 -0.13521899 0.65263301 4284506270
0.13555001 -0.12774999 0.671821 4278716662
-0.106054 -0.18698099 0.64999902 4278650871
0.47633401 0.35392299 0.43478501 4286545791
0.39009801 -0.1219 0.65905398 4282466749
0.11121 0.26140699 0.60707802 4278782453
0.117214 -0.00584675 0.69077599 4278256125
0.40020299 -0.181389 0.63400197 4284506270
-0.028163699 -0.11788 0.674339 4278190334
-0.183798 -0.041429099 0.68834299 4278914035
0.572146 -0.201772 0.51516902 4294967040
0.0310627 0.085804999 0.68208402 4278190334
0.463586 0.058892399 0.64619601 4285032598
-0.054593101 0.200417 0.64385402 4278321916
0.31232601 -0.27767 0.592273 4283519405
0.41951099 -0.157023 0.63778698 4286151045
0.485466 -0.0054761502 0.63994801 4284966807
0.24877501 -0.028653599 0.689192 4279045617
0.39848 -0.059753701 0.66994298 4281348302
0.364375 0.31170201 0.55349898 4284572061
0.62803102 -0.0396653 0.52069002 4294967040
-0.345945 -0.173519 0.64949501 4281940421
0.018558601 0.0060693799 0.6904 4278190334
0.138336 -0.135702 0.66999298 4278782453
0.0614159 -0.386085 0.47205901 4278321916
0.49738199 -0.00029055201 0.63289601 4286874746
0.46061599 0.338891 0.47232699 4287993193
-0.25323701 -0.26016 0.60782599 4280756183
0.0527445 0.21216699 0.63710302 4278256125
0.34842199 0.0478971 0.68257898 4279637736
0.33715999 -0.062429 0.68259299 4280032482
0.069213502 -0.047291599 0.68838602 4278256125
-0.15969799 0.267407 0.60280901 4279177199
0.18522801 0.137484 0.66861498 4279111408
0.064263001 -0.046094202 0.68809998 4278190334
0.34359199 -0.246342 0.61073899 4282993077
0.309342 -0.12581 0.67120397 4281677257
0.302616 -0.199292 0.64366299 4280361437
0.37812099 -0.34047401 0.51783597 4284835225
0.60812098 0.0175598 0.54497999 4294967040
0.46250701 -0.048425101 0.64795899 4285098389
0.125232 0.129939 0.67153603 4278914035
0.39700201 -0.0868508 0.66535598 4281019347
-0.033346999 0.089039601 0.68173897 4278190334
-0.102235 -0.13061599 0.67163301 4278387707
0.0572607 0.153502 0.66378498 4278321916
0.113405 -0.0099590104 0.69031298 4278256125
0.41677201 0.33571601 0.505472 4288256357
-0.066406302 -0.0553011 0.68726301 4278256125
-0.168312 -0.063029602 0.68638998 4279374572
-0.166556 0.075194299 0.68449003 4279177199
0.114135 -0.25738001 0.60929799 4278321916
0.0196511 0.35684201 0.51470298 4278190334
-0.27473301 -0.0203373 0.69041902 4282203585
0.27781001 -0.22618701 0.62980998 4280953556
0.094016902 0.082674302 0.683043 4278256125
0.60346299 0.0900141 0.53825098 4294967040
0.21495301 -0.14881501 0.66570097 4279242990
0.49229199 0.144446 0.60909098 4288256357
-0.113861 -0.32615399 0.551009 4278585080
0.43083799 0.107682 0.64963299 4283124659
0.45980901 0.00628572 0.65167302 4287861611
0.20131101 -0.29393601 0.58086097 4280427228
0.0425134 0.031108901 0.68941897 4278190334
0.248816 -0.100774 0.67863399 4279835109
-0.36486501 0.198461 0.63499701 4282664122
0.105269 0.199038 0.64364398 4278914035
-0.0033263899 0.030428899 0.68944103 4278190334
0.11018 -0.138265 0.66919899 4278453498
0.0959699 0.25436199 0.612001 4278453498
0.39798 -0.083615102 0.665465 4282993077
0.35020301 -0.269878 0.59333003 4283979942
0.339001 0.36153501 0.50120598 4282795704
0.158566 0.19399901 0.64660603 4278979826
0.158443 -0.0039772 0.69004399 4278519289
0.16941699 0.164498 0.65899497 4278716662
0.49623099 0.061285201 0.62865698 4291151161
-0.0898588 0.269842 0.60099 4278782453
0.30397201 -0.276411 0.59416598 4281677257
0.17020001 -0.42493799 0.38886499 4279769318
0.417252 0.100652 0.65573698 4283979942
0.041982301 0.201305 0.643332 4278453498
0.41380301 -0.053989299 0.66637099 4281479884
0.320485 0.134835 0.66803002 4280295646
-0.30820799 -0.258663 0.60784602 4281479884
-0.026791301 0.025359601 0.68994302 4278190334
-0.329099 -0.183823 0.648341 4281940421
0.35174999 -0.127224 0.66565102 4280427228
0.118611 -0.0084369704 0.690418 4278321916
0.0035584299 -0.065424301 0.68531799 4278190334
0.469852 0.028354799 0.64593101 4285098389
0.54843998 0.248244 0.50109398 4292072235
0.63205302 0.18369099 0.44783801 4294967040
0.078694701 0.041977901 0.68882197 4278256125
0.347213 -0.286055 0.58055699 4283979942
0.32604799 0.093634702 0.67777401 4281019347
0.47454 -0.27429399 0.53730601 4289045849
-0.0118291 -0.125689 0.672328 4278190334
0.364416 -0.387216 0.45201999 4282664122
0.14316 0.18711799 0.649472 4279177199
-0.0131764 -0.073143102 0.68411899 4278190334
0.54421502 -0.037805501 0.60147899 4291216952
0.34361801 0.132726 0.66581899 4280953556
0.188999 -0.298051 0.576994 4278979826
0.38551199 0.047129199 0.67509198 4280953556
0.49578801 0.35054499 0.420028 4287335283
-0.42495099 0.207831 0.61198097 4283585196
-0.32395199 0.134133 0.66751802 4281874630
-0.189413 -0.140257 0.66788101 4279045617
0.499924 0.121483 0.61271298 4289637968
0.34894699 0.117255 0.66903698 4281019347
-0.310534 0.29094201 0.58229297 4281150929
-0.069646701 0.122381 0.67343801 4278256125
0.42203799 0.32349199 0.51863098 4286019463
0.31378001 0.20820799 0.63827598 4281940421
0.534863 0.20080701 0.55033499 4294309129
0.333978 -0.377884 0.47846499 4283256241
0.199958 0.072425298 0.68443298 4278914035
0.319841 0.308566 0.56483698 4282006212
0.420439 -0.201088 0.61652702 4287993193
-0.084145203 0.0268382 0.69007897 4278321916
0.29377899 -0.426009 0.38486001 4280229855
0.61631501 -0.21624701 0.44340599 4294967040
0.25874701 -0.121383 0.67433602 4279571945
-0.052770901 -0.32865399 0.54719001 4278190334
0.66141099 0.035351802 0.47198901 4294967040
0.50345302 0.106223 0.61454999 4290690624
-0.24114101 -0.176891 0.65441 4280953556
0.39224201 -0.062407199 0.67103601 4280558810
0.069561101 0.202324 0.64284402 4278190334
0.133131 -0.33650601 0.53915101 4278650871
0.091955699 -0.236139 0.62319303 4278321916
-0.099003397 0.15741999 0.66225201 4278650871
0.434791 0.118109 0.64513999 4285953672
0.29448801 -0.30425099 0.571769 4282400958
0.34896699 0.038551599 0.682944 4281019347
0.38203701 0.0205296 0.67811799 4280690392
0.186749 0.196006 0.64605999 4279440363
0.14833599 -0.41516799 0.413434 4278914035
0.427306 0.27417201 0.56372797 4286216836
-0.26553801 -0.12685201 0.67197698 4280098273
-0.084773101 -0.093519799 0.680834 4278848244
0.327272 -0.21148799 0.63441098 4281808839
0.21165501 -0.136455 0.66944498 4279900900
0.55758297 -0.089398697 0.581689 4293388055
0.162917 -0.071086504 0.68534303 4278979826
0.25079 -0.081818201 0.682558 4279637736
0.105986 0.188292 0.648669 4278650871
0.068310201 0.325293 0.55130798 4278387707
0.054235298 -0.063614398 0.68576199 4278387707
0.320622 0.274867 0.59476799 4281414093
-0.063306503 0.231912 0.62598801 4278321916
0.391812 0.0633898 0.67157799 4283124659
0.136384 0.10678 0.67782301 4278453498
0.12679701 -0.083744802 0.68308699 4278387707
0.51929498 0.19296899 0.56780201 4291019579
-0.403898 0.0104014 0.67206001 4285427344
0.53232098 -0.076787502 0.60357797 4291348534
0.42115399 -0.098313197 0.65505701 4283848360
-0.264476 0.29577601 0.57931298 4280229855
-0.102773 -0.14288799 0.66683298 4278321916
0.44946 0.152936 0.626724 4287795820
0.405193 -0.088912301 0.66238999 4283124659
0.36024001 -0.105613 0.66976702 4282006212
0.263567 -0.37461001 0.490134 4281743048
0.42970899 0.28411201 0.55500603 4285690508
0.39572299 -0.136305 0.65329403 4283190450
0.439123 0.15546601 0.63111299 4285164180
0.33869499 0.129151 0.66707897 4281019347
0.024258601 -0.0045355498 0.69017601 4278190334
-0.018138399 -0.146542 0.66570401 4278190334
0.64396101 0.00142626 0.50123501 4294967040
0.47843799 0.054289401 0.639575 4285887881
-0.187833 -0.26306501 0.605187 4279308781
0.23354299 -0.0735735 0.68465799 4278716662
0.278332 -0.0854645 0.68272501 4279242990
-0.353636 -0.14571001 0.65922803 4282598331
-0.228384 0.15250599 0.66377503 4280229855
0.17232101 -0.282996 0.59076297 4279308781
-0.47084799 -0.124853 0.62752002 4284769434
-0.23175301 0.166016 0.65919602 4279835109
0.274894 0.077979296 0.68322802 4279045617
0.160677 0.0458855 0.68788302 4278519289
-0.0319089 -0.011329 0.69015199 4278190334
0.205918 -0.052561902 0.68782902 4278716662
-0.026455499 -0.0135235 0.69010502 4278190334
-0.063819699 -0.267737 0.60198098 4278387707
0.044580702 0.174578 0.655707 4278453498
0.42793399 -0.210829 0.60794199 4286348418
0.32391199 0.115919 0.672921 4281019347
-0.0347404 -0.26185301 0.60693198 4278190334
0.28530601 0.22962999 0.62748599 4281414093
0.039161898 0.227705 0.628748 4278190334
-0.28931201 0.123585 0.67344099 4282335167
-0.180353 0.363157 0.50579399 4279374572
-0.068576999 0.0087349797 0.68992198 4278321916
-0.13242801 -0.11425 0.67566597 4278650871
0.167005 -0.125563 0.67243397 4278716662
0.27239099 -0.056826901 0.68723702 4279637736
-0.0017887501 -0.0406776 0.68839002 4278190334
-0.0118728 -0.14207201 0.66778302 4278190334
0.138024 0.264878 0.603836 4278979826
0.50890702 0.0906284 0.615116 4289572177
-0.24392299 0.059377801 0.68617702 4280229855
0.36586699 0.026109399 0.68131602 4282137794
0.216076 0.201351 0.64314902 4279308781
0.50931001 0.044463001 0.62391502 4288585312
-0.197741 -0.0365908 0.68915999 4279637736
-0.181545 0.18584301 0.65002 4279900900
0.265533 0.26990199 0.60102999 4280624601
0.37880999 0.123162 0.66147399 4284440479
0.44955701 0.064542197 0.651362 4283782569
-0.322548 0.125792 0.67047501 4282861495
0.039954901 0.17186099 0.656214 4278190334
0.139202 -0.182408 0.652282 4278585080
0.141837 0.048930701 0.68815702 4278387707
0.1327 -0.169064 0.65790302 4278585080
0.48107201 0.12538099 0.62234598 4288585312
0.49789399 0.27692699 0.51919597 4291348534
0.60649502 0.067655802 0.539469 4294967040
0.026014101 0.0153713 0.69068903 4278256125
0.131892 0.18396699 0.65075499 4279242990
0.393159 0.194286 0.629731 4282598331
0.31651899 0.30519599 0.56938601 4281282511
0.29791999 -0.129692 0.67124403 4279571945
-0.0109437 0.0182235 0.69010103 4278190334
0.119019 -0.093107499 0.68056202 4278321916
0.27124301 -0.22030599 0.63290203 4279900900
-0.0091571696 -0.23698001 0.622922 4278256125
-0.067958102 -0.215955 0.63581401 4278453498
0.030655 -0.15452 0.66340899 4278256125
-0.27876601 0.27625 0.59570003 4280690392
0.17793299 -0.155935 0.66274101 4279045617
0.0019319199 -0.273408 0.59788501 4278190334
0.35404599 0.241496 0.61278701 4283650987
0.29459801 0.233329 0.62459701 4281282511
-0.242305 -0.160898 0.661174 4280032482
0.179223 0.28310201 0.59054703 4279308781
-0.37719601 -0.16428301 0.64732897 4284440479
0.361031 0.25639501 0.60118699 4284308897
-0.277596 -0.283189 0.58959502 4280361437
0.346416 0.0079270201 0.68476403 4280558810
0.421464 -0.092446402 0.65680301 4283322032
-0.0338291 0.319893 0.557625 4278190334
-0.37021899 -0.086757801 0.67181599 4284637852
0.55384398 0.063561499 0.59020698 4293059100
-0.023831701 -0.023794301 0.68951201 4278190334
0.099878699 0.27812701 0.59407598 4278387707
0.33587399 0.0192974 0.68627203 4279045617
-0.28696099 -0.20519 0.64034498 4280821974
0.0540374 -0.30675101 0.569915 4278321916
0.209829 0.215258 0.63608903 4280098273
0.51914102 -0.0078672701 0.62041599 4290887997
0.57982999 -0.088486798 0.56187499 4294967040
0.030628599 -0.163794 0.660142 4278190334
-0.120428 -0.32910499 0.54726899 4278979826
0.48525399 0.15997 0.60611999 4287532656
0.115391 -0.108516 0.67759699 4278321916
0.24179301 -0.16026101 0.66138899 4280295646
0.50328702 0.078753203 0.62182403 4288519521
0.164057 -0.129035 0.67132503 4278650871
0.33176601 0.203482 0.63868898 4282006212
-0.407819 -0.0684807 0.66525298 4285361553
-0.057034999 0.229342 0.627487 4278387707
-0.151006 -0.123984 0.67265499 4279111408
0.436483 -0.155863 0.63201201 4284506270
0.48957199 -0.059601799 0.63326401 4287861611
0.36875501 0.133783 0.65995902 4281479884
-0.16215999 -0.0097765196 0.69004798 4278848244
0.230156 0.146933 0.66630799 4279308781
0.115062 0.107962 0.67731702 4278453498
-0.0664206 -0.350086 0.52328402 4278256125
-0.127455 0.27601099 0.59544498 4278782453
0.258921 0.26203901 0.606583 4280821974
0.49207401 0.119286 0.61725402 4288190566
0.067874402 0.166228 0.65856802 4278190334
0.32641101 -0.088300101 0.67944998 4281216720
-0.25879699 0.12544701 0.67229998 4282006212
0.18700799 -0.139226 0.66799301 4278650871
0.195427 0.31786299 0.55968499 4279111408
-0.121967 -0.033076599 0.68956101 4278914035
0.54627401 0.179602 0.55304998 4291480116
0.55615199 0.036246501 0.59198499 4292795936
0.21783499 0.31650501 0.55967897 4279703527
0.53103697 0.117872 0.592619 4291545907
-0.311768 -0.166857 0.65673798 4283124659
0.463193 0.119033 0.63286 4288124775
0.046739899 0.190862 0.64836198 4278256125
0.569125 -0.160199 0.54424602 4294769666
0.13862699 0.088848203 0.68115598 4278453498
0.216601 -0.27957001 0.593647 4279374572
0.54576999 -0.081674002 0.59262502 4291282743
0.448652 0.0096745696 0.65692699 4287335283
0.372428 0.334714 0.52520901 4285624717
0.13016701 0.159915 0.66060299 4278782453
0.0248092 0.065663897 0.68548697 4278190334
0.151694 -0.22931001 0.62807101 4279374572
0.29587901 -0.36820099 0.49902901 4282861495
-0.031028699 -0.108961 0.67735499 4278190334
0.0504275 0.23217499 0.62601 4278256125
0.36826599 0.148945 0.65565699 4283650987
0.43088901 0.0052223499 0.66347098 4284637852
0.37021899 -0.184699 0.64074099 4284572061
0.41201699 -0.040403798 0.66808897 4284308897
0.332003 0.0625166 0.68256497 4280821974
0.64093101 0.14972 0.45888099 4294967040
0.51155299 -0.33096001 0.43660101 4289835341
0.13146 -0.25165901 0.61361998 4278519289
0.409329 -0.210292 0.616265 4284440479
0.091293499 -0.034087501 0.688968 4278190334
0.25765699 -0.083923399 0.68305999 4279769318
0.299211 0.164404 0.658351 4281743048
0.28067401 -0.228958 0.628016 4281216720
0.41052401 -0.081160702 0.66224903 4285098389
0.0099093998 -0.115681 0.67564303 4278190334
0.0492297 -0.113175 0.67564303 4278190334
-0.27142099 0.108932 0.67753398 4281677257
0.56375098 -0.28203499 0.442114 4293519637
0.046420101 -0.051737901 0.68719202 4278190334
0.190469 -0.28087601 0.592134 4279308781
0.211796 -0.25461501 0.611269 4279900900
0.367291 -0.182291 0.64256001 4282993077
-0.25429699 -0.050445899 0.68809098 4280756183
0.42230701 0.26015401 0.57833898 4287532656
-0.0099606998 -0.16435701 0.65933299 4278190334
0.200755 0.16740499 0.65798199 4279374572
-0.029652899 -0.120014 0.67390198 4278190334
0.40806299 -0.32234499 0.52533299 4286808955
-0.46671101 -0.0035228 0.649086 4285164180
0.341961 -0.309405 0.56065798 4283519405
0.359135 -0.27246001 0.58943403 4284637852
0.58782399 0.042500701 0.56413102 4293914383
0.423374 -0.318966 0.52277398 4286348418
0.28103301 -0.22503801 0.63021499 4281348302
-0.091797501 0.18808299 0.64955902 4278256125
-0.210794 0.29129601 0.58357 4279177199
0.41418499 -0.40378201 0.385113 4284637852
0.337448 -0.0458032 0.684403 4279769318
0.51473498 0.0240578 0.62271303 4290559042
0.41508999 0.0302942 0.66842502 4281808839
0.434194 -0.036531702 0.66093999 4282795704
0.49780399 0.00813876 0.63240999 4286216836
-0.24379399 0.031838998 0.68976802 4281216720
0.17857701 0.224906 0.63009799 4278914035
0.331339 -0.24649499 0.61365902 4281414093
-0.284677 0.26866001 0.601502 4280756183
0.28870401 -0.33759701 0.53793502 4281282511
-0.077026397 -0.25016999 0.61430699 4278453498
0.60743397 0.19553199 0.476358 4294967040
-0.31303701 0.045351699 0.686885 4282137794
0.231263 0.099720702 0.67896998 4279374572
0.0447088 -0.153887 0.66384298 4278387707
0.31058601 -0.128095 0.67077202 4280624601
0.52255303 0.10321 0.60421902 4289572177
0.29643899 0.050006401 0.68748599 4279111408
0.63665003 -0.105588 0.49018899 4294967040
0.12975401 -0.056297202 0.68691099 4278453498
0.299346 -0.146722 0.66494799 4280098273
-0.040357001 -0.166389 0.65853697 4278387707
0.18421499 0.13684399 0.66922599 4279242990
-0.147651 -0.00097811106 0.69053102 4278782453
0.17740799 0.186634 0.650464 4278782453
0.110146 -0.107977 0.67773402 4278519289
0.36780101 -0.0142603 0.680875 4281216720
0.449628 -0.0556412 0.65236598 4285032598
0.029454401 -0.144299 0.66662002 4278321916
0.119842 0.117941 0.67495 4278453498
0.39546099 0.036673099 0.67285699 4282598331
0.0056126001 0.29793999 0.57793599 4278190334
-0.33771399 -0.28581101 0.58264399 4282072003
0.564614 0.167914 0.54403001 4294967040
0.29822299 -0.224494 0.62968498 4280756183
0.130606 0.110874 0.676759 4278453498
0.33100501 0.37738699 0.47912699 4283519405
0.30486101 0.26457801 0.60371703 4281677257
-0.156782 0.13404 0.66966498 4278650871
0.050167501 0.18731099 0.649629 4278190334
0.104971 0.23276301 0.62581998 4278387707
-0.18884701 0.17433199 0.655352 4279308781
0.066242799 -0.071154103 0.68523997 4278190334
0.42837 -0.061897598 0.65944302 4284901016
-0.104362 0.036531702 0.689206 4278387707
0.077279903 -0.21189301 0.63757598 4278650871
0.161825 -0.21049599 0.63837397 4278914035
-0.28406399 0.030609701 0.68965399 4280953556
0.235627 -0.29134101 0.58365601 4281414093
0.27779201 0.24665099 0.61721402 4280229855
-0.29508799 -0.076433197 0.68401599 4282664122
0.125873 -0.30623701 0.56957501 4278914035
0.414574 -0.318396 0.52725297 4286414209
-0.056941401 0.175181 0.65470099 4278256125
-0.36232501 0.30801001 0.55716902 4281874630
0.38998801 -0.105044 0.66336602 4281874630
0.18865 -0.097225197 0.680103 4278782453
0.33299699 -0.0425945 0.68523997 4279900900
0.205129 0.0139646 0.69040799 4278585080
0.61841702 -0.190006 0.464468 4294967040
-0.152124 -0.091370597 0.68136901 4278782453
0.124162 0.048837401 0.687711 4278519289
0.36287999 -0.077229597 0.67504603 4281611466
0.255492 -0.111504 0.67669201 4278979826
0.41889599 -0.31897601 0.52410799 4285822090
-0.414309 0.070221297 0.66388798 4285098389
0.28319401 0.15827399 0.66203398 4281282511
0.32516 -0.097686604 0.67683703 4280098273
-0.094976403 0.041145101 0.68845701 4278914035
-0.306656 0.174068 0.65425301 4281282511
0.47028399 0.251537 0.56045598 4287993193
0.051226702 -0.166401 0.65814799 4278387707
-0.054697599 -0.047101598 0.68848699 4278190334
0.46324101 -0.1868 0.60487002 4286282627
-0.117704 0.131744 0.67102498 4278650871
0.38975701 0.089796297 0.667072 4282795704
0.0354589 -0.120599 0.67359197 4278321916
0.138246 -0.231675 0.62570798 4278848244
0.023387101 0.208232 0.63943797 4278387707
0.059781101 0.15586799 0.66241401 4278519289
-0.0123356 -0.225117 0.63043803 4278190334
0.0096444804 0.1215 0.674137 4278256125
0.320609 -0.21712901 0.63213998 4282203585
0.097117797 -0.178371 0.653606 4278321916
-0.28994101 -0.079010002 0.68354499 4280953556
-0.071069703 0.0053696702 0.69044697 4278519289
0.57950002 -0.116548 0.55256999 4294967040
0.54895198 -0.142555 0.56956899 4293453846
0.25668201 -0.117026 0.67464298 4279440363
0.308397 0.0154238 0.688779 4279177199
0.104866 -0.38539299 0.472222 4279111408
-0.27749699 0.033551998 0.68961 4281282511
0.383082 -0.13207 0.65716499 4281940421
0.059163701 0.14473701 0.66673899 4278321916
-0.305374 0.0255419 0.68934298 4282137794
0.017584501 0.100153 0.678801 4278190334
-0.28267199 -0.117177 0.67491603 4281150929
0.16728801 0.35271201 0.51934898 4278914035
0.34171 -0.123644 0.66841102 4281085138
-0.24887399 0.0504012 0.68812001 4280229855
-0.083190203 0.068428896 0.68517101 4278256125
-0.020001 0.200268 0.64336401 4278190334
0.602305 -0.087582499 0.53889298 4294967040
0.32514 -0.150631 0.66212898 4280887765
0.51754498 -0.073736303 0.61341 4289177431
0.231681 -0.227836 0.62869799 4279374572
0.576123 0.0923706 0.56424803 4293980174
0.064661697 0.16416 0.65904999 4278387707
0.208093 0.111503 0.676615 4278914035
0.058421299 -0.19777399 0.64464498 4278585080
0.096973598 0.175137 0.65523303 4278453498
0.200837 0.098704703 0.679214 4278716662
0.081581302 0.0710373 0.68526202 4278519289
0.144282 0.126304 0.67221498 4278453498
0.062723599 0.16460299 0.659477 4278256125
0.30579799 0.23834801 0.62148702 4281019347
0.0204126 -0.29664999 0.57876599 4278256125
0.4526 0.114803 0.63860899 4284506270
0.23812801 -0.304138 0.57226199 4280756183
0.24765 0.046206702 0.68835801 4279045617
0.31145301 -0.044661101 0.68741798 4279900900
0.28020999 -0.235972 0.62327302 4280427228
-0.297418 0.062087402 0.685507 4280887765
0.27264699 0.182254 0.65222102 4279703527
0.20688701 0.242474 0.619618 4279900900
-0.050390899 -0.094593897 0.680049 4278256125
0.48032299 -0.20184401 0.58757502 4288190566
-0.071934097 -0.16565999 0.65900999 4278519289
0.39750999 -0.17781501 0.63653499 4284506270
-0.31623599 -0.18159001 0.65015602 4281677257
0.081955597 -0.17428499 0.65526903 4278387707
-0.133571 0.34428099 0.53050798 4279111408
0.0455807 0.214582 0.63598001 4278387707
0.0143532 0.080757499 0.68305802 4278190334
0.48886499 0.21773601 0.57221001 4291019579
0.57251 -0.210272 0.50690901 4294967040
0.37535799 0.38545001 0.45214301 4283914151
0.418464 0.340655 0.498016 4284901016
0.29769 0.074740201 0.684187 4279111408
-0.131712 0.054161198 0.68755299 4279177199
0.47624901 -0.0136441 0.64439601 4284901016
0.43543699 0.0647064 0.65713203 4285756299
-0.170131 0.034734402 0.68895102 4279045617
-0.012325 0.058156502 0.68680203 4278190334
0.034183901 -0.13593701 0.66931802 4278387707
0.366725 0.18224099 0.64214802 4281808839
-0.38962001 -0.13603701 0.65411198 4284045733
0.177403 0.189484 0.64893001 4279177199
-0.176295 0.33220801 0.54465097 4279045617
0.45835099 0.067269899 0.64755398 4285164180
0.497096 -0.13131601 0.61076897 4290822206
0.47839999 -0.117846 0.62551498 4287269492
0.49341199 0.021436401 0.63501102 4287072119
-0.0514118 0.29907501 0.57612199 4278190334
0.40727699 -0.041038301 0.66971397 4280953556
0.14138199 -0.0049331202 0.69069803 4278585080
0.64201099 -0.120388 0.475602 4294967040
-0.064301901 -0.20451599 0.64152902 4278256125
0.15344 0.351917 0.52161998 4279177199
0.503703 -0.229009 0.55536598 4293256473
0.028581601 0.0253266 0.69020098 4278190334
0.033596501 0.022148799 0.69042999 4278190334
0.613778 -0.27827299 0.34957299 4293651219
0.096349597 0.183881 0.65156198 4278519289
-0.0685063 -0.0963955 0.68000197 4278387707
-0.073350802 0.069099098 0.68562299 4278190334
0.38697201 0.043750599 0.67480099 4281743048
0.276135 -0.221613 0.631863 4280098273
-0.17213 0.02967 0.68965399 4278979826
0.12335 0.30491099 0.571455 4278716662
0.086037897 0.142617 0.66677999 4278256125
0.64905399 0.0029921599 0.494914 4294967040
0.367149 0.051612899 0.67833102 4281545675
-0.095980003 -0.101861 0.67841601 4278321916
0.23692 -0.210785 0.63820797 4280690392
-0.241133 -0.14741801 0.66565597 4280756183
0.095006697 0.059017502 0.68648797 4278256125
0.320261 0.26756099 0.60010397 4282993077
0.0083882399 0.13982999 0.66869199 4278190334
0.33925599 -0.169166 0.65335101 4281808839
0.055390399 -0.35840499 0.51227498 4278585080
0.31833199 -0.193431 0.64428997 4281282511
0.107734 0.385086 0.473315 4278321916
-0.109531 0.0201157 0.69037199 4278453498
0.42240301 0.124896 0.64745599 4282993077
-0.038802799 -0.37575901 0.487492 4278190334
0.500283 -0.16419999 0.59520102 4290756415
-0.27415401 -0.28025401 0.59216398 4280098273
0.081588 -0.093400799 0.68119198 4278256125
0.426772 0.059026498 0.66090298 4282269376
0.29592001 -0.084137402 0.68189299 4279966691
0.149464 -0.060663301 0.68677598 4278453498
0.26863101 0.187721 0.64970499 4279571945
0.334075 0.044191599 0.68471003 4280295646
0.284116 -0.10976 0.67734498 4279571945
-0.078823 -0.010409 0.69044697 4278321916
0.046206702 0.082892001 0.68314099 4278190334
0.39720899 0.035891399 0.67278898 4280624601
0.44925699 0.057644401 0.65296698 4284177315
0.48680601 0.172931 0.59893698 4287664238
-0.42231101 -0.12564901 0.647304 4284177315
0.33266401 0.179883 0.64953202 4281677257
0.55442297 -0.0031935901 0.59500903 4292072235
-0.44242501 -0.101443 0.646734 4284506270
0.25684601 -0.34241 0.53324997 4281019347
0.18162499 -0.097128198 0.67952299 4278585080
0.0877617 -0.212973 0.63747001 4278519289
0.64850301 -0.00108678 0.49581099 4294967040
0.26244199 -0.0105612 0.68991703 4278782453
-0.34208599 -0.054113999 0.68255502 4282137794
0.57410198 -0.071179397 0.570988 4294967040
0.185325 0.022221999 0.69020301 4278782453
-0.0551631 0.019412 0.68978697 4278585080
0.031728499 0.27854601 0.59385699 4278190334
-0.137383 0.286966 0.58700198 4278453498
0.102734 -0.0243026 0.69018197 4278256125
0.33234301 -0.079553001 0.67958498 4279637736
0.15692499 0.029067799 0.68939 4278387707
0.43553299 0.0182031 0.66198498 4283519405
0.45934901 0.15902799 0.61985701 4289703759
0.173767 -0.115303 0.67522401 4279177199
0.5302 -0.092831299 0.60098898 4291085370
0.30136201 -0.22342201 0.63011003 4280756183
0.30949101 -0.295991 0.57849699 4283190450
0.57291502 -0.083692297 0.57007802 4293782801
0.045689199 -0.17794099 0.65370798 4278256125
0.58832699 0.018280501 0.56493002 4294967040
0.239522 0.28916201 0.58492303 4279769318
-0.0097157201 0.052038401 0.68712199 4278190334
0.36383399 0.102147 0.670048 4280624601
0.115867 -0.16099501 0.66085798 4278650871
-0.18425301 0.224788 0.63021898 4280427228
0.0436267 0.17958 0.653162 4278321916
0.307464 -0.27911401 0.592632 4281611466
0.055990499 -0.145467 0.666623 4278519289
0.0894164 0.077208698 0.68404198 4278321916
0.232923 -0.131975 0.67092401 4278979826
-0.334279 0.035270002 0.68587297 4282400958
-0.0064161802 0.033753298 0.68953401 4278190334
0.472096 -0.0144528 0.64626902 4288124775
0.43731701 -0.333078 0.49769801 4289177431
0.22193199 0.168743 0.65789402 4279177199
0.39071399 -0.18859001 0.632815 4283124659
0.55587 -0.20077901 0.53195101 4294309129
-0.0343518 -0.37705699 0.48655799 4278190334
0.479882 -0.042991199 0.64066201 4287993193
0.135738 0.183451 0.65167201 4278716662
0.37767699 0.038769901 0.67737901 4280493019
-0.276243 0.30533001 0.57121998 4280558810
0.044479799 0.000745458 0.690153 4278190334
-0.150391 0.026053101 0.68935603 4278782453
0.119233 -0.191011 0.64828098 4278519289
0.450809 -0.115214 0.63898802 4286808955
0.53850901 0.14868601 0.57601303 4290756415
0.425659 0.015714601 0.66466498 4285361553
0.62652302 -0.033727601 0.52335697 4294967040
0.413782 0.073975399 0.66320598 4284769434
0.449489 -0.24452201 0.57731998 4287664238
0.097119004 -0.16694 0.65861702 4278585080
-0.059724201 0.187731 0.64940101 4278190334
-0.062237401 -0.274988 0.59648401 4278190334
-0.27661201 0.046971198 0.68842697 4282598331
0.33271199 0.066160299 0.68211901 4280821974
-0.28019801 -0.075362802 0.68418801 4281282511
0.030123699 0.18663099 0.65017903 4278190334
0.026716599 0.099633299 0.67930502 4278190334
0.219127 -0.209318 0.638991 4279308781
-0.11294 0.0132438 0.69078201 4278650871
0.60085303 -0.0405678 0.55116898 4294967040
-0.32475701 0.192196 0.64479899 4282137794
0.535941 -0.091189303 0.59705502 4293980174
0.39277101 -0.00046525101 0.67543203 4282269376
0.055542301 0.045411199 0.68776101 4278256125
0.42981601 -0.055371799 0.65990001 4285229971
0.166394 0.0070517999 0.69032502 4278585080
0.0092380401 -0.235236 0.624529 4278190334
0.508295 0.20304801 0.56874102 4289901132
0.33483499 0.034323499 0.68602198 4279703527
0.59814501 -0.164231 0.51101297 4294967040
0.234753 -0.114642 0.67577201 4278848244
0.253692 0.0309249 0.68920398 4278585080
-0.112563 -0.132342 0.67087197 4278650871
0.325856 0.298493 0.57357502 4282335167
0.49189901 -0.0222816 0.63568801 4289572177
-0.091460302 0.28447801 0.58979398 4278256125
-0.051247101 0.077509902 0.68361998 4278190334
-0.213745 0.250734 0.61418802 4280361437
-0.096343301 0.167634 0.65833098 4278387707
-0.18023001 0.342453 0.53218001 4278914035
0.16853601 -0.131841 0.67104697 4278716662
0.058605999 0.32312801 0.55332202 4278387707
0.27925399 -0.028387301 0.68968701 4279440363
0.38149199 0.11794 0.66250598 4283322032
0.351937 -0.37884101 0.47247499 4283914151
0.53398502 -0.27862701 0.48278201 4293585428
0.51640999 -0.095003903 0.61009902 4291019579
0.418576 0.0880806 0.65864497 4282861495
0.045186099 0.218117 0.63360298 4278387707
0.00251511 -0.122937 0.67312998 4278190334
0.25640199 0.23492099 0.62421602 4281216720
0.53831899 -0.087328598 0.59612 4292138026
0.109566 -0.110024 0.67668903 4278519289
-0.019652501 0.223992 0.630243 4278190334
0.277897 -0.249854 0.61490601 4280493019
0.28362799 0.23467501 0.62410802 4281085138
0.119904 0.270863 0.60040802 4279177199
-0.0259165 -0.22035199 0.63233 4278190334
0.37323201 0.23397499 0.61318201 4282993077
0.195118 0.305049 0.57145 4279571945
0.443196 -0.076693296 0.651811 4285756299
-0.273655 -0.207213 0.63992101 4280887765
0.37253001 -0.152086 0.65295398 4284374688
-0.0201605 0.223959 0.63072598 4278190334
-0.0508692 -0.174437 0.65515703 4278190334
0.50831598 -0.31273499 0.46708801 4289440595
0.322467 0.173888 0.65274203 4280624601
0.296175 0.061369099 0.68604302 4278914035
0.440577 0.120651 0.641913 4285756299
-0.023118099 -0.081492797 0.68304998 4278190334
0.25675499 -0.41022101 0.42585599 4281545675
0.440043 -0.038128398 0.65802002 4286743164
-0.0229498 0.0430234 0.68867898 4278190334
0.017398801 -0.33497 0.540591 4278190334
0.46200499 0.156785 0.61971802 4286545791
0.30703399 0.17658401 0.65337801 4280887765
0.35470301 0.151649 0.657103 4283190450
0.488805 -0.054001901 0.63460898 4287401074
0.40227801 -0.0061548301 0.672638 4282006212
0.0739327 0.108719 0.677122 4278321916
0.29601499 -0.0424551 0.68853199 4279111408
0.111685 -0.105693 0.67782801 4278716662
0.159632 -0.116202 0.67551303 4278914035
0.643525 0.166572 0.44175199 4294967040
-0.119634 -0.23130099 0.62675399 4278716662
-0.0786165 0.100682 0.67928398 4278387707
0.19658101 0.0087920297 0.69043398 4278716662
-0.052303199 -0.122466 0.67313999 4278256125
0.14595599 -0.16498099 0.65929198 4278716662
-0.174979 0.084469803 0.68271798 4279308781
0.447667 -0.017895101 0.656955 4285493135
0.57673299 0.156413 0.53767699 4294967040
0.39537299 0.087437898 0.66610801 4283322032
0.32818201 0.23304901 0.62196302 4283782569
0.21553101 -0.162856 0.65969098 4279637736
-0.0191554 -0.132457 0.670771 4278256125
0.48301101 0.0030647099 0.64095098 4286216836
-0.070982598 0.0318028 0.68936998 4278256125
0.25180301 -0.119383 0.67419398 4280098273
0.090261303 -0.19535901 0.64536601 4278453498
0.68370903 0.019809701 0.432419 4294967040
0.270648 0.32701799 0.54942 4280427228
-0.215873 0.360948 0.50897098 4279506154
0.0312033 0.15660501 0.66193801 4278256125
0.059156701 0.29248399 0.582654 4278190334
0.068712898 0.070173502 0.68483001 4278190334
0.261397 -0.0495039 0.68796998 4279571945
0.39399099 -0.30414301 0.55099499 4284769434
0.60907203 -0.22991399 0.43990901 4294967040
0.635616 0.120843 0.484045 4294967040
0.57456398 0.103536 0.561912 4294967040
0.223791 0.120023 0.67379397 4279374572
-0.24025699 0.029009599 0.68918401 4279900900
0.25475001 0.263419 0.60530299 4279835109
0.424941 -0.051252902 0.66278201 4283848360
0.397351 0.34562001 0.50306898 4285624717
0.109139 -0.12542801 0.67287701 4278453498
-0.18531699 -0.078338303 0.68334198 4279966691
0.348851 -0.0559722 0.68122798 4280558810
-0.260059 -0.128323 0.67211699 4280887765
0.37818 -0.292851 0.56731498 4283848360
0.29230899 -0.0269437 0.68914998 4278979826
0.00146212 -0.361655 0.50896698 4278190334
0.34911901 0.391671 0.44984901 4283585196
0.11117 -0.167546 0.65828699 4278848244
-0.127839 0.054568999 0.68691498 4278914035
0.59423798 -0.211247 0.48045999 4294967040
0.391691 0.076567501 0.669065 4283322032
0.29331899 -0.375682 0.488478 4282927286
-0.237709 0.0099134799 0.690669 4281085138
-0.18522801 -0.152081 0.66366398 4279177199
-0.090599202 -0.178158 0.65392601 4278321916
0.398967 0.124745 0.65549201 4283650987
0.107762 0.036470901 0.68868601 4278519289
0.31959701 0.082587302 0.68096697 4279506154
0.25831401 -0.135563 0.66918701 4279900900
-0.34063801 -0.0891914 0.67739397 4284177315
0.45798701 -0.33865601 0.47534001 4288190566
0.599935 -0.138574 0.52225602 4294967040
0.36795601 0.19551601 0.63534999 4281743048
-0.151246 -0.24280199 0.619569 4278782453
-0.14572901 0.28174999 0.591196 4279242990
0.360587 0.048815899 0.680511 4280953556
0.104787 0.13551 0.67000097 4278387707
-0.126541 0.32153401 0.55472201 4278782453
0.48287299 -0.28514701 0.52204299 4289243222
0.51174098 0.28635001 0.496189 4289835341
-0.070398897 0.099513002 0.67956102 4278453498
0.358071 0.091220699 0.67414701 4279900900
0.62626499 -0.242981 0.38718501 4294703875
-0.37158999 0.218262 0.622316 4282335167
0.023848699 0.081388101 0.683249 4278190334
-0.119436 0.118314 0.67456102 4278716662
0.28783599 -0.18134101 0.65233898 4280427228
0.13518099 0.060872499 0.68617499 4278519289
0.089351103 0.201324 0.64247298 4278256125
-0.150951 -0.36614099 0.501809 4278716662
-0.021586601 0.18357199 0.650895 4278256125
-0.412054 0.133564 0.64898098 4284111524
0.33603901 -0.080076396 0.67912799 4279900900
0.29847401 0.189946 0.64769202 4281874630
0.026436999 0.100764 0.679371 4278190334
0.34463599 -0.10159 0.67405403 4279900900
0.107691 0.071877003 0.68427002 4278321916
-0.26402301 -0.0484474 0.68796402 4280821974
0.29323801 0.42145699 0.39763299 4280295646
0.44691399 0.25746799 0.56910503 4286151045
0.064850301 -0.217565 0.63464803 4278256125
0.46460199 -0.145643 0.62353998 4288519521
0.176386 -0.01801 0.68966699 4278585080
0.57980198 0.024634199 0.57317001 4294967040
0.033761401 -0.162148 0.66020203 4278190334
0.221687 -0.053052101 0.68754202 4279111408
0.54763299 0.133412 0.57472998 4294967040
-0.064062901 -0.34932199 0.523826 4278387707
0.51512003 0.27451301 0.50659901 4293519637
-0.184109 -0.0275757 0.68976599 4278979826
-0.27391499 0.208535 0.63898402 4282137794
0.39425299 -0.066811197 0.669936 4281216720
0.27426401 0.160923 0.66098899 4279703527
0.49120101 0.158994 0.603109 4288980058
0.20646299 0.255548 0.61148101 4279374572
0.35542601 -0.28094101 0.58281797 4284111524
-0.35048899 0.13291401 0.66443801 4283914151
-0.142032 0.0105995 0.69008702 4278650871
0.430222 0.085338399 0.65531802 4283585196
0.587677 0.034100801 0.56444103 4294967040
0.318351 0.097277597 0.677558 4279703527
0.55950397 0.073042899 0.58366102 4291743280
0.24653199 -0.28866699 0.58602101 4280493019
0.37845701 -0.19564401 0.63322401 4285493135
-0.19602101 0.162576 0.66055697 4279308781
-0.138725 -0.105514 0.67836797 4278979826
0.108425 -0.15513299 0.66291302 4278453498
0.043927498 0.103222 0.67884099 4278387707
0.081275202 -0.332371 0.54425502 4278190334
0.019561799 0.197695 0.64518899 4278321916
-0.17222901 0.032772701 0.688887 4278782453
0.017325699 -0.101254 0.67883402 4278190334
-0.13480499 0.119149 0.67461002 4278519289
0.147947 -0.12589499 0.67224002 4278585080
0.46067399 0.0135454 0.65119499 4287598447
0.131237 0.119904 0.67393798 4278519289
-0.0261667 -0.135627 0.669348 4278256125
0.271065 -0.163 0.659751 4280361437
0.0303293 0.144678 0.66700298 4278190334
0.080944099 -0.132429 0.67096299 4278453498
-0.145871 0.16018499 0.66125101 4278848244
-0.297694 -0.0372563 0.68882102 4281216720
0.165306 -0.0204612 0.69049197 4278453498
0.066146702 -0.103657 0.67849898 4278321916
0.46668199 -0.22916301 0.57845998 4287137910
-0.17577299 0.0082174595 0.690135 4279242990
-0.41214901 0.14184199 0.64581102 4284243106
0.060406901 0.243765 0.61820102 4278519289
-0.210434 -0.200205 0.64370501 4279637736
-0.0531005 -0.126523 0.67227101 4278256125
0.55242401 -0.20182399 0.533602 4294967040
0.243056 -0.24875399 0.61528099 4280624601
0.0140554 0.187067 0.64966702 4278190334
-0.080948897 0.036720298 0.688555 4278190334
0.42095301 -0.032895401 0.66542101 4283256241
0.18062399 -0.107438 0.67768902 4278782453
0.18171699 -0.099989504 0.67900997 4278585080
0.131956 0.29263601 0.58260399 4278453498
-0.105918 -0.360367 0.51045102 4278716662
0.48701301 0.26510999 0.53816801 4291348534
0.088309102 -0.113815 0.675883 4278387707
0.56846797 0.050448999 0.57967699 4294967040
0.119736 -0.206542 0.63998199 4278321916
0.38334799 0.217581 0.62051302 4282532540
0.243248 0.145524 0.66665798 4280427228
0.33348799 -0.18907499 0.64492399 4281808839
0.108651 0.0268979 0.69011199 4278453498
0.48979601 -0.26073101 0.54015398 4289374804
-0.038998701 0.098003902 0.67919701 4278190334
-0.21046001 0.0174533 0.69043398 4279769318
0.15183599 -0.16597401 0.65825999 4279242990
0.459705 0.110571 0.63668603 4285493135
0.44694501 0.139624 0.632882 4286019463
0.166143 0.211229 0.63774902 4278848244
-0.147287 0.37816301 0.48456401 4279111408
0.38993701 -0.097222701 0.66527301 4282795704
0.42960799 -0.15910999 0.63268697 4287927402
0.20048 0.091929004 0.68094897 4278914035
0.047606099 0.25776699 0.60909998 4278519289
0.41554901 -0.121596 0.65167099 4283585196
0.32750401 -0.155102 0.65969002 4281348302
-0.0039531002 -0.030425301 0.68898302 4278190334
0.170283 -0.050061099 0.68777001 4278914035
0.115463 0.26619601 0.60311902 4279242990
-0.0068207998 0.0323328 0.689367 4278190334
0.50227201 0.0683873 0.62432802 4291611698
0.176062 -0.0349412 0.688999 4278848244
0.16188601 0.19468901 0.645935 4279374572
-0.37119099 -0.172593 0.645684 4283716778
0.025310701 -0.00031329301 0.69024199 4278190334
0.53401899 -0.232522 0.52876902 4292269608
0.51326901 -0.316688 0.45716801 4292598563
0.19630501 0.31357399 0.56283998 4279308781
0.50291902 -0.0042986702 0.62992102 4287598447
0.59695297 0.0030259399 0.558029 4294967040
0.46795401 -0.0243598 0.64723903 4287730029
0.49893701 -0.12533 0.61164302 4290361669
-0.190477 -0.122276 0.67304999 4279242990
0.097978503 -0.0073680002 0.69014698 4278519289
0.36043099 0.220744 0.624336 4282927286
0.464066 -0.121272 0.63138002 4284769434
0.268296 0.38610199 0.470824 4280098273
-0.111997 -0.0034604799 0.69067198 4278453498
0.61949003 0.22527 0.42613199 4294967040
0.3328 0.104658 0.674263 4281808839
0.42043999 -0.150756 0.63986701 4284243106
-0.125567 0.15253501 0.66340202 4278387707
0.402969 0.21917599 0.61256403 4283848360
0.458112 -0.042112499 0.65018398 4286085254
0.303792 -0.165301 0.65860802 4280887765
0.25660199 -0.15178999 0.66443902 4279242990
0.320472 0.323037 0.55124003 4283387823
-0.217712 0.095557198 0.67995203 4279835109
-0.248134 0.0532788 0.68722898 4281019347
-0.47102699 -0.045332901 0.64417303 4285493135
0.0204868 0.090659298 0.68129802 4278190334
0.55613101 -0.066484697 0.58720201 4294967040
0.169568 0.074048102 0.68457299 4278848244
0.31696099 0.086267397 0.68003201 4279769318
0.444846 -0.0249181 0.65759802 4283650987
0.33713901 0.094965003 0.676516 4280690392
0.20054901 -0.33319899 0.542409 4279900900
-0.36814299 0.0423472 0.67907703 4283190450
0.0166161 -0.095942602 0.680013 4278190334
0.10045 -0.244435 0.618617 4278256125
0.66290599 0.16346601 0.40598699 4294967040
0.0034586999 -0.323277 0.552876 4278190334
-0.0489069 0.121467 0.67425501 4278190334
0.27458501 -0.35695601 0.51378 4280756183
0.42118901 -0.086650103 0.65829599 4285624717
0.0148582 0.024856601 0.68952698 4278190334
-0.236717 -0.25648099 0.61044902 4279571945
-0.076866902 0.311313 0.56505501 4278519289
0.131521 -0.13058101 0.67145002 4278453498
0.54021698 0.149534 0.57455701 4294967040
0.240247 0.40450099 0.43771201 4281085138
0.275828 -0.081058897 0.68362898 4279308781
-0.085392199 -0.24360301 0.61852902 4278190334
0.077808701 0.064704902 0.685884 4278387707
-0.182466 0.040126301 0.68852198 4279308781
0.52519798 0.20608599 0.55460799 4290953788
0.59872001 0.120339 0.53240103 4294967040
0.22638801 -0.350844 0.52192998 4280164064
0.129899 -0.246446 0.61760598 4278782453
0.0138939 0.087363303 0.68181002 4278256125
-0.32475299 -0.00167476 0.688039 4282006212
0.50182801 -0.280873 0.51195401 4289835341
0.28931999 -0.122263 0.67368102 4279900900
0.00154768 0.310828 0.56543601 4278190334
0.110886 -0.32941499 0.54768503 4278848244
0.30974701 -0.17580201 0.65318602 4281150929
-0.085174799 0.078814298 0.68319702 4278256125
-0.28900501 -0.11888 0.67385101 4281874630
0.0633955 -0.030297199 0.68968999 4278190334
-0.12494 0.0103336 0.69085902 4279374572
0.49891999 0.018501399 0.631437 4289901132
-0.46455401 -0.147991 0.62171298 4284835225
-0.36197501 0.084423803 0.67451602 4283979942
0.48802999 0.1714 0.59954602 4291874862
-0.132062 -0.24945401 0.61495501 4279111408
0.096616201 0.406295 0.43301699 4278387707
0.52228999 0.095904 0.60614002 4291940653
0.0819773 -0.200121 0.64318699 4278453498
0.38709801 0.179786 0.637968 4284506270
0.45200101 -0.103918 0.64167398 4287598447
-0.0529048 -0.34381801 0.530662 4278387707
0.0185277 -0.173979 0.65543902 4278190334
0.047393501 0.0239773 0.68989497 4278256125
0.425625 -0.120387 0.64775997 4285295762
0.130288 -0.039001402 0.68892699 4278519289
0.0125699 0.38014099 0.48088601 4278190334
0.416363 -0.094392098 0.65786099 4285032598
-0.16487999 -0.248125 0.61587298 4279571945
0.049670801 0.060910199 0.68677002 4278256125
-0.38201201 0.18696301 0.63642198 4284045733
0.040126801 -0.17492799 0.65536499 4278453498
0.46685901 0.015817801 0.64833802 4286940537
0.245068 0.086811699 0.68158901 4278848244
0.29921299 -0.16579799 0.658059 4280361437
0.25941199 -0.065244399 0.68571901 4278914035
-0.420349 -0.0262831 0.66632497 4285164180
0.38888499 0.074856102 0.66960102 4282598331
0.38059801 -0.13384201 0.65744799 4282466749
0.37737301 -0.143595 0.65482402 4283716778
0.219393 -0.070196897 0.685233 4279045617
0.0649269 -0.199426 0.643471 4278190334
0.134003 -0.328908 0.54726601 4278979826
0.236339 -0.138254 0.66906202 4279308781
0.0272233 -0.0203554 0.68971002 4278190334
0.55624801 0.096946403 0.579759 4292203817
-0.251376 -0.056479 0.686975 4280821974
-0.054295801 -0.34290099 0.532556 4278585080
-0.183121 -0.16236299 0.66063398 4279506154
-0.014278 0.032027502 0.68937498 4278190334
0.16471399 -0.17838199 0.65327698 4278716662
0.20843001 -0.14907899 0.66525501 4279111408
0.53532398 0.023693001 0.60898399 4289637968
0.33533701 -0.048063699 0.68432099 4281085138
0.148616 -0.140126 0.66845 4279177199
0.43075699 -0.174179 0.62558502 4284703643
0.082388297 -0.17168 0.656883 4278453498
-0.163698 -0.30815801 0.56798202 4279177199
-0.075552598 0.225493 0.63006097 4278190334
0.49977401 0.0191448 0.63090801 4286414209
-0.24958999 0.37965301 0.48299801 4279900900
0.088020504 -0.096628003 0.67955399 4278256125
0.045297399 0.034179099 0.68912399 4278387707
0.199195 0.138464 0.66848898 4279637736
0.49623799 -0.085257299 0.62474698 4291611698
0.39700601 -0.332228 0.51983798 4284177315
0.43767199 -0.24150001 0.58527797 4286414209
0.488383 0.0728717 0.63168597 4287006328
0.0444474 -0.032378402 0.689156 4278190334
0.301844 -0.109463 0.675942 4280493019
0.063701697 0.200819 0.64356399 4278387707
0.58519799 -0.153569 0.530662 4294967040
0.061685801 0.37880799 0.48380199 4278256125
-0.147232 0.17737199 0.65395099 4278914035
-0.33172601 -0.17327499 0.65251499 4281611466
0.68158799 -0.057710901 0.43081301 4294967040
0.36114499 -0.109627 0.66880602 4280756183
0.172509 -0.10933 0.67739302 4278914035
-0.0112978 0.31502199 0.56145698 4278190334
-0.31757399 0.209517 0.63644099 4281545675
0.081575803 -0.0242732 0.68963403 4278321916
0.51288903 0.065030403 0.61832398 4291348534
0.31906199 -0.373151 0.48941901 4281808839
0.202426 0.0324043 0.68948102 4278519289
0.085951596 0.088730901 0.68122602 4278321916
0.27450901 -0.39216399 0.462073 4280098273
-0.44043601 -0.036612399 0.65803403 4285427344
0.294994 -0.29358 0.58092803 4281677257
0.084299304 0.39854801 0.44874099 4278321916
0.083190799 -0.216068 0.63480401 4278585080
0.53914303 0.104347 0.59124601 4292466981
0.14041001 0.038403001 0.68839401 4278585080
-0.146578 -0.0577702 0.68689603 4278848244
0.0072702202 0.120255 0.67404902 4278190334
-0.29082799 0.049786098 0.68772399 4281940421
-0.053982899 0.032188699 0.68903798 4278190334
0.25569499 -0.18072701 0.652179 4279769318
0.0522721 0.142684 0.66683799 4278256125
-0.076871596 0.33633 0.54001302 4278256125
0.35736799 0.40259099 0.42613199 4283387823
0.34445 0.167156 0.65277398 4281677257
-0.436441 -0.141435 0.63677299 4284901016
0.25342301 0.392831 0.46044701 4280953556
0.374497 -0.139258 0.656865 4282664122
0.20229501 0.17861 0.65331203 4279177199
0.53254998 -0.299236 0.45988899 4291874862
-0.39010999 0.26343301 0.58811897 4282861495
0.52644801 0.176965 0.57108402 4292730145
0.39265701 0.0491018 0.672701 4280558810
-0.212467 -0.173599 0.65618098 4279703527
-0.36139899 -0.29039499 0.57328397 4281611466
0.63473803 -0.0174233 0.51447499 4294967040
0.14620399 0.19955499 0.64350402 4279177199
0.161396 0.048482001 0.68751901 4278453498
0.080034897 -0.118504 0.67465502 4278256125
0.139256 0.097233497 0.679699 4278585080
-0.260212 0.16772801 0.65770102 4280361437
0.42166001 0.27477399 0.566414 4285756299
-0.30851799 -0.145712 0.66550702 4281545675
-0.102199 -0.32473201 0.55229902 4278782453
0.193046 0.27349901 0.59725899 4279637736
0.17990001 -0.23714299 0.62263799 4279703527
0.282222 0.36950299 0.496674 4280493019
0.323028 -0.086447701 0.67957997 4279703527
0.26671699 -0.198411 0.64415097 4280690392
0.438925 0.187904 0.61655998 4286808955
-0.061829299 -0.00401313 0.690871 4278453498
-0.103349 0.036913499 0.68852401 4278650871
-0.139883 -0.27533901 0.59612203 4278519289
0.33526701 0.213071 0.63287503 4282729913
0.036061 0.22970299 0.62723601 4278256125
0.037528001 0.097431101 0.67973 4278190334
-0.355645 -0.242699 0.61072898 4281940421
0.28050601 0.029736901 0.68933302 4278782453
0.0429492 -0.0683029 0.68558198 4278321916
0.21615601 0.13961101 0.668441 4279966691
0.67675298 -0.037840001 0.445465 4294967040
0.37817499 -0.166207 0.64592701 4283058868
0.101042 0.208791 0.63865101 4278453498
0.34845799 -0.27824599 0.58731699 4282137794
0.25721699 0.23529699 0.62462002 4280558810
-0.049424902 -0.0303772 0.68920398 4278190334
-0.107532 0.13052 0.67144698 4278453498
-0.21901301 -0.12725499 0.67210299 4279900900
0.35928899 -0.22164799 0.622944 4282795704
-0.039108898 -0.124221 0.67330199 4278190334
0.310727 0.000188448 0.68885702 4279900900
0.41600201 -0.0385333 0.666655 4282203585
0.44960001 0.21704599 0.59574801 4285493135
0.031630799 0.36346799 0.50566399 4278190334
0.46024299 -0.093378901 0.641518 4287664238
0.37529999 0.0037706699 0.68012899 4282927286
0.393677 0.045025099 0.67335302 4281348302
-0.077504501 -0.26401201 0.60471803 4278387707
0.49956101 -0.092625 0.62054002 4288256357
0.278422 0.352696 0.519427 4281282511
-0.35003299 0.113635 0.66970003 4284243106
0.38593701 -0.246805 0.60145801 4284111524
0.33655199 0.083971798 0.67854702 4280690392
0.281867 -0.0266192 0.69010401 4278650871
0.091425203 -0.098276801 0.67988598 4278256125
0.37535 0.072710298 0.67404699 4281677257
-0.108132 -0.29161701 0.58328098 4278453498
-0.068446897 0.126417 0.67284 4278256125
-0.104325 0.0134166 0.69006801 4278387707
0.128984 -0.13121501 0.67096299 4278585080
0.56110001 0.121585 0.56867999 4292466981
0.35863599 -0.0110998 0.68257701 4280427228
0.44380701 0.070129603 0.65235198 4283519405
-0.137189 0.200528 0.643686 4278716662
0.13076 0.32497501 0.55183899 4278716662
-0.312031 -0.107252 0.67578298 4283058868
0.29132599 -0.070390403 0.68459499 4278979826
0.270513 0.21550199 0.63575602 4280887765
0.22535101 0.096734099 0.68024898 4278914035
0.00636417 0.132265 0.67065001 4278190334
0.068807498 -0.0154662 0.69035602 4278190334
0.167023 0.099603496 0.67887801 4278782453
0.58334899 0.246887 0.460502 4294967040
0.16971 0.0049174 0.69034398 4278782453
0.091465302 0.121602 0.67386001 4278321916
0.58085299 -0.070483603 0.566028 4294967040
0.40496099 0.23282 0.60333502 4287269492
-0.111188 0.100828 0.67870599 4278453498
0.106578 0.203191 0.642039 4278519289
0.33603799 0.30535501 0.56557602 4283650987
0.28078699 -0.082304098 0.68249297 4279900900
0.52553099 -0.247568 0.52289897 4292466981
-0.027667399 -0.24122 0.620592 4278190334
0.467554 0.234143 0.57440501 4287730029
-0.32298499 0.339439 0.533077 4281150929
0.28733 -0.362169 0.50797701 4280756183
-0.063668199 0.111887 0.67670298 4278190334
-0.124419 0.134819 0.67010999 4278716662
0.0444705 0.0050860401 0.69024903 4278190334
0.049272701 -0.0952067 0.68038899 4278256125
0.342379 0.193286 0.64148599 4283519405
0.35199001 -0.171572 0.64982599 4281677257
0.151344 -0.0081281699 0.69076502 4278585080
-0.27303699 -0.0096762199 0.69074202 4282466749
-0.12644701 -0.14996301 0.66477501 4278585080
0.56564897 -0.067694098 0.57949603 4294967040
0.54974103 0.13549601 0.571724 4290953788
-0.174375 -0.070258997 0.68522298 4279440363
0.25070399 -0.12568299 0.672517 4279440363
0.34833199 -0.0338929 0.68313402 4279900900
0.31613299 0.14089701 0.66620398 4281808839
0.083071001 0.18774401 0.64894903 4278585080
-0.049624901 -0.375164 0.48883501 4278190334
0.16917901 -0.108606 0.67685801 4278848244
0.404971 0.20764101 0.61923498 4285032598
0.23069701 0.30760801 0.56875902 4280295646
-0.246783 0.23918401 0.62202501 4279769318
0.56959301 0.074180096 0.57420403 4294967040
-0.37389001 0.0579683 0.67658699 4283453614
-0.049876198 -0.244092 0.61884803 4278190334
0.377444 -0.0223033 0.678666 4281677257
0.18575101 -0.246317 0.61723202 4279308781
0.20309 0.0549534 0.68750101 4278979826
0.215802 0.241128 0.62040001 4279242990
0.23504899 -0.41761699 0.40682599 4280558810
0.092943497 -0.31035599 0.566513 4278387707
0.21813799 -0.096116804 0.68014997 4279177199
0.37983099 0.103219 0.66614002 4283782569
0.128438 0.105887 0.67817801 4278453498
-0.046686299 -0.162559 0.66025299 4278190334
-0.0415539 0.0290114 0.68954599 4278321916
0.13050701 -0.092438102 0.68109399 4278650871
0.498512 -0.17989799 0.58932799 4288387939
-0.36285001 0.040773802 0.68028599 4283256241
0.31133699 0.067260101 0.68445599 4279308781
0.231626 -0.234825 0.62405598 4279506154
0.20136 0.158849 0.66120702 4279703527
0.130409 0.30336601 0.572923 4278914035
0.062594898 0.037664101 0.68936199 4278256125
0.38111299 0.101497 0.66598499 4283256241
-0.151591 0.207561 0.640176 4278848244
0.40104201 0.29243401 0.55989802 4285690508
0.40323901 -0.22092099 0.611844 4287269492
0.33498901 -0.118957 0.67027801 4279966691
0.47960001 0.22837301 0.57207698 4287598447
0.52677602 -0.167068 0.57632798 4293651219
0.51959002 0.24218801 0.53199899 4291282743
0.0069024898 0.350418 0.52259898 4278256125
0.40094599 0.056024801 0.669303 4281808839
0.41989201 0.20405 0.61602902 4286874746
0.202622 0.136796 0.669613 4279440363
0.21552201 0.33732 0.53762197 4280361437
0.54882902 0.00209851 0.59955603 4291216952
0.040695298 -0.082810998 0.68304002 4278190334
0.36812299 -0.149988 0.65538299 4283322032
0.20626999 0.076338902 0.683496 4278848244
0.337273 0.1816 0.64775699 4283058868
-0.206484 -0.13562199 0.66988897 4279769318
0.40667501 0.21504299 0.61359602 4284111524
0.52284002 -0.082247898 0.60917699 4290493251
0.31303599 0.213221 0.63532698 4280690392
0.24337301 -0.369656 0.49787101 4280098273
0.47577199 0.203115 0.58934498 4287466865
-0.170845 -0.109065 0.67670399 4279374572
0.347711 0.14133701 0.66228801 4281479884
-0.064372897 0.155764 0.66260397 4278256125
0.262209 -0.154576 0.66350102 4279242990
0.0024065 0.184541 0.65061897 4278190334
-0.16136999 0.218659 0.63358998 4278848244
0.3096 -0.29712901 0.57701999 4282532540
0.55129802 0.081455499 0.587681 4291348534
0.407976 -3.8971499e-05 0.67109799 4281874630
0.52844799 -0.0363595 0.61281103 4290822206
0.18305001 -0.286836 0.58769202 4279637736
0.0179004 0.101125 0.67908102 4278190334
0.090419598 0.086184703 0.68259901 4278256125
0.38046199 0.20942099 0.62552899 4284045733
0.223811 0.110237 0.67677099 4278782453
0.250025 -0.20484699 0.64093 4280427228
0.43708801 -0.028560299 0.65983498 4283124659
0.32376599 0.20786899 0.636639 4282137794
0.333684 0.046043701 0.68467599 4281216720
0.419103 -0.106501 0.65378702 4283848360
-0.237019 0.18262801 0.65146798 4279966691
0.21742301 0.240668 0.62092501 4280032482
0.163562 -0.391509 0.46243501 4279308781
0.373391 0.21762399 0.62250203 4284835225
0.40472201 -0.34659901 0.497776 4285558926
0.40883201 -0.110708 0.65623999 4284045733
0.119927 -0.100773 0.67858303 4278321916
0.35026199 -0.099407896 0.67315501 4282072003
-0.382523 -0.26900101 0.586007 4282664122
-0.047714099 -0.37914199 0.48333099 4278256125
0.293295 0.017126201 0.68949097 4279374572
0.185929 0.096719399 0.6796 4279177199
0.40354401 0.0206558 0.67221999 4284506270
0.48233399 -0.0227986 0.64112002 4289374804
-0.0324056 0.268089 0.60228902 4278190334
0.029666601 0.115374 0.67540097 4278190334
-0.129557 0.206453 0.640504 4278782453
0.367616 -0.31274399 0.551898 4285164180
0.16657101 0.095165797 0.67994899 4278585080
-0.069157198 0.046059001 0.68835402 4278256125
0.131749 0.051805701 0.68719202 4278387707
0.40467301 0.100518 0.66017503 4282006212
-0.21807399 -0.373458 0.49241799 4279571945
-0.037830699 0.0377018 0.68849599 4278190334
0.191901 0.046371002 0.688326 4278519289
-0.0165528 -0.097167499 0.68034399 4278190334
0.438039 0.064484701 0.65603697 4283782569
0.048859701 -0.21337 0.636545 4278190334
0.242305 -0.037912302 0.68927401 4278782453
0.21560401 -0.044688299 0.68851 4278585080
0.082692601 0.101276 0.67872202 4278190334
0.29764801 0.151885 0.66380799 4280690392
-0.068880901 0.050735299 0.687545 4278387707
0.25215799 0.18991201 0.64848399 4280032482
-0.17665 -0.27480501 0.59623098 4278848244
0.150313 0.0104785 0.69014102 4278453498
0.65848899 0.120141 0.446832 4294967040
0.27311599 0.42467499 0.38878101 4281019347
0.199044 -0.137242 0.66876698 4278979826
-0.099356301 0.00187158 0.69005197 4278650871
0.12032 0.0150179 0.69050801 4278321916
0.36753801 -0.00524549 0.68168801 4280624601
0.401288 0.0660052 0.66794902 4281808839
0.21920601 0.23163401 0.62643403 4280361437
-0.0043527898 0.30507401 0.57098299 4278190334
0.34802601 -0.0223657 0.68480301 4280229855
0.31786001 -0.33659101 0.53696901 4283453614
0.40857899 -0.13167401 0.65073699 4282861495
0.49393299 0.234175 0.558429 4291611698
0.23073199 -0.31403199 0.56293398 4280098273
0.279726 -0.23685899 0.62299401 4280690392
0.430271 -0.069850698 0.65802902 4286151045
0.452847 -0.00310016 0.65466499 4285032598
0.092706703 0.0514501 0.68728101 4278321916
0.26596799 0.091198497 0.68073499 4279242990
0.21204001 -0.35552201 0.51638103 4279242990
0.0175007 0.042699602 0.68798602 4278190334
-0.018058499 -0.0020353501 0.69082302 4278190334
0.202317 0.379888 0.48147899 4279966691
0.43774 0.32197201 0.51115501 4285624717
-0.055102501 0.0507841 0.68791997 4278190334
-0.105946 -0.245674 0.61798298 4278453498
0.068847097 0.355131 0.51646203 4278256125
0.41852301 0.054717202 0.66404003 4282400958
0.339899 0.025547201 0.685188 4280558810
0.37746999 0.188004 0.63746703 4283519405
0.189291 -0.140082 0.66850102 4279308781
-0.028057801 0.119378 0.674761 4278190334
0.24323399 0.15787099 0.66240603 4279374572
0.29461899 -0.28035501 0.592067 4280624601
0.15800799 0.14269 0.66684097 4278585080
0.0105865 -0.322687 0.55379999 4278190334
0.317835 0.42386499 0.38745999 4281743048
0.51747602 0.0281309 0.62004399 4290295878
0.61380303 -0.041267298 0.53612101 4294967040
0.28557 -0.19025899 0.64800501 4279900900
0.27460599 -0.066573501 0.68599302 4279045617
0.420268 -0.036696099 0.66531998 4281874630
0.44528499 -0.0515274 0.654396 4285098389
0.31413901 -0.34985599 0.52122998 4283256241
0.249119 -0.151272 0.66483301 4279966691
0.29729199 -0.14379101 0.666722 4280098273
0.220195 -0.381585 0.47952601 4280887765
0.62877202 0.22309899 0.41195101 4294309129
-0.0479629 0.064134002 0.68587202 4278453498
0.44733399 -0.33435801 0.48900399 4287269492
-0.0398716 -0.169664 0.65699297 4278190334
0.112482 -0.0416499 0.688815 4278256125
0.46296 0.29408801 0.52576101 4286940537
0.52864099 0.13798299 0.58745903 4290953788
-0.0653143 -0.112976 0.67598498 4278190334
0.43557301 0.027687401 0.66057998 4284177315
0.43826199 -0.068445899 0.65512598 4282400958
0.22178 -0.124867 0.67330402 4279111408
0.403734 0.062105201 0.66782701 4280953556
0.285647 -0.286268 0.58701801 4280427228
0.113873 0.066506296 0.68518603 4278650871
0.304396 -0.181594 0.65143102 4280953556
-0.307096 -0.0279478 0.689147 4282006212
0.106719 0.0621964 0.68614501 4278453498
-0.043217499 -0.0172782 0.69027299 4278256125
0.37551099 -0.079305798 0.67209899 4280690392
-0.23014501 -0.156966 0.66185498 4280427228
0.44211701 -0.124848 0.64073598 4287137910
-0.022129999 -0.066178799 0.685718 4278190334
0.49198201 -0.11252 0.61977297 4291677489
0.48480299 -0.055452701 0.63660198 4285229971
0.30126399 -0.246289 0.615996 4280756183
-0.243002 0.170755 0.65692401 4280887765
0.107709 -0.193995 0.64628202 4278979826
0.0881944 -0.024282901 0.68940097 4278321916
0.212908 -0.228248 0.628793 4279506154
-0.157772 -0.24242 0.61941803 4278650871
0.31943199 -0.325441 0.54826099 4282269376
-0.252909 -0.24669901 0.61699802 4280164064
0.0434325 -0.093806297 0.68111998 4278256125
0.172959 -0.071341798 0.68488801 4278979826
0.0275776 0.117992 0.67483598 4278190334
0.080904096 0.091746204 0.681306 4278387707
0.63254398 0.17423999 0.456137 4294967040
0.424658 0.084165499 0.65705597 4285164180
-0.44835499 -0.042123701 0.65494698 4285098389
0.28029701 0.0428252 0.68852198 4278650871
0.0671895 0.106219 0.67804998 4278453498
0.181648 -0.29272601 0.582183 4279637736
0.0011045299 -0.19218101 0.64692098 4278190334
-0.081262 -0.210298 0.63817602 4278256125
0.308561 0.244762 0.61661202 4281874630
0.35397601 -0.30923301 0.55782402 4283914151
0.12789699 0.085321099 0.682441 4278453498
0.22402 -0.200275 0.643107 4279637736
0.461739 0.054538298 0.64748198 4286677373
-0.125029 0.045043401 0.68838298 4278650871
0.35060999 0.248256 0.60855901 4284374688
0.416897 0.14002 0.64459801 4283387823
0.029419901 0.326565 0.54994297 4278190334
0.045520101 0.200633 0.64340597 4278387707
0.29509801 -0.118583 0.67409199 4281019347
0.34601501 0.27204999 0.59173399 4283058868
0.336418 0.066660903 0.68138802 4281150929
-0.45959601 -0.0067483298 0.65148199 4285164180
0.44579101 0.096293397 0.64634001 4287269492
0.17267901 -0.115088 0.67576098 4279242990
0.35504001 0.19161899 0.64000201 4282993077
0.102723 0.156479 0.66245103 4278256125
0.49557 -0.204542 0.576428 4289572177
-0.38521501 -0.124205 0.659455 4283650987
0.29637 -0.33879101 0.535725 4283387823
0.044907399 -0.085056797 0.68199301 4278387707
0.0070558498 -0.14563 0.66596699 4278256125
-0.23492301 -0.0123782 0.69022697 4279966691
-0.124325 0.21503 0.635562 4278387707
-0.322761 0.19148301 0.64542902 4282072003
0.368285 0.27471799 0.58497202 4286085254
-0.0270964 0.205993 0.64056897 4278190334
-0.0031234999 0.16254 0.66023898 4278190334
0.41011301 0.33610499 0.50833601 4285624717
0.0154088 -0.0023602201 0.69003701 4278190334
0.24656001 0.24083801 0.62071598 4280887765
0.19539399 0.041340601 0.68897003 4278585080
0.394137 -0.078359097 0.66816598 4282006212
0.43667001 0.068995297 0.65601802 4284374688
0.0020661601 0.248854 0.61492199 4278256125
0.54495102 0.30545801 0.43380699 4293124891
0.28364301 0.141197 0.66763002 4280558810
0.32627299 0.189896 0.64525598 4281611466
0.57826799 0.0049815001 0.57486099 4294967040
-0.046592802 -0.236846 0.62297201 4278256125
0.32892901 -0.15531801 0.65987903 4280361437
0.0597101 0.234851 0.62481898 4278321916
-0.42030299 -0.28239101 0.561041 4282532540
0.14495599 -0.0921022 0.68098003 4278782453
0.0226872 -0.080129303 0.68292099 4278190334
0.336364 -0.36002001 0.50471097 4283716778
-0.043769401 -0.234741 0.62471998 4278190334
0.51289099 -0.049253099 0.62094003 4290822206
-0.43490401 -0.094325803 0.65109497 4285361553
0.27943099 -0.0120275 0.69005197 4278650871
0.55240899 -0.071887799 0.58904701 4292795936
0.53940803 -0.068812802 0.59941101 4292335399
-0.16362201 -0.151997 0.663791 4279111408
0.467078 -0.016331 0.64793301 4285164180
0.30925801 0.39804 0.44805101 4282137794
0.175227 0.13385201 0.67047 4278650871
-0.0120519 -0.054356098 0.68699199 4278190334
0.203949 0.202636 0.64176899 4279374572
0.277823 -0.14161301 0.66715503 4279966691
0.22777499 0.150483 0.66408598 4279242990
0.49461499 0.25859901 0.53747898 4288914267
0.41867799 0.097255699 0.65712798 4285756299
0.187093 -0.0314923 0.68918902 4278848244
0.11603 0.25241601 0.61283499 4278979826
0.196109 -0.101513 0.679052 4278716662
0.39099401 -0.187629 0.63323599 4282335167
0.38840699 -0.23296 0.609097 4283979942
0.323109 0.029270099 0.68704098 4279045617
-0.138221 -0.023117401 0.69027299 4279440363
0.28523901 0.055144701 0.68735999 4278716662
-0.35780999 0.148991 0.65705597 4282598331
0.37634301 -0.118764 0.66359901 4282072003
0.0576686 -0.18406001 0.65090901 4278190334
0.53489 0.24649 0.51489598 4293848592
0.67969 -0.065272197 0.43285501 4294967040
0.32437199 0.12909301 0.66852999 4281150929
0.390627 0.092093199 0.665712 4281940421
-0.0134173 -0.12757801 0.67220002 4278190334
0.230161 0.265071 0.60360199 4279966691
-0.129482 0.34230599 0.53261101 4278585080
0.0312456 -0.153565 0.66400498 4278256125
0.52828097 -0.157974 0.57911199 4290887997
-0.432154 -0.117147 0.64709002 4284703643
0.408934 -0.27081099 0.57463402 4287006328
0.22178701 0.12994801 0.67132699 4279111408
-0.145803 -0.17207301 0.65654898 4278782453
0.0443605 0.173636 0.655756 4278190334
0.118833 -0.23649301 0.62321597 4278716662
0.22886001 0.12146 0.67357999 4279111408
0.24107 0.094759703 0.68004 4279374572
0.0148676 -0.405287 0.43671101 4278190334
0.573614 0.157435 0.54053098 4294967040
0.45819899 -0.302295 0.52045399 4287532656
-0.0695756 0.12717099 0.67236102 4278256125
0.055917699 -0.0503866 0.68728501 4278190334
0.41815001 -0.044112001 0.66598803 4283979942
-0.105363 -0.097488098 0.680251 4278914035
0.01135 0.059064299 0.68683898 4278190334
-0.163339 0.0119945 0.69070899 4279440363
0.143061 -0.035730202 0.68886501 4278453498
0.183208 -0.21268301 0.63721597 4279308781
0.40808201 -0.0094709499 0.67071301 4283650987
0.161764 -0.101076 0.679088 4278979826
-0.02093 0.042438101 0.68820101 4278190334
0.0075000701 0.090861097 0.68079698 4278190334
0.30047899 0.160171 0.65992898 4280558810
-0.290382 -0.20997401 0.63818902 4280887765
0.34455901 -0.13133401 0.665829 4281743048
0.31977201 0.374681 0.485744 4281940421
-0.35894701 -0.0779856 0.676359 4282795704
0.28568399 0.108594 0.67720598 4280098273
0.36287099 -0.18183 0.64346403 4282795704
0.325912 -0.102067 0.675946 4280756183
0.0553317 0.092830703 0.68075198 4278321916
0.067737401 0.171744 0.65631998 4278387707
-0.063370302 -0.028338101 0.68987399 4278321916
0.29402801 -0.33976001 0.53564602 4281085138
-0.31047201 0.056543902 0.68555099 4281414093
0.140314 -0.16921499 0.65736502 4278979826
-0.0733511 -0.0094289603 0.690283 4278321916
0.46663001 -0.17280801 0.610093 4288058984
0.403721 0.058755599 0.66863102 4283453614
0.61661202 0.215295 0.442579 4294967040
-0.0036696501 -0.089030497 0.68182898 4278190334
0.48997101 -0.189474 0.58867699 4289309013
-0.336279 -0.113214 0.67167401 4282072003
-0.114521 -0.123556 0.67284 4278585080
-0.079533502 0.097736701 0.67961597 4278519289
-0.051780399 0.360854 0.50915599 4278321916
0.56588298 0.328006 0.34922501 4289506386
0.077788003 0.0601262 0.68619901 4278190334
0.492241 -0.143491 0.60900003 4291282743
0.314527 -0.101161 0.67786098 4279835109
0.12620801 0.0324146 0.68917102 4278519289
0.47926599 -0.112732 0.62701899 4289901132
0.42459899 -0.106754 0.65261102 4282598331
0.30916101 -0.411621 0.41858801 4282927286
0.39927599 -0.080142803 0.66642201 4282335167
0.350512 -0.064549796 0.68023598 4279506154
-0.26824901 0.26827601 0.60148603 4280558810
0.47931999 0.00495103 0.64305902 4288256357
0.0250009 0.34845701 0.525451 4278190334
0.067550898 0.29743299 0.57870901 4278190334
0.31631199 -0.40202501 0.438241 4283190450
-0.0141358 -0.32126701 0.55505401 4278190334
0.171967 -0.123247 0.67315 4278716662
0.159409 0.111096 0.67624599 4279045617
-0.25759399 -0.14126199 0.66768801 4280361437
0.43370301 0.220892 0.60049701 4287006328
-0.000535995 0.260113 0.60782999 4278190334
0.216207 0.14418501 0.666448 4279308781
0.41859701 0.035126802 0.66643298 4284572061
-0.0340508 0.037626699 0.689174 4278190334
0.30697599 -0.046957899 0.68742299 4278848244
0.0075020902 0.33408901 0.542539 4278256125
-0.092013001 0.175511 0.65501899 4278387707
0.292079 -0.058442902 0.686261 4279769318
0.19119599 0.262189 0.60673898 4279308781
0.129647 -0.086934596 0.68186098 4278782453
0.46088299 0.12948801 0.63029999 4285953672
-0.035214599 -0.0238325 0.68971997 4278190334
0.168134 0.229507 0.62798297 4279045617
-0.247981 -0.28566101 0.58813399 4280229855
0.45943499 0.240995 0.57479298 4290032714
0.20614199 -0.099008001 0.67986202 4278716662
0.038098399 0.082775503 0.682486 4278321916
-0.112088 -0.207516 0.64032799 4278387707
0.52199697 0.10044 0.60451198 4291085370
-0.051045999 0.36090001 0.50907201 4278321916
0.447227 -0.23436201 0.58577299 4288058984
-0.17633399 0.37353301 0.492026 4279111408
0.26102301 -0.022392601 0.68957603 4278716662
-0.115881 0.149151 0.66504699 4278321916
0.33705899 0.223423 0.626522 4282729913
0.16867501 -0.16132 0.66018403 4278716662
0.080866098 -0.28939199 0.584647 4278190334
-0.0125996 -0.179607 0.653009 4278190334
0.119101 0.0113442 0.690714 4278453498
0.105785 0.053841799 0.68721002 4278256125
-0.278844 -0.107773 0.67790103 4281874630
0.459793 -0.152183 0.62233001 4287730029
0.28127801 -0.187332 0.65009201 4280493019
0.087720603 -0.18892799 0.64862198 4278585080
0.31841299 0.165353 0.65714902 4280427228
-0.28122601 -0.133964 0.66968203 4280493019
-0.131741 0.18429901 0.65081 4278782453
0.37032801 -0.120982 0.66419798 4282137794
0.061354298 0.00286803 0.690189 4278256125
0.38231 0.045653999 0.67531401 4281940421
0.016744301 -0.020064 0.68991297 4278190334
0.27951699 0.14265101 0.66710198 4279966691
0.343961 0.12660301 0.66677803 4280953556
0.38251299 0.033141799 0.67694402 4280756183
0.52404898 0.26526701 0.50826299 4294243338
0.086795799 0.132699 0.67022502 4278256125
0.38761401 0.108858 0.66325003 4281611466
0.35178 0.096323803 0.67384797 4280887765
0.070158303 -0.143343 0.66706401 4278190334
0.460852 -0.055620901 0.64771497 4286085254
0.181805 0.14308301 0.666978 4279308781
0.017459201 -0.113709 0.67579401 4278190334
0.283427 0.241934 0.62026501 4281545675
0.386103 0.33698201 0.517658 4285295762
0.567375 0.06425 0.57877803 4294967040
0.20055901 0.17412201 0.65596497 4278979826
-0.214306 0.056380801 0.68674397 4279637736
-0.030948799 -0.205117 0.64078701 4278190334
0.64987397 -0.12805 0.45827699 4294967040
0.34076601 0.159113 0.65637398 4281348302
0.33665299 -0.26941401 0.59610897 4281940421
0.082021199 0.062055599 0.68652499 4278321916
0.51775497 -0.18772499 0.57085699 4292861727
-0.12725399 -0.185452 0.65003198 4278716662
0.35874701 -0.201215 0.63519299 4282466749
0.21942 -0.289186 0.58490801 4280098273
0.44306099 0.149418 0.63181698 4288519521
0.131816 0.17481101 0.65477997 4278453498
0.226943 -0.169842 0.65761203 4279374572
0.51918399 -0.31956199 0.445712 4291611698
0.067392699 -0.066290103 0.68548101 4278387707
0.55170602 0.071966603 0.59041601 4292532772
0.25040001 0.0148967 0.69051701 4278716662
-0.128443 -0.17515901 0.65506899 4278387707
0.0685516 -0.19092999 0.64751297 4278256125
0.46531901 0.200333 0.59661299 4290427460
0.21853299 -0.30699 0.57014102 4280953556
0.104249 -0.113705 0.676117 4278387707
0.233365 -0.13445 0.669797 4279045617
-0.230051 -0.0096575003 0.690543 4281479884
0.35259601 -0.0182539 0.68418801 4281150929
0.356949 -0.232309 0.61711401 4282072003
-0.017238099 0.102298 0.67859203 4278190334
0.176525 0.25957999 0.60794902 4279242990
-0.025241699 0.153338 0.66306001 4278190334
0.084744498 0.129667 0.67111701 4278650871
0.498191 0.33699399 0.442029 4288651103
0.44674799 0.363965 0.444462 4288716894
0.197346 0.052348498 0.68750602 4278519289
-0.27399501 -0.37168199 0.493312 4280098273
-0.15672299 0.0494496 0.68806499 4279308781
0.118704 0.0309393 0.68927902 4278321916
0.57045901 0.100195 0.56681901 4294835457
0.415288 -0.193453 0.62294298 4284045733
-0.28524899 0.172938 0.65624899 4280821974
-0.081525899 -0.0988895 0.67903101 4278519289
0.45543799 0.118699 0.63603002 4288782685
0.0058633802 -0.26132399 0.60644001 4278190334
0.398624 -0.25920701 0.58738101 4284045733
0.0297969 0.063855 0.686055 4278190334
0.287891 0.0073861801 0.69070399 4279045617
0.124936 0.027639899 0.68937802 4278321916
-0.39421099 -0.0602227 0.671067 4283585196
0.62246603 -0.085215099 0.51678699 4294967040
0.38895801 -0.31831601 0.53829497 4284177315
0.0057369401 -0.291527 0.58347601 4278190334
0.37387601 0.259426 0.59578103 4284374688
0.52229899 0.344156 0.39503199 4290098505
0.44501501 -0.098540403 0.64605999 4287203701
-0.33171999 -0.13175599 0.667521 4282335167
0.43008399 -0.13022199 0.64302802 4282993077
0.57911098 0.0486582 0.57051802 4294967040
-0.392858 0.0930489 0.66518903 4283848360
0.323055 -0.051788401 0.68499303 4278979826
0.48945001 -0.108613 0.622495 4290164296
0.0758356 -0.207499 0.639346 4278585080
0.44208199 -0.109949 0.64473599 4284966807
0.357418 -0.19609401 0.63747603 4283058868
-0.10984 0.152439 0.66352898 4278387707
0.57229602 0.0245365 0.57911402 4294967040
0.197088 0.24165399 0.619807 4279506154
0.39845201 0.29996201 0.55381298 4285887881
0.29035199 -0.157601 0.66199797 4280098273
0.47787401 0.154663 0.61233598 4290361669
0.37422299 -0.22685499 0.61675799 4285361553
0.53999698 0.254493 0.50318003 4292269608
0.160659 0.205029 0.64130902 4278585080
-0.43485299 -0.098495401 0.650626 4284637852
0.14858299 0.35880399 0.51215601 4279637736
0.22866499 0.19967499 0.64417201 4279374572
0.024393899 0.14713299 0.66627902 4278256125
0.34503001 0.178818 0.64811701 4281545675
0.077117801 0.082569703 0.68299198 4278321916
0.111051 -0.0344618 0.689206 4278387707
0.475564 -0.250889 0.55690497 4288190566
0.33895001 -0.077011697 0.67934799 4281677257
0.435388 0.245735 0.582708 4288519521
-0.103425 0.265701 0.60367501 4278453498
-0.235321 -0.247456 0.61672199 4280361437
0.109128 -0.16062699 0.66039199 4278321916
0.133526 -0.0493595 0.68791002 4278321916
-0.12630101 -0.30332899 0.57314199 4278387707
0.25510201 -0.26013801 0.60768098 4280032482
0.410151 -0.00257077 0.67066801 4282927286
0.33295801 -0.179646 0.64910698 4281940421
0.55225903 -0.301673 0.43086499 4291480116
0.61910403 -0.088754699 0.519822 4294967040
0.18333299 -0.36494401 0.50317401 4279374572
0.453154 -0.13941599 0.63073498 4286743164
0.0110783 0.0381262 0.68884498 4278190334
-0.0128674 0.081560001 0.68344402 4278190334
0.25967401 0.29680401 0.57881898 4281282511
-0.344969 0.0240252 0.684681 4282993077
0.0563288 -0.187806 0.64938998 4278453498
-0.19121499 0.14132901 0.667256 4279440363
0.339764 -0.180695 0.64810401 4282598331
0.31045499 -0.0910597 0.680255 4280953556
-0.357786 -0.30602399 0.56080598 4281743048
0.096605398 -0.28420299 0.58975101 4278519289
0.44138601 0.25940099 0.56989998 4286611582
-0.177297 -0.37565401 0.48782799 4279242990
0.220063 0.165931 0.65895301 4279703527
-0.066129103 0.108304 0.676772 4278190334
-0.26221299 -0.35572201 0.51571602 4279900900
-0.052747499 -0.316717 0.55997902 4278256125
0.34229201 -0.28836301 0.57973099 4283058868
0.261186 0.114747 0.67560601 4278979826
-0.20196301 0.0513409 0.68798 4279374572
0.052370999 -0.21307699 0.63723499 4278387707
0.43063101 -0.182496 0.62282997 4285427344
0.073919997 0.100801 0.67952299 4278321916
0.44363201 -0.24166299 0.58133298 4287072119
0.335969 0.147331 0.66184098 4280558810
-0.15568 -0.30730599 0.56947201 4278716662
0.45703799 -0.102907 0.63986897 4286085254
0.38157099 -0.174266 0.64191097 4282400958
-0.093463004 0.125873 0.67252499 4279045617
0.243139 0.041486301 0.68894702 4278716662
-0.234236 -0.145642 0.666062 4280756183
0.107565 0.17462599 0.65546101 4278914035
-0.173205 0.236958 0.62274599 4279506154
0.48722899 0.125889 0.61883301 4291019579
0.48338801 -0.047304399 0.63834298 4286019463
0.117769 0.047805 0.68755603 4278453498
0.48210999 -0.12597001 0.62150699 4286282627
-0.244408 0.247317 0.61677998 4280558810
0.020691499 -0.016759301 0.68973601 4278190334
0.039957099 0.275419 0.59627497 4278190334
0.42677501 0.024301 0.66387099 4284835225
-0.33443901 -0.046675902 0.684403 4283716778
0.36645401 -0.0482301 0.67875099 4281150929
0.19973101 -0.210375 0.63866001 4279374572
-0.25882 -0.28647 0.58696502 4280361437
-0.0076273601 0.070005499 0.68460798 4278190334
0.458103 0.129599 0.63140899 4284835225
0.33514199 -0.078763098 0.67967999 4281545675
0.15051 0.28747499 0.58660799 4278716662
-0.272706 0.34960899 0.52418399 4279900900
0.338494 -0.108611 0.67321903 4280164064
0.046753801 0.045462999 0.68811703 4278256125
-0.25841901 -0.22415701 0.631001 4280229855
0.30367699 -0.082066096 0.68240201 4280690392
-0.064269803 -0.207335 0.64034802 4278256125
0.250783 -0.330942 0.54593599 4281348302
0.41049701 -0.125165 0.65178001 4284572061
0.50664401 -0.150048 0.59758103 4289045849
-0.16350199 0.25692999 0.60946101 4279703527
-0.046699598 0.018049801 0.68989801 4278321916
-0.0066205198 -0.35710499 0.51504201 4278190334
0.20517001 0.363251 0.50672197 4279308781
0.125175 0.0443758 0.688362 4278650871
0.37405801 0.28841299 0.572604 4283650987
0.388309 -0.035322301 0.67561102 4281874630
-0.110907 0.249616 0.614586 4278453498
0.0080999397 0.073611103 0.684241 4278256125
-0.10716 -0.089662902 0.681638 4278519289
-0.33834699 -0.192606 0.64242297 4282203585
0.053274602 -0.000196034 0.69066399 4278190334
0.093189001 -0.14874101 0.66544402 4278716662
0.233188 -0.19491 0.64589202 4280098273
0.54335803 0.31898901 0.41380399 4291874862
0.41528299 0.329979 0.513107 4286940537
0.18354601 0.15627301 0.66196799 4279308781
0.37047601 0.089162298 0.67174399 4282400958
0.284024 0.14964999 0.66462499 4279835109
-0.126001 0.126368 0.67199099 4278979826
-0.32016999 -0.11249 0.67419302 4281611466
-0.38709 0.17745399 0.63981402 4283256241
0.037573699 -0.189449 0.64913601 4278387707
-0.157933 -0.136636 0.66894901 4278979826
0.121641 0.0413615 0.68814498 4278387707
0.25257701 0.084192097 0.68250102 4278848244
0.42001301 -0.110211 0.65318298 4282729913
-0.13216799 -0.17381699 0.65606999 4278585080
0.17765599 0.37762299 0.48571 4279703527
0.089460202 0.086011998 0.68225402 4278256125
-0.12509599 -0.31838799 0.558209 4279177199
-0.0104587 -0.0774341 0.68415397 4278190334
-0.30173701 -0.052568901 0.68706399 4281348302
0.0737831 0.0143444 0.69012201 4278321916
0.23195601 0.231646 0.62636697 4280821974
0.461905 0.29347801 0.52802598 4290032714
-0.105564 0.096586101 0.68045598 4278387707
-0.316939 -0.30170199 0.57157499 4281019347
0.17559101 0.032824401 0.68905503 4278453498
0.19559 -0.210742 0.63768798 4279966691
0.53864801 0.20156799 0.54616898 4292598563
0.466095 0.061831798 0.64482498 4286348418
0.171625 0.35925099 0.51096398 4279440363
0.604294 -0.080210201 0.53908199 4294967040
0.68147802 0.0186699 0.438366 4294967040
-0.391285 0.00101691 0.67632699 4284966807
0.12660401 0.0358762 0.68862301 4278519289
0.128736 0.037538201 0.689381 4278387707
-0.17964099 -0.0083037997 0.69078898 4279177199
-0.38008001 -0.29857999 0.56095201 4282269376
0.39929399 -0.106196 0.66089201 4282993077
0.53507501 -0.041319702 0.60701799 4292006444
0.37060899 0.15354501 0.65267301 4282861495
0.056521401 0.116113 0.67538202 4278256125
-0.33472899 -0.00107966 0.68645102 4284111524
0.067455404 0.34683999 0.52755702 4278519289
0.38590699 -0.039185598 0.67601299 4282072003
0.097814202 0.0490628 0.687424 4278321916
-0.075927101 0.184267 0.65109497 4278387707
-0.017679701 -0.068963699 0.68565798 4278190334
0.34094 0.10683 0.67351502 4280427228
0.418152 0.142234 0.64357001 4286414209
0.49865499 0.127078 0.61164802 4287335283
0.40167001 -0.092224501 0.66262603 4282072003
0.550964 0.26492399 0.48023599 4294967040
-0.272194 0.35148999 0.52102399 4280032482
-0.0162466 -0.342738 0.53143102 4278190334
0.42887399 0.24591 0.585944 4285361553
0.30595401 -0.0867761 0.68140298 4279308781
-0.091131598 0.139936 0.66829902 4278848244
0.42496699 -0.305949 0.53512299 4287137910
0.36076999 -0.26044899 0.59735698 4283453614
0.27130699 -0.150681 0.66458702 4280887765
0.487452 0.30416 0.49691999 4288190566
-0.105792 -0.359869 0.51050502 4278716662
0.270349 -0.057112701 0.68707699 4278848244
0.262761 0.122746 0.67375898 4279308781
0.108874 -0.182036 0.65153599 4278387707
0.00019438801 0.0375516 0.688954 4278256125
0.38791701 0.011958 0.67625099 4281545675
-0.092090398 0.095801599 0.67981303 4278256125
-0.30068299 0.0475052 0.68763298 4282137794
-0.265957 -0.194988 0.64634699 4280361437
0.35621199 0.070691802 0.67818302 4280887765
0.21079201 -0.052512798 0.68751597 4278782453
-0.42500499 -0.24337099 0.58977401 4283256241
-0.309286 0.14975999 0.66333699 4281611466
0.270293 -0.0092887999 0.69035798 4278848244
0.47383299 -0.093967497 0.63409603 4285164180
0.308126 -0.107755 0.67605603 4281150929
-0.0266387 -0.102209 0.67914402 4278190334
0.28038999 0.23372699 0.62557298 4280295646
0.0303188 -0.138502 0.66842699 4278387707
0.017735301 -0.0087903198 0.69036502 4278190334
-0.325326 -0.0129599 0.68799299 4283256241
0.0041510998 0.0406655 0.68870598 4278190334
0.11229 0.0316092 0.68902397 4278453498
0.46449599 -0.152771 0.62024498 4286808955
-0.082007699 -0.40591201 0.434975 4278453498
0.29569101 0.046840701 0.68753201 4279242990
0.345332 0.219373 0.62740201 4283256241
0.064736299 0.236138 0.62368602 4278190334
0.460949 -0.091429301 0.64125103 4286151045
0.359202 -0.155892 0.65419 4281677257
-0.165319 0.31066 0.56651199 4279703527
-0.10954 0.114523 0.67541498 4278585080
0.173645 -0.24312 0.61868501 4278782453
0.1443 -0.153805 0.66366202 4278979826
0.58204299 -0.054845899 0.56703597 4294967040
0.472994 0.300919 0.51268899 4291019579
0.35403901 0.181403 0.64467299 4281216720
0.33115 -0.28306499 0.586321 4283256241
0.063902698 0.13448299 0.66981101 4278387707
0.46855199 0.233909 0.57392901 4290032714
0.492102 0.123254 0.61594498 4288124775
-0.39709499 -0.022999501 0.673868 4284177315
0.53749597 -0.0271865 0.606628 4290098505
0.394108 0.30640301 0.548316 4285427344
0.108131 -0.0127226 0.69006997 4278256125
0.33929101 -0.110273 0.67245197 4281479884
-0.27823299 0.12824599 0.67196101 4281479884
0.28369799 0.14380001 0.66706002 4280558810
0.43170899 0.249309 0.58188301 4287927402
0.266404 -0.115636 0.675358 4280098273
0.075552799 0.355802 0.51589799 4278321916
0.128309 0.079580002 0.68297398 4278453498
0.599558 0.084730104 0.54268903 4294967040
0.46338701 0.080035299 0.64218003 4284703643
-0.16926301 -0.047235399 0.68816 4279900900
0.42545199 0.318573 0.52230102 4286874746
0.535855 0.044665199 0.60649002 4291677489
0.155885 -0.158923 0.66179502 4278650871
0.500871 -0.31275699 0.474971 4290493251
0.256984 0.028062999 0.689807 4278848244
0.217455 0.21533599 0.63518101 4279835109
0.47885099 0.042873301 0.64091498 4286085254
0.16155601 0.2238 0.63051599 4278979826
0.447873 0.00084334897 0.656757 4283585196
0.498198 0.27920499 0.51630098 4289243222
-0.208119 -0.0037221401 0.69055402 4280493019
0.324918 -0.20205399 0.64003199 4281940421
0.44897199 -0.0804983 0.64916199 4285098389
-0.39358601 -0.137851 0.65277702 4283585196
0.53865802 0.26682001 0.49259001 4293782801
0.356691 0.40944999 0.41019201 4283585196
0.384321 -0.067289598 0.67207599 4282269376
0.175861 0.204888 0.64148301 4279111408
0.0027576401 -0.106119 0.67729998 4278256125
0.31025201 -0.180176 0.65157002 4280295646
0.22288799 -0.126462 0.67188001 4279045617
0.13830601 -0.346275 0.52776802 4279111408
0.41791901 0.046996899 0.66509402 4284835225
0.049816102 -0.042527799 0.68853801 4278190334
0.56216002 0.0099668298 0.589347 4294638084
-0.0114602 -0.116848 0.67506301 4278190334
0.317938 -0.036204599 0.68700099 4280032482
-0.356076 -0.071954198 0.67799002 4284045733
0.317397 0.0085151196 0.68892503 4279506154
-0.26449999 0.14646401 0.66650701 4282137794
0.53311503 0.100071 0.59714198 4291611698
0.45131999 -0.032706399 0.65381998 4284243106
0.143703 -0.341515 0.53337097 4279045617
0.43169501 0.23404001 0.59291202 4285427344
0.402652 -0.0124023 0.67261899 4282664122
0.648332 -0.11385 0.468981 4294967040
0.28920799 -0.189357 0.64905202 4280690392
0.55034399 -0.235452 0.509974 4292795936
0.30352399 0.336481 0.53791201 4283453614
0.35149699 0.26390901 0.59711498 4283782569
0.100523 0.229917 0.62676799 4278650871
0.041838899 0.030909 0.68982601 4278190334
0.298069 -0.25670499 0.609842 4281677257
-0.276452 -0.116882 0.675134 4281874630
0.073008299 0.134399 0.670277 4278387707
0.29313901 0.258481 0.608334 4281808839
0.47309601 -0.0074054101 0.64563501 4285558926
0.30483299 -0.21027499 0.637595 4280558810
-0.230506 -0.28526601 0.58868098 4280295646
0.50904298 -0.186582 0.57810003 4291874862
-0.131659 0.0030767401 0.69079202 4278716662
0.0217047 -0.026207799 0.68954903 4278190334
0.47875899 -0.095975697 0.63164002 4289374804
-0.072027899 -0.077547602 0.683828 4278519289
0.11245 -0.121999 0.67389202 4278321916
0.62471199 0.0405141 0.52345198 4294967040
0.048570301 0.055746801 0.68731201 4278190334
0.20031101 0.34094399 0.53344399 4279900900
0.64580101 0.0263176 0.49800101 4294967040
0.34248301 0.0632772 0.68080199 4280558810
0.276627 -0.228137 0.62818199 4282006212
-0.35621399 0.17148601 0.64942598 4282532540
0.51058501 0.093689598 0.613783 4292072235
0.493707 0.048712701 0.632478 4291348534
0.118865 0.383688 0.47531101 4278585080
-0.000777276 -0.034201998 0.68874401 4278190334
0.39377001 -0.345406 0.50505602 4286414209
0.344906 0.36904299 0.48889801 4282532540
0.334194 0.0605666 0.683092 4279966691
0.23985 0.20014 0.64401299 4279308781
0.064470299 -0.140691 0.66748399 4278256125
-0.026298 -0.056347702 0.68662 4278190334
0.18369301 0.206487 0.64079601 4279769318
0.119302 -0.172289 0.65576702 4278782453
0.62113202 -0.10417 0.51116598 4294967040
0.54208797 0.33639699 0.38042 4291151161
0.152558 -0.2323 0.625709 4278914035
0.00142099 0.053928699 0.68729198 4278190334
0.59182602 -0.0459552 0.55927598 4294967040
-0.35872099 -0.058767602 0.67903 4283519405
0.33062699 -0.062323399 0.68298697 4280953556
0.23435 -0.13407201 0.66991502 4279835109
-0.16683801 0.051576599 0.68800199 4279111408
0.35536799 -0.140733 0.66099602 4281545675
0.49745101 -0.14365 0.60601997 4291611698
0.413605 -0.14399999 0.64458299 4283387823
0.40511 -0.0112863 0.67233801 4281874630
0.086839102 -0.0626688 0.68629199 4278453498
0.277942 -0.32758701 0.54876798 4281282511
0.070393302 -0.0982292 0.67940301 4278321916
0.033234298 0.18877 0.64862102 4278321916
-0.0044491198 -0.047247801 0.68808401 4278190334
0.293715 0.307991 0.56837398 4281545675
0.65204197 -0.16142499 0.431995 4294967040
0.35653001 -0.27903399 0.58436602 4283322032
0.35948199 -0.026185 0.68251801 4280953556
0.24263 -0.144912 0.66682601 4280427228
0.35166299 -0.118877 0.66772801 4281216720
0.42929101 0.099657498 0.65217298 4283058868
0.149929 0.33966401 0.536107 4279374572
0.35192499 -0.24125101 0.61282903 4282532540
-0.29708701 0.111458 0.67610198 4281085138
-0.45172501 -0.14548901 0.62958997 4284572061
0.063630797 0.195076 0.64618403 4278190334
-0.0143772 0.398803 0.44867101 4278190334
0.27150601 -0.122826 0.67389297 4279308781
0.28221899 0.17912599 0.65314001 4280558810
0.52512801 0.27770299 0.49456999 4291545907
0.46541801 -0.21491 0.58802199 4287795820
-0.142638 0.082883798 0.68240303 4278716662
0.0900281 0.25060099 0.61465901 4278782453
0.233321 0.251771 0.61320603 4280164064
-0.218077 -0.30827001 0.56886202 4279637736
-0.239031 0.164621 0.659361 4281216720
-0.132714 0.169765 0.65769303 4278979826
-0.204946 -0.051888999 0.68701702 4279900900
-0.0124666 -0.212984 0.63715398 4278190334
-0.284127 0.042067099 0.68830901 4280821974
-0.18967301 0.027742 0.68954998 4279308781
0.347646 0.0909262 0.675807 4280493019
0.017810499 -0.12016 0.67449898 4278256125
0.21946301 0.312695 0.56352001 4280887765
-0.34005699 -0.28978199 0.57929599 4282269376
0.22152799 0.17406601 0.65509498 4279571945
0.62027699 0.116788 0.50860202 4294967040
0.275848 0.415364 0.41416499 4280756183
0.107507 0.0123342 0.69020998 4278387707
0.089296497 -0.136966 0.66955101 4278321916
-0.25355399 -0.070842601 0.68493402 4280558810
0.124179 -0.21064 0.63827199 4278585080
0.44938099 -0.086449899 0.647879 4285032598
0.377271 0.19578999 0.63271302 4285164180
-0.00372587 -0.107175 0.677652 4278190334
0.107956 0.23337699 0.62549502 4278387707
0.54630703 -0.28484601 0.46279201 4293519637
-0.214589 0.169855 0.65720701 4280164064
-0.101892 0.153485 0.663001 4278650871
0.36194599 -0.35767901 0.50019002 4284506270
0.410806 -0.067495197 0.66524398 4283519405
0.197565 -0.085422203 0.68209898 4278650871
0.2299 -0.0731273 0.68416601 4278848244
0.36448199 -0.104902 0.66902399 4282006212
0.42877901 0.26897201 0.56832701 4285295762
0.24962699 0.27216899 0.59824598 4279703527
0.42878601 -0.065909103 0.65967 4282927286
0.27697301 -0.34786099 0.52663499 4282466749
0.0225123 0.068612799 0.68527102 4278190334
0.350171 -0.18982001 0.64191401 4281479884
0.40709701 -0.307235 0.54341698 4284572061
-0.36560401 -0.25977701 0.59715098 4281940421
0.28381601 -0.272706 0.59881002 4281348302
0.32553399 -0.203628 0.638798 4281216720
0.241192 -0.207544 0.63923299 4280427228
0.33723 0.040979698 0.68416601 4279440363
0.0164012 -0.193354 0.64724201 4278256125
0.13381401 0.212358 0.63761002 4278585080
0.36720201 -0.104711 0.66887498 4282400958
0.38339099 -0.099756397 0.66619402 4282335167
0.186085 -0.29367599 0.581411 4279374572
0.195362 -0.177549 0.65420097 4279571945
0.523094 -0.059124701 0.61240602 4288190566
0.377462 -0.16268601 0.64772803 4282400958
-0.092716299 0.12636299 0.67237097 4278256125
0.110275 -0.0137901 0.69003499 4278321916
0.314659 -0.227106 0.62722301 4281019347
0.66221201 0.111142 0.44621101 4294967040
0.50770098 0.27857801 0.50823098 4292861727
0.492939 -0.249143 0.54681599 4290230087
-0.28442299 -0.181079 0.65199399 4281216720
0.099116698 -0.17039099 0.65736401 4278321916
0.192072 -0.0430387 0.68864399 4278716662
0.46066901 0.044604301 0.64935303 4285756299
0.465285 -0.242107 0.57071698 4290427460
-0.048280999 -0.39668399 0.453628 4278256125
-0.102365 -0.098265797 0.67926902 4278387707
-0.32687899 0.18275499 0.64852798 4282598331
0.0019331099 -0.290438 0.584562 4278190334
0.110349 0.039452299 0.68858999 4278321916
0.29323 0.108816 0.67719001 4279308781
0.56264198 0.157491 0.55143201 4293059100
0.53261602 0.00032417401 0.61108702 4290953788
0.351574 0.121194 0.66791201 4280887765
0.29218099 0.194297 0.64609098 4279966691
0.55098498 0.27385601 0.469322 4294967040
0.031339299 0.13002101 0.67131603 4278190334
0.088141598 0.069192603 0.68467402 4278321916
0.00119838 0.073085897 0.68434697 4278190334
0.278947 -0.081495702 0.68331099 4279440363
0.41809899 -0.331718 0.51094902 4286348418
0.061214499 0.073876001 0.683972 4278190334
0.039967898 -0.237436 0.622545 4278190334
-0.139208 0.247713 0.616732 4278914035
-0.128611 -0.150021 0.66523302 4278387707
-0.12585001 0.128111 0.67173702 4279440363
-0.083988696 -0.084192 0.68296403 4278453498
-0.0288056 0.388823 0.467953 4278190334
-0.23936699 0.131374 0.670497 4279769318
-0.081757396 0.274569 0.59749198 4278321916
0.252168 0.209765 0.638987 4279637736
0.00419776 -0.12812801 0.67189699 4278190334
-0.28186199 -0.0043978202 0.69075698 4281019347
-0.35201001 0.057941001 0.68081498 4283453614
0.097344503 0.21270999 0.63739502 4278256125
0.61584902 0.132176 0.50676399 4294967040
0.30803701 0.265187 0.60259598 4281019347
0.36738801 0.26609999 0.59149998 4283848360
0.43184799 -0.29574099 0.542579 4288453730
-0.103539 0.057289001 0.68652898 4278716662
0.55255198 0.052671202 0.59312999 4294638084
0.1849 -0.18674 0.64982599 4278782453
0.27896601 0.0139256 0.69013298 4279177199
0.47534299 -0.20569301 0.58850998 4288782685
0.30170599 0.0346222 0.68888098 4279637736
-0.192459 0.32229 0.55505502 4279440363
0.67419702 -0.088307098 0.43398401 4294967040
0.13176601 -0.067376301 0.68536597 4278519289
0.34949201 -0.319426 0.54927599 4285229971
0.0080574797 -0.12047 0.67384398 4278256125
0.36847299 0.16235501 0.65023297 4283322032
0.43481499 -0.305989 0.53092498 4288716894
0.234264 -0.053107899 0.68766302 4279045617
-0.410537 0.0959839 0.65967 4285164180
0.16747899 -0.19584499 0.64524102 4278650871
-0.23904499 0.193878 0.64604902 4280361437
-0.468099 -0.087545097 0.638156 4285098389
0.38629201 0.0980369 0.66603202 4282993077
0.23270001 -0.192992 0.64739901 4280098273
0.27901301 0.177646 0.65444201 4280098273
0.63021302 -0.019352701 0.51931 4294967040
-0.185831 -0.088795103 0.682069 4278979826
0.16904201 0.110252 0.67711699 4278979826
0.034752201 0.086561702 0.68237299 4278190334
0.057043102 -0.22339401 0.631338 4278321916
0.535227 0.252002 0.50950199 4292269608
0.239464 -0.35873801 0.51251799 4281348302
-0.126837 0.072825998 0.68423998 4278650871
0.34592801 -0.22084799 0.62611198 4281479884
0.50645202 -0.17244899 0.58777499 4291019579
0.42337999 -0.165122 0.632819 4283848360
-0.23345201 -0.098830201 0.67948997 4280164064
0.57408798 -0.130836 0.55234301 4294967040
0.21297 0.226243 0.629363 4279835109
-0.0059384 -0.410873 0.423491 4278190334
-0.365053 -0.124807 0.66428399 4282598331
0.25347701 0.23190901 0.626149 4281085138
0.089984797 -0.351524 0.52180099 4278321916
-0.39938399 0.252345 0.59219402 4282927286
-0.130408 0.26653999 0.60335398 4278519289
-0.021811301 0.019422701 0.68959802 4278190334
0.65847898 -0.14152101 0.43335101 4294967040
0.118828 0.34216601 0.532076 4278650871
0.161622 0.017494099 0.69051099 4278387707
-0.14777701 -0.079563603 0.68364698 4278914035
-0.17085101 -0.00036488799 0.69042498 4279177199
-0.106124 -0.14532501 0.66656798 4278321916
0.51024097 -0.047459401 0.62257302 4290361669
0.0154079 0.000268442 0.69023103 4278190334
-0.196854 0.0070413002 0.69071901 4279242990
-0.31323701 0.057870001 0.68511701 4283322032
0.0461246 -0.18990099 0.64877403 4278190334
0.159952 -0.29161999 0.58259201 4279045617
0.336171 0.040511601 0.684443 4279242990
0.54021102 -0.12952401 0.582102 4292269608
0.41008201 0.217425 0.61197698 4283782569
-0.32157701 0.0249246 0.68728203 4283585196
0.55753201 0.0025400899 0.59302002 4291809071
0.0041760001 -0.123976 0.67350698 4278190334
0.0047754799 -0.29777801 0.57820398 4278190334
-0.28140301 -0.041847099 0.68860298 4280756183
-0.151204 -0.123417 0.67306799 4278848244
0.159402 0.038013902 0.689376 4278519289
0.25331199 -0.440218 0.333814 4279900900
-0.114688 -0.0894835 0.681871 4278453498
-0.46537599 0.114682 0.633313 4284769434
0.48434499 0.22954001 0.56817001 4292269608
-0.141993 0.151783 0.66390198 4278716662
0.263805 0.15171599 0.66429698 4280361437
0.368797 -0.018478001 0.68049002 4280295646
0.185472 0.34373099 0.53157902 4280032482
0.349659 -0.22980399 0.620996 4284045733
-0.097515397 0.193882 0.64670998 4278716662
0.313254 -0.0303772 0.68831003 4279308781
-0.203733 0.025447899 0.69020802 4279177199
0.245575 0.018099001 0.68997902 4278716662
0.158011 0.32264999 0.553608 4279374572
-0.41662899 0.0215027 0.66778898 4284901016
0.41766101 0.043118201 0.66640902 4282993077
0.378499 -0.101407 0.66726398 4282532540
0.106616 -0.139515 0.668374 4278387707
0.033652298 0.114712 0.67589599 4278190334
0.060516 0.035907999 0.68942702 4278321916
0.605178 -0.063682698 0.54250199 4294967040
0.050554499 -0.084366903 0.68286401 4278190334
0.20916601 0.27883899 0.59383202 4279374572
0.262575 -0.0278756 0.69000101 4279440363
-0.28005201 -0.166324 0.65811801 4282466749
0.40105 0.33555099 0.51451999 4287006328
0.405166 0.154726 0.64297497 4284901016
-0.242378 -0.36060801 0.50977099 4280295646
-0.021575499 0.049469899 0.68806499 4278190334
0.54624099 -0.0456414 0.59868503 4293124891
-0.106348 -0.084192201 0.68228102 4278321916
-0.0117156 -0.145942 0.66597098 4278190334
0.277924 0.126047 0.672122 4279966691
-0.0067065498 0.097151302 0.68000799 4278190334
-0.218528 0.265861 0.604047 4279506154
0.41128501 0.040953599 0.66822302 4281545675
0.488655 0.30804899 0.492331 4290624833
0.0084424596 -0.150729 0.66483599 4278190334
0.231741 -0.204412 0.64099598 4279703527
0.475811 -0.22519 0.57618302 4288716894
0.200092 -0.15734801 0.66196799 4278979826
0.42993101 -0.38487801 0.41756299 4285953672
0.48604301 -0.086702198 0.63022101 4288716894
0.42684999 0.063937597 0.66029298 4286151045
0.458197 -0.236314 0.57770598 4287993193
-0.31226599 -0.24027801 0.61971802 4281282511
0.18100999 -0.29383701 0.58171898 4280295646
0.44324601 0.191994 0.61200202 4288848476
0.126105 -0.303054 0.57377398 4278716662
0.408259 -0.135555 0.64867902 4283585196
0.052262701 -0.031289499 0.68937302 4278256125
0.13609 -0.351657 0.52140701 4278650871
0.0105158 0.055341098 0.68670702 4278190334
-0.166922 0.33645299 0.53943998 4278979826
-0.0110914 -0.185975 0.64974898 4278190334
0.39278799 0.172691 0.63985801 4282993077
-0.120493 0.13988601 0.668212 4278387707
0.43037099 -0.176268 0.62571502 4284440479
0.615372 -0.12623 0.50998002 4294967040
-0.075657301 0.00686729 0.690404 4278782453
0.149745 -0.134679 0.67032999 4278979826
0.370998 0.16373201 0.64886701 4281545675
-0.069710597 -0.228304 0.628582 4278453498
0.322916 0.30872899 0.56520301 4283848360
0.129559 -0.25149101 0.61322099 4278716662
-0.093505003 0.33719701 0.53900498 4278650871
0.37519899 0.13513499 0.65884602 4283650987
-0.107747 0.155811 0.66230202 4278650871
0.039070301 -0.136731 0.66886401 4278321916
0.519584 -0.302865 0.469825 4291414325
0.30419001 -0.34024 0.53428602 4281348302
0.038953099 0.108527 0.67705297 4278190334
0.117366 -0.0083697801 0.689928 4278387707
0.49546099 0.31874701 0.47125399 4291151161
0.22656301 -0.28604501 0.58833599 4279440363
0.37835401 0.34698999 0.50926697 4285756299
0.25929499 -0.15534399 0.66274601 4279308781
0.566625 0.115566 0.56507301 4293256473
0.309297 0.14508601 0.66568702 4281150929
0.187502 -0.13864601 0.66874599 4278650871
0.00187624 0.040687401 0.68845999 4278190334
0.498346 -0.0309342 0.631437 4289111640
0.203758 -0.24703 0.61629599 4280229855
0.59066498 0.083902098 0.552558 4294967040
-0.0086688297 0.26077101 0.60741901 4278190334
0.0118007 -0.089534797 0.68143898 4278190334
0.213958 0.0187799 0.69029701 4278782453
-0.25329199 -0.0143945 0.690611 4280295646
-0.326226 -0.242369 0.61660397 4281611466
0.18556499 0.213954 0.63601297 4278914035
0.546628 0.103006 0.58618999 4291677489
0.0141055 -0.0377816 0.68918002 4278190334
0.362773 0.0520849 0.67944002 4281216720
0.332032 0.27369401 0.59301901 4284440479
0.30922699 -0.058583502 0.685467 4279571945
0.40618601 0.072429001 0.66564101 4284111524
0.26802099 -0.073381998 0.68442398 4278848244
0.232188 -0.314311 0.563151 4281545675
-0.124884 -0.00086196698 0.69006097 4278650871
0.211707 -0.28535101 0.587892 4280624601
0.457147 0.13686199 0.629309 4287006328
0.069348797 0.11146 0.67659599 4278387707
0.197834 0.18590599 0.64991099 4278914035
0.028608499 -0.0281332 0.68956202 4278190334
0.51630402 0.13161799 0.59804797 4292730145
0.215966 0.047691599 0.68841499 4278585080
-0.0026755 -0.18348201 0.65147501 4278190334
0.33715799 -0.32227099 0.54839802 4282335167
0.0209084 -0.115244 0.67559397 4278190334
0.080294304 -0.035041299 0.68913102 4278387707
0.122683 -0.105497 0.67817402 4278782453
0.133058 -0.19693001 0.64526099 4278716662
0.173272 -0.0195524 0.68958497 4278453498
0.54108602 -0.0020217299 0.60581398 4292795936
0.41051799 0.109958 0.65611702 4282861495
0.153869 0.229361 0.628223 4279111408
0.077412203 -0.082374901 0.68315601 4278190334
0.53293502 0.100581 0.59676701 4291809071
0.41871101 0.38220301 0.43183899 4284308897
0.26311499 -0.308929 0.56761402 4280624601
0.31102401 -0.20464499 0.63973099 4280558810
-0.0151926 0.085281402 0.68272197 4278321916
0.37700099 0.133682 0.65810102 4283585196
0.29155701 -0.236717 0.62307203 4281611466
0.079526499 -0.15479 0.66324598 4278585080
-0.0093825702 0.130798 0.67082399 4278190334
-0.25615999 -0.144982 0.666466 4280558810
0.097282797 -0.054114599 0.68754202 4278387707
0.217363 -0.209197 0.63888699 4279242990
0.272614 -0.163528 0.66021103 4280624601
0.41330501 -0.076424502 0.66281301 4285558926
0.31490001 0.39041701 0.46087199 4282861495
0.367838 -0.300776 0.56249702 4283914151
0.31401601 -0.39109501 0.46095201 4281940421
0.31412101 -0.0939923 0.67871398 4279966691
0.194493 0.066231199 0.68571299 4279045617
0.517703 0.19423801 0.56715202 4292401190
0.28293899 0.32236999 0.55394101 4281216720
0.20661201 0.121527 0.67340702 4278782453
0.46760899 -0.0215554 0.647506 4284374688
0.211932 -0.0897246 0.68133497 4278979826
-0.31155801 -0.216215 0.63375998 4281743048
0.28089401 0.245446 0.617769 4280361437
0.212598 0.11898 0.674815 4278914035
0.040577099 0.064391099 0.68555802 4278190334
0.32438901 0.39474401 0.45152301 4282466749
0.090928003 0.156207 0.66251099 4278453498
0.17067499 0.152731 0.66363102 4278716662
-0.064515702 -0.146207 0.66608399 4278387707
0.39263201 -0.16846199 0.64184302 4285493135
0.076646402 -0.231975 0.62572002 4278256125
-0.0589641 -0.00376438 0.69018799 4278190334
0.43495801 0.109275 0.64732099 4283519405
0.374185 -0.249258 0.60304803 4284637852
0.34727001 -0.188306 0.64349699 4282729913
-0.14082199 -0.196456 0.645576 4279177199
0.21888199 -0.120753 0.67364502 4279308781
0.25047401 -0.168927 0.658059 4279769318
-0.098523498 0.21396101 0.63608098 4278387707
0.37740999 0.095829502 0.66899103 4282137794
-0.060251102 -0.116591 0.67507601 4278519289
0.35285801 0.40211001 0.427935 4283650987
0.45713899 0.233656 0.58086503 4288980058
0.0182558 0.219841 0.632985 4278190334
-0.29367101 -0.042646699 0.68822998 4281677257
0.31943199 -0.165666 0.65678102 4281348302
0.278173 0.090702496 0.68146902 4279900900
-0.090177298 0.052577 0.68735701 4278453498
0.039260101 -0.068843201 0.68551397 4278190334
0.044985399 0.40595499 0.43543899 4278190334
-0.111487 0.197772 0.645226 4278519289
-0.14018799 0.160927 0.66103703 4278979826
-0.0047092498 0.150875 0.66458797 4278190334
0.171892 0.127092 0.672405 4278716662
0.281939 0.21667901 0.63529098 4280756183
0.437536 0.30469301 0.53116101 4288651103
0.57899803 0.0876223 0.56343001 4294967040
0.072217099 0.060876202 0.68588001 4278387707
0.193009 0.311804 0.564735 4279177199
0.028001299 0.248528 0.615318 4278190334
-0.149267 -0.30701399 0.56890601 4278716662
-0.0060808598 -0.037728202 0.68893999 4278190334
0.50824898 -0.18499 0.58002502 4289703759
0.055149101 -0.408178 0.43087 4278190334
0.69957 0.114876 0.347469 4294967040
0.22646099 0.154774 0.662736 4279111408
0.068314098 0.100179 0.67918801 4278321916
0.053094301 0.148433 0.66544801 4278190334
0.490309 0.046564601 0.63432002 4286874746
0.20855001 0.132471 0.67066801 4278848244
-0.055650901 0.093612097 0.68019903 4278453498
0.0123016 0.032811701 0.688878 4278190334
0.43015501 0.0905734 0.65448701 4283124659
0.27915001 -0.13213199 0.670497 4279835109
-0.045348801 -0.0358712 0.68881899 4278453498
0.397421 0.213972 0.61770201 4285032598
0.135547 0.252114 0.61335701 4278453498
0.107655 -0.33327499 0.54334301 4278519289
0.205331 -0.191964 0.64704901 4280032482
-0.41882399 0.016394701 0.667656 4284374688
0.058322299 -0.03799 0.68906802 4278190334
-0.0418749 0.19344801 0.64681703 4278321916
0.00426989 0.142285 0.66730398 4278190334
0.43091899 0.345631 0.48385999 4286480000
0.31595999 0.210886 0.63610202 4281348302
0.600456 0.034756798 0.55221301 4294967040
-0.12971801 0.23546299 0.62444001 4278585080
0.169552 0.113363 0.67600501 4278519289
0.49638501 -0.297809 0.49747801 4291019579
0.44565299 -0.071499601 0.65133899 4284045733
0.59576303 0.272928 0.40418601 4293914383
0.202246 0.34270999 0.53258997 4279308781
0.14079 0.079046004 0.68380201 4278585080
0.109096 0.063350298 0.68622202 4278519289
0.364364 -0.29085201 0.57211298 4283453614
0.111921 -0.25022 0.61509198 4279111408
0.37538901 -0.193444 0.63511902 4282598331
-0.208876 -0.120434 0.67441702 4279769318
0.42013901 -0.38618299 0.422966 4287006328
0.221692 -0.156946 0.66191101 4278979826
0.107862 -0.066245504 0.685359 4278585080
-0.215225 -0.100328 0.67916697 4280953556
0.074916899 -0.219972 0.6329 4278256125
0.110534 -0.181473 0.65282202 4278387707
0.30494201 -0.123482 0.672795 4280164064
-0.383362 0.26655701 0.587228 4283124659
0.425082 -0.35780999 0.470911 4286085254
-0.075760201 0.21586099 0.63511699 4278321916
0.00056292699 -0.35970601 0.511114 4278190334
0.34348401 -0.20835 0.63346201 4281348302
0.100782 0.093251102 0.68086499 4278256125
0.43026301 0.31265399 0.52515203 4287598447
-0.37085 -0.29614499 0.565669 4282335167
0.60246003 -0.288899 0.35595301 4292203817
-0.052673802 -0.063438103 0.68609297 4278256125
0.36207199 0.114291 0.66769999 4282729913
0.324581 -0.062447201 0.683182 4280690392
0.089261703 0.061417401 0.68636501 4278387707
-0.183542 0.353475 0.518489 4279440363
0.305994 -0.055136099 0.686593 4278979826
-0.222508 -0.129925 0.67137301 4279703527
0.42906499 -0.190651 0.61919397 4284835225
0.158144 0.108854 0.67705101 4278848244
0.196337 -0.10096 0.67900401 4278650871
0.15737399 -0.14751901 0.66591603 4278519289
0.49781999 -0.145071 0.60567099 4288716894
0.333738 -0.22168 0.62836701 4282203585
0.240996 -0.156317 0.66230202 4279835109
0.559412 0.042272899 0.58823103 4294572293
-0.189395 -0.36693701 0.50059003 4279242990
-0.069420002 0.115465 0.67538798 4278453498
0.110312 0.18345 0.65170997 4278256125
0.362748 -0.19915099 0.63520998 4284506270
0.049238 0.029856199 0.68942797 4278190334
0.037497699 -0.22842699 0.62805998 4278190334
-0.0598673 -0.157297 0.66236699 4278321916
0.089412898 0.13823999 0.66902697 4278321916
0.17184301 -0.37592399 0.48808801 4278716662
0.45714 0.00285371 0.65298998 4285822090
0.17768499 0.0221928 0.689722 4278848244
0.061681699 -0.229157 0.62740898 4278453498
0.32014999 -0.346138 0.52467102 4282137794
0.308869 -0.38125601 0.47760001 4282466749
0.459075 0.00456677 0.65276903 4287532656
0.67934197 0.17158601 0.349013 4294967040
-0.115548 -0.33386201 0.54181498 4278650871
0.443636 0.234198 0.586501 4286216836
0.31731299 -0.17935599 0.65113902 4281019347
0.382375 -0.22368801 0.61639601 4284440479
0.27879101 -0.41556099 0.41352001 4280821974
-0.20260499 0.267726 0.60197699 4279111408
0.39488101 0.182978 0.634736 4284703643
-0.14158501 0.18990999 0.64839798 4278914035
-0.158657 -0.223638 0.63091701 4279045617
0.00145985 -0.12896 0.67199701 4278190334
0.21108 0.151776 0.66366398 4278848244
0.556575 0.118288 0.57300699 4294967040
0.39654699 -0.086169802 0.66545802 4284374688
0.64186502 0.058652099 0.49895701 4294967040
0.43283901 -0.098568998 0.65173697 4284637852
0.224262 0.25825199 0.60905302 4279637736
0.116828 -0.097737499 0.67955202 4278387707
-0.13832299 0.261329 0.60705799 4278782453
-0.179709 0.0372159 0.68864298 4278848244
0.191991 0.078490399 0.68399799 4278585080
0.29661399 0.032620601 0.68893898 4279571945
0.068493903 0.093957298 0.68052101 4278190334
0.471028 -0.034323402 0.64572197 4289243222
-0.19675399 0.13710099 0.66882598 4279637736
-0.37555301 -0.073344499 0.67371702 4283979942
0.424777 0.13690899 0.64259797 4283650987
0.169911 0.073613301 0.68494201 4278585080
-0.069361299 0.058286902 0.68633801 4278256125
0.28501999 0.017685801 0.69016302 4279242990
0.094668999 -0.131016 0.671103 4278453498
0.238759 0.070912898 0.68488503 4278650871
0.030505599 0.185561 0.65013802 4278321916
0.51036298 -0.081140302 0.617387 4288519521
0.448715 -0.174467 0.61811602 4286677373
-0.062491201 0.189669 0.64841098 4278256125
0.57599097 0.076680101 0.56800401 4294177547
-0.36123201 -0.222394 0.622531 4282861495
0.326177 -0.33017901 0.54199898 4283058868
0.59688199 0.066260099 0.55076402 4294967040
-0.039848901 -0.30360499 0.57302898 4278190334
-0.092222199 -0.0536777 0.68746799 4278387707
0.110798 -0.223279 0.63110799 4278716662
0.469482 0.231612 0.57478499 4289309013
-0.042814899 0.0152851 0.69001698 4278190334
0.095233299 0.148472 0.66500002 4278387707
0.63344198 -0.0092343204 0.51537198 4294967040
0.32521799 0.035480801 0.68705201 4279966691
0.0232339 -0.12602 0.67252702 4278190334
0.265926 -0.163535 0.66019398 4280953556
0.43385699 0.128102 0.64242297 4284111524
0.48079601 -0.021897599 0.64140499 4287006328
0.59907502 0.0083024297 0.55466801 4294967040
0.27209401 -0.106436 0.67793798 4278979826
0.416096 -0.34977701 0.487436 4286282627
0.289942 0.248421 0.61505598 4280295646
0.040817399 0.017185699 0.69054002 4278190334
0.061845999 0.11739 0.67450702 4278190334
0.0061991201 -0.37800801 0.484777 4278190334
-0.326803 0.154652 0.66054499 4281940421
-0.37097001 0.038599499 0.67864901 4283848360
0.59084302 0.017719399 0.56332397 4294967040
0.118105 0.16980299 0.65669501 4278716662
0.53778899 0.0394352 0.60502499 4294243338
0.150837 0.188962 0.64925402 4278979826
0.36131701 0.102444 0.67009801 4281216720
0.396644 0.15402301 0.646658 4285887881
0.286053 -0.227999 0.62829399 4280624601
0.186233 0.36113301 0.508641 4280493019
-0.25104201 0.106721 0.67784798 4280953556
0.44357699 0.285292 0.54617 4288453730
0.572308 -0.0235839 0.57990903 4293388055
0.25900701 0.16951101 0.65702701 4279900900
-0.116722 -0.31092501 0.56589299 4278716662
0.38858601 -0.24394201 0.60162097 4285624717
0.158032 0.062553599 0.68568897 4278848244
0.141111 -0.294523 0.58122098 4279308781
-0.241964 0.38600501 0.471084 4279242990
0.28967899 0.159109 0.66108501 4279637736
0.252345 -0.031803999 0.68952698 4278650871
0.56049299 -0.182629 0.53882802 4294374920
-0.027951799 -0.133031 0.66988599 4278190334
-0.272562 0.097815298 0.67928201 4280427228
0.183594 -0.035362098 0.68902898 4278848244
0.34578601 0.18464699 0.64529997 4282532540
-0.071612097 0.194437 0.64636701 4278256125
0.15688799 -0.105778 0.67804599 4278979826
0.316998 -0.42304301 0.39006901 4281216720
0.336449 0.105126 0.67395902 4281677257
0.49231699 -0.086617798 0.625916 4289835341
0.29095301 0.38433 0.47483599 4282072003
0.125828 0.085117199 0.68203402 4278387707
0.266992 -0.248073 0.61635101 4279835109
0.49207899 0.109769 0.62008202 4289243222
0.111623 0.0032648901 0.69046497 4278321916
-0.233454 0.074961297 0.684282 4280164064
0.54262602 -0.047384899 0.60058802 4292730145
0.61462402 -0.071590804 0.53066599 4294967040
0.392086 -0.14228199 0.65163302 4283914151
0.44952801 0.037360199 0.65471703 4286216836
0.45176899 -0.0697442 0.64944899 4287664238
0.46896899 0.29670301 0.51893097 4288058984
0.164313 -0.0276457 0.68929398 4278585080
-0.24214301 0.311766 0.56554598 4279506154
0.51010501 -0.187318 0.57757002 4288980058
0.207753 0.0971829 0.67973202 4278716662
0.185026 -0.33597499 0.54041302 4280295646
0.533656 -0.243384 0.51977402 4294901248
-0.35149401 0.209307 0.63152999 4282795704
0.251652 0.093421303 0.68117899 4279045617
0.48683801 0.13872699 0.61447901 4287532656
0.60941201 0.22344001 0.446457 4294967040
0.369333 0.41556999 0.38802701 4284177315
0.26116401 -0.143388 0.66706401 4279177199
0.28789401 -0.207123 0.63936502 4281216720
-0.104156 -0.215165 0.636159 4278256125
0.33494499 0.25496399 0.60708803 4282269376
0.52676898 -0.101108 0.60172999 4293519637
0.309324 0.0573669 0.68557799 4279374572
-0.116514 0.217223 0.63421601 4278716662
0.059893198 -0.118607 0.67413902 4278256125
0.216061 0.0634069 0.68634403 4278848244
-0.048263598 -0.027029799 0.68976402 4278321916
-0.13440301 -0.117111 0.67475599 4278914035
0.53244901 -0.12740099 0.589145 4290164296
0.48569399 -0.209503 0.58056998 4291677489
0.44396299 0.029279901 0.65773898 4286743164
0.0181461 0.073036797 0.68493801 4278256125
0.57368898 0.18032899 0.52792197 4294967040
0.58431703 0.164698 0.52603602 4294967040
0.35759199 0.189431 0.64078999 4282795704
0.115766 -0.39968899 0.44672501 4278585080
0.46749699 -0.0043769199 0.64845097 4285427344
0.372062 -0.0489407 0.678155 4280756183
-0.0261137 0.113979 0.67548001 4278190334
0.423949 -0.252507 0.58244097 4286940537
0.38237599 0.26428401 0.58931601 4284243106
0.45939901 -0.217234 0.59035498 4287269492
0.12144 -0.107678 0.67783201 4278585080
0.25843301 -0.206384 0.64014202 4280032482
-0.39471599 0.232677 0.60732299 4282729913
0.46116301 0.0171353 0.65129602 4284637852
0.486029 0.23172 0.56563699 4288387939
0.62265801 -0.18950801 0.459355 4294967040
0.38613299 0.049663998 0.67397702 4282137794
0.50568199 0.024099501 0.62755102 4288848476
-0.0245631 -0.085462503 0.68217897 4278387707
0.028803 -0.178478 0.65405601 4278256125
0.226192 0.0236737 0.68953699 4278650871
0.13996699 0.028808299 0.689493 4278519289
-0.074804097 -0.119569 0.674519 4278190334
0.0187658 0.058001898 0.68670201 4278190334
-0.31599599 0.0467989 0.68688703 4283124659
-0.089076802 -0.0229879 0.68951899 4278782453
0.50428998 -0.053098299 0.62604702 4287466865
0.44380099 0.055577502 0.654432 4283848360
0.208231 -0.116772 0.67520601 4279637736
-0.34552601 0.28399399 0.58289599 4281874630
0.34730801 0.024016401 0.684663 4280821974
0.19046199 0.067608699 0.68527001 4278782453
0.60023701 -0.0827545 0.54371202 4294967040
0.14176001 -0.236577 0.623739 4278914035
0.21401601 0.163975 0.65919 4280032482
0.25957599 -0.182982 0.65147901 4280295646
0.060315799 -0.084041797 0.68304998 4278387707
0.188821 0.219648 0.63334602 4279242990
0.60620803 -0.00189302 0.548446 4294967040
0.63058001 0.055402901 0.51363599 4294967040
0.016034599 -0.143537 0.66697901 4278256125
-0.15515099 -0.24077301 0.621032 4279900900
0.370345 0.14203 0.65686399 4282927286
0.38815099 0.21954399 0.61688501 4283256241
-0.29871199 0.067099802 0.68535501 4281348302
0.047386698 0.0915948 0.68145198 4278190334
0.58925402 -0.079880103 0.555695 4294967040
0.384177 0.18790799 0.63523901 4284572061
0.40679801 -0.221048 0.61091 4285164180
0.271907 -0.0499615 0.68799901 4278848244
0.099613599 0.126491 0.67255098 4278321916
-0.022986799 0.20438001 0.64117301 4278190334
0.43695599 0.357829 0.46120301 4285887881
0.0407039 0.24309701 0.61878699 4278190334
0.38413799 -0.0537205 0.67466301 4280690392
-0.173079 0.248173 0.61626202 4279177199
0.117814 -0.0913826 0.68152797 4278387707
0.12540901 0.16653401 0.65813601 4278650871
0.434874 -0.15825801 0.63142002 4285427344
0.2256 -0.139497 0.66837299 4280032482
-0.29121399 0.221166 0.63209099 4280690392
0.57490802 -0.117403 0.55684 4294967040
0.168688 -0.087821402 0.68231302 4278519289
0.0305406 -0.0340802 0.689381 4278256125
0.13327 0.18772499 0.64958 4278979826
0.40314201 -0.099238597 0.66093099 4284835225
0.114334 -0.109128 0.676965 4278519289
0.13256299 -0.142277 0.667422 4278716662
0.53556502 0.074624203 0.60191798 4290164296
0.095883802 0.298237 0.577995 4278321916
0.041728102 -0.33211499 0.54436702 4278256125
0.438829 0.0622002 0.65547502 4286545791
0.29433799 0.33707801 0.538616 4283058868
0.077809699 0.063346699 0.68614298 4278387707
0.56862998 -0.238442 0.486682 4292730145
0.211981 0.170794 0.65629798 4278979826
0.27798 0.270192 0.60074502 4281940421
-0.056073099 0.065865897 0.68583101 4278256125
0.65733701 -0.177765 0.40353 4294967040
0.453603 -0.0108606 0.654872 4287072119
0.0218533 0.054418001 0.68769598 4278190334
-0.131199 -0.32104099 0.55556899 4278585080
0.13472199 0.043925501 0.68857503 4278387707
0.054245699 0.15595999 0.662314 4278321916
0.46845499 0.1161 0.631666 4284966807
0.28254899 0.27097601 0.60027301 4280953556
0.42915699 0.26997301 0.567038 4287203701
0.13416401 0.0208255 0.68952 4278321916
0.260454 0.094833598 0.67997098 4279177199
-0.114376 -0.158182 0.66141701 4278716662
0.479527 0.23483001 0.56721503 4288124775
-0.034834899 0.20636199 0.640118 4278190334
0.042080201 0.054374401 0.68770403 4278190334
-0.053399999 0.132047 0.67081702 4278321916
0.24513499 -0.114397 0.67548698 4279242990
0.241713 -0.233854 0.62439698 4279571945
0.0103722 0.16398101 0.659356 4278190334
-0.136741 0.219933 0.63357002 4278519289
0.41323799 -0.228947 0.60282099 4284901016
0.420313 -0.15017401 0.63986802 4286085254
-0.0040413998 -0.22653501 0.628775 4278190334
0.16738699 -0.05528 0.687388 4278650871
-0.420118 0.088118799 0.65844601 4284440479
0.102219 0.251461 0.61416698 4278453498
-0.12736399 0.205788 0.640441 4279045617
0.28115499 -0.301559 0.57458103 4281808839
0.37842801 -0.204459 0.62799501 4282203585
0.35924199 0.031672899 0.68197399 4281940421
-0.514835 -0.062038399 0.61811602 4285032598
0.33237401 -0.089491099 0.67856997 4280295646
0.24918801 0.147778 0.66532397 4280558810
0.41936499 0.23444401 0.59742701 4287861611
0.37861499 -0.341149 0.51571399 4283716778
0.087118603 -0.2168 0.635216 4278321916
-0.081533298 -0.0077434098 0.69016302 4278650871
-0.17013299 0.216701 0.634884 4279045617
0.50954598 0.101891 0.61186701 4288519521
-0.073529698 0.248161 0.61529601 4278321916
0.382864 0.189284 0.63443798 4283585196
0.55293202 0.230157 0.51138198 4292532772
-0.41293001 0.14897899 0.642717 4284572061
0.127537 0.25276101 0.61267799 4278782453
0.28259301 0.019355001 0.68969703 4279242990
0.209593 -0.246721 0.61729199 4279308781
0.416049 -0.288183 0.55771899 4286216836
0.45776901 -0.0334417 0.65183198 4285361553
-0.238676 -0.042977098 0.68809199 4280229855
0.50009298 -0.017695401 0.63117802 4288980058
0.0243406 -0.107119 0.67756999 4278256125
0.26689699 -0.0423357 0.68859702 4278650871
-0.40245599 0.102746 0.66032398 4284440479
0.230905 0.404028 0.43942499 4280295646
0.40086299 -0.188637 0.63022399 4284308897
0.35189199 0.123575 0.66718501 4282203585
0.338893 -0.40189201 0.43229499 4282664122
0.23846801 -0.30005699 0.57556403 4280032482
0.64358997 -0.158483 0.44888601 4294967040
0.38102701 0.22102 0.61818898 4283979942
0.31551501 -0.35903499 0.50921601 4282006212
0.122092 -0.334685 0.54096103 4279177199
0.46061301 0.088889897 0.64156801 4285032598
0.35217601 -0.059469402 0.68027002 4280624601
-0.0258001 -0.113523 0.67620802 4278190334
0.342022 -0.15013701 0.659666 4281479884
-0.21483999 0.279818 0.59245998 4280624601
-0.41475499 0.078067496 0.661874 4284111524
0.29360199 0.121053 0.67317301 4279308781
0.0135637 -0.33520201 0.54058301 4278190334
0.44576401 -0.33672401 0.486408 4287269492
0.055251401 -0.077678703 0.68348199 4278321916
0.378443 -0.178646 0.64153302 4283453614
0.063293502 -0.247858 0.615852 4278585080
0.42151499 0.116398 0.65059203 4285887881
0.121925 0.0312104 0.689183 4278321916
0.476538 -0.065807797 0.63910002 4285624717
0.13493501 0.0810306 0.68327898 4278453498
0.117088 -0.098248497 0.679223 4278453498
0.25103 0.040718999 0.68838602 4278519289
0.46624601 -0.055914499 0.64558399 4287335283
0.049749501 -0.20155101 0.643125 4278256125
0.255382 0.38345 0.47574201 4280164064
0.121448 -0.0593399 0.68635899 4278519289
0.32851899 -0.110508 0.67346197 4281282511
-0.0147022 0.0116277 0.69026798 4278190334
0.47635499 0.0120256 0.64450198 4284703643
0.14225499 0.208836 0.63881499 4279177199
0.63163298 0.173797 0.456999 4294967040
0.609393 -0.0068534999 0.54500598 4294967040
0.066325799 0.164967 0.65951002 4278519289
0.60797501 -0.0369156 0.54381597 4294967040
0.121594 0.257157 0.60955101 4278848244
0.572788 0.14490101 0.54731202 4293059100
0.34693599 0.197878 0.63863498 4282269376
-0.160301 0.29948801 0.57654899 4279111408
0.162376 -0.321805 0.55571002 4279177199
0.083975099 -0.0826113 0.68326098 4278453498
0.26826701 -0.29202899 0.582856 4281085138
0.32729399 -0.161037 0.65805501 4280493019
0.58346403 -0.0111474 0.570135 4294177547
0.28516501 0.13483 0.67021799 4280361437
0.52964902 0.042571299 0.61121601 4289045849
0.469338 0.051693801 0.64384598 4285164180
0.27550101 -0.21869101 0.63391602 4280427228
0.201851 0.28195301 0.591654 4279374572
0.22214399 -0.298457 0.57745999 4279374572
-0.0147408 0.162112 0.66029501 4278190334
0.18959001 -0.080192603 0.68327701 4278585080
0.30456501 0.37165701 0.49275199 4282532540
-0.0489644 0.15008 0.66469902 4278190334
0.487887 -0.053908601 0.63429302 4287006328
0.19845299 0.12237 0.67352903 4278716662
0.303848 -0.311627 0.56416303 4281282511
0.47944 -0.046374202 0.63958102 4286282627
0.42200401 -0.108077 0.65256202 4283058868
0.12812001 0.020036399 0.68990201 4278453498
0.42795101 0.2183 0.60377502 4285624717
0.0264671 0.121223 0.67401302 4278190334
0.122482 -0.28230599 0.59041798 4278848244
0.41926 -0.0575344 0.66400898 4283848360
0.15992799 0.014059 0.69074601 4278585080
0.245772 -0.230122 0.62679499 4279835109
-0.33256099 0.055883799 0.68352598 4281743048
-0.16960301 0.12891001 0.67156303 4278782453
0.0233059 0.18043 0.65255201 4278190334
0.44713101 -0.21952499 0.59507102 4285887881
-0.0036311201 0.074815102 0.68392599 4278190334
-0.098871902 0.098366901 0.67956197 4278321916
0.41745499 0.0853277 0.65913898 4285164180
0.45420301 0.35616899 0.450362 4287203701
0.51011997 0.0822438 0.61707199 4288716894
0.449242 -0.124971 0.63776797 4285953672
-0.11359 0.0909447 0.68087 4279177199
0.38828999 -0.040646698 0.67456001 4280361437
0.39518499 -0.062062901 0.67041397 4282006212
0.35639501 -0.0248651 0.682769 4280953556
-0.207084 0.21392 0.63670599 4279637736
0.34914601 -0.024493201 0.684533 4281150929
0.26003101 0.24511001 0.61816198 4281216720
0.43620399 -0.00232221 0.66122699 4281940421
0.159886 0.184818 0.6512 4278848244
0.396869 0.189538 0.63035703 4284308897
0.50948101 -0.034166101 0.62455601 4289966923
0.25468999 -0.090369202 0.68138301 4278914035
0.0266138 -0.0304213 0.68965101 4278190334
0.39153001 0.0568606 0.67164099 4282335167
0.41027999 -0.086453602 0.66218102 4283650987
0.385755 0.039378699 0.675506 4282532540
0.084031902 0.37638801 0.48769301 4278848244
0.367439 -0.107551 0.66851598 4282269376
0.33844501 -0.170615 0.65218103 4280953556
0.15374701 -0.173656 0.65535402 4279308781
0.55985099 0.19191 0.53384501 4294638084
0.47389799 0.15710101 0.61392301 4287401074
0.418715 -0.097789697 0.65639502 4283782569
0.28402701 0.124484 0.67289603 4279374572
0.408057 -0.35737199 0.480169 4287401074
-0.15779801 -0.130334 0.67112303 4278914035
-0.45537901 -0.0167461 0.65376902 4284966807
-0.20754001 0.32984799 0.54676503 4279242990
0.34502199 0.224141 0.62530398 4282137794
0.349648 0.245461 0.61039299 4281874630
0.215431 -0.111749 0.67653602 4278848244
0.285947 -0.33601099 0.540241 4282795704
0.25081 -0.036849301 0.68855202 4278585080
-0.42776099 -0.039485201 0.66313601 4284637852
0.47166201 0.028844601 0.64570898 4286282627
0.29677501 -0.0076368698 0.68966401 4279308781
0.37986401 0.132416 0.65846598 4282335167
0.045109499 0.26539001 0.60331899 4278387707
0.070606701 -0.085069902 0.68255401 4278387707
0.40127799 0.34305999 0.50469398 4287401074
-0.444103 -0.0234171 0.65766001 4285493135
-0.29485899 0.064618699 0.68513501 4282729913
0.125641 0.336496 0.538544 4279242990
0.137822 -0.155784 0.66316497 4278716662
-0.021610901 -0.0050339601 0.69014698 4278190334
0.58470398 0.0023018999 0.56909698 4294967040
-0.122792 -0.185302 0.650648 4278650871
0.076066501 0.00792199 0.69005102 4278256125
-0.20976999 -0.0884922 0.68126702 4279703527
0.212284 -0.114341 0.67529303 4279242990
-0.15465 0.230637 0.626647 4279440363
0.348519 0.0153655 0.684183 4279177199
0.49132401 0.081352197 0.62818998 4288914267
0.492686 -0.042769499 0.63341498 4288190566
0.57102102 0.28247401 0.43278301 4291743280
-0.43161201 0.248574 0.58200401 4282861495
0.147422 -0.179728 0.65316701 4278519289
-0.33931801 -0.0046652802 0.68576503 4282466749
-0.219942 -0.218927 0.63410699 4279900900
0.357467 0.00135418 0.68313402 4280032482
-0.40999499 -0.152144 0.64308798 4284769434
-0.062468302 -0.126009 0.67281801 4278519289
0.56083697 0.18616299 0.535864 4294967040
0.56839299 0.184615 0.53032798 4292730145
0.30013901 -0.29757699 0.57754999 4281414093
-0.45118201 -0.00852485 0.65598202 4285032598
0.40390599 -0.18108401 0.63230997 4283716778
0.34105 -0.191285 0.64263701 4283190450
0.091888003 -0.086306699 0.68259299 4278321916
0.0217578 0.026469899 0.689466 4278190334
-0.33834499 0.148084 0.66106403 4282466749
0.083295003 -0.0123557 0.69077402 4278453498
0.38857901 0.24980199 0.59837598 4284901016
0.268695 0.37287199 0.49238101 4281150929
0.43268099 0.094904102 0.65228999 4285822090
-0.233831 -0.25737599 0.60944903 4279900900
0.480681 -0.101597 0.62861699 4287532656
-0.020459499 -0.27118 0.60005498 4278387707
0.187365 0.085155398 0.68238002 4278650871
0.0216632 -0.052924801 0.68719798 4278190334
0.0069665001 0.084591903 0.68249601 4278190334
0.13611101 0.0137506 0.69042498 4278453498
-0.097932599 -0.10066 0.67914897 4278914035
0.46543401 -0.044199198 0.64724499 4286216836
0.25597301 -0.222238 0.63232201 4281348302
0.039044101 -0.0495084 0.68804199 4278190334
0.247494 0.086732097 0.68212402 4278848244
0.1575 0.042816099 0.68881202 4278519289
-0.41062701 -0.063740298 0.665649 4284111524
-0.165769 0.070889503 0.68465298 4279045617
0.31768301 0.178929 0.65091401 4282269376
-0.23618799 -0.037762102 0.68864101 4279835109
0.35675299 -0.128923 0.66402799 4281545675
0.28006601 0.0212189 0.69011301 4278650871
0.231316 -0.25872499 0.60897303 4280229855
0.37244099 -0.0052931998 0.680646 4281479884
0.39600399 -0.058270201 0.67117602 4283782569
0.42360401 -0.064557903 0.66142201 4284045733
0.656973 -0.167243 0.41492501 4294967040
0.40127999 0.22675399 0.60934103 4283979942
0.243761 0.019424001 0.690561 4278650871
0.139129 -0.23409601 0.624318 4279045617
0.155121 -0.127749 0.67214501 4278585080
0.25896701 -0.090700999 0.68097901 4278914035
-0.110622 0.032422099 0.68966103 4278387707
-0.059966199 -0.210246 0.638699 4278190334
0.245278 0.13772801 0.66904402 4279506154
0.180603 -0.335217 0.54099703 4280164064
0.37759501 0.15866201 0.64983898 4283058868
0.40621701 -0.054303601 0.66785002 4282203585
0.221238 -0.12718999 0.67217398 4278979826
-0.033701099 0.062572703 0.685763 4278190334
0.32840401 -0.113578 0.67293501 4281874630
0.26172 -0.39774099 0.451516 4280164064
0.080521099 0.108593 0.67671901 4278321916
0.379917 0.159205 0.64825499 4282993077
0.180638 -0.17431 0.65579599 4278716662
0.33755499 0.018043701 0.68631703 4280953556
-0.076819599 0.10798 0.67720598 4278321916
0.200498 0.29905301 0.57711798 4280164064
0.28703299 -0.25168899 0.61291999 4282532540
0.052753098 0.15613 0.66220599 4278256125
0.59765202 0.042432301 0.55391401 4294967040
-0.13981 -0.20898101 0.63939798 4278453498
0.175161 0.413542 0.41688201 4279835109
0.40480199 -0.208995 0.617688 4284243106
0.19977801 0.029963201 0.689466 4278848244
0.221927 0.00608399 0.69065398 4278979826
0.0146566 0.133099 0.66991299 4278256125
-0.037580501 0.348194 0.52493399 4278190334
0.293558 -0.081919402 0.682356 4279177199
0.199563 0.360982 0.50891203 4279571945
0.099740103 0.109679 0.67662299 4278256125
0.16883799 -0.18141501 0.651968 4279242990
-0.144692 -0.30760801 0.56884402 4278848244
0.17778701 -0.29714701 0.57843602 4279571945
0.33508 -0.0553541 0.68294901 4279900900
0.401003 0.072726101 0.66663402 4283387823
0.16243 -0.198401 0.64469099 4278650871
-0.088267997 -0.085317597 0.68182898 4278321916
0.167054 -0.195715 0.64593297 4279177199
0.25038201 0.0106479 0.69086999 4279045617
0.228128 0.18973 0.648763 4280164064
0.236687 -0.306694 0.57033402 4280032482
0.38104799 0.320714 0.53841901 4286545791
0.569691 -0.11335 0.56367499 4294506502
-0.42851001 -0.25734299 0.57740599 4283256241
0.044740099 0.18143199 0.65199202 4278190334
0.61100602 -0.095258199 0.527812 4294967040
0.345588 0.0528116 0.68233401 4280164064
0.27017 -0.0430087 0.68840998 4279308781
0.37528801 0.054214399 0.67663199 4280229855
0.14159 -0.079633802 0.68360603 4278519289
0.399048 -0.051531602 0.67040402 4282729913
0.334337 0.00150424 0.687177 4278848244
-0.095535599 0.107195 0.67771798 4278321916
0.463707 -0.35223699 0.450672 4286940537
0.327104 0.117507 0.671588 4281940421
-0.30395001 0.171407 0.65598702 4282664122
0.026889101 0.355737 0.516294 4278256125
0.38544199 0.0229067 0.677091 4281611466
0.30184001 -0.160322 0.66050398 4280427228
0.14849401 0.116325 0.67495298 4278650871
-0.249791 -0.0530186 0.68762797 4281677257
0.041606501 0.375323 0.48895699 4278190334
0.28524199 0.14263199 0.666843 4279900900
0.118748 -0.126342 0.67284697 4278387707
0.22657 -0.25310501 0.611974 4280032482
0.48748499 -0.35906401 0.411055 4288058984
0.42609999 -0.079401001 0.658095 4285361553
0.28980601 0.035097402 0.68853599 4279571945
0.222929 0.225012 0.62988001 4279506154
0.20123801 0.206732 0.639687 4279308781
0.061209202 0.291197 0.58371001 4278585080
0.053475801 -0.103715 0.67829001 4278256125
0.042925201 0.021282 0.68951797 4278190334
-0.426245 -0.050552201 0.66206801 4285098389
-0.120291 -0.19097801 0.64794701 4279374572
0.094806701 0.31958401 0.557688 4278585080
-0.48561499 0.053351901 0.63556302 4285493135
0.62071103 0.043150499 0.52771997 4294967040
-0.0158564 -0.0325015 0.68935198 4278190334
0.2244 0.223313 0.63112497 4279440363
0.075868703 -0.034216098 0.68881202 4278387707
0.133231 -0.326904 0.54975098 4278979826
-0.13205799 0.077225797 0.68404502 4279242990
0.36261001 -0.15524 0.65404999 4283519405
0.309486 0.074609101 0.68362099 4279177199
0.30020201 0.183511 0.651052 4281874630
-0.093797803 0.0558418 0.68734097 4278848244
0.63991302 0.194914 0.42403999 4294967040
0.58573103 -0.053029101 0.56393099 4294045965
0.65075397 -0.056169599 0.48497501 4294967040
-0.41957101 -0.112527 0.65227097 4284572061
0.524791 0.319199 0.44007 4290953788
0.025185701 -0.14496601 0.66601199 4278256125
0.087239698 0.024561699 0.68939 4278256125
0.59910703 -0.231912 0.45402601 4294967040
0.166694 -0.085179001 0.68273699 4278585080
0.346699 -0.28184599 0.58475798 4282137794
0.119348 -0.074790999 0.68441999 4278321916
0.136398 0.109328 0.67686301 4278716662
0.47261 -0.15140501 0.616696 4289966923
0.42806301 -0.086003602 0.65618199 4284835225
0.42416099 0.196151 0.61748701 4285822090
0.062719002 -0.139155 0.66837299 4278190334
0.398628 0.218861 0.61433297 4283322032
0.60366303 0.0022060501 0.55028898 4294967040
0.52664 -0.22308999 0.541789 4293388055
0.46984801 0.187023 0.60193199 4290098505
0.31199601 0.092471004 0.67996401 4279308781
-0.060789298 -0.198762 0.64414001 4278453498
0.337648 0.071262203 0.68085402 4279835109
0.37301201 -0.0160593 0.67995602 4281414093
0.59459901 -0.102892 0.54308099 4294967040
0.56796801 0.225785 0.499742 4294967040
0.375404 -0.130941 0.66009498 4284243106
0.174804 -0.181356 0.65184999 4279308781
0.374623 0.10187 0.66778803 4282927286
-0.25881401 -0.29520199 0.58026201 4281414093
0.46842799 -0.128307 0.62681597 4289045849
0.048733801 0.119136 0.67420298 4278256125
0.23034 0.278503 0.59398198 4280756183
0.196906 0.190378 0.64788097 4279571945
0.110162 0.060637798 0.686037 4278321916
0.163599 0.0102941 0.68989599 4278453498
0.115295 -0.15728199 0.661955 4278782453
0.41425201 0.31791899 0.52849698 4285098389
0.50095701 0.248632 0.54231203 4290624833
0.120193 0.31180599 0.56557101 4278453498
0.13643999 -0.15844899 0.66219097 4278453498
-0.015980801 0.103332 0.678177 4278190334
0.290959 0.229449 0.62729299 4280953556
0.32201099 -0.198331 0.64164001 4281743048
0.26097101 -0.016129401 0.68999499 4278650871
0.069109596 -0.15915 0.66145098 4278256125
0.30815899 -0.234596 0.62371701 4281019347
0.0713953 0.194374 0.64596802 4278519289
0.33697301 0.170707 0.65237403 4281874630
0.42564601 -0.086730704 0.65650898 4286282627
0.278005 -0.349996 0.52326101 4281677257
0.100029 0.146816 0.66534901 4278453498
0.142491 -0.214729 0.63608497 4278782453
0.37174901 0.29181299 0.56978899 4285690508
0.38525099 0.33936799 0.51565599 4283716778
0.124619 -0.228305 0.62797803 4278848244
0.32782501 -0.0176428 0.68713701 4279045617
0.26414499 0.202473 0.64247501 4280953556
-0.14513899 -0.018510399 0.69041097 4278782453
0.30001 -0.22532301 0.62980503 4280953556
-0.041294601 -0.12846699 0.67132699 4278190334
-0.0179841 -0.31566399 0.56072801 4278190334
0.51112998 0.32095701 0.45173499 4290361669
0.32826799 0.18295 0.64885902 4282203585
0.43300399 0.13720199 0.63955998 4286151045
0.209683 0.279935 0.59328002 4279900900
0.52361399 -0.091124304 0.60566801 4292927518
0.33924901 0.33509099 0.53376001 4282795704
0.119024 0.27293 0.59855801 4278848244
-0.031943198 0.061790999 0.68610799 4278190334
0.51632798 0.199333 0.56515002 4292532772
-0.297207 0.35323101 0.51883203 4280229855
0.085953303 0.27626801 0.59537399 4278914035
0.30897301 -0.14738099 0.66499197 4280558810
0.437208 -0.0512859 0.658162 4285756299
0.036435001 -0.0505067 0.68774599 4278190334
0.219697 -0.173636 0.65524799 4279835109
-0.104517 -0.14973401 0.66461802 4278256125
0.365549 0.235208 0.61446601 4283650987
0.283306 0.000699158 0.69094002 4279637736
0.164719 0.126965 0.67228103 4278519289
-0.0213555 0.134241 0.66975802 4278190334
0.34119901 -0.076846503 0.679299 4280361437
0.044209201 0.0088765798 0.69049603 4278190334
0.17239501 -0.146681 0.66642898 4279045617
0.48208001 0.073221698 0.634148 4290230087
0.208316 -0.044096898 0.68824899 4278585080
0.40601599 0.33314401 0.51439399 4285690508
0.18481199 -0.35209301 0.520751 4279506154
-0.0962492 0.123901 0.67266101 4278387707
0.43170801 0.0852753 0.65430403 4283716778
0.054157302 -0.101495 0.67900699 4278190334
0.22572801 -0.174293 0.655209 4279703527
0.47695199 -0.0119212 0.64417702 4284966807
0.52863401 -0.160797 0.578215 4291085370
-0.42155501 -0.054667499 0.66323698 4284769434
0.41387099 -0.0398219 0.66733497 4281940421
0.333965 -0.38115901 0.47318 4282729913
0.423105 0.0606784 0.66214103 4282598331
-0.038476799 0.067779198 0.68520302 4278256125
0.31294101 -0.203554 0.639723 4282006212
0.43806601 0.163002 0.62785298 4286808955
-0.071543902 -0.058036201 0.68715799 4278190334
0.084568702 0.17869499 0.65392101 4278585080
0.36047 -0.086130902 0.674353 4281874630
0.14119001 0.41065499 0.42568901 4279242990
0.094077997 0.190356 0.64845699 4278256125
0.386502 0.293262 0.564161 4285164180
-0.31336299 0.247407 0.61409497 4281874630
0.51776803 0.243053 0.53309 4291611698
0.49492699 -0.034065001 0.63353997 4287203701
0.182004 -0.032371201 0.68925202 4278585080
-0.058837101 0.052347001 0.68768799 4278519289
0.35680801 0.23113 0.61799902 4282466749
0.261417 -0.306355 0.57034898 4280164064
0.42006999 0.18069001 0.62721801 4285295762
0.45332199 0.271718 0.552504 4287927402
0.50153798 0.222104 0.561364 4293059100
0.54685003 -0.082461298 0.59209299 4292532772
0.37547901 0.173703 0.64426798 4282137794
-0.38050899 -0.259186 0.59346998 4283124659
-0.106684 -0.128581 0.67202199 4278453498
0.130411 -0.044911701 0.68791002 4278387707
-0.0132456 0.00559007 0.69053102 4278190334
-0.28738201 -0.084279202 0.68287498 4280756183
-0.100246 -0.244395 0.61851901 4278453498
-0.0492916 0.166895 0.65825599 4278190334
0.046522301 0.187575 0.649297 4278256125
-0.103653 -0.079170503 0.68318701 4278585080
0.076077603 0.25864199 0.608307 4278321916
0.030052099 0.056138601 0.68734503 4278190334
0.1802 0.21278401 0.63736999 4279177199
0.491312 -0.077152401 0.62884402 4288980058
0.427522 -0.089566797 0.65546203 4284901016
-0.28897899 -0.148903 0.66522002 4281348302
0.054410901 0.120577 0.67446297 4278256125
0.235401 -0.16619299 0.65868402 4280032482
0.330612 -0.18493301 0.64759302 4281940421
0.10991 0.0048968699 0.69050801 4278321916
0.30119699 0.055245701 0.68654603 4279177199
0.401068 -0.101388 0.66121298 4283585196
-0.043288901 -0.065916099 0.68599498 4278190334
0.147724 -0.084810004 0.68259603 4278848244
-0.017429501 -0.063501902 0.68626201 4278190334
0.0058634002 0.20614301 0.64020199 4278190334
-0.24188501 0.0394946 0.68894601 4279966691
-0.070632502 0.108718 0.67722201 4278453498
0.451978 0.074832797 0.648853 4283453614
0.225223 0.0100406 0.69035399 4278716662
0.100754 -0.34282801 0.53222901 4278914035
0.242532 -0.24837799 0.61574799 4281019347
-0.235916 -0.33794299 0.53797698 4280295646
0.56802797 -0.090934098 0.57178098 4294967040
0.45391399 -0.130677 0.63332099 4285032598
0.204097 0.12616999 0.67212099 4278848244
0.126572 0.32317099 0.55293602 4279242990
0.43928301 -0.17258 0.623119 4285756299
0.53120601 -0.23442701 0.52881199 4294703875
0.51417297 0.27824399 0.50395298 4291151161
0.037727099 0.0448194 0.68863702 4278256125
-0.207973 -0.023946701 0.68968302 4279374572
-0.177755 -0.20883 0.63944697 4279571945
0.32893199 -0.18677101 0.64623398 4283058868
0.18633699 -0.074167296 0.68420899 4278782453
0.20638999 0.357573 0.513749 4279242990
0.40989 -0.097424001 0.65921801 4282664122
-0.30686101 -0.13578799 0.66865498 4282137794
0.055106498 0.056223601 0.68674499 4278256125
-0.0430943 -0.36848 0.49960199 4278453498
0.53980702 -0.16902401 0.56477797 4294967040
0.40041399 -0.0131273 0.673482 4283387823
-0.0153487 0.073554501 0.68470103 4278190334
0.068709299 -0.36198601 0.50793898 4278321916
-0.50386602 0.109131 0.614241 4284966807
-0.20400301 -0.0155136 0.69064802 4279440363
0.41508901 0.21068899 0.61413598 4287137910
0.26843199 0.319453 0.55686301 4281743048
0.45872501 -0.061344702 0.64731598 4285822090
0.048560198 -0.173464 0.65548402 4278190334
0.037730802 -0.347123 0.52627099 4278190334
0.31453899 0.262306 0.60465801 4281874630
-0.049936101 0.16438399 0.65894502 4278190334
0.114188 0.036806401 0.689008 4278519289
0.32614699 -0.086453699 0.67990601 4280690392
0.32191399 -0.132698 0.66790003 4281282511
0.53883898 -0.13479 0.58143902 4293453846
0.24461301 -0.13027 0.67092103 4279242990
0.31464201 -0.192926 0.64516902 4282335167
0.00316746 0.049320702 0.68754101 4278190334
0.28472999 0.14804301 0.66581798 4281019347
-0.079068102 -0.080853 0.68358999 4278256125
-0.087876096 -0.0057922699 0.69069898 4278716662
0.403846 0.32104099 0.5298 4284572061
0.49642301 -0.0043065399 0.63416803 4286480000
-0.304607 -0.154549 0.66214699 4281019347
0.15494201 -0.117255 0.67454398 4278716662
0.23555499 -0.13944 0.66847903 4279111408
0.072580002 -0.162112 0.66009599 4278256125
0.65830398 0.0179394 0.480533 4294967040
0.338543 0.102322 0.67433101 4280361437
0.077738598 -0.19024 0.64870697 4278190334
0.478356 -0.059367198 0.63883901 4287335283
-0.020688901 -0.0478242 0.68817198 4278190334
0.52647501 -0.0527253 0.61168498 4290953788
0.100974 0.16667899 0.658517 4278387707
0.49430001 -0.1319 0.61186898 4291809071
0.37530199 -0.179263 0.64145499 4284966807
0.33152199 0.063129902 0.68320101 4280756183
0.34237599 0.102739 0.67377597 4280361437
0.067429997 -0.083794199 0.68265802 4278256125
0.254136 -0.062908001 0.68629199 4279111408
-0.33563799 0.20101701 0.63944298 4282466749
0.119779 0.40028 0.44549301 4279177199
0.438685 0.045334 0.65855598 4284308897
0.21416301 0.209373 0.63844198 4279900900
0.53663898 -0.059210502 0.604101 4292203817
0.10975 -0.23414201 0.62529999 4278585080
0.230498 -0.103535 0.67823201 4279374572
0.195989 -0.28257099 0.59105098 4279703527
0.47958601 0.26068801 0.545986 4288980058
0.182217 0.221081 0.63198298 4279045617
0.46980599 0.126064 0.62697399 4286414209
0.54339999 -0.205881 0.54018402 4294967040
-0.235048 0.095928401 0.680309 4279966691
0.33450699 -0.0077716801 0.68728799 4279308781
0.36688101 -0.104837 0.668809 4282269376
0.246208 0.082026303 0.68298697 4279045617
-0.030074799 0.30784899 0.56808901 4278190334
0.14504699 0.00262301 0.69051898 4278321916
-0.039067399 -0.095138997 0.68061298 4278190334
0.40301901 -0.090279602 0.66359299 4282072003
0.31151599 0.160395 0.65913898 4281282511
0.240366 0.33840901 0.53778398 4279637736
0.10295 0.41816601 0.407783 4278716662
0.427037 0.296574 0.54415703 4287006328
0.157628 0.144565 0.66701698 4279111408
0.258488 0.0458101 0.688003 4279111408
0.123383 -0.295169 0.58023202 4278848244
0.43672499 -0.037760202 0.66018301 4284835225
0.156004 -0.18946201 0.64852798 4278585080
0.33160099 -0.215156 0.63164598 4281874630
0.466297 -0.0510871 0.645302 4286808955
0.38540399 -0.0184721 0.67691702 4282335167
0.53799498 -0.142713 0.57810801 4293651219
0.312536 -0.0195936 0.68858701 4280229855
0.0378813 0.15579499 0.66237199 4278387707
0.63218701 -0.220762 0.409096 4294967040
-0.16734999 -0.071854301 0.68500102 4279703527
0.113814 -0.104044 0.67860299 4278387707
-0.076486297 -0.067916296 0.68487698 4278453498
0.392858 0.34281501 0.50895703 4285098389
0.614788 -0.173535 0.483679 4294967040
0.44737801 0.0052280701 0.65708899 4283453614
0.32793799 0.0146719 0.687141 4279177199
-0.36520699 0.118832 0.665887 4282795704
0.60219002 0.162029 0.50669003 4294967040
0.20526899 -0.25709999 0.60952902 4279571945
0.331779 0.15781 0.65840101 4282137794
0.101229 -0.128694 0.67206001 4278716662
0.37945101 0.112763 0.66388798 4282664122
0.083995998 0.12583899 0.67242199 4278387707
-0.0273856 -0.246874 0.616274 4278190334
0.48375499 0.0989011 0.62787801 4287927402
-0.062068999 -0.093829103 0.68060797 4278256125
-0.316706 0.0368836 0.68753701 4282072003
0.117906 0.160428 0.66067898 4278914035
0.058102701 0.123296 0.67295903 4278256125
0.133807 0.205051 0.64096701 4278716662
0.316688 -0.0599146 0.68457103 4279506154
-0.203136 -0.30333701 0.572631 4279966691
0.46461701 0.10537 0.63606602 4285953672
0.17808001 0.318515 0.55791903 4279900900
-0.13954601 -0.191286 0.64773601 4278585080
0.158005 0.140616 0.66765201 4279111408
0.0511383 -0.0034481699 0.69026703 4278190334
-0.207746 -0.046039499 0.68778402 4279506154
0.056079801 -0.097890399 0.68014997 4278190334
0.059055701 0.0357382 0.68876201 4278190334
-0.15927801 -0.169228 0.657686 4278979826
0.092242397 0.244149 0.61835599 4278256125
-0.0111058 -0.135236 0.67022198 4278190334
0.47659501 -0.30300501 0.50765997 4289045849
0.36032799 -0.28900301 0.57535702 4284637852
0.0086370502 0.074461997 0.68383199 4278190334
0.035824899 0.115784 0.67527699 4278190334
0.33352101 0.16877601 0.65346003 4281677257
0.0136864 0.068066798 0.68512601 4278190334
0.0611935 0.182166 0.65247399 4278519289
0.56072402 -0.061106 0.58447599 4293519637
0.353111 -0.15952399 0.65405601 4281019347
0.475099 0.082286701 0.63644302 4288256357
0.13508201 0.29087999 0.584194 4278914035
0.65353298 0.101311 0.46574399 4294967040
0.190685 0.141066 0.66785699 4278979826
-0.0048208898 0.067546301 0.685166 4278190334
-0.18744899 -0.125074 0.67256999 4279440363
-0.0104776 0.150259 0.66494101 4278190334
0.46888301 -0.17986999 0.60609102 4287137910
0.026886901 -0.155508 0.66261798 4278190334
-0.320429 -0.27034801 0.59777701 4281282511
0.0162294 0.24484301 0.61766601 4278190334
0.60155702 0.0098076798 0.55221498 4294967040
0.133811 0.15511701 0.66310602 4278585080
0.122201 0.28279999 0.591057 4278848244
0.37098199 -0.20441499 0.63025999 4282795704
0.316044 0.17036299 0.65566403 4281808839
0.141784 0.065453202 0.68533099 4278519289
0.025028599 -0.0141399 0.69067001 4278190334
0.329449 0.11252 0.673051 4280098273
-0.111007 -0.0687996 0.68480599 4278585080
-0.209999 0.1855 0.64998102 4280690392
0.48380899 -0.036809999 0.63872099 4285361553
0.44301999 0.120169 0.64147401 4283387823
0.016133999 -0.026123701 0.68993998 4278190334
0.27078101 0.27314201 0.59807903 4280295646
-0.41929001 0.21353599 0.61022198 4283650987
0.45375201 0.045878701 0.65182102 4284966807
-0.101809 -0.0059368601 0.68996298 4278387707
0.149298 0.0290152 0.68936998 4278453498
0.064048998 0.111362 0.67632502 4278256125
-0.014895 0.29403701 0.58124697 4278190334
0.65418798 0.161136 0.427524 4294967040
0.42030001 -0.063882403 0.662485 4282729913
0.35188401 0.33957401 0.52591002 4284374688
0.120565 0.273938 0.59729803 4278782453
0.58269799 -0.080131501 0.56211799 4294769666
0.493029 -0.038704801 0.63398302 4286480000
0.45473099 -0.169664 0.61809498 4288322148
0.60271198 -0.14861199 0.51418799 4294967040
0.313108 -0.040306501 0.687163 4278914035
0.0071159899 -0.0125638 0.69052702 4278190334
0.34556001 -0.158446 0.65570301 4282664122
0.26810101 0.105038 0.67775899 4279374572
0.52641499 0.33164799 0.414702 4291019579
0.193941 0.101474 0.67901701 4278782453
0.198156 -0.137132 0.66948599 4279571945
0.097468801 0.30046001 0.57529497 4279045617
0.0139512 0.222995 0.63158101 4278190334
0.38442001 -0.181169 0.63786399 4282466749
-0.400415 0.163874 0.64161497 4284111524
0.207082 0.16719399 0.65791899 4279506154
0.336155 -0.141489 0.663252 4280756183
-0.118593 -0.072504297 0.68434298 4278321916
0.1007 -0.152686 0.663378 4278387707
0.46676299 0.18614 0.60347497 4288058984
0.29801199 0.271108 0.59930903 4281874630
0.42336401 -0.139878 0.64226103 4286282627
0.213936 -0.35445699 0.51850098 4280953556
0.119417 0.18679801 0.64997602 4278650871
0.44016001 -0.24398801 0.581249 4289177431
0.29505 -0.211752 0.63667899 4281282511
0.121181 -0.136733 0.66900003 4278650871
0.43270299 -0.042381901 0.66078502 4283716778
0.35778999 0.188722 0.64144498 4282006212
0.31721699 0.34431899 0.52732003 4283058868
-0.0267481 -0.068116501 0.68480998 4278321916
0.41064599 0.024291599 0.66945601 4281611466
0.437837 0.27509701 0.55855799 4286216836
0.37150401 0.032465801 0.679851 4279703527
0.083931699 0.373337 0.49084601 4278650871
-0.086750701 0.20227399 0.64240199 4278256125
-0.24322601 0.26291499 0.60513401 4280098273
0.703421 -0.0763769 0.36326399 4294967040
0.156927 0.17261 0.65662003 4278716662
0.157741 0.084225602 0.68245298 4278650871
0.113687 0.27977201 0.59249002 4278848244
-0.037080601 -0.057292301 0.686607 4278453498
0.31904599 -0.174863 0.652843 4280821974
-0.098180003 -0.0552691 0.68754601 4278716662
0.501311 -0.218071 0.56466103 4292138026
0.43928701 -0.205994 0.60600001 4285756299
0.61950803 0.23077001 0.41962299 4294967040
0.343523 0.0906877 0.67651403 4281874630
-0.0102037 0.170399 0.65694797 4278190334
0.296556 0.29089099 0.58326298 4281348302
-0.480984 0.141544 0.61596 4284506270
-0.43809101 0.0231156 0.65978003 4284901016
-0.290768 0.1529 0.66388899 4282072003
0.35216001 0.045915201 0.68200201 4279506154
0.176065 0.146017 0.66601598 4279111408
0.613051 0.037647899 0.53803498 4294967040
-0.0027735501 -0.183429 0.65160102 4278190334
0.59203702 -0.177136 0.50875199 4294967040
0.33153799 -0.135966 0.665932 4281545675
-0.062603302 0.045318 0.688357 4278453498
0.126312 -0.180994 0.65219003 4278914035
0.52993101 -0.077485196 0.60450399 4290032714
0.150947 0.085318297 0.68238997 4278519289
-0.21445601 0.205047 0.64062798 4279506154
0.42492101 0.079247899 0.65865803 4282598331
0.462758 0.245662 0.56843001 4287532656
0.15203699 -0.123151 0.67294502 4278519289
0.304232 -0.090602197 0.68008 4280295646
-0.112219 -0.33768699 0.53796101 4278585080
-0.049404498 0.0057805302 0.690651 4278190334
0.34986499 0.13069101 0.66453201 4281545675
0.62480497 0.106034 0.50636297 4294967040
0.337441 0.362986 0.49973801 4283519405
0.118034 -0.254686 0.61089098 4278650871
0.43615901 0.14431199 0.63648701 4284177315
-0.39537999 0.105783 0.66134697 4284243106
0.29337999 -0.319745 0.55730301 4281611466
0.45438001 -0.25454 0.566787 4287137910
-0.44707099 0.117714 0.640845 4284703643
0.28783801 0.075179704 0.68392497 4279506154
0.048450999 -0.0133254 0.69038397 4278190334
-0.16533101 -0.225431 0.630207 4278914035
0.55408001 -0.14004301 0.56677997 4293980174
0.28880399 0.1513 0.66365802 4279769318
0.461243 0.14922699 0.62342799 4285624717
0.075351603 -0.24216799 0.61982203 4278321916
0.177045 -0.20188101 0.64213401 4279045617
0.432385 0.27645701 0.560265 4287137910
0.166673 -0.24894901 0.615637 4279637736
0.081544802 -0.0240165 0.689776 4278256125
-0.120308 -0.342448 0.53250098 4278453498
0.26242301 -0.088657103 0.68123198 4279308781
-0.36955401 -0.24192999 0.60838902 4282598331
-0.094503403 0.045674499 0.68798 4278321916
0.022188099 0.099922799 0.679178 4278190334
0.36963901 -0.104939 0.66805702 4282400958
-0.118902 -0.042684801 0.68830001 4278914035
0.33609399 0.17399099 0.651568 4280821974
0.238212 -0.0276735 0.68921399 4278650871
-0.049864002 -0.26674899 0.60330498 4278387707
-0.117593 0.15521599 0.66291302 4278782453
-0.445225 -0.217614 0.59641802 4283716778
-0.15607899 -0.11037 0.67643398 4279637736
0.19968501 0.28483599 0.588458 4280493019
0.40771899 -0.0198822 0.67057598 4281808839
0.302742 0.113889 0.67552799 4280690392
0.19250301 0.108313 0.67725599 4278782453
0.090896502 -0.24701899 0.61650997 4278387707
-0.171973 0.109069 0.67721498 4280032482
0.54247802 0.017462401 0.60424399 4292072235
-0.0065115402 -0.032149799 0.68973798 4278190334
0.45755899 -0.098807402 0.64109999 4286611582
0.0468725 0.0155101 0.69025201 4278190334
-0.213709 -0.076064102 0.68358302 4279242990
0.433887 -0.080847897 0.654854 4283124659
0.36246201 0.0543769 0.67860699 4279835109
0.58041698 -0.049696099 0.57031101 4294967040
0.170931 -0.400442 0.44675201 4279242990
0.000156724 0.144875 0.666511 4278190334
0.41890001 0.217794 0.60862499 4284966807
0.641985 0.0146792 0.50431699 4294967040
0.52038199 0.051104199 0.61555201 4292993309
-0.073577002 -0.086576201 0.68243498 4278190334
0.416742 0.29772699 0.54743397 4285690508
0.34125301 0.22428 0.62494397 4281545675
0.185718 -0.0217769 0.69031602 4278519289
0.397475 0.022596899 0.67356199 4282137794
-0.15275601 0.0130352 0.69053501 4278914035
-0.342298 -0.168153 0.65289301 4282072003
0.31671399 0.102485 0.67678303 4279900900
-0.0152401 -0.38553199 0.47248301 4278190334
0.141306 -0.055357601 0.68702 4278387707
-0.251169 -0.103296 0.67879403 4280624601
0.155985 0.19866499 0.64381403 4278782453
-0.036459502 -0.31763899 0.55931801 4278387707
0.33235899 -0.069678798 0.68213499 4280624601
0.46935299 -0.14973199 0.619268 4288651103
-0.081279099 -0.062742501 0.68630898 4278453498
-0.060105499 0.19212499 0.64730901 4278190334
0.293704 -0.176705 0.65404499 4280624601
-0.278817 0.34450999 0.529486 4280164064
0.29210201 -0.0370427 0.688577 4278782453
0.479325 0.14878701 0.613648 4287730029
0.131699 0.21364599 0.63655198 4278650871
0.63886201 -0.0098872604 0.508277 4294967040
-0.27638099 0.0178016 0.68965602 4280821974
0.206962 0.109205 0.67701298 4279242990
0.21890301 0.152189 0.663912 4279571945
0.32674199 -0.38305199 0.47223201 4283058868
0.086284101 -0.137128 0.66867602 4278585080
0.50190997 -0.343651 0.42404199 4287730029
0.33006501 0.219135 0.63025898 4282729913
-0.25642201 -0.044193599 0.68786299 4280032482
0.20252199 0.35530999 0.51726198 4279637736
0.115664 0.127666 0.67150199 4278519289
0.176126 -0.096940704 0.67995697 4278782453
0.50278002 -0.0071642799 0.62955999 4289966923
0.39280501 -0.102812 0.66358602 4282072003
0.35559499 -0.194571 0.638744 4281874630
-0.18811999 -0.065803103 0.68573397 4279374572
-0.284457 -0.178964 0.653494 4281282511
-0.35772401 -0.30562401 0.56080198 4282006212
0.356085 0.298906 0.56735802 4283519405
0.43663201 0.039331701 0.65910202 4284703643
-0.101102 -0.036805701 0.68918699 4278256125
0.075540401 0.0014671599 0.69000399 4278256125
0.60426003 0.0047396799 0.55035698 4294967040
0.43344599 0.0155097 0.66191602 4282466749
0.597983 -0.074552298 0.54697502 4294967040
0.50961798 0.132992 0.60281402 4290295878
0.41949701 -0.087157898 0.65904897 4286151045
-0.265459 -0.12944099 0.67169499 4280098273
-0.35386401 -0.204713 0.63347501 4282269376
0.37672299 0.0102572 0.67958897 4279966691
-0.090739504 0.18878999 0.64932299 4278650871
0.63413602 -0.198256 0.43043301 4294967040
0.25545299 -0.170431 0.65747398 4279900900
0.251818 -0.40076301 0.444534 4280098273
-0.28333101 0.210053 0.63796997 4281808839
0.159243 -0.086813703 0.681853 4278453498
-0.26506799 -0.046585001 0.68855798 4282269376
-0.063626297 0.205213 0.64122403 4278190334
0.44313601 0.23062 0.59002101 4288848476
0.37187001 -0.201664 0.63148397 4282993077
-0.060631499 -0.0274151 0.69012803 4278190334
0.32394901 -0.090700798 0.67913198 4279506154
0.52569598 -0.193408 0.56296802 4292795936
-0.204946 0.17304599 0.65584803 4279637736
0.061704099 0.163425 0.65942699 4278585080
0.46389601 0.363547 0.42860699 4287598447
0.385263 -0.10361 0.66538 4281282511
-0.036692899 0.087250598 0.68223399 4278256125
0.60090101 0.0139814 0.553496 4294967040
-0.28671399 -0.074421503 0.68394297 4280624601
-0.037341699 0.16517501 0.659307 4278190334
0.39959201 0.067524798 0.66806102 4282006212
-0.129852 0.107237 0.67772198 4278848244
0.177544 -0.00312119 0.69044697 4278716662
0.645235 -0.0760618 0.48896301 4294967040
-0.0024142701 0.0097863497 0.68994999 4278190334
0.57379597 0.20792399 0.50775999 4294967040
0.118083 0.0258436 0.68947798 4278321916
0.16404399 -0.29645401 0.57951897 4279900900
-0.243156 0.24471401 0.61787599 4279769318
0.29762501 0.35016301 0.522219 4281479884
0.51264399 0.077510901 0.61677301 4288914267
-0.167964 0.0390779 0.68834502 4279111408
0.0047551799 0.053858198 0.68753201 4278190334
0.477027 0.215863 0.58165598 4288980058
0.091459699 0.22158401 0.631814 4278321916
0.27624601 0.26135999 0.606857 4280295646
0.031478401 -0.033073999 0.68967599 4278190334
-0.120559 0.18174499 0.652632 4278650871
-0.017759601 -0.036068901 0.688802 4278190334
-0.306411 0.168293 0.65734798 4281348302
0.090611801 -0.111036 0.67662501 4278321916
-0.25641599 0.23995 0.62120199 4280624601
0.36373001 -0.34363499 0.51827902 4285953672
0.41247201 -0.19867399 0.62055099 4284506270
-0.029484 0.271707 0.59982502 4278321916
-0.035144102 -0.089190602 0.68172699 4278387707
-0.081356898 -0.042648502 0.68885201 4278256125
0.020681201 -0.119743 0.67389297 4278190334
-0.077322103 0.097250998 0.679667 4278256125
0.099794097 -0.047405802 0.68752497 4278453498
-0.072119497 0.265423 0.60436201 4278190334
0.59731603 0.229718 0.457885 4294967040
0.0462703 -0.025426099 0.69001001 4278190334
0.0134154 0.044231899 0.68881899 4278190334
0.18112899 -0.13004699 0.67180198 4279045617
0.30050099 -0.020505 0.68970299 4278914035
0.0821243 0.14759 0.665425 4278321916
0.37419599 0.032788899 0.67881399 4282072003
0.429943 0.059664302 0.65947902 4284835225
0.44539201 -0.18615299 0.61471599 4284703643
0.14129201 0.068314299 0.68549502 4278585080
-0.0066378699 0.028152799 0.68965101 4278190334
-0.41024399 0.103282 0.65769202 4284901016
0.33085799 -0.33012399 0.54118598 4283914151
-0.0927765 -4.6446199e-05 0.69024402 4278321916
-0.0031180901 -0.0122128 0.69025099 4278190334
-0.293865 0.099543698 0.67937601 4280887765
0.43576801 0.13763399 0.63850498 4284045733
0.00274665 -0.0049819001 0.69010699 4278190334
0.35215899 -0.161936 0.65417802 4282598331
0.53305 0.034729902 0.60930198 4293848592
-0.0157323 0.056514699 0.686827 4278190334
0.38824099 0.085065097 0.66822702 4281216720
-0.221659 0.00895824 0.69046903 4279703527
0.33743399 0.36916101 0.489968 4281940421
0.473647 -0.131633 0.62323099 4285558926
0.44675899 0.29505399 0.53580898 4288453730
0.037383899 -0.088674501 0.68159503 4278190334
0.336629 0.32367301 0.54693902 4283058868
0.33978 -0.231686 0.62174702 4283519405
-0.40870401 0.029423401 0.669734 4285427344
0.030646199 -0.0140519 0.689807 4278190334
0.069162004 -0.062186401 0.68628502 4278387707
0.320869 -0.073460497 0.68241298 4280887765
-0.15004399 -0.19866499 0.64454401 4279045617
0.41391799 -0.178048 0.63045502 4287269492
0.42265299 0.218171 0.60587698 4286677373
-0.37720701 -0.30167201 0.55888897 4281940421
0.44602999 0.0228712 0.656681 4282729913
0.68358803 0.022494201 0.43301299 4294967040
0.34421799 -0.0365173 0.68384302 4279769318
0.179647 0.38763899 0.468739 4279571945
0.14535099 0.22024401 0.633349 4279111408
0.60253501 -0.160382 0.506791 4294967040
0.063252002 0.25509101 0.61173499 4278321916
0.392809 -0.026245501 0.67431903 4281545675
0.43096399 0.101987 0.65162301 4285427344
0.421462 0.39098799 0.41176701 4285295762
0.177569 0.39166501 0.46134701 4280229855
0.39445099 -0.14552601 0.65036798 4283585196
0.018091099 0.0847653 0.68294001 4278256125
0.64820099 0.076361902 0.48400101 4294967040
0.055581398 0.120221 0.67466098 4278256125
0.229752 -0.046599299 0.68851697 4278782453
0.41977 -0.137766 0.64471602 4283716778
0.65051001 0.040911701 0.489187 4294967040
0.00153499 -0.039138999 0.68862498 4278190334
0.54794002 -0.199121 0.53966099 4291743280
0.0135529 0.194746 0.646088 4278190334
0.31242999 -0.0911761 0.67997599 4279506154
0.099689797 -0.12349 0.673042 4278585080
0.50924599 -0.189238 0.57648098 4291085370
0.0278589 0.101498 0.67940199 4278190334
-0.132015 -0.18221501 0.651501 4279506154
0.28731701 0.0856058 0.68223202 4279308781
0.0319492 0.041643299 0.68889302 4278256125
0.083888203 -0.28144801 0.59184802 4278716662
-0.137119 0.079904102 0.682859 4278979826
0.428422 0.21613801 0.60470998 4288651103
0.0783839 0.0245368 0.68993598 4278190334
-0.112088 -0.173656 0.65516597 4279111408
-0.48540699 -0.035063501 0.637959 4285229971
0.070271298 0.12785 0.67240697 4278387707
0.40372801 0.082133099 0.66488802 4283453614
0.188146 -0.127527 0.67224997 4279374572
0.26700601 0.054084901 0.68692601 4279045617
0.46808401 -0.26684201 0.54883999 4289769550
0.19339301 -0.090839997 0.681427 4278585080
0.103829 -0.38303 0.47690201 4278716662
0.36647901 0.16057301 0.65170401 4283387823
0.36963001 -0.048344899 0.67878503 4281348302
-0.34320101 0.052549899 0.68237102 4282532540
0.111169 0.15195701 0.663674 4278585080
0.44250301 0.018725101 0.659033 4283848360
0.46610701 -0.0092990696 0.64947301 4285427344
0.301552 0.35692799 0.51287699 4281282511
0.52930099 0.154773 0.58045602 4290098505
0.48548001 0.191613 0.59118497 4289045849
0.39125401 -0.33892301 0.51433498 4285887881
-0.030600199 -0.021980099 0.68994701 4278190334
0.54437399 -0.22126099 0.52827501 4293453846
0.20597599 -0.155578 0.66224003 4279571945
-0.103974 -0.120432 0.67389101 4278914035
0.152326 -0.0598801 0.68683898 4278519289
-0.23215701 0.23540001 0.62404698 4279835109
0.343613 -0.154919 0.65740597 4281150929
0.34468201 0.37055799 0.48722601 4282335167
0.042162199 -0.085206501 0.68214798 4278190334
0.34060001 -0.345094 0.52211797 4284111524
0.095404498 -0.082841702 0.68312901 4278387707
-0.105648 -0.0622834 0.68591499 4278519289
0.68298101 0.100008 0.40869099 4294967040
0.417492 -0.26865399 0.57344103 4287006328
0.252924 0.13793901 0.66878003 4279242990
0.45906001 -0.0121709 0.65214401 4285756299
0.21988501 -0.13461199 0.66946399 4278848244
