# .PCD v0.7 - Point Cloud Data file format
VERSION 0.7
FIELDS x y z rgb
SIZE 4 4 4 4
TYPE F F F U
COUNT 1 1 1 1
WIDTH 10000
HEIGHT 1
VIEWPOINT 0 0 0 1 0 0 0
POINTS 10000
DATA ascii
0.56611902 -0.100479 0.57032901 4294967040
0.53966898 -0.104119 0.59065098 4294572293
0.47936201 -0.0540304 0.63889903 4288322148
0.16176 -0.21151 0.63776702 4279308781
0.55842 0.00221714 0.59261203 4294967040
0.068458401 0.0037670999 0.69084299 4278453498
0.210256 0.19723 0.64494002 4280361437
-0.0210518 -0.29896799 0.577402 4278190334
0.424308 0.029575599 0.66486001 4286743164
0.115886 0.30280799 0.57275498 4278321916
0.36199099 -0.158448 0.65349799 4282729913
0.0633469 0.0109273 0.689978 4278190334
-0.0195037 -0.25268 0.612948 4278190334
0.049230099 -0.159906 0.660815 4278190334
0.4183 -0.335877 0.50523299 4287401074
0.30097201 0.339636 0.53514302 4282006212
0.0499608 0.157333 0.66261101 4278453498
0.0383786 0.39218599 0.46162599 4278190334
-0.47150099 -0.0150459 0.645917 4288453730
0.51670003 -0.325993 0.43733001 4293848592
0.33289999 0.145715 0.662673 4283782569
0.261994 -0.25961199 0.60854101 4280821974
-0.066436902 -0.069163598 0.68501103 4278190334
0.4303 -0.0026497601 0.66420901 4288387939
0.0659272 -0.158746 0.66111201 4278519289
0.40520501 -0.039325502 0.67044598 4287072119
0.40604499 -0.085812703 0.66300601 4286085254
0.34732401 0.163698 0.653714 4282993077
-0.28670901 0.030042 0.68911397 4280821974
0.40375799 -0.100745 0.660308 4287269492
0.55158103 0.065890998 0.59189099 4293914383
0.24336 -0.216488 0.63453501 4280953556
0.502913 -0.072192602 0.62302899 4291480116
0.115717 -0.0994367 0.67952001 4278387707
-0.19863901 0.107578 0.67778403 4279703527
0.184678 0.126837 0.67226899 4279769318
0.071993403 0.33485001 0.54177803 4278453498
0.035490599 0.0732015 0.68410403 4278256125
0.16960999 -0.304842 0.57196897 4279769318
0.25374699 -0.213944 0.63642001 4281874630
0.051570699 -0.067008503 0.68589401 4278190334
0.035884 -0.065799803 0.68593401 4278256125
0.43783101 0.243811 0.58290398 4289703759
-0.31367701 -0.042915199 0.68714601 4281545675
-0.15129399 -0.26446 0.60418898 4278782453
0.29011199 -0.219157 0.63278103 4282006212
0.33706599 0.0619688 0.68213999 4282400958
-0.201876 -0.036279999 0.68946201 4279571945
0.416976 0.119502 0.65119201 4285887881
0.32207099 0.028313899 0.68757498 4281479884
0.50836903 -0.0389079 0.62532198 4291809071
0.199696 0.100699 0.67912799 4279177199
0.30559099 -0.30500901 0.57081902 4282861495
-0.124763 0.220624 0.63314599 4278585080
0.336676 0.343364 0.52478701 4283387823
0.0088117104 -0.0465561 0.687805 4278190334
-0.29616699 0.037162598 0.68808597 4281216720
-0.0021766699 0.0155714 0.68999898 4278190334
0.012932 0.150842 0.66499102 4278190334
0.64189202 0.17632601 0.43730101 4294967040
-0.167153 -0.188107 0.64980501 4278782453
-0.174307 -0.24476799 0.61832601 4279571945
-0.0138223 -0.050603699 0.68768001 4278190334
0.157626 0.155499 0.66281998 4279177199
0.36672899 0.065794401 0.67652798 4283848360
0.2696 0.104819 0.67764598 4280361437
0.18516 0.166108 0.65870899 4279571945
-0.38953301 0.085134096 0.66838402 4283914151
-0.301081 -0.15518799 0.66268098 4283124659
-0.1227 0.124908 0.67320698 4278453498
-0.119828 -0.23654801 0.62305701 4278387707
0.15755101 -0.084076799 0.68287098 4279177199
0.26855299 -0.0165652 0.68973601 4280229855
0.47801599 0.0323104 0.64200002 4291611698
-0.402666 -0.163019 0.64131898 4286216836
0.0572237 -0.050898802 0.68738902 4278321916
-0.068984598 -0.026089801 0.69014603 4278387707
-0.30541599 0.13152801 0.67038399 4281808839
0.39278099 -0.051231101 0.672333 4287072119
0.19013301 0.135829 0.669159 4280558810
0.157867 -0.111985 0.67655599 4279111408
0.0651825 -0.22201499 0.63223499 4278650871
-0.27363601 -0.214893 0.636334 4280427228
0.030367101 -0.114949 0.67603898 4278190334
0.24110501 -0.221881 0.63239098 4281479884
0.336703 -0.092735 0.67656702 4283650987
0.199716 -0.200333 0.64368099 4279637736
0.24986599 0.096353702 0.680314 4281282511
0.42050701 -0.28456399 0.55850202 4287795820
-0.358403 -0.25966701 0.59892201 4285822090
0.46218601 -0.19469699 0.60207403 4288519521
0.027478799 0.093847498 0.68031102 4278321916
0.195467 -0.14093 0.66761798 4279637736
-0.029167401 -0.0552775 0.68696499 4278190334
-0.38116899 -0.067766897 0.67303902 4284045733
0.184049 0.372098 0.49297801 4280098273
0.111182 -0.054927502 0.68713301 4278650871
0.266532 0.388675 0.466571 4280690392
0.48049501 -0.29987201 0.50720298 4288256357
-0.43022901 -0.0023669901 0.66353101 4286743164
0.58872402 -0.204138 0.493433 4294177547
0.41334099 0.107637 0.65529698 4286940537
0.324148 -0.090401299 0.67888898 4284177315
0.26316801 -0.21687999 0.63474798 4281085138
0.27997801 -0.050297599 0.68743998 4282729913
0.46085501 -0.0064009102 0.651954 4288256357
0.117024 0.33726299 0.538755 4278519289
0.46924901 -0.125213 0.62777799 4288848476
0.296689 0.214656 0.63561898 4282466749
0.35242999 0.249046 0.60717499 4284045733
-0.16803201 0.0236325 0.68985999 4279308781
-0.27050099 -0.178069 0.65428299 4280690392
0.098865204 0.0187905 0.68973303 4278650871
0.35872301 -0.123567 0.66543502 4284308897
0.30912399 0.030394999 0.68843502 4283519405
0.055701301 0.104988 0.67780298 4278387707
0.0089248596 0.18782499 0.64989197 4278190334
0.15590499 -0.081486903 0.68315899 4279835109
0.017711099 0.122066 0.67350298 4278256125
0.43333 -0.060953699 0.65798199 4287006328
0.583471 -0.044595599 0.56739002 4294967040
0.177104 -0.143225 0.66729897 4279111408
0.385878 -0.059101101 0.67345101 4286085254
-0.26324999 -0.38875499 0.46635401 4281216720
0.075449303 0.0098056505 0.69017398 4278387707
0.313618 -0.29675499 0.57623899 4282861495
-0.196721 0.043442499 0.68855202 4280164064
0.41609001 -0.048496 0.66628301 4286874746
0.25283399 0.088596202 0.68138498 4281414093
0.34044501 0.0181059 0.68554097 4284572061
0.57726002 -0.219675 0.49478599 4294967040
0.221251 0.21939801 0.633183 4280558810
0.221347 -0.19807 0.64434201 4281216720
0.13550401 -0.116003 0.675053 4279374572
0.50515801 -0.188371 0.579606 4291216952
0.53709799 -0.0312101 0.60700798 4291743280
0.25870901 -0.18295 0.65123802 4280756183
0.32044399 0.124055 0.67128003 4284177315
0.158476 0.081395999 0.68317801 4278716662
-0.30411601 0.083681501 0.68222201 4281150929
0.34696999 0.259817 0.60176301 4283585196
0.48489201 0.2155 0.577362 4290427460
0.048257399 0.052671999 0.68782002 4278387707
0.036375102 0.263558 0.60503697 4278387707
0.36506599 0.220548 0.62242198 4285361553
0.53392398 0.29863 0.45882601 4292598563
0.081100203 -0.084846698 0.682675 4278256125
0.31253001 -0.15239 0.66215301 4282993077
0.45466301 0.33582199 0.48250601 4287861611
0.183082 0.204411 0.64093 4279900900
-0.10348 -0.076068401 0.68373102 4278453498
0.342264 -0.085391097 0.67796701 4283914151
0.638744 -0.16910499 0.45006499 4294967040
0.439785 0.081524797 0.65259099 4288519521
0.29927999 0.237737 0.621387 4281150929
-0.316598 0.090777203 0.679299 4283058868
0.51832801 0.077114798 0.61321098 4291414325
0.0070471899 0.12253 0.67372203 4278190334
0.49493399 -0.13752399 0.61024702 4292598563
0.35048699 0.171491 0.65052497 4283848360
-0.116524 0.24644201 0.61730802 4278453498
0.25207901 0.22733299 0.62911999 4281611466
-0.150677 0.077608399 0.68369597 4279177199
0.124355 -0.13801099 0.66918403 4279242990
0.451175 -0.177642 0.61605698 4289111640
0.38022599 0.185312 0.63780999 4285164180
0.49151599 0.118996 0.61784798 4291545907
0.60882401 0.152225 0.50458902 4294967040
0.389772 -0.115745 0.66023499 4286151045
-0.14032499 -0.22789501 0.62811601 4278716662
0.0525648 0.0248824 0.689982 4278387707
-0.123075 -0.0113797 0.69026399 4278650871
0.60048598 -0.041193102 0.550879 4294967040
0.51894599 -0.034244101 0.61873102 4294111756
0.51570499 -0.167647 0.58300102 4290953788
0.22788499 -0.119564 0.674371 4279506154
0.15561999 0.20588399 0.64082599 4279045617
0.36126199 -0.202317 0.633816 4283848360
0.36496601 0.37246001 0.477391 4284308897
-0.168927 0.0149624 0.689816 4279111408
-0.0575925 -0.354747 0.517474 4278387707
0.214663 0.27404001 0.59725899 4280164064
0.37975299 0.268996 0.58693099 4285756299
0.18002801 -0.091315098 0.68152303 4279835109
0.11124 -0.175605 0.65512502 4278453498
0.0697271 -0.00074047002 0.69024098 4278190334
0.25739801 -0.33749601 0.53799301 4280164064
0.327389 0.202113 0.63912898 4283256241
-0.292377 -0.245712 0.616853 4282466749
0.12745599 0.073857501 0.68413597 4278519289
0.65564102 0.099211298 0.463871 4294967040
-0.063126698 0.41489899 0.41517401 4278190334
-0.088155799 -0.082190201 0.682594 4278387707
0.25051299 0.125707 0.67226398 4281677257
-0.120528 0.137513 0.669218 4278848244
0.062851101 -0.060178801 0.68622398 4278321916
-0.20279901 0.14891399 0.66541898 4279571945
-0.191175 0.224894 0.63006502 4278979826
0.444877 -0.102483 0.64509898 4287006328
-0.37027299 0.082769699 0.67344499 4283453614
0.181219 -0.235172 0.624722 4279506154
0.341335 -0.20798001 0.63428402 4283124659
-0.330414 0.239685 0.61772299 4282598331
0.098165303 0.28482801 0.58903497 4278519289
0.30083501 -0.048671801 0.68698198 4281085138
0.33949199 -0.124928 0.66786599 4282203585
0.309452 0.124164 0.67191398 4281743048
0.464149 0.034398999 0.64860898 4288782685
0.0020479399 0.185357 0.65049601 4278190334
0.253714 0.298962 0.57721901 4281019347
0.45536399 0.19563399 0.60500503 4287401074
0.046222601 0.31768799 0.558869 4278190334
0.112424 -0.036997698 0.68898302 4278387707
0.095656 -0.0206072 0.69048601 4278585080
0.314174 -0.16296101 0.65838301 4281808839
-0.000192886 -0.069924697 0.68488002 4278190334
0.288497 0.21716 0.63472998 4282072003
0.167723 0.367448 0.500251 4279506154
-0.128759 0.27849501 0.59337002 4278585080
0.095940202 -0.17363299 0.65584701 4278979826
0.461119 -0.00662525 0.65107399 4287532656
0.51511002 -0.16883799 0.58332199 4291611698
0.020307999 0.136851 0.66916102 4278190334
0.034853399 0.13250101 0.67091602 4278321916
0.452939 -0.21636599 0.59364998 4290230087
0.332414 -0.34034801 0.52947003 4283716778
0.45031199 0.0147354 0.656129 4288124775
0.45582399 -0.069738097 0.64743102 4288782685
-0.081992202 0.056854099 0.68728298 4278256125
0.42431 -0.112755 0.65074402 4288387939
0.400197 0.162884 0.64211798 4286874746
0.45754001 -0.0105237 0.65255302 4287795820
0.21317901 -0.217076 0.63512498 4280756183
-0.41580299 -0.079869397 0.66097999 4285624717
0.205075 0.040578701 0.68873298 4279571945
-0.051874701 0.104441 0.67813301 4278190334
0.446825 -0.243223 0.57896 4289177431
0.45453101 -0.262481 0.55984801 4287006328
0.35940799 -0.098557003 0.67180699 4285887881
0.232419 0.152936 0.663764 4280098273
0.149279 0.0336392 0.68924302 4279769318
-0.17915 0.387844 0.46782199 4279506154
0.43746701 -0.173816 0.62299198 4288190566
0.406912 0.30638701 0.54352498 4286282627
0.187434 0.0864034 0.68260401 4279111408
0.38133201 0.103198 0.66578197 4284703643
-0.060915601 0.063796498 0.68549198 4278256125
0.38235 -0.104587 0.66575301 4285032598
-0.27754799 -0.33092299 0.54565901 4280624601
0.37912601 0.37080699 0.47483799 4284177315
-0.0610932 -0.039894801 0.68884802 4278650871
0.25157499 0.20046701 0.64309198 4279900900
-0.16994999 0.16488899 0.65908903 4279900900
-0.31961599 0.197458 0.64305598 4282729913
0.287754 0.245602 0.617594 4281085138
-0.056054499 -0.0165505 0.69050997 4278321916
0.39104199 0.00053724501 0.67572701 4286019463
0.31092 -0.115535 0.67454797 4281808839
0.144969 -0.257433 0.61002302 4278848244
0.14899801 -0.14248601 0.66744399 4279769318
0.39715499 -0.15955 0.64357001 4287466865
0.00249961 0.235424 0.62424499 4278190334
0.223225 -0.19639499 0.64531499 4279769318
0.18752 -0.121139 0.67427301 4279900900
0.42912501 0.26415199 0.57234597 4286282627
-0.0137356 -0.174863 0.65501899 4278190334
0.30370599 -0.074556299 0.68397403 4283650987
0.436524 0.0132748 0.66097897 4288453730
0.19301499 0.0221508 0.68974698 4279045617
0.35276401 0.25474799 0.60403401 4282532540
0.200082 -0.28155801 0.59092897 4279374572
0.237923 -0.238966 0.62156999 4279637736
0.31806901 -0.36022601 0.507002 4282795704
-0.33708599 0.20300999 0.638237 4283782569
0.30222699 0.22083899 0.63135201 4282927286
0.29287899 -0.14265101 0.66685498 4281348302
0.0041696499 -0.044918001 0.68809003 4278256125
0.087266698 -0.028079201 0.68989998 4278190334
0.40558401 -0.38497999 0.43509901 4286414209
0.150895 0.063234396 0.68567997 4279506154
0.38563699 0.148827 0.65118003 4285953672
-0.00035001099 0.216104 0.63471299 4278256125
0.059427999 -0.198778 0.643879 4278387707
-0.0134471 -0.061203498 0.68659598 4278190334
0.0494917 -0.101647 0.67908102 4278387707
0.058958199 0.0089624198 0.68992901 4278321916
0.37094301 0.168731 0.64669102 4283716778
-0.29115501 -0.21728601 0.634812 4281348302
0.46165299 0.199821 0.59979302 4289637968
0.42425099 0.31765801 0.52418202 4285690508
-0.27016899 -0.157318 0.66254503 4280427228
-0.112947 -0.123527 0.67287999 4278650871
0.0265094 0.312507 0.56374002 4278190334
0.45469001 0.034738 0.65218598 4290427460
0.222018 -0.158427 0.66133302 4280295646
0.490244 -0.250882 0.54754698 4290164296
0.15904 0.215857 0.635396 4279835109
0.29983401 0.100174 0.67907703 4282795704
0.25729701 0.37008101 0.495783 4281282511
0.272291 -0.164168 0.65901101 4281940421
-0.0051533901 -0.230194 0.62723702 4278190334
0.072324701 0.104324 0.67859298 4278256125
0.266251 0.084471896 0.68218303 4282335167
0.61476898 -0.091122299 0.52372903 4294967040
0.12933899 0.059721999 0.68647599 4278848244
-0.048149701 0.36755201 0.50008398 4278190334
-0.13486999 -0.18092901 0.652767 4278848244
0.029474899 0.035509799 0.689538 4278190334
0.29567301 -0.16498201 0.65884298 4281611466
-0.381129 0.094757803 0.66820598 4284769434
0.25759 0.39137 0.46163899 4281479884
0.49330899 -0.120729 0.617015 4291151161
0.62099099 -0.16620199 0.47890601 4294967040
0.021964001 0.117114 0.67530799 4278190334
0.27738401 0.22785699 0.62879401 4281479884
0.218583 0.21525399 0.63605899 4280032482
0.019285601 -0.035793498 0.68873698 4278321916
0.022893401 -0.0287106 0.68980497 4278190334
0.206985 -0.13177299 0.67073101 4279769318
0.49951601 0.37614399 0.34957799 4289506386
-0.43142599 -0.085741401 0.654504 4288387939
0.46405101 -0.114716 0.634027 4287269492
0.171178 -0.16818 0.65803403 4279703527
0.092124999 0.031918399 0.68943399 4278256125
0.15537199 -0.256751 0.61014098 4278650871
0.12269 0.31057999 0.56670201 4278650871
0.36991799 0.013277 0.68071997 4285098389
-0.0298436 -0.14523301 0.66618901 4278190334
0.076350801 -0.0225513 0.68963099 4278256125
0.304066 -0.165677 0.65772498 4282927286
0.32383499 -0.36212799 0.50299603 4283650987
0.22471499 -0.157846 0.662386 4279966691
0.258679 0.261253 0.60669601 4280953556
0.29814401 -0.033519201 0.68891102 4280821974
-0.40932 0.104904 0.65829998 4284637852
0.23487701 -0.122838 0.67290503 4281414093
0.37244999 0.145969 0.65594 4283585196
0.21309701 0.227293 0.62937802 4279374572
0.62934703 0.166071 0.466456 4294967040
-0.324314 0.0244454 0.68736202 4282927286
0.136663 -0.200771 0.64367801 4279111408
0.28679699 -0.312996 0.56356502 4281019347
0.096951202 0.39670399 0.45194399 4278256125
0.099583 0.077066399 0.683649 4278585080
0.44714499 -0.00124228 0.65689498 4287466865
0.27731901 -0.033129498 0.689578 4280361437
0.485048 -0.0084450301 0.64021099 4290822206
0.084678203 -0.364268 0.50555098 4278190334
0.071830198 -0.137509 0.66851801 4278519289
0.63573802 0.212788 0.411084 4294967040
-0.073972397 0.214249 0.63570601 4278650871
0.171186 -0.13683499 0.66871798 4279966691
0.206137 0.142978 0.667404 4279637736
0.088352598 -0.135773 0.66971397 4278519289
0.30099201 0.052957699 0.68678802 4281414093
-0.207112 0.21732999 0.63444602 4279242990
0.100829 0.086679801 0.68186998 4278914035
0.31643701 0.358933 0.50947899 4281874630
0.415802 0.161768 0.63757998 4284769434
0.19230799 -0.029626301 0.68918598 4280032482
0.48082799 -0.039606798 0.63972098 4291940653
0.26751 -0.22396401 0.63095897 4282006212
0.37334499 0.188701 0.63757598 4285295762
0.433498 0.323282 0.511406 4287006328
0.102099 0.046184801 0.68777603 4278716662
0.189766 0.176902 0.65440297 4279835109
0.0040008398 -0.148296 0.66577703 4278256125
-0.12943 0.328866 0.54737401 4279440363
0.382292 -0.25635299 0.59496599 4284111524
-0.123727 -0.036754198 0.68948197 4278782453
0.027591299 0.054175898 0.68672502 4278256125
0.34897301 -0.059776202 0.68075103 4283190450
0.15166999 -0.149505 0.66512197 4278979826
-0.115692 0.073579602 0.68402898 4278321916
0.094817303 0.25152299 0.61406702 4278650871
0.220671 0.177378 0.653974 4279440363
0.39605901 -0.024027999 0.67395699 4286808955
0.22745501 -0.138448 0.66878301 4280953556
-0.235572 -0.134271 0.66967797 4280032482
0.33007401 0.028402399 0.68624902 4284111524
0.097442597 0.039651901 0.68851399 4278979826
0.61148 -0.11706 0.51849902 4294967040
0.074191302 0.0073844702 0.69090301 4278387707
0.491934 0.031130301 0.63488901 4290559042
0.092482097 0.13777199 0.66897202 4278519289
-0.171101 -0.094873101 0.680866 4280032482
0.20937 0.00331809 0.69072503 4279900900
0.40350401 0.37625101 0.45261499 4286743164
0.294765 -0.073567502 0.68445402 4281019347
0.44936499 -0.26665601 0.55918199 4286743164
-0.28057101 0.092901297 0.68048501 4282729913
0.306869 -0.240905 0.61997199 4283387823
0.096100099 -0.115008 0.67559201 4278782453
0.366133 -0.17142799 0.64740503 4283650987
0.284767 0.16089 0.66041702 4281874630
0.143433 0.428624 0.37622601 4278585080
0.53986901 0.104812 0.59043598 4294967040
-0.122735 0.149922 0.66446698 4279045617
-0.0636627 0.016196599 0.68987399 4278453498
0.338278 -0.152852 0.659872 4283124659
0.45072201 0.13148899 0.63422 4287861611
-0.40113601 -0.141028 0.65003598 4286611582
0.30128601 0.062741399 0.68500102 4282861495
0.427457 0.240374 0.590747 4288124775
0.323035 -0.26612401 0.60052598 4281677257
0.119893 -0.209049 0.63919002 4279045617
0.61945099 0.032609601 0.53128898 4294967040
0.39102 0.0220946 0.675708 4285953672
0.078081504 -0.041017901 0.68884301 4278519289
0.509251 0.093134403 0.614959 4291282743
0.0195521 0.33342099 0.54304802 4278190334
0.51144898 -0.192707 0.57309097 4293322264
-0.21372201 0.28754899 0.586604 4279900900
0.31012699 -0.37126601 0.491914 4282269376
-0.219786 -0.098553598 0.67924798 4280229855
-0.153898 -0.073866397 0.68399602 4278782453
-0.18749399 0.35968801 0.51073903 4279242990
0.368754 -0.0058034998 0.68072701 4285887881
0.356718 -0.17939 0.64550298 4283453614
0.415631 -0.195149 0.62129498 4286216836
0.38317299 -0.135658 0.65619302 4286480000
0.44074199 0.062952101 0.65527397 4287072119
0.49764499 -0.18015499 0.589472 4290493251
0.437253 0.202011 0.60997301 4286282627
0.38182199 -0.201176 0.62977201 4285953672
0.128576 -0.175749 0.65506297 4279045617
0.52652001 0.17956901 0.56957102 4292795936
0.27871501 -0.17197999 0.65594602 4281940421
0.235264 -0.36317801 0.50609797 4280098273
0.0170676 -0.100541 0.678671 4278190334
0.13539299 -0.138717 0.66884702 4279308781
0.057001099 -0.20283701 0.64271599 4278387707
-0.016381999 -0.047609001 0.68814301 4278190334
0.47688001 -0.16329899 0.60914701 4291282743
0.34560099 0.041207399 0.683801 4283387823
0.63857102 -0.216848 0.39778799 4294967040
0.065338202 -0.173168 0.65626597 4278585080
0.30267599 -0.208308 0.63902903 4281282511
0.18207701 -0.20198201 0.64278299 4279506154
0.67262697 -0.0092569301 0.45495901 4294967040
0.363363 0.077728897 0.67581999 4285164180
0.154392 0.21228801 0.63765001 4278716662
-0.22509199 -0.31582901 0.56127298 4279440363
0.204675 -0.0774813 0.68343902 4279703527
0.55003399 -0.016359 0.59788698 4292335399
0.50197399 0.093972303 0.61941999 4290559042
-0.089221597 0.28487399 0.58874899 4278321916
0.44181201 -0.30424899 0.52788299 4289243222
0.280074 0.028736301 0.68998998 4282795704
0.296112 -0.21768101 0.63424897 4282203585
0.13857 0.21602701 0.63526499 4278519289
-0.431835 -0.122059 0.64486998 4287664238
0.30113801 -0.292146 0.581945 4281611466
0.023529001 0.301038 0.575261 4278190334
0.111432 0.00290441 0.69054902 4278848244
-0.130638 0.39361101 0.458078 4278782453
-0.27164501 0.217902 0.63378298 4282466749
-0.105399 0.049245 0.68797302 4278782453
0.349785 0.117864 0.66921502 4282598331
-0.098668501 -0.084517799 0.68207997 4278387707
0.121419 0.20736501 0.64042503 4278650871
0.469327 0.29176 0.52463698 4287730029
0.10244 0.087306298 0.68145901 4278453498
-0.170992 -0.0132921 0.68990499 4279966691
0.000501248 -0.029562401 0.68993199 4278190334
0.083538003 0.029821901 0.68992698 4278387707
0.38135999 0.15415999 0.65073299 4284506270
0.27026701 -0.071129702 0.68467098 4281874630
0.23779701 0.0776342 0.68392003 4279769318
0.534594 0.25732699 0.50528502 4291151161
0.42159599 0.0159085 0.666287 4286085254
0.257287 -0.000529379 0.690579 4281348302
0.085557401 0.089216501 0.681238 4278519289
-0.4454 0.101897 0.64524102 4289309013
0.57548201 0.28662801 0.41928399 4294967040
0.38155699 -0.082300603 0.67005801 4284572061
0.307515 -0.35895401 0.51007599 4283716778
0.26350001 -0.16018701 0.66136098 4280164064
0.0724454 0.076607399 0.68374997 4278782453
0.052687701 0.0170615 0.68995899 4278190334
0.56800199 -0.295854 0.41449699 4294967040
0.237046 -0.038257699 0.68846101 4279769318
0.033587601 0.29010999 0.58455598 4278190334
0.33893201 -0.0154731 0.68611902 4283782569
0.085196503 0.14205299 0.66729099 4278979826
0.46974099 0.111822 0.63216603 4289440595
0.113377 0.1707 0.65693599 4278321916
0.58001602 0.14664599 0.53929001 4294967040
0.27961501 0.17505001 0.65509301 4280295646
0.46332699 -0.14560699 0.62318099 4288387939
0.26352701 0.31289101 0.56348801 4281940421
0.210023 0.058727901 0.68687499 4279637736
0.108048 -0.045823298 0.688425 4278585080
0.39968401 -0.046243899 0.67105001 4285624717
0.49702901 -0.28937301 0.50583702 4292466981
0.14309999 0.29746199 0.57821101 4278585080
-0.0031411799 -0.048636001 0.68752497 4278190334
0.48070201 0.063323401 0.63664901 4291151161
0.151848 -0.117693 0.67466301 4279177199
0.0538182 -0.19909699 0.64407903 4278190334
-0.067918397 -0.177433 0.65400398 4278256125
-0.087970003 0.26634499 0.602763 4278650871
0.115592 0.0083924998 0.69083399 4278716662
0.23285601 -0.102845 0.67898399 4279571945
0.249222 0.334405 0.54129303 4281085138
-0.29459399 -0.28394201 0.58887303 4280690392
0.42010799 -0.0051116501 0.66695601 4287532656
0.0052298899 0.38439801 0.47506601 4278190334
0.40163001 0.104477 0.660465 4287401074
0.42835301 0.233817 0.59441799 4286348418
0.0254892 -0.144269 0.66701698 4278190334
0.40249199 0.062898003 0.66771799 4284703643
0.142306 0.28978199 0.58433503 4278848244
-0.218972 0.098375 0.67992198 4279374572
-0.19048101 0.037594602 0.68941599 4279966691
0.21654999 0.202254 0.64247698 4279966691
0.53482997 -0.117644 0.59059501 4292072235
0.0198872 0.25458801 0.61199498 4278190334
-0.16532999 -0.071379296 0.68524402 4278716662
0.67996001 -0.15877099 0.36312699 4294967040
0.0199428 -0.035902999 0.68954903 4278190334
0.063950904 -0.061918799 0.68612099 4278190334
-0.155728 -0.086735897 0.68179703 4278848244
0.114424 -0.32595 0.55089098 4279045617
0.44530499 -0.32337901 0.50507998 4289177431
0.124332 -0.118231 0.67502302 4278650871
0.179225 -0.19240899 0.64715302 4278979826
0.47537801 0.157298 0.61331701 4288453730
0.30877 0.0538982 0.68605602 4283190450
0.194167 -0.069410503 0.68529499 4279637736
0.120776 0.074286997 0.68382502 4279045617
0.39523199 -0.143609 0.65084201 4287532656
0.52927798 -0.0043634302 0.61384797 4292598563
0.29104501 -0.081438303 0.68321401 4280887765
-0.31222901 -0.140582 0.66615701 4281545675
0.111239 0.309356 0.56663299 4278914035
0.0824541 0.36445501 0.50365001 4278453498
0.162064 0.085329302 0.68219 4279177199
0.118126 0.36912799 0.497706 4278387707
0.467145 -0.099658802 0.63634402 4290098505
0.032242499 0.0688086 0.68488997 4278321916
-0.15939499 -0.28801 0.58580101 4279571945
0.155866 0.27098 0.59913701 4279769318
0.39264101 0.075060703 0.66888398 4287072119
-0.112488 0.130529 0.67161399 4278585080
0.60651302 0.026576901 0.546758 4294967040
0.0076682102 -0.018333601 0.69055301 4278190334
0.464347 0.26943201 0.54883498 4290164296
0.362762 -0.26165101 0.59612203 4285427344
0.54323202 -0.039064702 0.60201401 4294967040
0.0136136 -0.069622099 0.68490702 4278256125
0.478369 0.301379 0.50838399 4290164296
0.46320301 -0.0042854701 0.64999598 4290230087
0.428606 -0.13393 0.64234501 4288058984
0.42842299 -0.15677699 0.63481897 4288058984
0.21376 0.087115698 0.68219799 4279966691
0.119645 -0.158179 0.66218603 4278585080
0.48940501 0.18840501 0.589396 4291085370
0.26109299 0.23048601 0.62724203 4279966691
0.080494396 0.256816 0.61052698 4278585080
-0.039172102 0.102909 0.67869002 4278190334
0.37736699 -0.026620699 0.67830801 4283190450
0.20210201 0.192403 0.64749098 4279242990
0.086680301 -0.36896899 0.49816501 4278387707
0.31434399 0.110143 0.67521799 4282664122
-0.16909 -0.25180599 0.61323798 4279703527
0.410422 0.189217 0.62609702 4284966807
-0.028241901 0.121864 0.67418599 4278190334
-0.21563999 0.072208099 0.684322 4280361437
0.106516 -0.166954 0.65811199 4278585080
0.29007101 0.13965601 0.66780198 4280624601
-0.45089501 0.171102 0.61890697 4286743164
0.39072201 -0.0113867 0.67624003 4285295762
0.203741 -0.169963 0.65721601 4280164064
-0.022683499 -0.16763 0.65823698 4278190334
0.28583199 -0.14317399 0.66733903 4280624601
0.31494501 0.151954 0.66232002 4283256241
0.20130999 -0.223452 0.63152599 4280361437
0.29031801 -0.18462899 0.65047699 4282795704
0.55435902 -0.190329 0.53988099 4294111756
0.291563 0.183515 0.65148902 4281085138
0.042862799 -0.0684084 0.68547499 4278256125
0.079508297 0.15761299 0.66161501 4278782453
0.52892703 -0.13539501 0.58866102 4291677489
0.52769399 0.18492299 0.56552601 4292269608
0.34813201 0.165205 0.652937 4282532540
0.39283001 -0.232962 0.608145 4285624717
-0.33328599 0.042460799 0.68540001 4282072003
0.39354599 0.314132 0.54055399 4286611582
-0.023566 0.042512398 0.68823802 4278190334
-0.404627 -0.0816525 0.66459298 4284901016
0.34471801 0.14624099 0.66024601 4284572061
0.50172001 -0.180673 0.58595002 4290427460
0.46191001 -0.062070198 0.64615703 4288387939
0.161428 0.177839 0.65404701 4279177199
0.263684 -0.118588 0.67458302 4281940421
-0.245359 -0.070654698 0.68534398 4280295646
0.65751702 0.141893 0.43626201 4294967040
0.51743197 0.100428 0.60783201 4294177547
0.22765701 0.0700709 0.68458998 4281216720
-0.0110501 0.0230838 0.68969798 4278190334
0.26657099 -0.268246 0.60235101 4282137794
-0.051554099 -0.0826132 0.68257397 4278256125
0.46728101 -0.018490599 0.64823699 4290822206
0.46895099 -0.229672 0.577362 4290098505
0.55025899 -0.131492 0.573798 4293190682
0.34546399 0.117755 0.66939199 4284966807
0.216471 0.131336 0.67061597 4281085138
0.45864901 0.117099 0.63506699 4287006328
0.0143475 -0.097200103 0.67949402 4278190334
0.25675499 -0.14140201 0.66783899 4280887765
0.28298801 -0.288937 0.58481902 4282598331
0.409284 -0.015452 0.67039901 4286348418
0.0364624 0.25177199 0.61389601 4278256125
0.087167896 0.088661298 0.68188202 4278256125
0.52288401 0.185982 0.56907803 4291940653
0.049829401 -0.047329601 0.68799698 4278190334
0.57166499 0.0725668 0.57373899 4294901248
0.031307399 -0.098632902 0.67992598 4278453498
0.411098 0.34219 0.50096297 4284506270
-0.27401501 0.200647 0.64295202 4282203585
0.070249498 -0.245527 0.61797798 4278321916
-0.363141 0.048472501 0.67922002 4283124659
0.341867 0.32001501 0.55027199 4282993077
0.109519 0.070628397 0.68526602 4278519289
0.135325 0.109748 0.677194 4278519289
-0.29994899 -0.01451 0.68998998 4282400958
-0.206385 -0.13165499 0.670811 4279308781
0.29163599 -0.0194721 0.68993902 4280624601
0.64646798 0.126311 0.46591699 4294967040
-0.088785701 0.179452 0.65291202 4278256125
0.331689 0.25383201 0.60782599 4284374688
0.11937 0.038101699 0.688712 4278979826
0.24928799 0.17333201 0.65579802 4281348302
0.096694499 0.10098 0.679021 4278979826
0.232899 -0.28187799 0.59163201 4279966691
0.41457799 0.043680701 0.66657698 4284901016
0.110513 -0.362625 0.50711799 4278585080
-0.0079495898 -0.129048 0.672023 4278190334
0.43626401 0.096097603 0.65085 4286282627
-0.26635799 -0.123102 0.67370999 4280229855
0.41416699 -0.037757199 0.66755801 4287006328
0.450865 0.169567 0.62018299 4288716894
-0.090054102 -0.040937498 0.68834001 4278190334
-0.24819501 0.068195298 0.68510503 4280690392
-0.17929401 -0.30038199 0.57547998 4279045617
0.12713601 0.149947 0.664783 4278914035
-0.0120126 -0.130133 0.67110503 4278190334
-0.143902 0.072796598 0.684398 4279045617
0.45794499 0.14952201 0.62515098 4288519521
0.54453802 -0.027025901 0.60208601 4294967040
-0.19052599 -0.071080402 0.68521398 4279571945
0.130014 -0.205156 0.64099199 4278848244
0.0082806498 -0.0774002 0.68387997 4278190334
-0.19427601 0.205717 0.64047498 4280493019
0.066202298 -0.076176003 0.68383902 4278321916
-0.041085601 0.15137599 0.66472101 4278321916
0.28492999 0.233716 0.62543499 4281677257
-0.404502 0.152127 0.64462602 4286808955
0.41063899 0.33066201 0.51473498 4287203701
0.182456 0.34176099 0.53372002 4279374572
0.114371 -0.0151436 0.68994701 4278387707
-0.0155217 -0.205892 0.641092 4278190334
0.223865 -0.23752999 0.62233901 4281085138
-0.216722 0.227686 0.62915301 4279900900
-0.0746518 -0.106437 0.67784798 4278321916
0.30879501 -0.078262098 0.68212003 4281874630
-0.27248001 -0.333446 0.54245198 4282072003
-0.109552 0.0042273002 0.69053 4278387707
0.41604301 -0.34635901 0.49227199 4288453730
-0.345788 -0.050322302 0.68294102 4283190450
-0.14074001 -0.16367 0.65922701 4279308781
0.23024 -0.30686301 0.56929898 4281282511
0.134056 0.111804 0.67643601 4278650871
0.549712 -0.26334301 0.48397401 4293190682
0.176973 -0.19722401 0.64468598 4280032482
-0.164986 0.355349 0.51709598 4279045617
-0.28521499 0.214333 0.63588202 4280624601
-0.0390293 0.0056558498 0.69036198 4278190334
0.051747601 -0.358293 0.51228398 4278321916
0.327371 -0.225621 0.62713301 4282335167
0.180567 -0.248981 0.61526901 4280427228
-0.20748501 0.195879 0.646061 4280953556
0.198062 -0.147462 0.66521102 4280361437
0.229671 -0.16395099 0.65906298 4280164064
0.32129401 0.32119599 0.55230701 4282203585
0.430668 0.182502 0.62245101 4286216836
0.21936899 -0.25239599 0.61362201 4281019347
-0.229366 -0.048740599 0.68825501 4280953556
0.38330099 0.0774156 0.67049199 4285493135
-0.065669902 -0.29547501 0.579458 4278190334
0.017044401 -0.22178499 0.63215601 4278321916
0.046966199 -0.22821 0.62852198 4278453498
0.27489501 0.166638 0.65867698 4281414093
0.0220172 0.26256701 0.60567898 4278256125
0.080875203 0.0336692 0.68915403 4278321916
0.0611092 -0.15813699 0.66128999 4278716662
-0.202767 -0.248354 0.61623001 4280427228
0.308512 0.238052 0.62129402 4282861495
0.31518999 0.32012799 0.55502898 4284045733
0.125089 0.094063997 0.68102902 4278519289
0.446778 0.0320113 0.65636998 4287072119
0.103646 0.27611601 0.59573102 4278782453
0.059554201 -0.0304906 0.68936801 4278321916
0.383764 -0.0736738 0.67113501 4286480000
0.62851602 0.031318501 0.51997602 4294967040
0.362169 0.081466503 0.67483503 4283190450
0.51236701 0.0126604 0.62377203 4290295878
0.298383 -0.34223101 0.53125203 4282861495
0.35288799 -0.16723999 0.65130597 4283322032
0.57875597 -0.072543599 0.56680298 4294967040
0.405844 -0.048850302 0.66891402 4286348418
-0.295625 -0.199099 0.64415699 4281414093
0.15658 -0.13919 0.66802102 4278848244
-0.125605 -0.149332 0.66479301 4279242990
0.53769797 -0.112004 0.58990598 4292861727
-0.064255901 0.0054923999 0.69065899 4278190334
0.197322 0.41703501 0.40926 4279506154
-0.0058986298 0.0601454 0.68674499 4278190334
0.52410501 0.19705801 0.56151801 4292730145
0.130218 -0.12993801 0.67138302 4278585080
0.042171299 -0.231646 0.62605703 4278453498
0.25744501 0.12642699 0.67253 4280493019
0.114905 0.290694 0.58349401 4278321916
-0.043120399 -0.122661 0.67357701 4278190334
0.29841599 -0.307156 0.56898201 4281743048
0.61732799 -0.084733702 0.523067 4294967040
0.049777299 0.13254701 0.67075199 4278321916
0.152081 -0.17521399 0.65461999 4279571945
0.40775201 0.14160299 0.64748597 4287861611
0.20012499 0.152291 0.66348398 4279440363
-0.40624401 0.109604 0.65796101 4284703643
0.43268999 0.185853 0.61932498 4288322148
0.25134501 0.249212 0.61461997 4279900900
0.297194 0.142517 0.66730702 4281216720
-0.191331 -0.315202 0.56178999 4280361437
-0.042902701 -0.14535099 0.66645902 4278190334
-0.022898801 0.27509901 0.596618 4278256125
-0.28721401 0.30631101 0.56943399 4281348302
-0.25649601 -0.17383701 0.65505397 4281677257
0.056731001 -0.30261001 0.57390898 4278256125
0.199626 -0.070424497 0.68527198 4280493019
0.256024 -0.208185 0.63956302 4281216720
0.31630701 0.255346 0.60917902 4282269376
0.092364602 -0.057955101 0.68710202 4278387707
0.31786099 0.148562 0.66291797 4282664122
0.15046801 -0.161107 0.66105998 4279111408
0.225207 0.25628799 0.61013103 4279835109
0.36685801 0.0170912 0.68076497 4285953672
0.40663201 -0.368864 0.463447 4285164180
0.188995 0.054248299 0.68673402 4279111408
-0.073678203 -0.0192603 0.69042802 4278519289
0.0956975 0.133699 0.66969699 4279045617
0.24765299 0.055796299 0.68751103 4281348302
0.48508701 -0.27493399 0.53033602 4291874862
0.48269501 -0.112902 0.62508702 4289703759
-0.0097710602 -0.29575101 0.579337 4278190334
-0.130808 0.040229101 0.68842798 4278914035
0.158323 -0.111143 0.67686898 4279637736
0.59141201 0.210282 0.484878 4294967040
-0.115528 0.028061099 0.68949801 4278650871
-0.51411998 0.051291998 0.619573 4290032714
0.50741601 -0.0442531 0.62493801 4292664354
0.36447901 0.19123299 0.638098 4285493135
0.435377 0.231151 0.59247297 4286677373
0.0086905202 -0.037644599 0.688793 4278256125
0.42774299 -0.18391 0.62256902 4286611582
-0.0084408401 -0.29854101 0.57721901 4278190334
0.44009799 0.0178762 0.65963298 4287335283
0.45852801 -0.16205101 0.61976999 4288782685
0.41171199 -0.048735298 0.66754001 4288256357
-0.152283 0.0692681 0.68523502 4278848244
-0.119446 0.226248 0.62997103 4279242990
0.194619 0.076342799 0.683707 4279769318
-0.248586 -0.245969 0.61773503 4281085138
0.085149102 0.022874599 0.68981999 4278519289
0.226356 0.24164499 0.61981201 4280887765
0.51571703 -0.339957 0.41383499 4293914383
0.51450598 -0.16654401 0.58433598 4293782801
-0.000112566 -0.10777 0.67756897 4278190334
0.123667 -0.327198 0.54909998 4278519289
-0.25693899 -0.30491099 0.57141101 4280032482
0.112717 -0.162099 0.65987402 4278650871
0.389929 0.018312801 0.675376 4287137910
0.25811601 -0.21779101 0.63429397 4279966691
0.37063801 0.373959 0.47294301 4283848360
-0.036152299 -0.27103999 0.59987199 4278190334
0.57304102 0.28800201 0.42127401 4294967040
0.19199 -0.095062502 0.68004799 4280295646
0.20544501 0.169422 0.65786701 4280690392
0.071297303 0.0556757 0.68736202 4278453498
0.59894502 0.085385703 0.544442 4294967040
0.27508599 -0.24213199 0.61969602 4282203585
-0.00133108 0.0476516 0.688155 4278190334
-0.200179 -0.037186299 0.68936902 4279308781
-0.29297999 -0.097351298 0.67951798 4281479884
0.097134702 0.36854699 0.49859101 4278519289
-0.161723 0.275644 0.59659499 4278914035
-0.207724 0.30186701 0.57402301 4279374572
0.0494092 0.118008 0.67440301 4278256125
0.489557 -0.12527999 0.617217 4291216952
0.34487501 0.224057 0.62497902 4285032598
0.37972701 0.15054999 0.65249199 4285558926
0.62531501 -0.15818 0.478185 4294967040
0.0236324 -0.158205 0.661511 4278256125
0.65572101 -0.038719401 0.48219299 4294967040
0.25002301 -0.15883701 0.66192001 4280164064
0.097339101 0.240986 0.62038499 4278716662
0.44626299 0.241721 0.58000499 4286282627
0.599325 -0.0888469 0.54252601 4294967040
0.0611686 -0.402372 0.44244501 4278256125
0.46588799 0.207232 0.59214902 4288848476
0.34120101 0.35077199 0.51492298 4283124659
0.034940202 -0.15529799 0.66290998 4278190334
0.176952 0.0210901 0.690045 4279506154
-0.12751099 -0.069022499 0.68522102 4278716662
0.037084099 0.080196403 0.68294299 4278190334
0.52762598 -0.126573 0.591977 4293519637
0.0171126 0.166657 0.65829599 4278190334
0.036217 0.134279 0.670165 4278321916
-0.154213 0.33728299 0.53901798 4278848244
0.433734 -0.092351697 0.65203798 4288387939
-0.028980101 0.0049455399 0.68999302 4278190334
0.34728801 -0.317029 0.55188799 4284111524
0.57174402 0.034310602 0.57968199 4294967040
0.102417 0.25462899 0.61104202 4278650871
-0.0020554201 0.087434202 0.68236798 4278190334
-0.277105 0.37893599 0.483046 4280361437
-0.0436421 -0.27691001 0.595792 4278321916
0.54578 -0.0488308 0.59818399 4294506502
0.37602401 -0.015945099 0.679636 4286019463
0.148352 -0.262079 0.60619402 4279177199
0.500458 0.113309 0.61518401 4290756415
0.103891 0.409834 0.42641601 4278650871
0.050588399 -0.049377602 0.688151 4278190334
0.0254179 0.103727 0.67871499 4278190334
-0.092737898 -0.047535099 0.68772101 4278256125
0.60998601 0.13188501 0.51290601 4294967040
0.35875401 0.0639088 0.67864698 4285361553
0.134755 0.242128 0.61992699 4279045617
0.20938399 -0.157868 0.66230601 4280558810
0.078114003 0.147283 0.66545999 4278650871
0.31804499 -0.018782999 0.688317 4283716778
0.33033401 -0.148321 0.66253698 4282664122
0.43211201 -0.33441699 0.49877599 4287795820
0.66811699 -0.0079196002 0.46409801 4294967040
0.148166 -0.154699 0.663535 4278585080
0.242716 -0.196964 0.64550698 4279966691
0.116653 0.0065801502 0.69069201 4278782453
0.211262 -0.142193 0.66742301 4279703527
0.60266602 0.131724 0.52279902 4294967040
0.242856 -0.327005 0.55002099 4280887765
0.31938401 0.058931801 0.68514699 4282269376
0.078079499 0.091097802 0.68139201 4278321916
0.0108983 -0.039294999 0.68832898 4278190334
-0.336238 -0.155158 0.65862 4282269376
0.216599 0.16696 0.65813297 4280098273
0.104938 0.28124401 0.59183401 4278519289
0.211623 -0.034806799 0.68957901 4280493019
-0.27247399 0.29166901 0.58345598 4280756183
0.406616 -0.32841501 0.519454 4286874746
0.30702001 0.049587 0.686517 4282466749
0.125994 -0.065300003 0.68560201 4278716662
0.45686099 -0.222054 0.58787799 4289309013
0.51467103 -0.042873599 0.620085 4291611698
0.38181201 0.0156797 0.67806798 4283848360
0.0249249 0.339937 0.53552198 4278256125
0.29458401 0.00350609 0.68998599 4281085138
-0.40064201 0.052239001 0.670362 4284440479
-0.0064251502 0.066770896 0.68573499 4278190334
0.31023401 -0.318627 0.556059 4282861495
0.62964702 0.047986101 0.51629102 4294967040
-0.044042401 0.36364001 0.50594401 4278256125
0.26282299 -0.114905 0.67567599 4281808839
0.43465 -0.152668 0.63353801 4287072119
0.457598 -0.063214697 0.648525 4289506386
0.055202201 0.256598 0.61047298 4278190334
0.35475999 -0.324774 0.54276901 4284177315
0.070875697 -0.176063 0.65473998 4278321916
0.34190601 0.232136 0.620556 4285098389
0.066161104 -0.15613399 0.66256499 4278585080
0.43942299 -0.0317716 0.65943903 4287532656
0.118052 0.203779 0.64218003 4279111408
0.115909 0.196366 0.645845 4278585080
0.224647 0.40970099 0.42666301 4280953556
-0.254823 0.19819701 0.64440298 4280558810
0.027120201 -0.065605797 0.686185 4278190334
0.46242201 -0.126812 0.630835 4287993193
-0.249862 0.025129801 0.69004297 4280098273
0.30004799 0.084150203 0.68157399 4281611466
-0.37410399 0.33635101 0.52338898 4283190450
0.50707299 0.13119 0.60527301 4293453846
0.28517899 -0.0152999 0.68996 4282137794
0.40691999 0.14146 0.64797401 4284769434
0.41689801 -0.0029621599 0.66825902 4286151045
-0.253481 -0.27712601 0.59504497 4279900900
0.129264 -0.0228911 0.69009501 4278585080
0.0810996 0.156638 0.66251701 4278453498
0.16609301 -0.043949999 0.68808001 4279308781
0.070987701 0.118415 0.67441201 4278321916
0.436786 -0.109046 0.64700103 4288453730
0.222031 0.028550301 0.68981999 4280295646
0.56670702 -0.24203099 0.486417 4294967040
-0.34022799 -0.14911801 0.66036898 4284637852
0.52721101 -0.057450101 0.61011398 4292072235
0.44969499 -0.059152398 0.65240902 4288124775
0.29572999 0.18249699 0.65154099 4281743048
-0.104567 -0.035974398 0.68921 4278914035
0.30235499 -0.0131154 0.68926001 4281282511
0.36764601 0.317689 0.54676801 4285295762
0.168973 0.11781 0.67503798 4279308781
-0.161373 0.0605346 0.68647802 4278979826
0.0584112 0.097537003 0.68022501 4278256125
0.247049 0.409556 0.42684501 4281874630
0.333505 -0.213075 0.63243699 4284703643
0.016665 -0.046391498 0.688402 4278190334
0.082129396 -0.092559397 0.68101102 4278190334
-0.21748801 -0.152447 0.66351002 4281085138
0.13892201 -0.051515002 0.68720597 4278585080
-0.29276201 -0.21738601 0.634628 4281282511
0.66309297 0.012975 0.47325301 4294967040
0.131192 -0.32318601 0.553801 4278782453
0.32834801 0.041825902 0.68586802 4283322032
-0.49596 0.029384101 0.63235599 4288848476
0.153191 0.032020099 0.68984598 4278716662
0.0275256 -0.041272499 0.68905199 4278387707
-0.271575 -0.31002599 0.56631601 4280295646
-0.185334 0.220054 0.63359499 4279177199
0.55078799 0.0275506 0.59715903 4294243338
0.324606 -0.22849201 0.62559098 4283322032
-0.164253 0.081055902 0.68319499 4279703527
-0.412985 -0.106162 0.65578699 4285295762
-0.123683 0.22415499 0.630252 4278519289
0.401591 -0.147614 0.64709902 4286545791
-0.31139001 -0.0381536 0.68803 4282861495
0.124808 0.033085201 0.68897802 4278453498
0.449256 -0.111078 0.64173597 4286808955
0.53938597 -0.34447399 0.36354101 4293848592
0.480575 -0.372118 0.39158201 4290427460
0.120533 -0.214599 0.635638 4278979826
-0.302421 -0.096027203 0.67960602 4282400958
0.58711398 0.109904 0.54857898 4294967040
-0.19568899 -0.37154299 0.49509799 4280493019
-0.203072 0.00218074 0.69082397 4280295646
-0.18220399 -0.21470299 0.63630301 4279111408
0.57425898 -0.158968 0.53941101 4293717010
0.62555498 -0.132186 0.493274 4294967040
-0.37359199 0.20025501 0.63171899 4284637852
0.49952599 -0.19435599 0.57986599 4293190682
0.23089799 -0.18077099 0.65231299 4280229855
0.154456 0.43109 0.36858201 4279571945
0.36690101 -0.054597899 0.67841899 4284572061
0.247364 0.028577499 0.68997997 4280953556
0.37424001 -0.35661399 0.49662501 4284177315
-0.067064598 0.28176701 0.59140801 4278256125
0.0209869 0.044752799 0.68825501 4278190334
0.57670802 -0.048704799 0.573623 4294901248
0.55623901 0.023045801 0.592749 4294177547
0.47800699 -0.055116098 0.63993597 4288058984
-0.144142 -0.365843 0.50326002 4279571945
0.194002 -0.205662 0.64063299 4279703527
-0.101253 -0.111411 0.67686301 4278716662
0.37106001 0.36473 0.48677099 4286282627
0.15217701 0.0262473 0.68926698 4278782453
0.43640801 -0.188857 0.61623102 4287795820
0.519705 0.00040955501 0.62016797 4290756415
0.45536399 0.25365001 0.56687403 4288519521
0.42109999 0.231039 0.59890002 4286545791
0.439675 -0.0051453798 0.66025901 4289243222
0.54778701 0.212477 0.53123701 4294703875
0.57869703 -0.031371601 0.57288599 4294967040
0.42010099 -0.136126 0.64470798 4285887881
-0.075582303 -0.069001101 0.68541402 4278782453
0.378631 0.34577599 0.509758 4284835225
0.64929003 0.082158603 0.48089501 4294967040
0.034047101 -0.049691699 0.68816298 4278453498
0.22649699 0.074301399 0.68479002 4281348302
0.365767 0.34026501 0.52128601 4285887881
-0.369665 0.0868406 0.67204702 4283256241
0.31782699 -0.101091 0.67728698 4283716778
0.38463399 -0.099609002 0.66567802 4283650987
-0.0235589 -0.225005 0.629821 4278190334
0.61611003 0.091743797 0.52257001 4294967040
0.25863901 0.126766 0.67269403 4281150929
0.40096 0.037491299 0.67171699 4285164180
-0.0256045 0.061140899 0.686207 4278190334
-0.118802 0.0520247 0.68742102 4278453498
0.298199 -0.116282 0.67498398 4281479884
0.48046201 -0.0129169 0.642443 4291151161
-0.220704 -0.110911 0.676139 4279769318
0.0220972 -0.076840699 0.68410099 4278190334
0.54120201 0.094144098 0.59270298 4293980174
0.072448298 -0.18047599 0.652834 4278321916
0.115139 -0.29458001 0.58030999 4278585080
0.487142 -0.075956203 0.63128799 4290427460
0.36650601 0.216451 0.62468702 4284177315
-0.072859101 -0.051472899 0.68780398 4278650871
0.25731501 -0.138586 0.66904497 4280558810
0.043568101 -0.082891703 0.683281 4278190334
0.55955398 0.0048708599 0.59069097 4294967040
-0.153312 -0.088916302 0.68150502 4278848244
0.064933598 0.101838 0.67893499 4278387707
0.034405898 -0.107002 0.67766201 4278321916
0.235295 0.41071299 0.424034 4280164064
0.53896898 0.094901599 0.59453899 4293059100
0.184242 -0.056904498 0.68656802 4280164064
-0.049339902 0.0227057 0.689906 4278321916
0.044672199 -0.079815298 0.683761 4278190334
0.15525299 -0.28333601 0.58957499 4279045617
0.0688214 -0.111569 0.676507 4278519289
0.44406301 0.043506 0.65662402 4288387939
0.30788699 -0.29813701 0.57659101 4282400958
-0.168108 0.056962699 0.687186 4279900900
0.439273 0.24123199 0.58430302 4289177431
0.423866 -0.32045299 0.520863 4287532656
0.54953301 -0.22351199 0.52033502 4292795936
0.29502499 -0.0317198 0.68943697 4280887765
0.208795 0.045029201 0.68789297 4279769318
-0.247078 0.10742 0.67729002 4280098273
0.31096601 -0.228366 0.62642097 4282795704
-0.213219 -0.080731802 0.68322098 4279703527
0.601143 -0.19598 0.484842 4294967040
-0.0100764 0.323176 0.55328298 4278190334
0.049404301 -0.191422 0.64792401 4278321916
0.41374201 -0.0136149 0.66893703 4287861611
0.310247 0.36939901 0.49589401 4282795704
-0.325497 0.107095 0.67509699 4281874630
-0.0450508 0.13328999 0.66982198 4278190334
0.031554502 -0.12795299 0.67164302 4278321916
0.0759646 0.0123788 0.68990499 4278256125
0.36956 -0.074682496 0.67428201 4285427344
0.452243 0.27531201 0.55009502 4290427460
0.55800301 0.201208 0.52972901 4294901248
0.296552 0.19194099 0.64685601 4282927286
0.321769 -0.20916601 0.63595998 4281545675
0.19731601 -0.347085 0.52746499 4280558810
0.424041 -0.0208661 0.66533703 4286414209
-0.311205 -0.257101 0.60798699 4282993077
0.12355 0.0148519 0.69052303 4279045617
-0.175565 -0.206974 0.63989902 4278914035
-0.111147 -0.019486301 0.69047397 4278519289
0.345137 0.13073 0.66534799 4285098389
0.57762599 0.0134168 0.57541901 4294769666
0.50643301 -0.19541401 0.57450098 4291874862
-0.167022 -0.28077999 0.59279299 4278914035
0.112085 0.10118 0.67903501 4278716662
0.15703 0.21619999 0.63563198 4279769318
0.61421603 0.180518 0.47907901 4294967040
0.58828503 -0.0409589 0.56404501 4294967040
0.036945902 0.0557702 0.68734002 4278190334
0.066385001 0.056430101 0.68723702 4278190334
0.48892799 0.095952503 0.62641102 4291348534
-0.26995799 -0.058884501 0.68675297 4280624601
-0.17084099 -0.0059224698 0.69085801 4279111408
0.50901598 0.098850399 0.61375701 4291085370
-0.036589298 0.20177799 0.642277 4278453498
0.20094199 -0.25562501 0.61098403 4279966691
0.35081899 0.169054 0.65147001 4284637852
0.279239 0.209593 0.63859999 4280953556
0.59394801 -0.010512 0.55970001 4294967040
0.33096901 0.17031001 0.65321702 4284572061
-0.16937201 0.110868 0.67703301 4279308781
0.318618 -0.34711501 0.52355999 4283716778
0.195014 -0.174283 0.65520602 4279440363
0.33906901 0.069343001 0.68128699 4282269376
0.444249 -0.19206201 0.612266 4288848476
0.210985 -0.344432 0.53041202 4280164064
0.239291 0.33934399 0.53548503 4281677257
0.45502701 -0.072281301 0.64778501 4287861611
0.373355 0.279816 0.57923299 4285032598
0.298235 0.139534 0.66781402 4280887765
0.47727501 -0.33742499 0.46100801 4291151161
-0.25025401 -0.29218501 0.58272702 4280558810
0.511657 -0.262501 0.52187401 4292138026
0.19199499 -0.157492 0.66163498 4280164064
0.41709 0.039855 0.66638398 4285361553
0.245875 -0.027538201 0.68943697 4280295646
-0.00137159 0.125733 0.67246097 4278256125
0.55851901 0.021870701 0.59171498 4294967040
0.28793499 0.26413801 0.60483998 4281414093
0.61887699 -0.0089991102 0.53305697 4294967040
0.39157 -0.1283 0.65622002 4285822090
0.109382 0.28211901 0.59135902 4278519289
0.50439203 0.19801299 0.575037 4290690624
0.42664599 -0.053837799 0.66166198 4288585312
-0.069898002 0.155277 0.66273898 4278256125
0.152044 0.209718 0.63884598 4279506154
0.36757699 0.108556 0.668302 4284637852
-0.404598 0.14231899 0.64826602 4284572061
0.30331099 -0.28594601 0.58727002 4281874630
0.296821 0.244599 0.61779898 4281545675
0.183898 0.102636 0.67818999 4278979826
0.149105 -0.139386 0.66857302 4278716662
0.31364101 -0.31525999 0.55994302 4282006212
-0.103383 -0.0071757399 0.69048601 4278716662
0.33241001 -0.0326254 0.68555802 4284111524
0.44741601 -0.172097 0.62048799 4286940537
0.250815 -0.16447 0.65990198 4280098273
0.59378999 0.165958 0.51492202 4294967040
0.228202 0.23228 0.62566298 4280361437
0.50750798 0.29842299 0.48704201 4292861727
0.27516899 -0.182641 0.65219998 4281611466
0.0130069 0.28856301 0.58525503 4278256125
0.25682601 0.19468699 0.64647102 4280229855
0.119577 0.108576 0.677472 4278453498
0.102764 -0.13322499 0.670017 4278585080
-0.14858399 -0.25462201 0.61097801 4279374572
0.078992903 -0.018986201 0.68988401 4278650871
0.233256 -0.065259002 0.68623197 4279900900
0.45819199 -0.077915899 0.64508098 4289572177
0.395565 0.033553202 0.67358601 4285427344
-0.058968499 0.033225302 0.68934202 4278585080
0.287453 -0.264588 0.60497499 4282335167
0.070997 -0.22031499 0.63325799 4278585080
0.19395 -0.183504 0.651721 4279308781
0.0984357 0.098125003 0.679398 4278321916
0.48067701 -0.257532 0.548558 4289177431
0.50413102 -0.17639101 0.58684498 4293519637
-0.039733302 -0.207211 0.64035398 4278190334
0.35041699 0.068469003 0.67933702 4284243106
0.0033507999 0.030096101 0.68950999 4278190334
-0.27912301 -0.387164 0.469506 4280756183
0.25080901 -0.0130354 0.69069397 4281611466
0.45971599 0.067598797 0.646272 4290032714
0.0059681302 0.112897 0.67586702 4278256125
0.192403 0.028021101 0.68980801 4279966691
0.25378299 -0.0036114999 0.69038898 4281150929
0.612625 -0.068823703 0.53323001 4294967040
0.55890298 -0.015848 0.59110999 4293914383
0.42273399 -0.20773301 0.61250502 4288124775
0.092500202 -0.198654 0.64443898 4278321916
0.378409 -0.238243 0.608356 4286545791
0.202859 0.15270001 0.66354001 4279440363
-0.11738 0.049048301 0.68810898 4278782453
0.134984 -0.155885 0.66280299 4278782453
-0.39616299 -0.196035 0.62778002 4287466865
-0.30142301 0.162394 0.65904701 4281216720
0.56263101 0.18675099 0.53401798 4294835457
0.41094801 -0.110773 0.65630001 4286743164
0.40611601 -0.096595399 0.660999 4285624717
-0.212148 0.135276 0.66919303 4280953556
0.145849 0.225329 0.62995303 4279111408
0.10614 -0.0272361 0.68932903 4278321916
0.053026602 0.271247 0.60004902 4278256125
0.415519 -0.075618804 0.66203898 4288322148
0.35468599 0.167524 0.65147901 4283124659
0.16266599 0.0282858 0.68997198 4278848244
-0.168079 -0.042933401 0.688429 4279177199
-0.108939 -0.12942 0.67199099 4278848244
-0.096855998 -0.184232 0.65129799 4278914035
0.32674199 0.15364701 0.66027498 4284177315
0.44175899 -0.034270599 0.65759701 4288914267
-0.43571499 0.067760698 0.65655398 4286216836
0.28533399 -0.31421801 0.56287497 4282006212
0.41766801 -0.0787431 0.66126001 4285361553
0.24891099 -0.123695 0.67275202 4280756183
-0.126471 -0.045372602 0.687837 4278848244
0.31148201 0.180227 0.65115303 4282993077
-0.341683 0.037132401 0.68454301 4282466749
-0.27006301 -0.100844 0.67927998 4280887765
-0.15110999 0.094576903 0.68005002 4278585080
-0.10596 -0.023859501 0.69013798 4278321916
0.487041 0.124886 0.61877799 4292335399
0.111763 0.16534901 0.65955502 4278716662
0.265452 -0.042514902 0.68837202 4281874630
0.030783899 0.26237601 0.60589701 4278190334
0.33250001 0.14784899 0.66142499 4282269376
0.0953409 0.110586 0.67661703 4278979826
0.00098437804 -0.21948799 0.63325799 4278190334
0.48210099 -0.087676696 0.63108099 4290295878
0.317599 0.183888 0.64872402 4282203585
-0.26021001 -0.24956501 0.61521 4281085138
0.299698 0.328199 0.54732502 4282598331
0.278146 -0.26552501 0.604132 4280887765
0.42715001 0.12361 0.64643699 4288651103
0.240569 -0.14069401 0.66759998 4281743048
-0.019143799 -0.150056 0.664805 4278190334
0.27165601 -0.27390701 0.59754801 4280756183
0.51726502 0.159245 0.58704197 4290493251
0.048892502 -0.19099 0.64776599 4278256125
0.0324593 -0.350357 0.52306098 4278453498
0.044121899 -0.00346655 0.69071901 4278256125
-0.237866 0.048932198 0.68832397 4281414093
-0.0339032 -0.063673601 0.68552798 4278387707
0.244022 0.086689197 0.68165898 4280821974
-0.218284 0.143397 0.66708302 4279440363
-0.121378 0.042991102 0.68884498 4278453498
0.158751 -0.163165 0.66024703 4279111408
0.53693402 0.082603402 0.598975 4291545907
0.27878901 -0.035021398 0.688811 4281150929
-0.067339398 0.17692401 0.654612 4278321916
0.40624201 0.147269 0.64588398 4286545791
0.52696902 -0.083798498 0.60574102 4293124891
-0.030831801 0.154401 0.66280401 4278190334
0.062560499 -0.303451 0.57346302 4278650871
0.54361302 -0.119849 0.582443 4293256473
0.47377101 -0.082226999 0.63686401 4290756415
0.43323001 -0.018828001 0.66182101 4288980058
0.51479501 0.32404399 0.442561 4291677489
0.44979 0.228074 0.58798301 4287401074
-0.43176901 0.127766 0.64371699 4289177431
0.138399 0.11532 0.67513299 4279242990
0.27987099 -0.0246624 0.68980902 4280624601
-0.239033 -0.073123403 0.68474102 4280361437
-0.0112351 0.040771801 0.68832397 4278190334
0.341903 -0.172039 0.65167201 4282269376
0.017155301 -0.38653001 0.470339 4278190334
0.34627801 0.29786199 0.57084799 4282993077
0.26273501 0.111524 0.67692602 4280690392
0.44114 -0.294828 0.53878403 4286940537
0.0141375 0.110523 0.67642599 4278190334
0.16031501 -0.00659425 0.69047898 4279242990
-0.33982399 -0.32605699 0.544213 4282072003
0.19962899 -0.24791899 0.61559099 4280164064
-0.228669 -0.076378003 0.68404901 4279966691
0.25531399 0.0247277 0.68940502 4280887765
-0.054888699 -0.195089 0.64596897 4278453498
0.41328001 -0.139033 0.646285 4287598447
0.108264 -0.25608999 0.61034101 4278782453
0.045175999 0.18261801 0.65184301 4278190334
-0.00417116 0.340363 0.53412098 4278190334
0.222417 -0.169562 0.65702099 4279769318
0.56524599 0.122845 0.56385899 4294967040
0.34006101 -0.31760901 0.55291802 4285032598
0.276952 0.128308 0.671646 4280953556
0.28504199 0.069435596 0.68498403 4282861495
0.257451 0.139329 0.66880298 4281019347
0.124644 -0.0067752502 0.69082898 4279177199
-0.0085223904 -0.15237901 0.66341299 4278190334
0.31969401 -0.0231975 0.688335 4281677257
0.444242 0.0131804 0.65821499 4288585312
0.61657202 0.025120599 0.53522801 4294967040
-0.23222201 0.0247306 0.69020998 4281150929
0.103072 0.042153999 0.68873799 4279111408
0.46087301 -0.0081951302 0.65103602 4288585312
0.30944601 -0.0051543601 0.68948197 4283650987
0.26200899 0.23056801 0.62720901 4280098273
0.40070799 0.289823 0.56145298 4285427344
0.395825 0.114893 0.658948 4286874746
-0.00272422 0.077121101 0.68334103 4278256125
0.330717 0.30304199 0.56868702 4282993077
0.041363701 0.37141299 0.49542999 4278190334
0.022268901 -0.195271 0.64630699 4278190334
-0.25502199 -0.042197101 0.68870097 4281282511
0.56358701 0.14649101 0.555035 4294967040
0.47311401 0.245166 0.56328398 4291611698
0.62938201 0.25651699 0.355854 4294967040
0.135565 -0.058651701 0.687141 4278914035
0.180831 0.40419501 0.438243 4280229855
0.141177 -0.43493801 0.357342 4278848244
0.26104599 -0.218849 0.63414598 4280032482
0.289612 -0.185681 0.65030599 4280756183
0.38542601 0.0086803799 0.67705297 4285822090
0.14631601 0.171518 0.65705103 4278848244
0.631194 -0.031713299 0.51660597 4294967040
-0.38062099 0.041902699 0.67646003 4284901016
-0.033469401 0.223085 0.63137501 4278190334
-0.269927 0.217218 0.63505298 4280427228
0.15000799 0.149372 0.66536999 4278848244
0.214231 0.0298838 0.689502 4280690392
0.052923299 -0.0096857697 0.69063199 4278190334
0.36573401 0.083453998 0.67421901 4284045733
0.437094 0.304984 0.52993 4288453730
0.50665998 -0.0089080296 0.62776399 4292203817
0.46269 -0.094838597 0.63934898 4288980058
0.225173 -0.131845 0.67075002 4280295646
0.0150299 -0.100339 0.67867601 4278190334
0.54243797 0.0325449 0.60260201 4294309129
-0.31700701 -0.354478 0.51460201 4282729913
0.377821 -0.237038 0.60992998 4285756299
0.45086101 0.055079099 0.65216798 4288782685
0.28165501 -0.32397899 0.55302602 4282795704
0.26975599 -0.18569601 0.65091002 4281019347
0.165693 0.24451099 0.61833698 4279571945
0.49393401 0.030532699 0.63427597 4290953788
-0.040489201 0.00643832 0.69057101 4278321916
0.31227401 0.199157 0.64301598 4283848360
-0.35581601 0.227832 0.62116802 4284835225
0.020953299 -0.049049601 0.68757898 4278190334
0.051562302 -0.082839102 0.68237001 4278256125
0.044002499 -0.00537046 0.69010901 4278256125
0.31420201 0.176825 0.65296102 4282203585
0.48469999 -0.27714401 0.52819401 4290887997
-0.31050801 -0.11851 0.67307299 4282532540
0.35034701 0.111382 0.67065001 4284243106
0.36175799 0.0351981 0.68118602 4284835225
0.0277093 0.28317499 0.59047198 4278190334
0.101409 -0.221545 0.63243401 4278914035
0.24959099 -0.123665 0.67300099 4281611466
0.47561401 -0.134371 0.62159902 4290822206
0.37080199 0.42069301 0.36934501 4284177315
0.38609499 0.221 0.616606 4283848360
0.29243001 -0.295596 0.57989597 4283058868
0.034037098 -0.22651 0.62935102 4278190334
0.430502 -0.085693203 0.654432 4286085254
0.0364714 -0.117437 0.674981 4278256125
-0.099388801 -0.055770401 0.68688399 4278387707
0.53715599 -0.062783599 0.602898 4294967040
0.196367 0.39694199 0.45307401 4280361437
0.35681301 0.17772 0.64607799 4284703643
-0.047417801 0.26216599 0.60666198 4278190334
-0.31652799 -0.159063 0.65932602 4281743048
0.144445 -0.118135 0.67456198 4279769318
0.11702 -0.059641801 0.68629497 4278585080
0.0130834 0.17385501 0.65531802 4278190334
0.115321 -0.113452 0.67624998 4278716662
-0.23545501 -0.194758 0.64608198 4281216720
0.46283901 0.190377 0.60366201 4289177431
0.117639 -0.31235299 0.56431401 4278585080
0.229592 -0.12249 0.67343199 4279571945
0.25519001 -0.388962 0.46699399 4281479884
0.62676901 0.13603701 0.48993999 4294967040
0.39084899 0.068842798 0.67070401 4286348418
0.158866 0.155085 0.66326803 4279111408
-0.234503 -0.12915701 0.67150098 4280295646
0.044007 -0.104655 0.678455 4278387707
0.30303001 0.263017 0.60413098 4282993077
0.12668601 0.148853 0.66566402 4278782453
0.444877 0.22105899 0.59539098 4287006328
0.27757499 0.065935999 0.68517798 4280493019
0.186314 0.33256099 0.54427397 4279966691
0.13995799 -0.361186 0.509489 4278585080
0.190451 0.116539 0.67466801 4279966691
0.41929799 0.114687 0.65217298 4285098389
0.041117001 -0.108209 0.67753398 4278387707
0.37450901 -0.222349 0.61924797 4285756299
0.49510401 -0.20472001 0.57661498 4290295878
0.140588 0.123685 0.67314702 4279045617
0.12882 -0.00020879001 0.69071001 4278519289
-0.047615699 -0.089533597 0.68138802 4278190334
-0.00993877 0.0402762 0.68883699 4278190334
0.1538 -0.31761101 0.55936801 4279703527
0.33446899 -0.067749798 0.681656 4282795704
0.37855801 0.186765 0.63762403 4284374688
-0.30004099 0.0505604 0.68753898 4282006212
-0.073991597 0.036699001 0.68869603 4278519289
-0.12798899 -0.20973399 0.63883603 4278782453
0.180641 -0.109383 0.67665201 4278848244
0.17885301 -0.395794 0.45423099 4279900900
-0.017843099 0.382754 0.477631 4278190334
0.0430847 0.16641501 0.65874797 4278190334
0.46954101 -0.00075303402 0.64736199 4289835341
0.187683 -0.103848 0.67843199 4279308781
0.51353401 -0.230313 0.54659498 4293651219
0.41791701 0.096374802 0.65665299 4287269492
0.43055901 0.023924001 0.66343403 4288322148
0.188657 0.032438699 0.68912297 4279637736
0.44762701 -0.123533 0.63856 4286940537
-0.376432 -0.094635598 0.669043 4284572061
0.370893 0.089093998 0.67119998 4284111524
-0.43804801 0.079988703 0.65324599 4286151045
0.0089164199 0.031510901 0.68908697 4278190334
0.65438998 0.057299599 0.47942901 4294967040
0.30249 0.245602 0.61659598 4281611466
0.408225 -0.0614831 0.66710597 4286348418
0.18684299 -0.136059 0.66996002 4280427228
0.29534799 0.175513 0.65422797 4281216720
0.35947901 -0.103643 0.67062002 4285558926
0.178635 0.243269 0.61914998 4280229855
-0.117236 -0.102387 0.67888099 4279111408
0.196909 -0.41911301 0.40422601 4279374572
0.20550001 -0.151418 0.66468298 4279835109
0.026467901 0.313299 0.56397498 4278190334
-0.12793399 0.335976 0.53977698 4279374572
-0.047982 -0.165033 0.65904897 4278190334
-0.108521 0.17391001 0.65590101 4278321916
0.067445397 0.235577 0.62351501 4278321916
0.195502 -0.162378 0.66043401 4279900900
-0.071653202 0.155378 0.66269797 4278190334
-0.239226 0.26606199 0.60362202 4281479884
0.153652 0.074501999 0.68467098 4279440363
0.192601 0.29818001 0.57746702 4280427228
0.27919301 0.408297 0.42954701 4281019347
0.54737699 -0.123586 0.57815498 4294506502
0.43691799 -0.32789701 0.50455099 4287993193
0.37184101 -0.20437901 0.629641 4284637852
-0.30261701 -0.146716 0.66553599 4282203585
0.53997898 -0.048110399 0.60345 4292138026
0.41867 -0.13878401 0.64476198 4285756299
-0.34761101 0.14068399 0.66249698 4282664122
-0.183792 -0.158232 0.66158003 4279308781
0.65844202 -0.017778801 0.480012 4294967040
0.36717799 0.114308 0.66609502 4285953672
0.37050399 -0.13693599 0.659275 4284572061
-0.26153299 0.16376799 0.65918899 4280624601
0.23474801 -0.34512001 0.52946103 4280887765
0.213626 -0.129605 0.67179501 4279966691
0.049839001 -0.11667 0.675134 4278585080
-0.070719302 0.032825299 0.689237 4278387707
0.24989299 0.073824897 0.68463802 4280295646
0.15921099 -0.114507 0.67547899 4279769318
-0.191175 -0.125802 0.67300397 4280229855
0.18919399 -0.26969701 0.60061502 4279703527
0.37684 -0.0647773 0.67451298 4283716778
-0.34565601 0.119881 0.669213 4282664122
0.400224 -0.209215 0.61991602 4284703643
0.45057601 0.10181 0.643722 4290164296
-0.151962 0.117008 0.67518997 4279111408
0.202517 0.106213 0.67750001 4279111408
0.395735 0.141977 0.65126097 4284572061
0.16197699 -0.12652101 0.67214203 4279703527
-0.0602374 0.0776252 0.68358201 4278321916
0.409839 -0.113545 0.65499598 4287006328
0.15866201 -0.091167599 0.68145698 4279308781
0.62435299 0.104281 0.508196 4294967040
0.14598 -0.24040399 0.62087399 4279308781
0.127122 -0.223524 0.63060999 4278979826
-0.0504953 0.36688501 0.50133699 4278190334
0.40702301 -0.087045103 0.66237003 4286611582
0.422557 0.071198501 0.66022098 4287203701
0.46550399 -0.121755 0.63106 4289966923
0.50940698 -0.115328 0.60870397 4290756415
0.22553299 -0.18744101 0.64970797 4280098273
0.0613603 -0.139231 0.668495 4278321916
0.449808 0.058447398 0.652363 4290098505
0.46260101 -0.154199 0.62021703 4291019579
0.0165968 -0.233592 0.62479198 4278190334
0.46602499 0.068541303 0.64373398 4290690624
0.63821298 0.129519 0.475927 4294967040
-0.114608 0.113472 0.675511 4278519289
0.40296799 0.026445299 0.67219198 4287269492
0.39351699 -0.16508999 0.64316499 4286940537
0.19815999 0.149497 0.66472799 4279111408
0.526308 -0.318607 0.43898299 4292335399
0.47384599 0.045655198 0.64233297 4288914267
0.495929 0.30375499 0.49062499 4288585312
-0.23443399 -0.168724 0.657197 4280098273
0.24908 -0.206697 0.639669 4279900900
0.443385 0.068671897 0.65263897 4289506386
-0.24009 -0.170075 0.65673298 4279900900
-0.413185 -0.0790096 0.66194898 4286216836
0.042119801 -0.131914 0.670412 4278190334
0.31046101 -0.26495701 0.60234898 4283256241
0.509372 -0.29492801 0.48951101 4289506386
-0.142059 -0.14259499 0.66693598 4278979826
0.20857599 0.317844 0.55975002 4279900900
0.15842099 0.279228 0.59315997 4279308781
-0.278148 -0.254657 0.61145598 4280558810
0.39781201 0.267818 0.58144999 4284177315
-0.208211 -0.21838699 0.63399398 4279308781
-0.19621401 0.064583197 0.68591702 4279111408
0.395854 -0.18173601 0.63529402 4286677373
-0.082124203 -0.13778 0.66877502 4278321916
0.31733799 0.062229302 0.68483502 4281743048
0.0772985 -0.087076202 0.68189502 4278585080
0.0110236 -0.060105901 0.68675703 4278190334
0.28162199 0.18727501 0.64973998 4282532540
0.51989901 -0.052653 0.61634898 4291809071
0.51712197 0.094361097 0.60949802 4290690624
0.36520499 -0.0092434902 0.68202001 4285953672
-0.29906201 -0.28571901 0.58732098 4280887765
-0.14777 -0.133329 0.67051297 4278585080
0.64420998 0.088245198 0.48642099 4294967040
0.31132999 0.39335999 0.457192 4282598331
-0.13548 -0.153345 0.66366798 4279308781
0.059785198 0.228101 0.62873101 4278453498
0.157526 -0.213478 0.636621 4279045617
0.00566555 0.31155601 0.56487399 4278190334
0.028625401 0.127413 0.67158598 4278190334
-0.34096101 0.067162402 0.68116099 4283322032
0.19026799 0.187544 0.64952701 4279045617
-0.25412399 -0.161401 0.66061401 4281808839
0.20126601 0.18646801 0.64990902 4280558810
0.50836003 -0.0581888 0.62202501 4291480116
0.28176901 -0.184848 0.650226 4282598331
0.42014199 0.112297 0.65254301 4286677373
-0.35584599 0.125771 0.66536599 4283650987
-0.10289 -0.0048294198 0.69084799 4278519289
0.218925 0.136843 0.66937298 4279835109
0.56498599 0.111103 0.56787199 4294769666
-0.15755101 0.0080345599 0.69006097 4279900900
0.0211116 -0.31081599 0.56531203 4278190334
-0.054483801 -0.0198605 0.69005603 4278256125
-0.070301503 0.150599 0.66444498 4278716662
0.111938 0.117418 0.67491299 4278321916
0.52295703 0.268085 0.50641102 4290493251
0.21627501 -0.17215399 0.65678799 4280295646
0.34181699 -0.220525 0.62699598 4284572061
0.29253399 0.39581501 0.45338699 4281414093
0.471311 -0.0447492 0.64441502 4288387939
-0.14688499 0.15500601 0.66328299 4278585080
0.069839798 -0.240584 0.620947 4278321916
-0.15258101 -0.117437 0.67533398 4278585080
-0.064475901 -0.213943 0.63691801 4278453498
0.39963701 0.0143116 0.67338598 4285164180
0.280251 -0.091750599 0.680987 4282664122
0.42892 0.207928 0.61027497 4286940537
-0.0846816 -0.16274901 0.660155 4278519289
-0.17299899 0.070687003 0.68444198 4279769318
0.33401 0.183892 0.64729601 4284572061
0.24923 0.148039 0.66531599 4281019347
-0.156766 0.149488 0.66483599 4279045617
0.50083202 0.31538001 0.471039 4289966923
0.52182299 0.139823 0.59159303 4290559042
0.047853 0.0846292 0.68279201 4278387707
0.15494201 -0.35499299 0.51628202 4279769318
0.33408099 -0.138321 0.664599 4282269376
0.36761501 0.152612 0.65433598 4283058868
0.274275 -0.178367 0.65392399 4281677257
0.254421 -0.069072098 0.68503201 4280361437
0.32660201 0.095017999 0.67745101 4283190450
0.26921099 0.245306 0.61719 4280098273
0.249827 0.145788 0.66660398 4280624601
0.230372 0.209289 0.63933998 4279835109
0.076923102 0.053294599 0.68703699 4278453498
0.105692 0.0426546 0.68823302 4278650871
0.13070001 -0.0775038 0.68343699 4279045617
0.200039 -0.018281801 0.69005901 4280756183
0.45639101 -0.051745899 0.649746 4288322148
0.54751599 -0.081581198 0.59169799 4292532772
-0.311728 0.0901208 0.67996699 4281414093
-0.39341199 -0.037414599 0.67378002 4285558926
0.63292402 -0.194471 0.436878 4294967040
0.29076901 0.0777945 0.68325102 4282400958
0.457481 -0.0187697 0.652201 4286743164
0.22382499 -0.121165 0.67408001 4280558810
0.0625901 -0.18663999 0.64977801 4278650871
0.442348 0.138886 0.63546401 4287006328
0.33537799 -0.068054497 0.681252 4282664122
0.17097101 -0.0134191 0.690579 4279177199
-0.049112398 0.0053272801 0.69029999 4278256125
0.60971898 0.15021101 0.504888 4294967040
0.35008001 -0.104527 0.67233902 4282664122
-0.39187801 -0.073389098 0.66940099 4286151045
0.43262899 -0.141239 0.63872498 4286677373
0.35585299 0.089920498 0.67393601 4283322032
-0.201456 -0.098589897 0.67919898 4279571945
-0.21177299 -0.038658701 0.68908 4280295646
0.43176201 0.17726199 0.62486202 4286743164
0.122505 0.290077 0.58470398 4278650871
0.41798899 -0.30418801 0.541242 4285098389
0.437489 0.130564 0.640293 4287335283
-0.346728 -0.035044301 0.68346399 4282664122
0.62658298 -0.17467301 0.46401501 4294967040
0.112488 -0.049468201 0.68759 4278387707
0.43738499 -0.0600476 0.65714097 4288782685
-0.26894099 -0.31865501 0.55789798 4280361437
0.17206299 0.086862102 0.68171501 4278848244
0.240013 0.245426 0.61740202 4280098273
-0.208373 -0.109369 0.676615 4279637736
-0.089565702 0.048634399 0.68800002 4278321916
0.40281501 -0.077465601 0.66557699 4285427344
0.496802 0.0164073 0.63281101 4291677489
0.476796 -0.069997497 0.63807398 4290887997
0.311364 0.15784299 0.66021001 4281611466
0.59929103 0.053084102 0.55082899 4294967040
0.050549999 -0.242558 0.61968201 4278453498
0.196031 -0.19451 0.64644301 4279111408
0.44781101 -0.215142 0.59662002 4287993193
0.62799901 -0.00155109 0.523027 4294967040
0.44807601 0.18069801 0.616175 4287861611
0.202437 -0.130725 0.67120898 4279177199
0.47672799 0.26234299 0.54736102 4291019579
0.30893499 0.210104 0.63742799 4281282511
-0.095880903 0.154943 0.66252601 4278321916
0.54061103 -0.0087834196 0.60604602 4294572293
0.066344798 -0.119127 0.67396098 4278321916
0.56578302 -0.019558899 0.58595002 4293453846
0.22146 0.291471 0.58366501 4280953556
0.286742 0.110111 0.67676002 4281414093
-0.261123 -0.20869701 0.63888597 4280361437
0.231447 0.114387 0.67575401 4280361437
0.51733899 -0.21513499 0.55430001 4291809071
0.15707301 0.174969 0.65521002 4279571945
0.246876 -0.21435501 0.63645297 4281348302
-0.42964801 0.231998 0.59499598 4285624717
0.37122801 -0.138946 0.65766901 4282993077
0.400947 0.071358398 0.66772902 4286282627
0.065449297 -0.320191 0.55701602 4278716662
0.069896199 -0.122214 0.67381501 4278387707
0.20829201 -0.33995801 0.53598899 4279506154
0.104731 0.095410399 0.67978102 4279177199
-0.13381401 -0.167041 0.65861499 4278716662
0.022938499 0.119274 0.673962 4278190334
0.0667044 -0.25132701 0.613801 4278716662
-0.066488303 0.241423 0.62083602 4278321916
0.32348901 0.110224 0.67402601 4282861495
-0.096665703 0.047437102 0.68772101 4278387707
0.46637499 0.112787 0.63290101 4288782685
0.221348 0.12715399 0.67218202 4279440363
0.0064413701 0.234928 0.62390602 4278190334
0.37883899 -0.050716698 0.676171 4283979942
0.046039701 0.147517 0.66527301 4278387707
0.432484 0.084358998 0.65483803 4289177431
-0.0472655 -0.352608 0.52085501 4278256125
0.281515 -0.00160474 0.69031799 4281874630
0.19782799 0.27224201 0.59909397 4279177199
0.40620601 -0.16240001 0.63962901 4285953672
-0.149878 -0.36554 0.50379997 4278519289
0.106491 -0.37195501 0.492953 4278387707
0.363801 -0.0037803 0.68213803 4284308897
0.32552299 0.17217501 0.65337598 4282072003
0.153249 0.036838699 0.68911803 4278716662
-0.0042510699 -0.36820799 0.499331 4278190334
0.109473 0.155532 0.66285402 4278716662
-0.0074722199 -0.28142801 0.59216702 4278190334
0.226807 -0.229808 0.62735701 4280164064
0.55231601 -0.106195 0.58036298 4292993309
-0.115836 0.204688 0.64099699 4278650871
0.43269899 0.00634176 0.66240102 4287137910
0.263661 -0.112926 0.67643899 4281808839
-0.0199279 -0.29690501 0.57921898 4278190334
0.22648101 -0.435592 0.35477099 4280361437
0.265232 -0.065750703 0.68525898 4280756183
0.066710897 -0.107923 0.67748898 4278321916
0.034132998 0.107515 0.67740101 4278190334
0.32715601 -0.0464762 0.68511701 4282532540
0.054950599 -0.114294 0.67621899 4278321916
0.31897601 -0.33248299 0.54148901 4282137794
0.049437199 0.13802999 0.66895503 4278190334
0.026580401 -0.078009002 0.68377501 4278256125
0.366229 -0.0524632 0.67866802 4286019463
0.157857 0.071011104 0.68462902 4278782453
0.215091 -0.0059550498 0.69041002 4280690392
-0.090019099 -0.0067745401 0.69004703 4278519289
0.30937999 -0.090140902 0.68005598 4281019347
-0.052934598 -0.022632699 0.68991297 4278256125
0.397753 -0.19890299 0.62632197 4287335283
0.083526798 -0.0080435704 0.69016898 4278782453
-0.172364 -0.186726 0.64972299 4279835109
0.27024999 0.167504 0.65777498 4280558810
0.082647502 -0.126702 0.672014 4278519289
-0.051920202 -2.6260401e-05 0.69098997 4278453498
0.185785 -0.123865 0.67320901 4280295646
0.178371 0.133239 0.67000502 4280032482
0.130484 -0.105511 0.67790699 4278848244
0.31710699 0.0849033 0.68069798 4282006212
0.155903 0.13721099 0.66900802 4278585080
0.0115797 0.081137903 0.68353599 4278190334
0.246976 -0.0871474 0.68175101 4281414093
0.48864299 0.0320196 0.63660598 4291480116
-0.108392 0.19096901 0.64755797 4278519289
0.226211 0.30601001 0.56979901 4280295646
-0.33548099 0.0390145 0.684982 4282664122
0.271128 0.32346901 0.55339801 4281414093
0.318187 0.33391601 0.53877199 4282335167
0.351605 -0.097556703 0.67402101 4283585196
0.380187 -0.045550901 0.67578799 4285756299
0.0721507 0.180822 0.65203702 4278387707
0.102866 -0.232455 0.62589401 4278914035
0.029632799 0.0056549301 0.690938 4278321916
0.50855798 0.116826 0.60812199 4290427460
0.48732999 0.22734299 0.56670898 4288058984
0.18971901 0.21126799 0.63742799 4280164064
0.425648 0.038706299 0.66414499 4286611582
0.50857502 0.21494199 0.56181401 4290098505
0.45146099 0.273541 0.55244499 4289177431
0.37221399 0.16682 0.64708698 4286480000
0.16961101 0.100366 0.67894697 4279440363
0.13036799 0.12702601 0.67228401 4279506154
-0.079300798 -0.00076342799 0.69008303 4278321916
0.273588 -0.294622 0.58089799 4281743048
0.083712198 -0.244397 0.61793298 4278716662
0.0226158 -0.37038401 0.49581799 4278190334
-0.460747 -0.032747801 0.650545 4288651103
0.42464599 -0.083784498 0.65722197 4286019463
0.13339899 -0.108772 0.67681098 4278716662
0.49063599 0.26730201 0.53330302 4288387939
-0.16214 -0.065395601 0.68537301 4279966691
0.342107 -0.085546903 0.67747998 4284572061
0.076645598 0.108288 0.67733002 4278387707
0.14497399 0.269364 0.60107797 4278716662
0.33296299 0.0024505199 0.68665397 4282400958
0.080956802 0.103491 0.67853498 4278321916
-0.024572801 0.093338303 0.68072402 4278190334
0.50156099 0.199007 0.576428 4289506386
0.45714599 0.27144599 0.55099702 4287927402
0.38915801 0.141302 0.65344203 4285295762
0.211643 -0.21206801 0.63755101 4279571945
-0.28843001 0.339596 0.53542602 4280821974
0.16711099 0.153053 0.66355997 4278914035
0.398049 0.069901198 0.66799903 4285690508
-0.0401293 -0.14677 0.66623801 4278321916
0.37682599 0.191598 0.63553602 4285624717
-0.074231602 -0.000225824 0.69079101 4278387707
0.025712101 -0.025668301 0.68973601 4278190334
0.58980203 0.121603 0.54110199 4294967040
-0.024512799 -0.37276199 0.49304801 4278190334
0.359018 -0.14871401 0.657305 4284506270
0.13428301 -0.0542868 0.68695402 4278848244
-0.081200197 -0.147034 0.66530001 4278519289
0.152742 -0.116399 0.67525297 4279900900
-0.129463 -0.047256701 0.68807101 4279440363
0.067587502 -0.019264299 0.690256 4278190334
0.30487999 0.13118 0.669626 4281808839
0.23685201 -0.147589 0.66538501 4279900900
-0.089094304 -0.17853799 0.653642 4278453498
0.141491 0.28337801 0.590473 4279571945
-0.055261798 -0.0019883399 0.69088602 4278256125
-0.269371 -0.049903002 0.68813401 4280493019
-0.047779199 -0.25002301 0.614856 4278256125
0.489999 -0.156159 0.60520399 4288519521
-0.041510198 0.12792701 0.67209399 4278321916
-0.036155399 -0.28201601 0.59160101 4278256125
0.19246501 0.148577 0.66561502 4279703527
0.55885398 0.0494783 0.58772397 4292203817
0.103906 0.40833101 0.42899299 4278848244
-0.350849 0.288311 0.57768703 4283979942
0.26533201 0.35725701 0.51481199 4281874630
-0.191044 -0.072912402 0.68493903 4279308781
0.562038 -0.091888897 0.57644802 4294309129
-0.33947301 -0.10183 0.67413402 4282400958
0.559237 0.038373701 0.58978897 4294967040
0.18867899 -0.33922601 0.53612298 4279900900
0.36159199 0.0932061 0.67292899 4283650987
0.0384943 0.119116 0.674142 4278321916
0.12920401 0.34264901 0.53288901 4279308781
-0.29312 -0.25913399 0.60793501 4281282511
0.171068 -0.19117001 0.64764899 4279374572
0.423329 -0.252828 0.58269501 4287137910
0.24969199 -0.0552347 0.687343 4280229855
-0.293944 0.044096202 0.68780398 4281677257
0.44850799 0.051803298 0.653476 4288519521
0.207203 0.332652 0.54395902 4279177199
0.032621399 -0.13083699 0.67058402 4278321916
-0.060873099 -0.053360101 0.687684 4278256125
0.27173099 -0.25039801 0.61416203 4280558810
0.46344 0.064668499 0.64532202 4288322148
0.252078 0.121177 0.67341799 4281216720
0.41097999 0.129935 0.65012801 4284506270
0.050178699 0.28832299 0.58567202 4278585080
0.32618099 -0.061363399 0.68322998 4284243106
0.422337 0.27682 0.56468999 4288058984
0.254354 0.0114252 0.690346 4282072003
0.553729 0.098174497 0.58223599 4294309129
-0.079991601 -0.23856699 0.622078 4278848244
0.033622101 0.256639 0.60993999 4278453498
0.26339 -0.35232401 0.520419 4281479884
0.30036101 0.24369 0.61865902 4282203585
0.123568 0.085115097 0.68256801 4278585080
0.61954403 0.024591699 0.53240401 4294967040
-0.145137 0.19738699 0.64455998 4278914035
-0.0551401 -0.173511 0.65614498 4278256125
0.34895799 -0.228928 0.62143999 4284835225
0.29871401 0.168861 0.65738302 4282861495
0.063491203 0.11916 0.67430103 4278256125
0.61031902 0.157012 0.498822 4294967040
0.101126 0.0614908 0.685996 4278716662
-0.0015128 -0.21025801 0.63822699 4278190335
-0.38606399 -0.22740699 0.613653 4286085254
0.452501 0.061970498 0.65055102 4287466865
0.228444 -0.106163 0.67804199 4279440363
0.53372103 0.15015601 0.57926899 4294901248
0.248833 -0.28131199 0.59205103 4280690392
0.072939798 -0.042130101 0.68809098 4278321916
0.65110201 0.055579301 0.485991 4294967040
0.40640399 0.31697199 0.53215098 4287466865
0.41389099 -0.28899699 0.55786997 4285229971
0.37638199 -0.35647899 0.49728799 4284440479
0.078243703 0.267472 0.60178101 4278321916
0.179116 0.113254 0.67569202 4280295646
0.281176 0.181655 0.65183997 4281479884
0.526452 -0.038800701 0.61325997 4292401190
0.30828899 0.25367901 0.61135203 4281216720
-0.0203181 -0.344749 0.52958798 4278190334
0.34287199 0.059219401 0.68155199 4283914151
0.0089985803 0.300668 0.57550597 4278190334
0.38802201 -0.31236801 0.54573202 4286743164
0.126809 0.217645 0.634233 4278585080
0.345898 -0.37685499 0.47592199 4283914151
0.110671 -0.31825 0.559111 4279045617
-0.32860699 -0.271014 0.59587997 4283058868
-0.247484 0.117793 0.67518401 4279900900
0.38624701 -0.26419401 0.58837497 4286019463
-0.234079 0.328482 0.54871798 4280427228
-0.111771 -0.14696001 0.66542202 4278387707
-0.388592 -0.11719 0.66046 4284572061
0.407839 0.226584 0.60728103 4287137910
0.28472701 2.88627e-05 0.69004899 4282335167
-0.178606 -0.29299501 0.582093 4278848244
0.50673097 0.21190999 0.56408501 4291611698
0.34920201 0.24567799 0.61014199 4283716778
0.15412299 -0.25435299 0.611229 4278914035
0.21677101 -0.109041 0.67666 4280295646
0.017530501 0.088312097 0.681422 4278190334
0.45725101 0.196822 0.60341603 4288387939
0.186837 0.249835 0.61472601 4279703527
0.14169 -0.16095801 0.66093498 4278650871
0.38608399 0.256479 0.59384501 4284769434
0.0112892 -0.14921699 0.66513699 4278190334
-0.341057 0.20381799 0.636473 4282137794
-0.074267797 -0.17990801 0.65283501 4278650871
0.36368501 -0.120735 0.66500801 4283256241
0.179745 0.168056 0.657951 4279835109
-0.0039765202 -0.257415 0.60929 4278190334
0.13292301 0.42548299 0.385519 4278782453
-0.13735799 0.276759 0.59500402 4278782453
0.080297798 0.167538 0.658517 4278848244
-0.14797901 0.354738 0.51800501 4278585080
0.195971 -0.0083518103 0.69032699 4280098273
0.31612599 0.073063299 0.68270701 4282072003
0.43083999 -0.075900398 0.65703797 4286216836
-0.38272801 0.160033 0.64719099 4286216836
0.369306 -0.23387399 0.61339402 4285756299
-0.29227 -0.168744 0.65773898 4281611466
0.074232802 0.0839158 0.68252301 4278256125
0.32008401 -0.3272 0.54669201 4283914151
0.11058 0.37571999 0.48793301 4278650871
-0.218072 -0.20511299 0.64097798 4279900900
-0.463018 0.00134155 0.65073103 4287993193
0.33755001 -0.0596538 0.682926 4283453614
0.39687401 0.27950501 0.57177597 4285032598
0.061843801 -0.19531301 0.645634 4278321916
0.18219601 0.120958 0.67393899 4279703527
0.405251 0.071622297 0.66633803 4286085254
-0.124043 -0.0065076202 0.69072002 4278519289
0.41596201 0.168382 0.63366997 4287598447
0.086037099 -0.117834 0.67521697 4278321916
-0.053899899 0.063479699 0.68605697 4278190334
0.278236 -0.211541 0.63802898 4280361437
-0.114686 0.0488871 0.68814403 4278387707
0.14148299 0.37150699 0.49486801 4279308781
0.456471 0.077298902 0.64565301 4290098505
-0.0281088 0.174448 0.65499097 4278190334
0.64622599 -0.0363435 0.49684 4294967040
0.37786499 0.150895 0.65268898 4285756299
0.121437 0.167234 0.65846002 4278848244
-0.098021701 0.28169 0.59131998 4278650871
0.430839 -0.051386699 0.66037297 4287006328
-0.27790701 0.29076001 0.58352 4280821974
0.0253496 0.249373 0.61536503 4278190334
0.085260399 -0.32866001 0.54724699 4278716662
0.025079601 -0.067245297 0.68559098 4278190334
-0.39676401 -0.127937 0.65460998 4284440479
0.332295 0.25331599 0.60791898 4284177315
0.076611303 0.0129395 0.69063401 4278256125
0.276694 0.064456999 0.68543202 4280361437
0.32742801 -0.213168 0.63375098 4282072003
0.227621 -0.0138262 0.689812 4280953556
0.14935499 0.187714 0.64905399 4278914035
0.446796 0.0167189 0.656838 4287466865
0.052561302 -0.0439157 0.68803698 4278190334
-0.26026499 0.185442 0.651021 4281677257
-0.29852799 -0.15994801 0.66066998 4280953556
0.26777101 0.15810899 0.66159999 4281940421
0.39061201 0.16477101 0.64421499 4285493135
0.173473 0.075302102 0.68394101 4278979826
0.40557101 0.136236 0.65037501 4285229971
0.00383291 0.046651501 0.68773401 4278190334
0.33342099 0.17703301 0.65095502 4283782569
0.341602 -0.023928899 0.68503398 4284572061
-0.13565899 -0.088295601 0.68199301 4279374572
-0.348593 -0.0152694 0.68510503 4282993077
0.59131497 0.092036299 0.54958498 4294967040
0.40334201 -0.22179601 0.61185199 4286282627
-0.496299 0.111638 0.61741298 4288980058
0.2141 0.168891 0.65773702 4279440363
-0.139731 0.36311299 0.50705498 4278716662
-0.222179 0.32185701 0.55553597 4279900900
-0.056124799 0.094068103 0.680601 4278321916
0.20260701 0.087104 0.68199801 4279177199
0.321226 0.29447001 0.57763898 4283979942
0.315117 0.092312098 0.67948198 4283782569
-0.039496101 -0.293161 0.582349 4278190334
0.43790099 0.180815 0.62066102 4287072119
0.18109401 -0.176743 0.65452498 4280164064
0.295165 -0.053741101 0.68674099 4281545675
0.204151 0.214004 0.635827 4280624601
0.158464 -0.092341296 0.68072599 4279242990
0.248357 -0.160376 0.66096699 4280821974
0.23653001 0.27287799 0.59814298 4280032482
-0.124601 -0.063667402 0.68607098 4278453498
0.25827301 -0.081600398 0.68291903 4282137794
0.155141 -0.227782 0.62852198 4279111408
0.15161 -0.39629999 0.45438999 4279835109
0.51481003 0.260153 0.52054203 4293914383
-0.129375 0.0113544 0.69050902 4278519289
0.34942701 -0.19553 0.63974297 4282532540
-0.00365549 0.080963001 0.68347901 4278190334
0.096764803 0.110831 0.67629498 4278650871
0.163965 -0.098143503 0.67977297 4279177199
0.377161 -0.2104 0.62607998 4284045733
0.57098597 0.160074 0.542054 4293190682
0.0141678 -0.044713799 0.68828797 4278256125
0.098880798 0.341515 0.53316498 4279045617
-0.10507 -0.179978 0.65257001 4278848244
-0.121125 -0.0079683196 0.69076401 4279177199
0.50205702 -0.074680097 0.62278497 4291216952
0.56729299 0.0977365 0.57077497 4294967040
-0.36116701 -0.142079 0.65884 4283914151
-0.209685 -0.108801 0.67694598 4281019347
0.0134444 -0.040867101 0.68902999 4278256125
0.344376 0.33315599 0.53585899 4283585196
0.46028799 0.141252 0.626849 4287006328
0.0288253 0.18345299 0.65189499 4278321916
0.359299 0.15626 0.654809 4285229971
0.182468 0.089610301 0.68113202 4279637736
0.0484768 -0.24187499 0.61959898 4278519289
-0.0387551 0.0049300999 0.69003397 4278190334
-0.23964 0.23618799 0.62405902 4279966691
0.229927 -0.15081701 0.66487998 4281414093
-0.051196501 -0.194049 0.64661098 4278190334
0.00391179 0.052621499 0.68722701 4278190334
0.25592199 -0.221054 0.63230801 4280295646
0.376948 -0.0289657 0.67846102 4285098389
0.025911801 0.0167726 0.69024301 4278256125
-0.012293 0.098181598 0.67921901 4278190334
0.52675802 -0.058189701 0.61050498 4293519637
0.53809702 0.32023799 0.420028 4293190682
0.0583307 -0.194922 0.64641899 4278321916
0.411093 0.234696 0.60033399 4285098389
0.470808 -0.0451544 0.64387101 4290361669
0.436223 0.00113142 0.66208702 4286480000
-0.0422494 -0.40256199 0.44260499 4278190334
0.353522 0.39807701 0.436582 4283124659
0.376257 0.163884 0.64748597 4285624717
0.184953 0.110165 0.67677599 4279242990
0.39622101 0.095795602 0.664285 4286743164
0.32440501 0.034562301 0.68708098 4284308897
0.28080001 0.00080091303 0.69067502 4281150929
0.57769603 -0.118373 0.55383599 4293914383
0.30179 -0.106416 0.67708999 4283322032
-0.13061801 0.24601001 0.61705798 4278716662
0.28906301 0.05015 0.68795598 4281677257
0.40462601 0.172115 0.63616002 4287401074
0.457228 -0.0248369 0.65278298 4288585312
0.23356301 0.209337 0.63861197 4280756183
0.0145381 0.18505201 0.65066397 4278190334
0.374129 -0.099894397 0.66809499 4285493135
0.30718601 -0.181787 0.65092701 4281282511
0.54483902 0.15808401 0.56581098 4293190682
-0.29491201 0.153042 0.66343099 4281743048
0.0244886 -0.240646 0.62072003 4278190334
0.16362 -0.165328 0.65862501 4279242990
-0.34035599 -0.164105 0.65526497 4283387823
0.53212798 -0.062429499 0.60636598 4292532772
0.44733199 -0.21940701 0.59523201 4288322148
0.33463901 -0.183695 0.64731699 4283453614
0.53686303 0.185802 0.557872 4294243338
0.23117 0.194427 0.64604598 4281282511
0.241595 -0.0712348 0.68440503 4281216720
-0.119901 0.076555602 0.68372101 4278650871
0.032765701 0.189973 0.64842802 4278190334
-0.278427 0.25655699 0.61053097 4280821974
-0.106252 0.39818901 0.44953999 4278782453
-0.095175497 0.20502999 0.641083 4278256125
0.125864 -0.00379434 0.69009697 4279045617
0.13547 -0.051206399 0.687801 4278716662
-0.18686099 0.28689599 0.58720398 4278979826
0.359981 0.19391499 0.637784 4284506270
0.204596 0.062904797 0.68608397 4279308781
-0.16560499 -0.15532599 0.66311002 4279045617
0.26458099 -0.22976901 0.62694597 4281545675
0.40575099 -0.194305 0.62595803 4285822090
0.47571 -0.157207 0.61330199 4287927402
-0.139183 0.161826 0.660438 4278716662
0.42745 -0.171839 0.62813401 4286414209
0.298897 -0.14009801 0.667934 4282861495
0.42957699 -0.19686399 0.61566401 4288914267
-0.23801 -0.23292799 0.62576503 4280032482
0.13173699 -0.316223 0.56058401 4278585080
0.324765 -0.242938 0.61661702 4283585196
0.29484999 0.301276 0.57382202 4281085138
0.201529 -0.19777 0.64442003 4279111408
0.214212 0.16249201 0.659648 4279440363
0.53012198 0.031765599 0.611211 4293190682
-0.0118241 -0.225171 0.63006902 4278256125
-0.038458899 0.394324 0.45631799 4278321916
-0.31268099 -0.19717801 0.643116 4282137794
0.422102 -0.054490499 0.66297799 4286545791
-0.0271814 0.076927103 0.68409401 4278190334
0.067850903 -0.071999297 0.68427598 4278321916
0.39039999 -0.112825 0.66142702 4285295762
-0.15619101 0.062601201 0.68659198 4279506154
0.67674297 -0.172318 0.356417 4294967040
-0.18098199 0.0122473 0.69028598 4279506154
0.38791499 -0.219632 0.617966 4285756299
0.37057099 -0.038754899 0.67878503 4283848360
0.240429 0.0235985 0.69005603 4281677257
0.36121899 0.13157 0.66235101 4285624717
0.401939 -0.118329 0.65701199 4285953672
0.120427 -0.027281901 0.68930501 4278848244
-0.172765 0.079526797 0.683725 4279111408
0.62102997 0.102681 0.51178199 4294967040
0.402376 -0.18041199 0.63320798 4286414209
-0.241367 0.052483801 0.687307 4280164064
-0.0150611 -0.095659502 0.68028003 4278190334
0.42703301 0.048590399 0.66239202 4288124775
0.394113 0.19927301 0.62694901 4286611582
0.36917499 -0.103317 0.66856498 4284440479
-0.185194 0.087473802 0.68206698 4279308781
0.37612399 -0.108499 0.66557598 4285098389
0.25102499 0.14738999 0.66593301 4280164064
-0.39646199 0.109691 0.66061002 4286611582
0.35700601 0.29075801 0.57474101 4284308897
0.24312299 0.195811 0.64569402 4280953556
-0.074167497 -0.239711 0.62123698 4278716662
-0.071151301 -0.069109902 0.68474001 4278321916
0.41488799 -0.038906001 0.66689301 4284966807
0.33451399 0.159756 0.65717697 4284572061
0.367717 0.058313001 0.67720002 4285361553
0.226806 0.030170299 0.68957502 4279440363
0.118328 0.178334 0.65390003 4278519289
0.421725 -0.211527 0.61086202 4286216836
0.0077955201 0.30399999 0.572559 4278190334
0.130097 0.222405 0.63144797 4278782453
-0.0136852 0.23182 0.62594301 4278321916
0.18066899 -0.33627501 0.54013002 4279177199
-0.085143402 -0.036647301 0.68851 4278519289
-0.257229 0.186269 0.65049797 4280493019
0.40848601 -0.0893526 0.66194999 4286940537
0.14686599 0.14166699 0.66734302 4279177199
-0.37880099 0.049828898 0.67638499 4284506270
0.106402 0.167436 0.65788299 4278519289
-0.0149876 -0.18233199 0.65188599 4278321916
-0.166399 0.0312084 0.689556 4279111408
0.089100502 0.114248 0.67529398 4278716662
-0.0204277 -0.070240997 0.68536198 4278190334
-0.42892101 -0.090273201 0.65456301 4287335283
0.245996 0.32559001 0.55142498 4281150929
-0.103259 -0.42313501 0.39417499 4278321916
0.084979102 -0.154239 0.66336799 4278190334
0.289184 0.182091 0.65202999 4280624601
-0.172087 -0.114308 0.67571801 4279111408
0.29582101 -0.0558271 0.68664402 4281282511
0.38885 0.33717 0.516348 4284966807
0.68751597 -0.0072724102 0.425419 4294967040
0.303271 0.060690898 0.68603599 4282532540
0.37045601 -0.114725 0.666013 4284835225
0.196825 0.015869301 0.69025397 4279242990
-0.428285 0.140797 0.64035898 4288256357
0.34146699 0.189411 0.64341199 4284374688
-0.183395 0.33275399 0.54300302 4278979826
0.42462099 0.112735 0.65072203 4285361553
0.22581699 0.129878 0.671139 4279966691
0.289581 0.304317 0.571316 4282072003
0.65015697 0.079870999 0.480809 4294967040
-0.34760201 0.26008701 0.60108697 4283322032
-0.27610099 -0.202325 0.64271301 4280295646
0.19681001 -0.00181652 0.69008797 4279374572
0.17393801 -0.051334299 0.68709898 4279506154
0.25226399 -0.25613701 0.610726 4280821974
0.518686 -0.26640201 0.51166898 4293717010
0.65269202 0.069209799 0.47948101 4294967040
-0.17242201 -0.17702501 0.65420699 4278979826
0.194345 0.189633 0.64813101 4279835109
0.42177999 0.17907099 0.627666 4286940537
0.46882701 -0.0124193 0.64746201 4288256357
0.53310502 -0.201086 0.55171299 4292401190
0.080675103 0.0438031 0.688151 4278321916
0.55322701 -0.143489 0.566203 4292927518
0.21797501 -0.36616999 0.502267 4280887765
0.26155099 0.0132282 0.69006199 4281874630
0.43709901 -0.067055099 0.65596801 4288651103
0.52662498 -0.184164 0.56667799 4291282743
-0.196173 0.33127701 0.54436702 4279506154
0.60024202 -0.17113601 0.50402403 4294967040
0.42252001 0.045684598 0.66438597 4286085254
0.40289801 -0.152546 0.64452899 4286019463
0.30151799 0.25625399 0.60993201 4281150929
-0.235715 -0.030551899 0.68971097 4279900900
0.25856799 0.122659 0.67313302 4281019347
0.096029297 -0.123835 0.672988 4278453498
0.37745601 0.182078 0.63926202 4284308897
-0.24552 0.300511 0.57608998 4280756183
0.102498 0.15882701 0.66155303 4278453498
0.33330399 -0.097445302 0.67595297 4282203585
0.163991 -0.099494502 0.67966199 4278979826
0.53179097 -0.213724 0.54389602 4294967040
-0.36182001 -0.038387701 0.68043 4283387823
0.0190538 0.026765799 0.68963802 4278190334
0.48478499 -0.078110002 0.63257599 4290559042
0.42230701 -0.240785 0.591582 4287335283
0.43429801 -0.113928 0.64625698 4286808955
0.393931 -0.0208204 0.675053 4284703643
0.0131464 -0.234409 0.62457901 4278190334
0.528045 -0.067120299 0.608244 4290559042
0.56223899 -0.036815599 0.58685201 4294967040
-0.18959001 0.090307496 0.68131202 4279571945
0.150948 0.197164 0.64450198 4279177199
0.45729801 0.208914 0.596573 4287335283
0.336326 -0.330733 0.539267 4284572061
-0.21904001 0.116233 0.67559099 4280493019
0.30629399 0.30562699 0.56891501 4283650987
0.39758 0.021010101 0.673985 4286216836
-0.364223 -0.117771 0.66640198 4285361553
-0.16122501 0.36500001 0.50387698 4279900900
-0.146144 0.087063901 0.68181503 4279703527
0.422337 -0.081715897 0.658481 4288848476
-0.016500499 0.0326472 0.68920797 4278190334
-0.140008 0.066209301 0.68571103 4279177199
0.0801908 -0.205305 0.64090401 4278387707
0.41284001 -0.36431 0.46678701 4287861611
0.303875 0.39436799 0.45631 4282137794
-0.117435 -0.15172 0.66373599 4278979826
-0.057190001 -0.201828 0.64230901 4278585080
0.54403502 0.118545 0.58338702 4294967040
0.61217099 0.23545 0.428027 4294967040
0.150334 0.33383101 0.54203397 4278848244
-0.14758401 -0.15198299 0.664101 4278716662
-0.390028 -0.29800099 0.55777901 4283848360
0.326554 -0.15627401 0.65963203 4282137794
0.51517099 -0.0076277899 0.62310398 4290756415
0.479635 0.094667599 0.631567 4288716894
0.383517 0.089424796 0.668208 4285427344
0.120063 -0.081147298 0.68304098 4279374572
0.14868499 -0.356659 0.51470202 4278979826
0.137522 -0.25985101 0.60762399 4278650871
-0.023285501 0.246069 0.61778301 4278190334
0.51748401 -0.123246 0.60115898 4290361669
0.0166185 0.16024899 0.66093999 4278190334
0.38267899 0.17611 0.64087999 4285822090
0.40423 0.30052501 0.55011499 4286545791
-0.131843 -0.204023 0.64197499 4278585080
0.38283199 0.131551 0.65792501 4284901016
0.49239799 -0.30579501 0.49155399 4290230087
0.0377446 -0.051262502 0.68734199 4278190334
0.480077 -0.115657 0.62480599 4288387939
0.12982 0.095462702 0.68051499 4279045617
0.515625 -0.0149818 0.62239599 4291677489
0.061713599 -0.116658 0.67514199 4278256125
0.29257199 0.347204 0.52692699 4281216720
0.00614222 -0.039687801 0.68857998 4278256125
-0.047626901 -0.177093 0.653956 4278321916
0.354182 0.28124401 0.58376402 4284440479
0.373694 0.080215797 0.67304301 4286151045
0.42460001 0.0512232 0.66320598 4287137910
-0.100777 0.0261374 0.68947601 4278782453
-0.051135 0.328711 0.548127 4278321916
0.61522698 -0.045437101 0.53378397 4294967040
-0.00049447402 0.12654001 0.67268598 4278190334
0.110581 0.337993 0.53721499 4278848244
0.32119799 0.205074 0.63837898 4282598331
-0.066734098 -0.011771 0.69054002 4278387707
-0.262999 0.213431 0.63721901 4280690392
0.29517201 -0.079690397 0.682742 4282400958
0.23641901 -0.331662 0.54509199 4281085138
0.108488 -0.259137 0.60790598 4279045617
0.053352501 0.00155889 0.69019598 4278321916
0.0076447902 -0.128334 0.67197198 4278190334
0.42158699 0.116004 0.65044701 4287927402
0.499989 0.33311999 0.44559199 4289966923
0.18759 0.26104701 0.60712302 4279440363
-0.0094478 -0.133021 0.67045897 4278190334
0.39925799 0.21075 0.619313 4285361553
0.281326 -0.32196 0.554245 4280624601
-0.0607122 0.0287129 0.68959498 4278190334
0.54241502 0.035613898 0.60252798 4294901248
0.41528299 0.27551699 0.56896001 4287006328
0.123409 0.072883099 0.684762 4278387707
0.375211 -0.0240885 0.67943501 4283782569
0.22659101 -0.124031 0.67317498 4280427228
0.39363301 0.0496426 0.67193502 4286808955
0.338981 0.22059099 0.62735999 4283848360
0.22685701 0.143673 0.66671503 4279637736
0.37498999 0.196546 0.63299298 4283453614
-0.0199617 0.0220824 0.689982 4278190334
0.103714 -0.106947 0.67801899 4278321916
0.0688008 0.106405 0.67818999 4278256125
0.56187499 0.026432401 0.58844799 4293980174
0.38914901 0.083508097 0.66868198 4284374688
-0.0019583099 -0.20284399 0.64243901 4278256125
-0.235805 -0.29556 0.57928801 4280427228
0.153026 0.25738901 0.60979497 4278848244
-0.061181501 -0.00182727 0.69026297 4278321916
0.070982903 -0.143922 0.667077 4278387707
0.28419399 -0.28386199 0.58974701 4280953556
0.229572 0.092730597 0.68066001 4279966691
0.577932 0.13339999 0.54768699 4294967040
0.35604 0.234616 0.61688101 4283782569
0.33030701 0.0941265 0.6771 4283519405
-0.0338112 0.092862397 0.68118799 4278190334
-0.118662 0.142419 0.66696298 4279308781
-0.0069528301 0.0037378799 0.690144 4278190334
0.126202 0.149582 0.66535997 4278716662
-0.031295098 -0.16384301 0.66011298 4278190334
0.363282 0.039553601 0.68001801 4285493135
0.45573199 -0.014667 0.653382 4290230087
0.292707 0.078268804 0.68359601 4281414093
-0.0319658 0.103272 0.67817801 4278190334
0.31440201 0.15914699 0.65984797 4281874630
-0.021874299 0.18279099 0.651775 4278190334
0.074661098 -0.332533 0.54433298 4278321916
0.240803 0.268381 0.60219198 4280229855
0.15001599 0.0516496 0.68795401 4278716662
0.21419001 -0.216837 0.63530397 4279506154
0.189446 -0.225565 0.63002199 4280295646
0.443046 0.062264599 0.6541 4287993193
0.32662401 0.230491 0.62345701 4282400958
0.220061 0.121044 0.67351002 4280953556
-0.13608401 0.281423 0.59134102 4278716662
0.056107901 0.122213 0.67380601 4278585080
-0.10684 -0.103302 0.67861599 4278782453
0.044594999 0.071658902 0.68515098 4278585080
-0.065624602 -0.040012699 0.688784 4278321916
-0.022515301 0.151522 0.66376603 4278190334
0.43886501 0.21266501 0.60314298 4288782685
0.34795699 -0.047801599 0.68265003 4284308897
0.347415 -0.0653129 0.68038499 4284506270
-0.00046072001 0.38187101 0.47820801 4278190334
0.28247601 -0.048116598 0.68797499 4282400958
0.44527701 0.26098999 0.56627297 4287664238
-0.32046399 0.150251 0.66263503 4282137794
-0.078464702 0.242734 0.61896402 4278256125
-0.089008503 -0.304692 0.57156497 4278387707
0.36557999 0.0232639 0.68167698 4284769434
0.47481099 -0.067204297 0.638973 4289440595
0.55996901 -0.097335897 0.57715303 4292269608
0.39986399 0.126249 0.65521598 4285887881
-0.021384699 -0.033833001 0.68962801 4278190334
-0.360926 0.16280399 0.651142 4283256241
-0.0376915 -0.103264 0.678563 4278190334
0.463579 -0.168097 0.61436099 4289111640
0.0154666 0.108374 0.67752099 4278190334
0.523642 -0.135682 0.59154999 4291874862
-0.34192401 -0.077572003 0.67869198 4284769434
0.093370602 -0.0231767 0.69025701 4278650871
0.117401 0.345011 0.52999401 4278979826
-0.051377501 -0.197806 0.64510602 4278190334
-0.114683 0.0523533 0.68763 4278321916
0.442325 0.172805 0.62149101 4289374804
-0.086937502 0.114283 0.67551601 4278519289
0.236083 0.275363 0.59695399 4280164064
0.35040799 -0.086933799 0.67576599 4283256241
0.249759 0.192964 0.64703101 4281282511
0.249375 -0.114488 0.67563403 4281282511
0.570674 0.085561402 0.57125503 4294967040
0.090875097 0.28699201 0.58731598 4278979826
0.020204401 -0.13109 0.670991 4278190334
0.189704 -0.0024808501 0.69023901 4279242990
-0.38215601 -0.088289797 0.66894603 4283848360
0.31250599 -0.31348699 0.56192702 4282466749
0.19561601 0.21395899 0.63600099 4279440363
-0.298042 -0.24070901 0.62040901 4280887765
0.183503 -0.097360201 0.68010199 4279900900
-0.167128 0.297582 0.57858998 4279374572
0.50245798 0.12627 0.60931998 4288914267
0.32611999 0.0044230698 0.687783 4281743048
0.38910699 0.30704799 0.54989898 4286940537
0.46775001 0.22447 0.581388 4291151161
-0.0069227298 0.343456 0.53135699 4278190334
0.25881001 0.0133289 0.69072503 4280493019
0.40386301 -0.222232 0.61130399 4287006328
0.43812999 -0.198072 0.61070198 4285953672
-0.380988 -0.253317 0.59802699 4286348418
0.17631499 -0.11509 0.67528898 4280164064
0.0090125101 0.216738 0.63493103 4278256125
0.47906199 -0.0715269 0.63592899 4290559042
0.55944401 -0.142995 0.56083101 4294967040
0.381567 0.019746 0.67823601 4285624717
0.331453 0.30563101 0.56675702 4282532540
-0.041731499 0.22655401 0.62973398 4278453498
0.183953 -0.153185 0.66384399 4280427228
0.24981301 -0.221468 0.63205498 4281414093
0.171912 -0.43698001 0.34613201 4280098273
0.25849399 -0.0658696 0.685552 4281348302
0.274903 0.055205699 0.68690598 4281150929
0.47156799 0.114866 0.63050902 4288585312
-0.47677699 0.19653 0.59334999 4287795820
0.040773701 0.30855501 0.56801802 4278190334
0.082083799 -0.15548 0.66253603 4278585080
0.0776776 0.120454 0.67411703 4278585080
0.33998299 -0.125662 0.66786098 4284703643
-0.204588 -0.195163 0.646065 4280624601
0.252718 0.18709099 0.64921701 4281348302
0.216215 0.239774 0.62106299 4280361437
0.0099702599 0.152283 0.66368598 4278190334
-0.152326 -0.081666999 0.68307799 4278848244
0.261233 0.065472104 0.685848 4281545675
-0.026411399 0.106131 0.67819202 4278190334
-0.15567 -0.276375 0.595029 4279308781
0.43191001 0.00105071 0.66342998 4287006328
-0.214435 0.071363598 0.68490398 4280690392
0.176541 -0.094935201 0.680448 4279374572
0.234943 -0.20711 0.64024699 4281282511
0.221744 0.0610101 0.68630499 4279769318
0.35984299 0.385252 0.457378 4284703643
0.166383 -0.080011599 0.683626 4279966691
-0.024851101 -0.135197 0.67006499 4278190334
-0.207974 0.036388099 0.68919897 4279900900
0.40090701 0.207624 0.62053603 4284835225
0.57516199 -0.227982 0.48963699 4294967040
-0.275567 0.18842401 0.64915699 4282006212
0.51224399 -0.0125212 0.62480903 4292466981
0.239806 0.124074 0.67279798 4280427228
-0.269959 0.25592899 0.61116302 4281216720
0.118078 -0.183845 0.65108597 4278979826
-0.195061 -0.0428905 0.68873799 4279242990
-0.389393 0.18691 0.63393998 4285164180
-0.046716001 0.15963601 0.66154802 4278190334
-0.29209799 -0.27823201 0.59386301 4281611466
-0.30747199 0.044560101 0.68689603 4281874630
0.294164 -0.16564 0.65838802 4281545675
0.22009 -0.0238427 0.69035202 4281085138
0.23563901 0.082407601 0.68298602 4280493019
0.12648 0.21097 0.63772702 4278519289
0.30140099 -0.27381301 0.59627098 4281545675
0.26305899 -0.0799959 0.68380302 4280098273
0.43789399 -0.17347801 0.62371802 4286282627
0.31684399 -0.33420199 0.53854698 4282532540
0.075396903 0.13828 0.66856802 4278453498
0.227231 0.182878 0.651241 4280756183
0.39770299 0.049169298 0.67102301 4284835225
0.35994101 0.129765 0.66359401 4285887881
0.47793299 0.00374051 0.64398098 4290427460
0.54743898 -0.035812199 0.59844202 4294177547
0.34054601 0.35191801 0.51326197 4284045733
0.489283 -0.093030304 0.62685299 4290690624
0.435803 0.045653101 0.65938598 4288256357
0.187436 0.060114902 0.68629599 4278979826
0.125994 -0.197781 0.64450997 4278782453
0.24850699 0.089281902 0.68147099 4280690392
0.57728899 -0.065651998 0.57005203 4294967040
-0.401517 -0.05765 0.66929901 4286085254
0.29896799 -0.067231901 0.68453902 4281150929
0.054904301 0.19725101 0.64451301 4278190334
0.47526601 0.204887 0.58951497 4289309013
-0.40477499 0.104294 0.65934801 4287532656
0.395358 -0.045035001 0.672153 4284703643
0.28070599 0.18482199 0.65057099 4281216720
-0.24137899 0.022836201 0.68970901 4281282511
-0.148994 -0.141202 0.66771799 4278782453
0.153873 0.124326 0.673163 4278716662
0.46603301 -0.14775001 0.62173402 4288519521
-0.35732499 0.075955003 0.67631602 4284506270
0.403157 -0.25504699 0.588871 4284440479
0.19277599 -0.186809 0.64972401 4280427228
0.28999799 -0.3303 0.54554999 4282006212
-0.15357199 0.23199201 0.62602597 4279374572
0.38356 0.25049499 0.59926999 4284966807
0.062863797 -0.039137099 0.68906099 4278256125
-0.053762998 0.18147901 0.652704 4278256125
-0.037817799 -0.0858998 0.68273097 4278190334
0.268702 -0.150722 0.66429102 4281414093
0.103968 0.124304 0.672934 4278321916
0.124522 -0.051289801 0.68789703 4278519289
0.326006 0.11216 0.67329901 4284440479
-0.37193 -0.0508762 0.67754501 4283585196
0.106049 -0.067813002 0.685247 4278914035
-0.195665 -0.024970001 0.68975002 4279440363
0.122264 -0.248816 0.61595398 4278716662
0.087730497 0.180191 0.652493 4278782453
0.29683599 -0.035465401 0.68845803 4281282511
0.489463 -0.108177 0.62268102 4289177431
0.23328499 0.124733 0.67272198 4280295646
0.045037601 0.150299 0.66468501 4278190334
0.31024301 0.167821 0.65698898 4283585196
-0.0426208 0.20069399 0.64369798 4278190334
-0.35260001 0.078487702 0.67738199 4282795704
0.41663399 0.101682 0.65592301 4286808955
0.545632 -0.137091 0.57467598 4291940653
-0.17711499 0.111953 0.67613202 4278848244
0.43094 -0.214405 0.60467398 4288716894
0.188639 -0.0295645 0.68970799 4279440363
-0.29549801 0.034549002 0.68847799 4281940421
0.00430066 0.0140935 0.69031602 4278190334
-0.100375 0.025087001 0.69027501 4278716662
0.63928902 0.022810301 0.50693601 4294967040
0.049024701 0.096164897 0.680296 4278256125
0.189374 0.00210566 0.690956 4280032482
-0.48825401 -0.146488 0.61039102 4289309013
0.095709503 -0.336573 0.53934801 4278321916
0.146658 -0.13372999 0.67038798 4278716662
-0.20425799 -0.30340499 0.572743 4280493019
0.50430697 0.036705598 0.62779403 4289637968
0.56335998 -0.13065299 0.56328601 4294440711
-0.172711 -0.16847301 0.65802503 4279374572
-0.101616 0.00696804 0.69086897 4278979826
-0.166335 -0.243443 0.61861199 4279045617
-0.068551198 -0.291282 0.58299899 4278519289
0.058766302 0.110427 0.676853 4278321916
0.37625599 -0.091346398 0.669662 4285953672
0.54369599 -0.079727799 0.59474301 4294703875
-0.0073039499 -0.32762301 0.54900002 4278190334
-0.093941599 -0.070862599 0.68535298 4278321916
-0.15732799 0.320757 0.55650699 4278914035
0.38725001 0.042727299 0.67487401 4285624717
0.410247 0.028583501 0.66956902 4285032598
0.0252837 0.135886 0.66981298 4278190334
0.363383 0.085507803 0.67360502 4285822090
0.33972201 0.172544 0.65091699 4283256241
0.57624298 0.0178113 0.57673597 4294967040
0.0273814 0.00150668 0.69045699 4278190334
0.156013 -0.21234199 0.63677299 4279045617
0.47313201 -0.253537 0.55741501 4291677489
0.191828 0.198217 0.644463 4280032482
0.26121899 0.0336871 0.689475 4280493019
0.138308 -0.163104 0.66011202 4278453498
0.55873799 0.120268 0.57102299 4294638084
0.104389 0.01832 0.69062197 4278716662
0.47822601 -0.22408099 0.57576102 4290230087
0.0622449 0.103473 0.67839402 4278321916
0.125348 0.205626 0.64132297 4278716662
0.059553701 -0.13239799 0.67066699 4278256125
0.20950399 0.29942501 0.57641202 4279177199
0.38892299 0.060191002 0.672351 4286282627
0.104344 0.136078 0.66949898 4278453498
-0.233409 0.0254832 0.68990499 4280558810
0.291866 0.153394 0.66380697 4281545675
0.44524601 0.121528 0.64005297 4286151045
-0.372637 0.20919 0.62734699 4285558926
0.48399699 -0.138385 0.61509299 4291545907
0.45368701 0.069699101 0.64830399 4288387939
0.062592 0.086201899 0.6825 4278190334
0.242495 -0.32881099 0.54727399 4279835109
0.352983 -0.0177403 0.68395603 4283058868
-0.16483299 0.30217701 0.574485 4280098273
-0.29490399 0.35422799 0.51797098 4280887765
0.076499499 0.324045 0.55330998 4278321916
0.46049699 -0.049332 0.64852601 4289637968
0.33570701 -0.118986 0.67069101 4282006212
0.201002 0.089326099 0.68164498 4280624601
0.39046901 0.237423 0.60600603 4283979942
0.37952399 -0.083227299 0.67079997 4283979942
-0.036093298 0.27609301 0.59639102 4278190334
-0.150515 0.135061 0.669945 4278782453
0.117088 -0.33901799 0.53700399 4279242990
0.306411 -0.38936299 0.463624 4281282511
0.35410699 0.097042203 0.67298597 4282927286
0.052740101 0.042220499 0.68892801 4278190334
0.45132801 -0.041960899 0.65396899 4288387939
0.036570299 0.19104899 0.64776701 4278321916
0.056249801 -0.087062299 0.68175101 4278256125
0.35006499 0.26350099 0.597498 4284243106
0.45494801 0.30706099 0.51751298 4290032714
0.49201 0.0039428198 0.636675 4292466981
0.410952 0.061737299 0.66545099 4286480000
0.143914 -0.071240798 0.68497902 4279506154
-0.0098281801 0.13766301 0.66865098 4278190334
0.190102 0.15218399 0.66404498 4279045617
-0.083405301 0.20227499 0.64217299 4278650871
0.39761299 -0.0678363 0.66921997 4286874746
0.568883 0.15825699 0.54457402 4294967040
0.331164 -0.0214811 0.68707001 4281940421
0.063722201 -0.062954299 0.68587703 4278190334
0.63479501 -0.080478601 0.50141001 4294967040
0.16865601 0.070806801 0.68491602 4279242990
0.33160099 -0.0038211001 0.68752402 4283848360
-0.19018801 -0.12347 0.67325598 4279506154
0.54992402 -0.086715497 0.58824903 4294967040
0.18380199 -0.311629 0.56577599 4280229855
0.063156202 0.15839601 0.66219997 4278190334
0.36669001 -0.35488001 0.50186098 4283848360
-0.087425597 0.041487399 0.68856698 4278453498
-0.19659901 0.0789124 0.683801 4279506154
0.17351399 0.109711 0.67725098 4279308781
0.35447299 0.16728801 0.65100402 4284111524
0.38021901 0.081966899 0.67117 4283914151
-0.054769501 0.0025839701 0.69052202 4278190334
0.55093598 -0.0398794 0.59611797 4294506502
0.027426099 0.149487 0.66479701 4278190334
-0.031280901 -0.0129983 0.690395 4278190334
0.231628 -0.35453501 0.518053 4279966691
-0.082162403 0.081348002 0.68267101 4278585080
0.478259 0.20647199 0.586308 4289769550
-0.0268417 -0.133022 0.67047 4278190334
0.36346301 0.128663 0.66293198 4284506270
0.60479701 -0.048510201 0.54506701 4294967040
-0.32208899 -0.0222461 0.68739998 4282861495
0.259132 0.0867787 0.68238401 4280361437
0.106045 0.135453 0.669541 4278321916
-0.239987 -0.202907 0.64180398 4279900900
0.43131101 -0.0193977 0.662947 4288453730
0.31986299 -0.427102 0.375247 4283848360
0.087158397 -0.059771899 0.68624902 4278256125
-0.118142 -0.124798 0.67325503 4278650871
0.0309467 -0.094745398 0.680812 4278321916
0.174115 0.0418774 0.68847901 4279111408
0.29981601 0.23019899 0.62612802 4281743048
0.025633 0.037664499 0.688541 4278256125
0.47468001 0.162128 0.61075997 4288980058
0.249713 0.347123 0.52759999 4281085138
0.34626201 0.082506001 0.677688 4284572061
0.66548699 -0.101152 0.44438201 4294967040
0.167202 0.162882 0.65983999 4279111408
0.247669 -0.16411801 0.65910399 4280229855
0.084311403 -0.0606266 0.68615401 4278453498
0.32848701 0.23454601 0.62121999 4283322032
-0.231907 0.22361501 0.63153303 4280295646
-0.163938 -0.086857997 0.68253499 4279045617
0.42017901 0.1848 0.62561297 4286414209
0.33877999 0.138713 0.66434503 4284440479
0.40876201 0.096361801 0.65970302 4287993193
0.125194 0.0799895 0.68288302 4278650871
0.016214499 -0.247684 0.61565101 4278190334
-0.165152 -0.36282 0.50681102 4279571945
0.0216559 -0.138704 0.668091 4278190334
0.534585 0.126663 0.587708 4293848592
-0.042814501 0.114458 0.67582899 4278190334
0.056324799 0.087625302 0.68207502 4278453498
0.33507401 -0.12819999 0.66770202 4283058868
-0.26934999 -0.28220999 0.59143603 4281545675
0.33469701 -0.37486699 0.48227301 4283650987
0.181869 -0.0148955 0.69033003 4279242990
0.039321098 -0.173043 0.65618998 4278256125
0.603181 -0.0621395 0.54485899 4294967040
0.361031 0.145136 0.65873301 4285624717
-0.14655299 -0.0198269 0.68985599 4278782453
-0.308139 0.125007 0.67193198 4282137794
0.28063801 -0.0457009 0.68828398 4280953556
0.235047 -0.17872401 0.65365201 4281216720
0.084776297 -0.183953 0.65067399 4278321916
0.24791799 -0.21532901 0.63510102 4280295646
0.016316401 -0.0413693 0.688829 4278321916
0.412444 -0.023247501 0.66912597 4287598447
0.34055299 0.37242299 0.485212 4284901016
0.38751701 -0.228369 0.61220503 4286545791
0.42728099 0.19768301 0.61590803 4286940537
0.66869599 0.000463139 0.46245 4294967040
0.19318099 0.215487 0.63526303 4279045617
0.44592899 0.230324 0.58804202 4286808955
0.422791 -0.220686 0.60477197 4286677373
0.61276603 0.064504802 0.534477 4294967040
0.249589 0.10773 0.677221 4279900900
0.481085 -0.157087 0.60974097 4288716894
-0.32478601 -0.073081397 0.68214703 4283256241
0.102603 -0.226098 0.62958401 4278848244
0.066520303 -0.38165399 0.479072 4278716662
0.318762 0.146777 0.66375101 4282861495
0.176268 0.138684 0.66814899 4278848244
0.0204517 -0.174869 0.65543097 4278321916
0.0123106 0.31714201 0.55947202 4278190334
0.45478201 -0.017028701 0.653871 4288387939
0.32507199 0.10723 0.674806 4283848360
0.21957301 0.095310897 0.680233 4279374572
0.34927899 0.084716402 0.67616999 4284703643
0.277403 0.0577964 0.68645 4281216720
0.300511 0.406288 0.43371901 4282203585
0.29699501 -0.218399 0.63396901 4280953556
0.33113801 -0.284428 0.58523101 4283782569
-0.18172599 0.26365799 0.60475701 4279966691
0.097050801 0.0203621 0.69007403 4278519289
-0.028455 0.19289801 0.64716101 4278190334
0.083222903 0.251645 0.613033 4278716662
-0.36307901 -0.0588811 0.67838597 4283058868
0.53022999 0.048664499 0.60940301 4292730145
0.29131499 -0.0137024 0.69000399 4281282511
-0.338781 -0.122451 0.66873997 4282466749
0.079650603 0.212908 0.63702297 4278716662
0.080354303 -0.16286001 0.66046399 4278650871
0.238635 -0.000104566 0.69099098 4281150929
0.61886603 0.145448 0.495597 4294967040
0.312262 0.1884 0.647192 4282598331
-0.41519201 -0.117895 0.65257001 4285295762
0.175539 0.0211548 0.69044298 4280361437
0.031916101 -0.071039602 0.68519199 4278387707
-0.017026201 -0.295091 0.57990003 4278190334
0.433696 -0.0081236204 0.66226602 4288256357
0.14029799 -0.155453 0.66239899 4279045617
0.53557801 0.07779 0.60033298 4294967040
0.20119201 -0.22201 0.632465 4279769318
0.28994501 -0.11736 0.67468101 4282137794
-0.303105 -0.27986899 0.592498 4281019347
0.062428098 -0.086137801 0.68197203 4278321916
-0.044658501 -0.196897 0.64495301 4278453498
-0.238645 -0.269191 0.600631 4280098273
0.39157301 -0.228342 0.61122102 4284572061
0.59209299 0.0118315 0.56149203 4294967040
0.36456999 0.35575601 0.501818 4284111524
0.174187 0.046213001 0.68791401 4279506154
0.46978399 0.063546002 0.64209998 4289374804
-0.0515038 -0.098055102 0.67987698 4278321916
0.0634818 -0.0938375 0.68062401 4278387707
-0.0448002 -0.33248401 0.54360801 4278256125
0.43238801 0.104258 0.65013498 4287795820
0.37227899 0.13575201 0.65915602 4284045733
0.117732 0.386888 0.46950999 4278585080
-0.091009296 0.0114949 0.69063401 4278387707
0.181532 0.132807 0.66997498 4279374572
-0.35273799 -0.02692 0.68293601 4285098389
0.060285699 -0.28107899 0.59168702 4278256125
0.390154 0.045790199 0.67331398 4284901016
-0.030814201 0.037739798 0.68889099 4278190334
0.0020824 -0.14023 0.66838902 4278190334
0.31206399 0.14234 0.66567099 4282532540
0.115058 -0.20298199 0.64196497 4279177199
-0.25918201 0.350972 0.52193499 4281019347
0.43545601 0.21604 0.60173303 4288256357
-0.0043522199 -0.075727403 0.68449402 4278190334
-0.022637499 -0.29012099 0.58480698 4278190334
0.388293 -0.0588958 0.67256701 4286545791
-0.034622099 -0.070761301 0.68522102 4278256125
0.29449299 -0.051890198 0.68719298 4281677257
0.48343301 -0.0219393 0.63972199 4290427460
-0.027614599 -0.187295 0.64994401 4278190334
0.11965 -0.0121216 0.690157 4279045617
0.69041902 0.0482633 0.41261601 4294967040
0.106111 -0.138538 0.669101 4278979826
0.36829999 -0.026428901 0.68018001 4285032598
0.032816298 -0.188686 0.64944297 4278387707
0.299945 0.32097599 0.555251 4281940421
0.111018 0.00351421 0.69019699 4278321916
0.51190799 -0.210274 0.56194502 4289901132
0.115286 0.33081499 0.54593301 4278848244
0.552764 0.204604 0.53248501 4292927518
0.22793899 0.259146 0.60800999 4279506154
-0.339129 0.19492599 0.641527 4283585196
0.376551 -0.199654 0.63188702 4285887881
0.209766 -0.211156 0.63773102 4280361437
0.44670099 0.22959401 0.58917302 4288848476
0.48845601 -0.102243 0.62423801 4289769550
0.096184 -0.038812 0.68841201 4278519289
0.50282001 0.20801701 0.56936902 4291611698
0.33963799 -0.25828299 0.60355502 4284572061
-0.27791199 0.068001002 0.68574202 4280295646
0.54719698 -0.058512501 0.595388 4292269608
0.18808401 0.202731 0.64177102 4280098273
-0.122306 -0.062522501 0.68613601 4278650871
0.430188 0.14466099 0.63873398 4287664238
0.024588101 0.050873499 0.68764597 4278190334
0.390118 -0.18971799 0.632357 4284901016
0.38959301 -0.26869899 0.58386201 4286348418
0.410721 0.208389 0.61690599 4287006328
0.364104 -0.16709501 0.648947 4285032598
0.27517399 0.187353 0.649647 4281019347
0.50850201 -0.137878 0.601089 4292795936
0.34888801 0.12593099 0.66706997 4284637852
-0.0477909 0.28519899 0.58870202 4278190334
0.0246953 0.25863999 0.60904801 4278321916
0.079220198 0.0070140902 0.690898 4278387707
0.55989498 0.064975999 0.58548403 4293980174
0.37053099 -0.353295 0.50395501 4284243106
0.0036829701 -0.215312 0.635557 4278190334
0.34758401 0.35445699 0.509323 4282927286
-0.37854201 0.32298201 0.53675002 4283650987
0.40142301 0.272737 0.57623398 4285493135
0.64175099 0.082309797 0.491916 4294967040
0.064755298 -0.076766603 0.68379301 4278387707
0.35375699 0.0363461 0.68236101 4284901016
0.38000801 0.212422 0.62357301 4286019463
0.25322199 0.136207 0.669056 4281743048
0.30488399 -0.117166 0.67424798 4283124659
0.54126 -0.116656 0.58647102 4294967040
0.505409 -0.112065 0.612409 4290295878
0.142214 0.0086530996 0.69020098 4278979826
0.072710998 0.25053701 0.61408502 4278256125
-0.0242703 -0.0140969 0.690521 4278256125
0.44702101 -0.21070001 0.59975702 4286151045
0.428471 -0.019685199 0.66411799 4287401074
0.20896199 0.180815 0.65256602 4279374572
-0.153097 0.090081804 0.680893 4278716662
-0.041641202 0.079243504 0.68370098 4278321916
-0.030090099 0.011572 0.69037801 4278190334
0.28112301 -0.220357 0.633331 4282466749
0.11327 -0.29719201 0.57802302 4278585080
0.32157099 0.159831 0.65875399 4282072003
0.54465902 -0.305574 0.43466601 4294111756
0.187748 0.15691601 0.66246498 4279242990
0.431667 0.172179 0.62722301 4287269492
-0.36168501 -0.024413301 0.68207401 4285295762
-0.0058492199 0.18743099 0.64999199 4278190334
0.36546701 -0.17465401 0.64566398 4284045733
-0.262104 -0.32354501 0.553572 4280624601
-0.084400199 0.109099 0.67732602 4278256125
0.43021801 0.13368 0.64197701 4285690508
0.0448443 -0.322804 0.553931 4278321916
0.66191101 0.172897 0.39928499 4294967040
0.28249401 -0.404102 0.43899 4282729913
0.58162302 0.104943 0.55580801 4294967040
0.310803 -0.297198 0.576895 4281348302
0.46693099 -0.047156699 0.64574999 4289111640
0.096320897 -0.0157305 0.68983197 4278256125
-0.199641 0.035631899 0.68927902 4279242990
0.40455601 0.38804799 0.43079299 4286085254
0.42561501 -0.160824 0.63413602 4287795820
0.34843901 0.0091227004 0.68447202 4282598331
-0.066121504 -0.26509899 0.60452801 4278453498
-0.27007401 0.105659 0.67776102 4280953556
0.413187 -0.37395701 0.45001099 4288190566
0.44776699 -0.081679702 0.64924902 4288848476
-0.18854301 0.0312078 0.689336 4278979826
0.140471 0.152182 0.66363698 4278716662
0.63473099 0.0431992 0.51002401 4294967040
0.28681901 -0.41792801 0.40723601 4281874630
0.32182699 -0.17468099 0.65330201 4283124659
0.28728199 0.29319599 0.58162397 4282993077
-0.34561601 -0.17913599 0.64723998 4283124659
-0.402457 0.072551101 0.66708601 4284572061
-0.240982 -0.16736899 0.657709 4280427228
0.35174099 0.34864599 0.51571298 4285427344
-0.057282802 0.152008 0.664437 4278519289
0.089490801 0.126844 0.67220902 4278387707
0.572218 0.241987 0.479316 4293256473
0.112174 0.20743801 0.63995498 4278585080
0.161982 0.14490899 0.66670001 4279900900
0.268289 -0.13817701 0.66851503 4281282511
0.084901497 0.073398001 0.68408698 4278387707
0.33317 -0.175761 0.65058202 4283453614
0.404185 0.0949248 0.66125 4286480000
-0.35267299 0.0597375 0.67975402 4282861495
0.055091299 0.137839 0.66903001 4278453498
0.189404 0.095969297 0.68040699 4278979826
0.240063 -0.21752 0.63420099 4280756183
0.15411399 0.0453583 0.68831599 4278716662
0.125736 -0.141377 0.66804498 4278848244
0.246911 0.096147202 0.67974102 4281611466
-0.090471096 -0.307695 0.56907898 4278387707
-0.049138099 0.0039811102 0.69030601 4278190334
-0.077734701 -0.0414791 0.68850702 4278190334
0.113784 -0.171487 0.65700299 4278585080
0.59929198 -0.0193268 0.55413997 4294967040
0.57850802 0.26776201 0.44144899 4294967040
0.45618501 -0.0217379 0.65328801 4286940537
0.54460198 0.26796699 0.48491001 4292861727
0.38407001 0.20177799 0.62780702 4284111524
0.040460698 -0.106158 0.67801702 4278256125
0.333671 0.32093999 0.55151701 4282598331
0.101555 0.17724 0.65362102 4279111408
0.45838401 -0.33391801 0.48184699 4287335283
0.59282601 0.172169 0.51100498 4294967040
0.376858 -0.019260701 0.67874599 4285427344
0.259168 -0.28476301 0.58939099 4280887765
0.0135732 0.161286 0.66097802 4278190334
0.31282699 -0.075837098 0.68239498 4283716778
0.30610499 -0.063597202 0.68473101 4282269376
0.59702802 0.158758 0.514494 4294967040
0.142729 0.12596101 0.67263502 4278848244
0.45105699 0.15966401 0.62423998 4290098505
0.304858 0.136921 0.66791397 4283519405
0.115911 -0.41236901 0.42088199 4278453498
0.125144 0.198148 0.64435899 4278387707
-0.20094299 0.201906 0.64213097 4279637736
0.53332198 -0.128272 0.58720601 4292598563
0.45304501 0.0478995 0.652264 4288782685
0.15081701 0.0791592 0.68326002 4279440363
0.51693201 0.28539801 0.49298501 4290032714
0.37682301 -0.19407301 0.63423097 4284901016
0.534908 -0.321789 0.42023501 4293059100
0.34208199 0.28251299 0.58424801 4284308897
0.116872 -0.022957999 0.690009 4278387707
0.281454 0.075512797 0.683842 4282466749
0.52654999 -0.20868599 0.55133098 4290690624
0.178464 -0.119742 0.67445302 4280164064
0.49004301 -0.245158 0.55277997 4292335399
0.38109401 -0.141616 0.65446401 4284243106
0.44214699 0.29574001 0.53754598 4287072119
0.31586701 0.132714 0.66891199 4282664122
-0.112156 0.00040393701 0.690292 4278716662
-0.073530801 -0.35399601 0.51760501 4278387707
0.54124397 0.203509 0.54300201 4293059100
-0.0378027 -0.180676 0.65253901 4278190334
-0.177311 0.070143901 0.68491101 4280295646
0.53518701 0.19534899 0.55349302 4291940653
0.23035499 0.31787699 0.55940503 4280229855
0.064903699 -0.178111 0.65400898 4278519289
0.082102403 0.020899801 0.69009399 4278387707
-0.24715699 -0.34759501 0.52631301 4280295646
0.57196701 -0.159629 0.54170698 4294967040
-0.072829403 -0.18458501 0.65078598 4278321916
0.341919 0.0128606 0.68556601 4282729913
-0.070137501 0.0430451 0.68831801 4278519289
0.35563999 0.195243 0.63868898 4283256241
-0.26079801 0.218208 0.63359201 4280690392
0.31915 -0.22212601 0.629457 4281743048
0.44628701 -0.101507 0.64499402 4289769550
0.47163999 0.0060473802 0.64640301 4290164296
0.0180909 -0.0238392 0.690018 4278190334
0.226165 0.31032401 0.56680101 4279506154
-0.32709599 -0.099266499 0.67661399 4282137794
0.325712 -0.0623204 0.68325502 4282795704
0.20994399 0.088029899 0.68145102 4280229855
0.54583597 -0.31099999 0.42398399 4294177547
0.53484303 0.0120314 0.60935098 4292532772
-0.042164199 0.179487 0.65289599 4278190334
0.59801298 0.123609 0.531196 4294967040
0.0108154 0.14578401 0.665887 4278190334
-0.37888101 -0.246023 0.60394102 4284243106
0.094462901 -0.046831701 0.68801999 4279045617
-0.049111899 -0.0242051 0.68963599 4278190334
-0.035897002 0.023614701 0.69016898 4278190334
0.095734201 -0.15427101 0.66357303 4278848244
0.32697499 0.21458 0.63323402 4284374688
0.198975 -0.301247 0.57416201 4279966691
0.439583 0.121898 0.64278001 4287006328
0.15489499 0.148165 0.66584998 4279045617
0.357811 0.26352 0.59617198 4284440479
0.67357302 0.104427 0.427968 4294967040
0.40792301 0.184499 0.62989998 4286216836
0.23829199 -0.033157799 0.68931299 4279900900
0.33081901 -0.18263499 0.64798498 4284243106
0.43960699 0.135478 0.63815999 4289309013
0.19297101 -0.16994201 0.65711701 4279900900
0.143957 0.0211825 0.68976903 4278585080
0.12203 0.15011901 0.66471797 4279111408
0.42671701 -0.068294503 0.65943402 4288716894
0.032222699 -0.180048 0.65249598 4278256125
0.227938 -0.23090599 0.62686801 4280295646
0.55941999 -0.21440201 0.51857197 4294177547
0.392591 0.150222 0.64872599 4286085254
0.27842 -0.0373253 0.68940198 4282335167
0.438896 0.081952699 0.65203398 4287137910
0.56592399 -0.036199 0.58464903 4294967040
0.211981 0.0310614 0.68922299 4280164064
-0.325587 0.0307131 0.68713897 4282203585
0.21839 -0.161364 0.66068602 4280887765
0.061925702 0.340691 0.53461897 4278519289
0.035613701 0.118434 0.67435902 4278256125
0.041062701 -0.13440099 0.67042798 4278519289
0.62426001 -0.066455498 0.51961398 4294967040
0.56767899 0.247183 0.48066601 4293585428
0.34625599 0.23616099 0.61683702 4283256241
-0.088948101 -0.116115 0.67559499 4278387707
0.243652 0.114607 0.67584598 4279835109
0.135747 0.037533 0.68912202 4279045617
0.50322098 -0.000782241 0.62936002 4291414325
-0.385263 -0.060642701 0.67281097 4283979942
0.034734301 0.402327 0.44195199 4278190334
0.447602 -0.25885499 0.56710398 4287335283
0.0010082599 -0.13273799 0.67034203 4278190334
0.0828624 -0.073312998 0.68480098 4278321916
0.45479199 -0.082119703 0.64623803 4289572177
0.204106 0.237418 0.62269598 4280164064
-0.031766299 0.214444 0.63664103 4278190334
0.0068625198 -0.0289372 0.68909299 4278190334
0.036405198 0.096511602 0.68008 4278190334
0.47636899 -0.157766 0.61195499 4288782685
0.127892 -0.050377298 0.68801302 4279045617
0.243726 -0.015736099 0.68979502 4279769318
0.30650699 0.21898 0.63305199 4281940421
0.204632 -0.120397 0.67432702 4280887765
-0.401362 -0.107574 0.65903598 4285624717
-0.045685001 -0.306752 0.56926203 4278190334
0.31219301 -0.35705599 0.51229101 4281348302
-0.28296199 0.093513697 0.68087399 4280756183
-0.17715999 0.153341 0.66357398 4279111408
0.31382999 0.20579 0.63943499 4283322032
-0.21529099 0.33403701 0.54147202 4279374572
0.46539301 -0.045076899 0.64661503 4289769550
0.18924899 -0.201755 0.64222097 4279242990
-0.172419 -0.33610401 0.54005599 4278848244
-0.051243499 0.25632301 0.60988498 4278256125
0.63033599 0.033938002 0.51799703 4294967040
0.34266701 0.176268 0.64973998 4283190450
-0.28734899 0.184956 0.65047199 4282927286
-0.339717 0.165447 0.65440601 4282664122
0.20962401 -0.161671 0.66003901 4279242990
0.113084 -0.0759179 0.68356103 4278782453
0.27777201 0.200684 0.64323997 4280953556
0.38169101 -0.34684399 0.50750202 4283585196
0.52586198 0.077319503 0.60759097 4292730145
0.50162297 -0.20106 0.57542998 4292203817
0.51061302 0.031597901 0.62390798 4292203817
0.0412683 0.051854499 0.68706203 4278190334
-0.28070101 0.101445 0.67900699 4280624601
0.30370599 -0.0519187 0.68663102 4281414093
0.25341001 0.120875 0.67396998 4281216720
-0.27295601 -0.177937 0.65389103 4281743048
0.12042 -0.151179 0.66430998 4278782453
0.055445299 0.15625501 0.66242701 4278256125
0.035425901 -0.056908101 0.68706399 4278190334
0.0122818 -0.32448199 0.55204099 4278190334
0.59122002 0.19963001 0.493536 4294967040
-0.064738497 0.35578901 0.51640302 4278190334
0.27170101 -0.122271 0.673787 4282269376
0.43039 0.092612498 0.65352601 4286808955
0.17425001 0.138778 0.66824597 4280295646
0.20916601 0.101452 0.67871898 4279835109
-0.41370699 0.17019799 0.63423002 4284703643
0.37786201 0.20209099 0.62958199 4285032598
-0.158903 -0.226951 0.62872201 4278782453
0.073123097 -0.122497 0.67366898 4278716662
0.298163 0.0139078 0.69001102 4281150929
0.34606901 0.055551901 0.68208301 4283519405
0.0551963 -0.087136596 0.68208897 4278387707
0.438667 0.094857097 0.64938903 4286348418
0.34725201 0.32104501 0.54765701 4282269376
0.50713903 0.0044907499 0.62772399 4290690624
0.56957197 -0.13039701 0.557477 4294967040
-0.34090999 0.211704 0.63287199 4282400958
0.508084 -0.0084604397 0.62706101 4290427460
-0.17538901 0.041264299 0.68877399 4280032482
0.026207101 -0.085544899 0.68244499 4278190334
-0.39627701 0.090257503 0.66519701 4284835225
0.374881 0.071910299 0.67371798 4283914151
0.235717 -0.33907399 0.53577101 4280887765
0.52534199 -0.039252099 0.61438501 4290559042
0.17668401 0.286515 0.58697999 4279637736
-0.116549 0.117545 0.674932 4278914035
0.228965 0.102702 0.678792 4279703527
0.00068462302 -0.26272401 0.60526299 4278190334
-0.096062198 0.13121399 0.67105198 4278453498
0.34101501 0.41284201 0.40741101 4282466749
-0.0151956 0.133644 0.66987699 4278190334
0.30696699 0.37220201 0.49172199 4281414093
-0.070864998 -0.29548499 0.58012199 4278256125
0.30155599 -0.124557 0.67259198 4281874630
0.46292999 0.219199 0.58768201 4287598447
-0.249677 0.11374 0.67557198 4281743048
0.58584398 -0.044808801 0.565534 4294967040
0.131485 0.191489 0.64815998 4279242990
0.52674103 0.037548799 0.61371797 4293914383
0.0179173 -0.27244499 0.59854901 4278190334
0.073335901 0.090547703 0.68141103 4278716662
0.496627 -0.174861 0.59219098 4289309013
0.247346 -0.228488 0.627639 4280887765
0.43100801 0.171812 0.62683201 4286348418
0.33652601 0.0534399 0.68328899 4282861495
0.063287601 0.084869698 0.68203199 4278256125
0.41710901 -0.14594001 0.643161 4287993193
0.25160399 0.096790902 0.67971498 4281479884
0.0053590699 -0.338714 0.53744501 4278256125
0.30622199 0.00119789 0.68928897 4282993077
0.37717301 -0.126063 0.66051602 4284901016
0.113642 0.32282999 0.55365598 4278782453
-0.18013 -0.102681 0.67859101 4279440363
-0.0086367 -0.0291354 0.689776 4278190334
-0.081227697 -0.061615001 0.68615001 4278256125
0.288726 -0.038706101 0.68867803 4281414093
-0.25749299 -0.234089 0.62528598 4280427228
0.369192 0.131639 0.66097599 4283914151
0.310781 -0.020834001 0.68922502 4283387823
0.480257 -0.247246 0.55747402 4291019579
0.417981 0.047825299 0.66504002 4288519521
0.19903 0.19730601 0.64525902 4280032482
-0.32306501 -0.095310703 0.67812699 4283387823
0.441165 0.17350601 0.62197298 4288058984
0.56451398 -0.114564 0.56760901 4294177547
-0.33603099 0.29184201 0.577609 4283453614
0.29467499 0.21761499 0.63354897 4281479884
0.170378 -0.0118916 0.69061399 4280229855
0.292092 -0.0429275 0.68857998 4282927286
-0.21980301 0.30653 0.56937599 4280690392
0.15354601 0.21953499 0.63365 4278914035
0.322182 0.176863 0.65219897 4282598331
0.34741899 -0.108863 0.67198098 4283387823
0.150647 -0.26929301 0.60066903 4279111408
0.075868197 -0.22781 0.62845099 4278848244
-0.021639099 0.35941601 0.51100397 4278321916
0.20315801 0.101974 0.67876601 4279769318
0.37473801 -0.20934699 0.62632602 4283979942
0.038308699 0.28679001 0.58743799 4278190334
0.21247301 -0.101015 0.67934299 4280032482
0.18107601 -0.227841 0.62830198 4279571945
0.46789399 -0.0634517 0.64303398 4290887997
0.33900899 -0.0521724 0.68299401 4284374688
0.53601801 0.220009 0.53539503 4292993309
0.448589 -0.0684129 0.65141898 4287993193
0.67886603 -0.14468201 0.38492301 4294967040
0.383017 -0.048222501 0.67488903 4284111524
-0.378149 0.211248 0.625319 4285756299
0.44075799 -0.149744 0.63192499 4287927402
0.10888 -0.29964101 0.57618999 4278387707
0.309843 -0.00999361 0.68883801 4283519405
0.46384901 0.24103899 0.57189697 4287993193
0.338101 0.18723699 0.64472598 4282861495
0.38798201 0.31337401 0.54344302 4287072119
0.13588101 -0.090775304 0.680911 4278716662
0.113569 0.14484 0.666538 4278782453
0.381928 0.27475399 0.58090502 4284045733
0.35993901 -0.216584 0.62592697 4284572061
0.16742601 0.292191 0.58315003 4280032482
0.314114 -0.022425899 0.68797898 4281940421
0.434466 -0.185472 0.618999 4287203701
0.062293701 -0.165098 0.65913397 4278321916
0.30397299 -0.245038 0.61648399 4282006212
0.12588499 -0.22256801 0.63197601 4279177199
0.415943 -0.139148 0.64527899 4285822090
0.099557199 -0.136411 0.66908097 4278914035
0.46863499 0.233891 0.57429898 4287335283
0.17656 -0.180198 0.65323597 4279835109
0.36301401 -0.0755236 0.67632103 4284703643
0.55880201 -0.18406101 0.53962702 4293190682
0.0850325 -0.030855799 0.68912899 4278650871
-0.056230001 -0.0166864 0.68975401 4278190334
0.448654 0.305105 0.52316803 4287927402
0.101929 -0.00414391 0.69040501 4278256125
-0.350954 0.224114 0.62350899 4285229971
0.13738699 0.187774 0.64921898 4279571945
-0.0069424901 0.096603401 0.679811 4278190334
-0.244818 -0.097953901 0.679277 4280756183
-0.352429 -0.117754 0.66858 4282927286
-0.40489599 0.087329403 0.66316998 4286151045
0.355335 -0.178308 0.646779 4283716778
0.212953 -0.033482298 0.689403 4281085138
-0.43456101 -0.0432726 0.66006702 4285822090
-0.32760099 -0.344071 0.52631497 4282664122
0.297297 0.300625 0.57484198 4282795704
0.263625 0.18306801 0.65151602 4280690392
0.59433699 -0.194116 0.493972 4294967040
-0.17418 -0.090726599 0.68153 4279900900
-0.144399 0.114839 0.675547 4279242990
0.023707099 -0.25890699 0.608033 4278190334
0.54408199 -0.10662 0.587376 4294309129
0.28047901 0.14830001 0.66551101 4282269376
0.102173 -0.313743 0.56256598 4278453498
-0.27279401 -0.155194 0.662947 4281282511
-0.077186197 0.096571103 0.68034798 4278190334
0.37746099 0.15505201 0.65082699 4283453614
-0.1473 0.122295 0.67391002 4279637736
0.0383907 -0.130896 0.67074198 4278256125
-0.00615199 -0.0171964 0.69019002 4278256125
0.54940802 -0.20533299 0.53470999 4293914383
0.167759 -0.0153959 0.68983299 4278979826
0.38562199 0.30717301 0.55129099 4286085254
0.30364999 0.247252 0.61509597 4283453614
-0.333179 0.071029797 0.681494 4283058868
-0.036951501 0.0307124 0.68946803 4278190334
0.367405 -0.301431 0.56290901 4285229971
0.392039 0.26886201 0.58228898 4283979942
-0.0146445 -0.30538699 0.571154 4278190334
0.061482199 0.114283 0.67582399 4278256125
0.39474699 -0.040612198 0.673361 4285887881
-0.147168 0.0234628 0.69032001 4279111408
-0.271281 0.159752 0.66086102 4281216720
0.43047199 0.259505 0.57535601 4288256357
-0.145298 0.167964 0.65823901 4279111408
0.23367099 -0.40158001 0.44407901 4279966691
0.29560599 -0.121348 0.67317599 4282729913
0.190185 0.188024 0.64903998 4278979826
0.34239399 0.29985899 0.56963098 4284177315
0.24568699 0.12692501 0.67171502 4280493019
0.46231401 0.19885901 0.59937203 4289111640
0.50371599 -0.134736 0.60542798 4290164296
-0.14925399 -0.104493 0.67860502 4278979826
-0.35491499 0.104328 0.671 4284506270
0.28014699 0.22616801 0.62945199 4281216720
-0.023607399 -0.212208 0.63785702 4278190334
0.478769 -0.1205 0.62432402 4291216952
-0.388329 -0.194097 0.63130897 4287072119
0.0976464 0.172986 0.65557301 4279045617
0.20789 -0.105021 0.67768002 4279506154
0.31644401 0.141271 0.66598099 4281677257
0.256239 0.28319201 0.59051698 4280164064
-0.070596799 0.21998 0.633111 4278519289
0.282372 -0.0588356 0.68680698 4281611466
-0.41433299 0.139441 0.645859 4284637852
0.25187799 -0.21105 0.63757402 4280098273
0.48310199 0.122359 0.62217999 4289309013
0.43728501 -0.0225624 0.66018897 4286216836
-0.105409 0.373703 0.49085701 4278519289
0.48122001 -0.00184533 0.64222598 4289111640
0.0162804 0.0043070898 0.69006598 4278190334
0.28306299 -0.089435101 0.68171698 4281545675
0.50845402 -0.0136139 0.62601799 4291611698
0.214542 0.176475 0.65438402 4279966691
0.023240101 -0.14608701 0.66589397 4278256125
0.29339299 0.195796 0.64557499 4281414093
0.27250499 0.2089 0.63856202 4281808839
0.087695204 -0.19622 0.64568502 4278585080
0.32833201 -0.077075399 0.68105298 4282927286
0.066551097 0.033444699 0.68902802 4278387707
-0.32947901 -0.33357099 0.53876603 4281808839
0.117079 0.284787 0.58931202 4279242990
-0.27089101 0.32146901 0.55577201 4280690392
0.37840399 0.066049397 0.67373598 4283585196
0.59743398 -0.283068 0.38092601 4294967040
0.42652899 0.133549 0.64404601 4289045849
-0.26219401 0.28703201 0.58766299 4279966691
0.113407 0.00459531 0.69072503 4278387707
0.21339799 0.25069201 0.61441499 4279900900
0.338099 -0.090458304 0.67750102 4284177315
0.42417201 0.34496599 0.49037099 4285558926
0.417541 0.0068776701 0.66787201 4288519521
0.46116599 0.138565 0.62686503 4290295878
0.179998 0.17859299 0.653346 4279769318
0.29204899 -0.0115136 0.68983603 4281348302
0.167262 0.154356 0.66366601 4278979826
0.091660202 0.31202599 0.56452399 4278650871
0.31659001 -0.046084002 0.686759 4283782569
0.033056099 -0.049934398 0.68728298 4278190334
-0.037806001 -0.085114501 0.68256497 4278190334
-0.20825399 0.0704749 0.684551 4279637736
-0.075424403 0.278465 0.5941 4278190334
0.500314 -0.222496 0.56251198 4289637968
-0.39508501 -0.13458 0.65380698 4286019463
0.42008299 0.12765799 0.64748698 4286874746
-0.120387 0.102482 0.67849702 4278387707
0.40395999 0.084961899 0.66429597 4286085254
0.086454198 0.031352099 0.68893301 4278716662
0.45215699 -0.174577 0.61661798 4288256357
0.304775 -0.0027516701 0.69001001 4282269376
0.038295701 -0.248 0.61570698 4278190334
0.45438299 0.090884 0.643677 4286677373
-0.33236799 0.0089120604 0.68707699 4283650987
0.113704 -0.16690101 0.65809298 4278453498
0.0075311698 -0.0064961002 0.69027799 4278190334
0.35186899 0.199086 0.63669097 4283782569
0.40867499 -0.22243699 0.60876 4285690508
-0.38633901 -0.089984998 0.668033 4283979942
-0.035430498 -0.0538757 0.68749797 4278190334
-0.348625 -0.071511596 0.679075 4282598331
0.0357573 -0.134103 0.67050201 4278190334
0.565283 -0.075923003 0.577802 4294967040
0.151002 0.38672501 0.47032201 4279440363
0.496631 0.136379 0.60917503 4290361669
0.33423001 -0.066247001 0.68161899 4283716778
0.446244 -0.127042 0.63741201 4289243222
0.43939099 -0.15703499 0.63028902 4286940537
0.29857901 -0.354518 0.51624697 4282203585
-0.20935801 0.063522898 0.68618101 4279374572
0.078183196 -0.0016993 0.69060397 4278650871
0.37549099 -0.17262299 0.64482498 4285032598
0.086920403 0.235763 0.62332702 4278387707
0.35426101 0.077287599 0.67673802 4284506270
0.461781 -0.053035598 0.64813602 4288519521
-0.076712802 0.0455781 0.68819302 4278256125
-0.059693798 0.40529799 0.43585101 4278256125
-0.0020325 -0.213052 0.636693 4278190335
0.29041901 -0.21084701 0.63767099 4281611466
-0.35843599 0.26354301 0.59590697 4283519405
0.622962 -0.0574474 0.52241701 4294967040
0.10681 -0.083117001 0.68284601 4278716662
-0.23315001 0.25243199 0.61259001 4280690392
0.353764 -0.123037 0.66621798 4285361553
0.047359299 -0.118703 0.67477399 4278190334
0.110387 -0.0485394 0.68836099 4278519289
0.50752598 0.064746 0.62172598 4291151161
0.45272201 -0.058094401 0.651227 4287203701
-0.22365899 0.0075413501 0.69002903 4279769318
0.047383402 0.116844 0.67458099 4278190334
0.127295 -0.19441999 0.646622 4279111408
-0.26193899 -0.25502101 0.61085999 4282137794
0.62342203 -0.104253 0.50932902 4294967040
0.072469696 -0.022532299 0.69019598 4278585080
0.42195699 -0.19347601 0.62016702 4287269492
0.54136801 0.18357199 0.55592501 4293848592
0.37773901 -0.105114 0.66601402 4286414209
0.20119999 0.093057103 0.68048 4279966691
-0.0276359 0.233472 0.62505901 4278190334
0.32537699 -0.18415201 0.64867598 4282137794
-0.094955698 -0.139744 0.66857803 4278453498
0.070253402 0.426395 0.38301301 4278256125
0.055428501 0.13584401 0.66988802 4278321916
0.44213 0.12949499 0.63868099 4288980058
-0.154918 0.29206899 0.58338398 4279177199
0.30359599 0.194526 0.64546603 4281479884
0.12051 -0.0090964502 0.69034499 4278387707
0.49340299 0.086424097 0.62617397 4290032714
0.42262101 -0.0234413 0.66614997 4288651103
-0.0074197901 0.128564 0.67201 4278190334
0.31901899 0.232262 0.62325501 4281611466
0.25303301 -0.21376599 0.63656801 4280361437
0.164801 -0.182099 0.65223098 4279835109
-0.349406 -0.061387401 0.68041098 4282335167
0.17601299 0.104819 0.67762101 4279308781
0.14843699 0.00109285 0.69003201 4278716662
-0.14890701 -0.096625701 0.68032002 4278585080
0.39614499 0.0679271 0.66926301 4286545791
-0.0089040101 -0.209253 0.63936102 4278190334
0.192632 -0.020196199 0.69000798 4279637736
0.097170599 0.0253154 0.68997902 4279045617
0.36560899 -0.038881499 0.68046498 4283585196
-0.058353599 -0.0129916 0.69077802 4278256125
0.374055 0.315456 0.54712403 4283650987
0.114296 -0.27287599 0.59817398 4278914035
-0.177008 -0.28289601 0.59103799 4278914035
-0.0070041898 0.00042229 0.69064802 4278190334
0.47652099 0.29270101 0.518435 4289637968
0.54662102 0.021660799 0.60093802 4294967040
-0.22134 -0.267959 0.60153902 4279637736
-0.361099 -0.27958101 0.58341402 4284177315
0.45619699 0.21038 0.596578 4287795820
0.190116 -0.264985 0.60438001 4279045617
0.32763699 0.101911 0.675529 4282269376
-0.29019701 -0.17012499 0.65736502 4281348302
0.040258098 0.176723 0.65430802 4278453498
0.31234899 -0.147615 0.663885 4282400958
0.28858 0.22374199 0.63031697 4281874630
-0.0142515 -0.380005 0.481177 4278321916
0.34632 -0.111496 0.67096901 4283519405
-0.099306703 0.32341301 0.55368698 4278914035
0.39791399 0.113475 0.65883303 4286085254
0.087631598 0.126378 0.67229003 4278979826
-0.369115 -0.22816201 0.61717999 4283716778
0.50583702 0.25097701 0.53618401 4292664354
0.098403402 0.21472199 0.63603503 4279045617
-0.29411399 0.0107225 0.69043201 4282072003
-0.0332365 -0.117215 0.67456001 4278190334
0.15497801 -0.13824899 0.66832399 4278979826
0.066956602 0.027877901 0.68955302 4278453498
0.192444 -0.171699 0.65681797 4280427228
0.200268 -0.207545 0.63975197 4279242990
0.66869497 0.020476 0.461429 4294967040
-0.21383201 0.020657601 0.69026202 4280098273
0.25687501 -0.0463419 0.68804199 4280756183
0.096675597 0.098758303 0.67971402 4278387707
0.40088299 0.295654 0.55713898 4284703643
0.453363 -0.167979 0.61903799 4286940537
0.101116 0.109935 0.67727 4278585080
0.61616498 -0.140894 0.50075001 4294967040
-0.37443 -0.00137567 0.68001503 4284769434
0.180327 -0.28998399 0.58433002 4279308781
0.29941601 0.16150101 0.65985 4283124659
0.171753 0.0087780301 0.69010699 4279242990
0.177431 0.085791402 0.681898 4278914035
0.0088077504 -0.111405 0.67650199 4278256125
-0.0076325801 0.142287 0.667678 4278190334
-0.0154855 0.0512986 0.68743497 4278190334
0.171194 -0.38648701 0.47135201 4279177199
-0.35062599 -0.161305 0.653714 4284506270
-0.237627 0.164969 0.65909499 4280427228
0.43609199 -0.30781201 0.52839202 4287730029
-0.48575699 -0.032831099 0.63809001 4289177431
0.17328499 -0.183332 0.65094799 4279966691
-0.035452198 -0.161221 0.66109502 4278190334
-0.089195497 0.0245497 0.689578 4278256125
0.067238301 -0.102296 0.67850298 4278321916
0.45295501 -0.393482 0.36970901 4289111640
0.413091 0.0990199 0.65782797 4285624717
0.089990899 0.13668101 0.66897798 4278914035
0.29558399 -0.124752 0.671969 4282795704
0.405855 -0.095358901 0.66168499 4286545791
0.153824 -0.16601101 0.65893799 4279045617
-0.30703601 -0.34167099 0.53207701 4281874630
-0.046627801 -0.30871999 0.56773001 4278256125
0.058970898 0.353627 0.51887602 4278321916
-0.22605699 -0.24762399 0.61682898 4279769318
0.364683 0.31062499 0.55419499 4285295762
0.066343397 0.00882746 0.690449 4278519289
0.36146399 -0.207229 0.63124901 4283387823
0.034540299 0.35524401 0.51715201 4278256125
0.280689 0.226163 0.629749 4282006212
0.43188199 -0.144375 0.63728398 4286545791
0.31571701 -0.019837899 0.68822402 4282729913
-0.24317101 -0.135361 0.66934103 4280821974
-0.118677 0.054134801 0.68737102 4278848244
0.35196799 0.097826503 0.67347401 4283914151
0.40948799 0.177112 0.63217098 4285887881
-0.34490499 0.241523 0.61410999 4284572061
0.045375202 0.26516399 0.60457301 4278387707
0.21750399 0.237352 0.623312 4280295646
0.31244999 -0.161671 0.65903598 4282729913
0.34456301 -0.053168401 0.681961 4282664122
0.153782 -0.120344 0.67391801 4279506154
0.53948498 0.210769 0.53969598 4294967040
0.44643399 0.057851002 0.65314603 4288519521
0.26300201 -0.35344401 0.51922101 4281150929
0.083382897 0.081763402 0.68292898 4278256125
0.231828 -0.17101701 0.65655398 4281150929
0.20224699 -0.286396 0.58744502 4280558810
0.27482799 -0.15236101 0.663854 4281150929
0.13341799 0.299651 0.57590199 4279177199
0.369847 -0.131687 0.660469 4283453614
0.0704199 0.17852201 0.653983 4278190334
0.47844601 0.0818353 0.63430399 4289506386
0.122914 0.28672501 0.58780998 4278716662
0.22260299 -0.062495299 0.68651098 4281019347
-0.35818899 -0.28236601 0.581366 4285690508
-0.0150977 0.14272401 0.667566 4278190334
0.16603801 0.222995 0.63165402 4279835109
-0.15415999 -0.341481 0.53362697 4278716662
0.197566 0.097261302 0.67993498 4280164064
0.223996 0.15349799 0.66400301 4281019347
0.54338098 0.20656601 0.53845698 4292795936
0.023344301 0.0911709 0.68082899 4278256125
0.46153399 0.0339703 0.649526 4289769550
0.32543901 0.29073 0.58065802 4281940421
-0.14124 -0.044049598 0.68810397 4279242990
0.18141501 0.020101599 0.69027102 4279308781
0.237738 0.153644 0.66313899 4281479884
-0.255124 -0.17806201 0.654145 4280690392
0.42819801 -0.040631801 0.66272402 4287401074
0.151703 -0.41647401 0.40995699 4279111408
0.284298 -0.111189 0.67604601 4282729913
0.104886 0.102627 0.67822301 4278650871
0.329097 0.33708301 0.53353798 4283387823
0.21189401 -0.223306 0.63066602 4279966691
-0.021828899 -0.41569501 0.41352499 4278256125
0.130156 0.121272 0.67384398 4278848244
0.30797499 0.0503501 0.68626201 4283782569
0.28138199 0.190478 0.64831501 4282335167
0.47532699 -0.066077404 0.639687 4290032714
0.321412 -0.036193401 0.68670702 4284308897
0.28823999 0.027813399 0.68943298 4282203585
-0.422746 0.0054188701 0.665977 4285624717
-0.027091701 -0.068700299 0.68535501 4278190334
-0.206663 -0.0154665 0.690144 4279966691
0.325665 0.072454102 0.68157703 4283716778
0.075145997 -0.366074 0.50174701 4278321916
0.17566501 0.282444 0.59120399 4278782453
0.24402601 -0.0042512198 0.69067901 4280690392
0.49118799 -0.17440601 0.59619498 4292730145
-0.16938201 0.016103501 0.68993598 4279242990
0.38349 -0.22590099 0.61510998 4286282627
0.52819401 -0.025567001 0.612818 4294572293
0.39081401 -0.33157101 0.52263403 4284637852
0.14048401 -0.15742899 0.66158199 4278914035
0.30268499 -0.41532099 0.41255599 4282072003
-0.0250357 -0.057110801 0.68666101 4278190334
-0.0276962 0.33820501 0.53678101 4278256125
0.0873596 -0.144905 0.66703898 4278321916
0.46774799 -0.0647282 0.64262903 4287993193
0.110417 0.090633102 0.68103403 4278387707
0.65861702 0.074435502 0.46785399 4294967040
0.241835 0.349287 0.52473003 4280361437
0.36335599 -0.102498 0.67041802 4284177315
0.45751899 0.097064704 0.64189899 4288190566
0.059858501 -0.172177 0.65612298 4278321916
0.013809 0.019989399 0.69025898 4278321916
0.43681201 -0.29393601 0.54146898 4288190566
0.36821601 -0.073821202 0.675345 4284703643
-0.085081503 0.29353601 0.58141202 4278519289
-0.084127903 0.079251401 0.68358302 4278387707
-0.28035501 0.0996131 0.679362 4281479884
0.040277999 0.0128683 0.69049901 4278453498
0.144702 -0.098372102 0.67976999 4278979826
-0.0090638502 -0.0234157 0.690377 4278190334
-0.30539501 -0.28224301 0.58999699 4281940421
0.154048 0.040831499 0.68838501 4278782453
0.355344 0.113579 0.66868699 4284440479
0.29189301 0.226108 0.62919599 4282466749
0.65208501 -0.155422 0.436647 4294967040
0.364557 0.39095899 0.44468001 4284308897
-0.016231701 0.0194593 0.69051898 4278190334
-0.31205299 0.0480593 0.68630701 4281611466
0.43114799 0.220439 0.60110497 4285822090
-0.31732401 -0.085167602 0.680345 4281677257
0.494037 -0.238204 0.55525202 4291611698
0.379015 0.16974699 0.64437902 4283453614
0.48820001 0.071523897 0.63119602 4291743280
0.225815 0.16573399 0.65895998 4280821974
-0.223352 0.182616 0.65124702 4280098273
-0.208542 0.39955601 0.447422 4280229855
0.331166 -0.175724 0.65182 4283058868
0.279448 0.308213 0.56887603 4281874630
-0.0029540299 0.018294601 0.68984997 4278256125
0.30111301 0.33269799 0.54211801 4281085138
0.36105001 -0.0894683 0.67320698 4285164180
0.419613 0.16501699 0.63452703 4288716894
-0.20826399 0.16595399 0.65833598 4279308781
-0.24455699 0.28886399 0.58497697 4280821974
0.51665902 0.047454201 0.61926597 4293322264
0.19924399 0.127543 0.67249501 4280229855
0.25086001 -0.339719 0.53635597 4280032482
0.36633 0.1048 0.66896498 4284440479
0.35200599 0.059206001 0.68001199 4284966807
0.25175101 0.201395 0.64262903 4282006212
0.32308701 0.073230498 0.681952 4283124659
0.131237 0.067159101 0.68536001 4278387707
0.088319302 0.163141 0.65973902 4278321916
-0.167579 -0.235927 0.623739 4280098273
0.34969601 0.013911 0.68426901 4282400958
0.0126339 -0.163174 0.65974897 4278321916
0.459784 -0.26989701 0.55087602 4287466865
-0.30767399 -0.298152 0.57586598 4282269376
0.47340399 0.100478 0.63294601 4288190566
0.39834201 -0.17650899 0.63665497 4285098389
-0.0382534 0.043065298 0.68874502 4278190334
-0.071759298 -0.382898 0.47714701 4278256125
-0.302077 -0.13571 0.66841799 4281216720
-0.226616 0.12928499 0.67127299 4279835109
0.35608199 -0.26597199 0.59450799 4285361553
-0.0146181 0.045609999 0.68844801 4278190334
0.50694001 0.00828104 0.62789798 4289506386
0.177646 0.0779806 0.68370497 4278782453
0.68286902 0.111535 0.40037099 4294967040
0.222693 -0.183578 0.65137303 4279703527
-0.031901699 0.096612997 0.67961103 4278256125
0.55377001 -0.20140301 0.53360403 4293190682
0.190695 0.053906798 0.68678498 4279111408
0.29398599 -0.087812297 0.68179899 4282203585
0.46202299 0.089651898 0.64133298 4288387939
0.368729 -0.153286 0.65315098 4283387823
0.40236101 0.185986 0.63060701 4286677373
0.38807201 0.143811 0.65185899 4285032598
0.233374 0.020657299 0.69041699 4280229855
0.31150299 -0.42112201 0.395244 4282006212
0.233155 -0.066198401 0.68604398 4279703527
0.42089 0.095645599 0.656627 4285690508
0.088627502 0.090942301 0.68096799 4278453498
0.25986499 -0.015998799 0.69009501 4280493019
0.396238 -0.171776 0.63880402 4286019463
-0.188714 0.0158957 0.68999702 4280558810
0.40189099 0.130559 0.65246999 4286611582
0.49747401 -0.0367481 0.63144702 4289637968
0.27854401 -0.32512301 0.55156499 4281348302
-0.43816099 -0.0381709 0.65900999 4288058984
0.125727 -0.194195 0.64683998 4279111408
-0.00381565 -0.080241501 0.68298602 4278190334
0.48762801 0.00699487 0.63886702 4289637968
0.47913501 -0.084722698 0.63386202 4288322148
0.075079396 0.34760401 0.52666301 4278321916
0.49557799 -0.074143603 0.62689197 4290032714
-0.170881 0.19634201 0.64586997 4278782453
-0.14369901 0.046755798 0.688308 4278585080
0.044115599 0.19468001 0.646415 4278190334
-0.232014 -0.36278999 0.50755501 4279571945
0.36688101 0.13939799 0.65907103 4283650987
0.120006 -0.026709599 0.69002002 4278585080
0.108219 0.127882 0.67174 4278585080
0.14056 0.055148099 0.68708599 4278848244
-0.216778 -0.246529 0.61738199 4279374572
0.26568499 0.19294301 0.646613 4280887765
-0.150355 0.27820101 0.59360403 4279835109
0.39627701 0.0434811 0.67283601 4284177315
0.202969 0.00388026 0.69027501 4280427228
0.57992399 0.16630401 0.52963901 4293782801
-0.00127526 0.29126799 0.58302599 4278190334
0.31050101 0.243045 0.61731201 4283387823
-0.232595 0.28325 0.59024698 4280098273
0.34129101 0.146687 0.66069299 4284966807
0.24212299 0.26249999 0.60654199 4280295646
0.0255388 0.088191301 0.68198597 4278190334
0.076250903 0.20111001 0.64351797 4278387707
0.0143704 -0.119364 0.67392498 4278190334
0.52175999 -0.049580701 0.61493802 4293322264
0.13797501 -0.0248546 0.68971801 4278716662
0.46505299 0.048098698 0.64705199 4290230087
0.348133 -0.40604299 0.421038 4284045733
0.21204001 -0.025538901 0.68967199 4279308781
0.47555399 0.32973099 0.47455901 4289703759
0.213515 0.27834901 0.59391201 4280427228
0.290562 0.16468 0.65909702 4281479884
0.132534 -0.154846 0.663463 4278585080
0.215762 0.203998 0.64173502 4280427228
0.37953299 0.0443023 0.67608899 4284769434
0.129517 0.071016803 0.684515 4278716662
0.21931399 0.22203401 0.63202101 4280032482
0.0326683 0.033260301 0.689659 4278256125
0.400819 0.33917499 0.50912601 4287532656
0.42613801 -0.0221125 0.66500098 4289045849
0.046108801 0.078171097 0.683617 4278585080
0.444691 0.087877303 0.64894003 4287269492
-0.067218304 0.121669 0.67410898 4278453498
0.60442299 -0.0393923 0.54795998 4294967040
-0.068944998 -0.38783699 0.46855599 4278256125
0.171012 -0.00177431 0.69076103 4279177199
0.024112601 -0.093051001 0.68052202 4278387707
0.340958 -0.018758301 0.68600601 4284769434
0.079967096 0.0798757 0.682899 4278321916
-0.063281 0.0373202 0.68930101 4278256125
-0.0071524698 -0.082834601 0.68330598 4278190334
0.28532401 -0.39190999 0.46075299 4282203585
0.46124199 -0.041227099 0.64975297 4289506386
0.00151086 -0.103551 0.67843401 4278190334
0.47804901 0.29279801 0.51731598 4290230087
-0.068286099 0.059637502 0.68666101 4278321916
-0.31089401 -0.15120301 0.66296202 4281611466
-0.085632898 -0.38108 0.47889099 4278321916
-0.093523704 0.15693299 0.66251802 4278256125
0.354238 -0.151567 0.65695 4282598331
0.249662 0.092542097 0.68042302 4280690392
0.26506901 0.18443 0.65042299 4280229855
0.53747702 0.181519 0.559201 4291743280
-0.106995 0.40448701 0.43719 4278387707
0.52271801 -0.237249 0.534558 4292927518
0.427818 -0.38300601 0.423334 4287203701
-0.43715101 0.14424799 0.63605201 4285822090
0.30196199 0.328789 0.54691899 4282927286
0.367277 -0.093993202 0.67105401 4284966807
-0.058432002 -0.196449 0.64533597 4278190334
0.40289 0.159688 0.64216 4286282627
0.15927599 0.15049499 0.664873 4279374572
0.12548099 0.155433 0.66327298 4278453498
0.226226 -0.030114099 0.68927401 4281282511
-0.111634 0.116886 0.67485702 4279177199
0.162964 0.095690101 0.68054497 4278782453
-0.317642 0.131153 0.66884601 4282993077
0.25881201 0.20412301 0.64137203 4281414093
0.50532502 0.27005401 0.51876402 4291480116
-0.225292 0.0178908 0.690207 4279769318
0.29161599 0.13646001 0.66878301 4282598331
-0.111631 -0.124526 0.67338198 4278453498
0.63507098 0.184925 0.44213 4294967040
0.248348 0.128499 0.67149597 4280361437
0.051013 -0.178537 0.65374899 4278190334
0.19698299 -0.0024465199 0.69005603 4279966691
0.119578 0.15763099 0.66157198 4278519289
0.0186598 0.00687944 0.690108 4278190334
-0.0638301 0.15821899 0.66128898 4278190334
0.119757 -0.15230601 0.66374898 4278519289
0.42180499 0.0913928 0.65719301 4286743164
0.020251401 -0.050583702 0.68779403 4278190334
-0.32206601 0.0078175096 0.687841 4281940421
0.344446 -0.0129163 0.68513 4284769434
-0.3351 0.19944701 0.63952303 4283453614
-0.021121301 0.173219 0.65586299 4278190334
0.45657301 -0.028584501 0.65222299 4287927402
0.36257601 0.29162601 0.57247299 4283058868
0.20721801 -0.073762901 0.68468302 4280427228
-0.194747 0.016724899 0.690597 4280690392
-0.27918699 0.082956702 0.68294901 4280690392
0.134151 -0.35856 0.51260501 4279111408
0.315817 -0.225335 0.62790698 4283453614
0.34813601 0.155892 0.65696198 4284637852
0.68554902 0.0136017 0.430612 4294967040
0.39045101 -0.198366 0.62798703 4283848360
0.120322 -0.207444 0.63932198 4278914035
0.400305 -0.25776699 0.58819598 4286545791
0.208514 0.274802 0.59695601 4280756183
0.15360799 -0.057639401 0.68726099 4278848244
0.245896 0.044624101 0.68863499 4280427228
0.087658301 0.100866 0.67915303 4278519289
0.43946099 0.231333 0.59089398 4286545791
0.395538 0.23285501 0.60662198 4284374688
-0.16564199 -0.15625501 0.662754 4279966691
0.38159999 0.39655301 0.427167 4284637852
0.56094497 0.162424 0.550381 4294835457
0.491972 0.13644201 0.61165297 4292203817
0.393641 0.164974 0.64229101 4284901016
0.44025001 -0.121024 0.64220703 4287269492
0.142075 0.25076699 0.613855 4279242990
-0.40830201 0.109055 0.65690702 4284769434
-0.44292599 -0.1653 0.624578 4286085254
-0.19119599 -0.21900401 0.63318902 4279835109
0.130345 0.15106 0.66429901 4279440363
0.090337299 0.12174 0.67409098 4278387707
0.22297201 -0.223869 0.63054699 4280821974
0.142718 -0.1543 0.66291499 4279571945
0.0690194 -0.122254 0.67362797 4278256125
-0.162549 0.0020643801 0.69017601 4278782453
0.248464 0.34716499 0.52637303 4280493019
0.360246 0.14940099 0.65676498 4284243106
-0.317792 -0.193483 0.6451 4281874630
0.0529566 -0.32359099 0.55385202 4278190334
0.47023699 0.110877 0.63214701 4288651103
0.0047349301 0.18271101 0.65203398 4278256125
0.16040801 -0.177605 0.65359199 4279571945
0.20966899 -0.237959 0.62247801 4280032482
0.53519201 -0.230946 0.52874601 4292664354
0.285061 0.090344399 0.68159002 4282203585
0.088488899 -0.0580712 0.68686098 4278321916
0.21148901 -0.180364 0.65325999 4279769318
0.68105 -0.157244 0.362892 4294967040
-0.357784 -0.186712 0.64185601 4282598331
0.153422 0.321006 0.55517399 4278914035
0.22641701 -0.11963 0.67384499 4279835109
0.26756999 -0.177844 0.65347099 4280427228
-0.037151799 -0.105815 0.67745 4278256125
0.22203299 -0.303628 0.57237101 4279571945
0.392995 -0.0058100498 0.67521399 4286348418
0.51085001 -0.087259904 0.61588198 4289901132
0.22948299 0.063066699 0.68654299 4280229855
0.464311 -0.36985701 0.415977 4287927402
0.303455 -0.26918 0.60046703 4281677257
-0.063670203 0.136353 0.66943502 4278256125
0.346928 -0.175303 0.64925402 4284177315
-0.259469 0.13957401 0.66825199 4280295646
0.517636 0.24604 0.53147298 4291809071
0.28651601 -0.141397 0.66764301 4281479884
0.230921 -0.42889699 0.37603101 4280690392
-0.38881999 0.18728299 0.634507 4284703643
0.40514401 -0.041848999 0.66999102 4286874746
0.40258399 -0.089868397 0.66343302 4285953672
-0.0206776 -0.0404929 0.68836898 4278190334
0.48915499 -0.245363 0.55247998 4291743280
0.124226 -0.032589301 0.68957698 4278782453
-0.320934 0.0156858 0.68800199 4282137794
0.058131199 -0.17739999 0.65429902 4278650871
0.015183 0.0072061 0.69084501 4278190334
0.27831101 -0.094484001 0.68076801 4282598331
0.48436901 -0.196559 0.588494 4288519521
0.47569999 0.324514 0.481859 4291611698
0.207155 -0.133724 0.67005199 4280690392
0.210794 -0.098925598 0.67923403 4279242990
-0.43256199 0.109881 0.648624 4289374804
-0.32403001 0.00342642 0.68779403 4282335167
0.102589 0.179796 0.65343398 4278979826
0.104824 -0.28008699 0.59279001 4279111408
0.25416899 -0.083693802 0.68260002 4280164064
0.48653099 0.27309 0.53091502 4288322148
0.314796 0.173372 0.65423501 4282006212
0.34110701 -0.23507801 0.61839199 4282993077
0.35309401 -0.0142373 0.68366599 4284506270
0.12202 -0.27072299 0.599792 4278914035
-0.34419599 0.064983599 0.68051398 4282664122
0.59040397 -0.220569 0.47702399 4294967040
0.18004601 -0.308961 0.56771803 4279242990
0.040085301 0.107782 0.67732698 4278519289
0.58147198 0.15927701 0.53139299 4294967040
0.409253 -0.103093 0.65845501 4285822090
0.083721101 -0.303233 0.57270402 4278716662
-0.070494302 -0.111023 0.67686701 4278190334
0.143848 0.34260899 0.53178 4279637736
0.354563 0.15384001 0.65672201 4284637852
0.54106897 0.0113298 0.60574198 4293585428
0.035703901 -0.087758899 0.68234402 4278190334
0.299014 0.109032 0.67663598 4282137794
0.023463299 0.0663215 0.68526602 4278190334
-0.222813 0.27356201 0.59768498 4280887765
-0.20038199 -0.25798601 0.60958701 4279374572
0.42981601 0.118016 0.64742702 4287137910
-0.139533 0.25390899 0.61161798 4279506154
0.037863199 -0.124 0.67328203 4278190334
0.39335799 0.25095999 0.59585398 4285229971
0.371647 -0.170068 0.64619899 4284966807
0.180629 -0.41294399 0.41828799 4280032482
0.220724 -0.042245101 0.68891299 4280756183
0.241651 0.161507 0.66092002 4280295646
0.271308 -0.111989 0.67660099 4280558810
0.153267 0.150473 0.66439599 4279242990
0.40727299 -0.27309799 0.573744 4285032598
0.26620999 -0.370096 0.49695799 4281348302
0.37741899 -0.093635999 0.66911203 4286480000
0.0297313 -0.29800701 0.57779402 4278190334
0.60725999 -0.060278401 0.54110402 4294967040
0.47519299 0.012634 0.64468402 4288322148
0.55660498 0.0419043 0.591712 4293453846
0.17197099 -0.203973 0.64135897 4279242990
-0.29244599 0.211147 0.63750899 4281348302
0.264126 -0.0109445 0.69079399 4280098273
0.393518 0.163807 0.64313602 4285098389
-0.492742 -0.0264873 0.63539398 4289440595
0.25674999 0.2471 0.61627901 4281874630
-0.0186707 -0.128417 0.67201501 4278190334
0.48390701 -0.145918 0.61295098 4290164296
0.33018601 0.071258299 0.68176901 4282006212
-0.161797 0.18856201 0.64858198 4279703527
-0.0104576 0.125422 0.67262799 4278190334
-0.0422135 0.147394 0.66536599 4278190334
0.00324417 -0.159842 0.66098398 4278190334
-0.147699 -0.0185728 0.69028699 4278585080
0.465249 0.0332008 0.64814597 4289309013
0.38771299 0.093099199 0.66698003 4287006328
0.44982001 0.084621899 0.64775199 4288651103
0.33251801 0.111301 0.67298001 4282861495
0.0439067 -0.143271 0.66701198 4278387707
-0.020289199 -0.131209 0.67067701 4278190334
0.510674 0.084375903 0.61584401 4291611698
0.0982465 -0.12076 0.67392403 4278453498
0.085992403 0.228787 0.62762898 4278256125
0.317608 0.41187301 0.418345 4282137794
0.0109064 -0.0144307 0.68991601 4278190334
0.22176801 0.235686 0.62371898 4280558810
0.058140598 -0.085320503 0.68199801 4278256125
0.60606599 -0.103123 0.53016502 4294967040
0.48657501 0.056554701 0.63532102 4292269608
0.31880799 -0.29969901 0.57356298 4281874630
-0.013253 -0.257384 0.60987699 4278190334
0.15401401 -0.0134086 0.69044602 4279769318
0.392299 0.081491001 0.66840601 4286545791
-0.241854 -0.038224801 0.68864101 4280229855
0.151657 -0.248027 0.61585701 4279111408
0.544218 0.0335752 0.60178298 4292861727
0.49640799 0.111738 0.61694902 4289835341
0.28265801 0.13269 0.67022902 4281282511
0.606408 0.111851 0.52611202 4294967040
-0.054251999 -0.248207 0.61576301 4278256125
0.45972499 -0.0025319301 0.65172499 4287532656
0.43027699 -0.36836001 0.448228 4288651103
0.29133201 0.219096 0.63361198 4281414093
0.30396599 0.082736403 0.68216801 4282795704
-0.033964001 -0.097873397 0.67991102 4278190334
0.30623701 0.088267103 0.68104202 4281479884
0.0483068 -0.184754 0.65070099 4278321916
-0.0218048 0.0660659 0.685911 4278190334
-0.146382 -0.24834201 0.61600101 4278650871
0.212026 0.014263 0.69074798 4279703527
0.64088702 0.039494801 0.50356501 4294967040
0.0060223602 -0.200596 0.64344603 4278256125
0.44963101 0.030706201 0.65541297 4288453730
0.031065799 0.15594301 0.66273701 4278453498
0.62438899 0.173774 0.469459 4294967040
0.49126899 -0.127426 0.61563498 4291348534
0.117102 0.181508 0.65257901 4278585080
-0.0520477 0.0722638 0.684578 4278190334
-0.122247 -0.024227099 0.68936598 4278585080
-0.17127299 -0.16940001 0.657498 4279506154
-0.150879 -0.26137599 0.607234 4278914035
0.27467 0.2246 0.63100898 4280427228
0.52943498 0.239043 0.52610397 4293453846
0.34677199 0.080910303 0.67752302 4284045733
0.40914801 0.17166001 0.634951 4286019463
0.372614 -0.0017121 0.68006301 4283716778
-0.045253199 -0.21460199 0.63588399 4278190334
0.34657201 0.155219 0.65700901 4282598331
0.103212 -0.0084425602 0.69027603 4278321916
0.51989102 0.112965 0.60253602 4291282743
0.13035899 0.26695299 0.602835 4278387707
0.309003 -0.207056 0.63829702 4282927286
-0.058184501 -0.054706398 0.68753701 4278585080
0.52213401 -0.118236 0.599769 4292269608
-0.014314 -0.21066201 0.63813299 4278190334
0.459802 -0.062125299 0.64776802 4290559042
0.038580999 0.094005801 0.68085098 4278190334
0.407924 -0.379354 0.443764 4286677373
0.37083599 -0.078389697 0.67401803 4285624717
0.41977 0.098911598 0.65609998 4285558926
-0.38438201 -0.0073976801 0.67736101 4283585196
0.18712699 0.207004 0.64047801 4278979826
0.44498801 0.054745499 0.65407902 4286743164
-0.181237 0.172694 0.65647501 4279374572
0.56017703 -0.0026435801 0.59073901 4294967040
-0.146853 -0.065611899 0.68592203 4279242990
-0.081402399 -0.133255 0.669927 4278387707
0.210362 -0.13688201 0.66913903 4280493019
0.50918102 0.17491201 0.58403301 4289506386
0.051586699 0.052621402 0.68784499 4278321916
0.34866199 -0.26472899 0.59726799 4283979942
0.276254 0.092088901 0.68084502 4282532540
0.27294499 0.17561699 0.65469301 4281150929
0.55641299 0.192012 0.53717899 4293914383
0.31595999 -0.041727498 0.687159 4282269376
0.239691 0.16906101 0.65759999 4279769318
0.395183 0.198606 0.62638199 4286611582
0.60920298 -0.074149601 0.53513199 4294967040
-0.0121105 -0.030444199 0.68916601 4278190334
0.49510601 -0.016447401 0.63419002 4291545907
0.39224899 -0.136902 0.65341401 4284966807
0.100958 0.36320901 0.505961 4278453498
0.0287963 -0.065282799 0.68569899 4278190334
-0.216406 0.27942801 0.59320301 4280361437
0.454568 -0.109642 0.63967502 4290624833
0.58236003 0.172484 0.522686 4294967040
0.20226499 -0.0839331 0.682262 4279769318
-0.0665069 0.183458 0.65140802 4278190334
0.31719401 -0.20886301 0.63724399 4282993077
-0.150057 0.31529501 0.56217301 4279111408
0.13517 0.026530299 0.68961298 4278453498
-0.0150692 0.20291901 0.641689 4278256125
0.53030801 -0.026378101 0.61139202 4292138026
0.082095698 -0.038684599 0.68922299 4278519289
0.083014503 -0.35210899 0.52061599 4278453498
0.50848103 0.33175299 0.437758 4291414325
-0.121861 -0.28874099 0.58612502 4278782453
-0.149381 -0.154551 0.66276699 4278782453
0.250763 0.0730756 0.68473601 4281282511
0.106983 0.272104 0.59892201 4278650871
-0.26355201 -0.22852799 0.62788397 4282203585
0.47327101 0.10118 0.63338101 4290098505
0.487084 0.114866 0.62192798 4292138026
0.64792699 0.023938499 0.49572399 4294967040
-0.41424999 0.0052774302 0.66922402 4286545791
-0.14532501 0.273191 0.59858203 4278650871
0.34215 -0.35806599 0.50542098 4282400958
0.317009 0.17291801 0.65386403 4283782569
0.19464301 0.11498 0.67519301 4279308781
0.084834203 0.0876197 0.68185401 4278650871
-0.059736799 -0.026874499 0.68965298 4278321916
-0.46933499 0.217133 0.58515102 4287730029
0.080175199 0.180604 0.65296 4278387707
0.33448899 0.16398001 0.65599 4284374688
-0.103513 -0.32855999 0.54866803 4278848244
0.21783599 0.185948 0.65041697 4279440363
0.471744 -0.044866201 0.64399803 4289572177
-0.037356999 0.050190199 0.68731898 4278190334
0.096754096 -0.219138 0.63344902 4278321916
0.37904099 -0.028999001 0.67809898 4285032598
0.029594099 0.079336897 0.68322802 4278190334
0.18092801 -0.112656 0.67590302 4279045617
-0.17758501 -0.293735 0.58108199 4278914035
-0.23916 0.34654799 0.52796799 4280098273
0.2428 0.119201 0.67462802 4279637736
0.16441 -0.080168799 0.68284202 4279440363
0.40724999 0.176835 0.63364297 4287401074
0.20784099 0.1415 0.66776699 4280953556
-0.317958 -0.0393411 0.68695098 4283979942
0.133562 -0.380137 0.48135799 4278453498
-0.247284 0.023273701 0.68955201 4281545675
0.163238 -0.032994699 0.68925601 4280032482
-0.14192399 -0.0342029 0.68889803 4278782453
0.0167735 0.071614496 0.68456203 4278190334
0.015775001 0.194223 0.64616001 4278256125
0.164684 -0.13041601 0.67094398 4279374572
0.64870399 0.054099299 0.489546 4294967040
0.32780901 0.0463304 0.68568403 4283190450
0.426963 -0.016318301 0.664671 4287664238
-0.25721601 -0.0078698201 0.69001299 4280361437
0.55449998 -0.065741502 0.589122 4294177547
0.45149499 -0.043650199 0.65332198 4290164296
-0.167871 -0.0095635401 0.690588 4279045617
0.205369 0.302894 0.57383198 4279506154
0.182016 -0.023788299 0.69027102 4280229855
0.043372702 0.297472 0.57778198 4278256125
0.317431 -0.355948 0.51343799 4282335167
0.27353799 -0.135325 0.66953701 4280229855
-0.0329707 -0.0241188 0.68984002 4278256125
0.29199401 0.33040199 0.54545403 4281085138
0.39740101 0.130061 0.65393299 4285032598
0.13308901 -0.18223999 0.65233898 4278914035
0.15196601 0.13521101 0.66957599 4279177199
0.089877598 0.087760501 0.68185699 4278519289
-0.15882 -0.39398101 0.457735 4278979826
0.320748 0.080464996 0.68137699 4281479884
0.45306301 0.0098920995 0.65430999 4287466865
0.36149499 0.28851601 0.57545501 4284045733
0.016042 -0.19097801 0.64820802 4278190334
0.261861 -0.054372799 0.687356 4281019347
0.60794401 0.26544699 0.39132699 4294967040
0.477557 0.017671 0.64321297 4290361669
0.0081352303 0.0150905 0.69006097 4278256125
0.407819 -0.262669 0.58244401 4284835225
0.218894 0.0193794 0.690346 4281019347
-0.227533 0.0065223998 0.69075698 4280032482
0.27787501 0.080578797 0.68310797 4280821974
0.15047 -0.029774301 0.68943602 4279835109
0.215692 -0.094730198 0.68003899 4279440363
0.32676101 -0.22213501 0.62819201 4283124659
0.41815501 0.22041 0.60729098 4285032598
0.332892 0.20789 0.63543302 4283124659
0.17448901 -0.107098 0.67768002 4280032482
0.39356399 0.41510299 0.369885 4285361553
-0.0210077 0.0112188 0.69042802 4278190334
0.294532 -0.28553 0.58752602 4281743048
-0.44811401 0.065590002 0.651981 4289045849
0.36316001 -0.180626 0.64396602 4285690508
-0.0250866 -0.018468199 0.69033301 4278190334
0.105605 -0.0039840098 0.69005799 4278585080
0.318609 0.41879201 0.40051401 4282335167
-0.059691299 0.0465145 0.68833899 4278321916
0.152648 -0.38645399 0.47069001 4279308781
-0.00091385801 -0.069124296 0.685211 4278190334
0.44949499 0.393758 0.37444001 4288322148
-0.0277263 -0.117794 0.67475897 4278256125
0.353039 0.31146601 0.55596602 4284243106
0.32691699 -0.324797 0.54730099 4283519405
0.33987299 -0.158994 0.65737599 4283387823
0.59552801 -0.079288103 0.54875302 4294967040
0.24373899 -0.030792801 0.68953198 4280427228
0.394748 0.23097999 0.60899699 4285164180
0.25924 0.16161101 0.66030502 4281085138
0.0261572 0.354752 0.51775599 4278190334
0.31255999 0.229761 0.62532502 4281743048
0.35725799 0.28772399 0.57717299 4283848360
0.536502 0.234521 0.52372903 4292927518
0.50381398 -0.064474396 0.62395 4292072235
0.33596799 0.22156601 0.62763202 4283979942
0.41432899 0.356139 0.47986501 4286808955
0.17051201 -0.30754 0.56852299 4279506154
0.064658001 0.083755001 0.682253 4278190334
0.30359599 0.16313501 0.658665 4283519405
0.15632001 -0.160229 0.66064203 4279440363
0.0969344 -0.101105 0.67927498 4278650871
0.39656201 0.132939 0.65347201 4286348418
0.40893 -0.209675 0.61669302 4285164180
0.125807 -0.185137 0.65064299 4278914035
-0.34808701 0.078413703 0.67819601 4282532540
-0.262391 0.144701 0.66634202 4280887765
-0.252381 0.170067 0.65716702 4280493019
0.37952101 0.097134396 0.668293 4285098389
0.32992199 -0.239318 0.61785603 4283848360
0.118856 0.19949301 0.64348102 4279308781
-0.016804 0.0377023 0.68882102 4278190334
0.466528 -0.079811499 0.64096701 4289769550
0.29356399 0.21767899 0.63459098 4282598331
0.237316 -0.140802 0.66821402 4281216720
0.115174 0.146559 0.665649 4278716662
0.52490699 0.34857899 0.38090101 4290953788
-0.17087001 -0.39102799 0.46377 4279637736
0.61312097 -0.053532999 0.53542602 4294967040
0.378665 0.091664404 0.66908002 4285361553
0.360147 -0.028069001 0.68224198 4284637852
0.462331 0.045635998 0.648709 4287137910
0.106953 -0.112224 0.676561 4278650871
-0.072840303 -0.130353 0.67136902 4278190334
0.498108 0.182823 0.58810401 4292861727
0.112725 -0.096639901 0.67962003 4278321916
0.191322 -0.0520011 0.68722701 4279374572
-0.00250065 0.097197503 0.68024498 4278190334
-0.14972501 -0.112092 0.67602599 4278782453
0.30096701 0.157379 0.661228 4281150929
-0.25072601 -0.16887 0.65711701 4280953556
0.21673299 0.17591301 0.65466499 4279571945
0.56168699 -0.28171301 0.447162 4294967040
-0.068546802 -0.175016 0.655402 4278321916
-0.29230899 -0.047163401 0.68813401 4282861495
0.35198301 0.24492 0.61067897 4282664122
0.339259 -0.36916599 0.490143 4284637852
0.47317201 0.288831 0.52466202 4290427460
-0.27056301 0.0542452 0.68683898 4281348302
0.31225899 0.262088 0.60421199 4282729913
0.62774801 -0.091869198 0.50752503 4294967040
0.392272 -0.345238 0.50497103 4286348418
0.35881099 -0.021448901 0.68246001 4282664122
0.0946652 0.082116 0.68335801 4278650871
0.35240901 -0.296572 0.57104599 4282861495
0.451906 0.073798798 0.64915597 4288387939
-0.00669184 0.0245305 0.69029498 4278256125
0.23252501 0.41118199 0.423922 4281348302
0.30981901 0.10586 0.67717701 4282993077
0.375083 -0.22068 0.620502 4285295762
0.44494399 -0.16735999 0.62282801 4287598447
0.347859 -0.247648 0.60927898 4282466749
-0.20175301 0.0292583 0.68971097 4279506154
-0.113173 0.22363 0.63078499 4279045617
0.108065 0.0062287799 0.69014603 4278453498
0.17462 0.28135401 0.59180897 4279374572
0.261572 0.21051 0.63803297 4281348302
0.423278 -0.16053499 0.63434899 4285822090
-0.148424 -0.0090886503 0.69030702 4278650871
-0.195363 -0.211702 0.63750499 4279111408
0.31229499 0.119185 0.67296302 4282269376
0.49116999 -0.016811101 0.63634199 4289243222
-0.095178597 0.134315 0.66977602 4278519289
0.17852201 0.0022263001 0.69014502 4279440363
-0.047354501 0.22321001 0.63150299 4278190334
0.41151401 0.168596 0.63560098 4284703643
0.52626598 0.022099599 0.61518902 4293585428
0.36618301 -0.090800203 0.67175698 4285756299
0.371216 -0.109725 0.66709 4286085254
0.31306699 -0.076223202 0.68275601 4281216720
0.039317701 0.112563 0.676579 4278190334
0.45811999 -0.0168519 0.652704 4289901132
0.145137 0.35824299 0.51219898 4278848244
0.39083099 -0.147328 0.65011102 4284572061
0.00173006 0.109601 0.67742503 4278190334
0.029140901 -0.36800101 0.49862799 4278190334
0.3748 -0.279356 0.57897598 4283453614
0.667831 -0.020720899 0.46358699 4294967040
0.22351301 -0.41036499 0.42440501 4279769318
0.136628 0.160063 0.66095001 4278585080
0.104696 0.115338 0.67555898 4278650871
-0.022103701 0.042372599 0.688986 4278190334
0.450504 -0.104895 0.64267498 4287598447
0.0059464001 -0.21758801 0.63421398 4278190334
0.33628601 -0.33773601 0.53169101 4282598331
0.58209902 -0.021416999 0.570777 4294243338
0.48996001 -0.187939 0.59009099 4289045849
0.123762 0.126074 0.67278498 4278914035
0.0238957 0.19925199 0.643709 4278387707
0.372076 -0.170592 0.64644498 4285164180
0.41930401 -0.128152 0.64744997 4288058984
0.16057 -0.0084308498 0.69084501 4278716662
-0.18556499 0.135252 0.66930401 4279374572
0.171784 -0.140783 0.66827101 4279571945
0.28323799 0.042533401 0.68871498 4281874630
0.59904802 0.050693501 0.550722 4294967040
-0.38379899 -0.1653 0.64499998 4283519405
0.411075 0.0269951 0.66987401 4286480000
0.20848 -0.082323499 0.68274802 4279835109
0.54721802 0.140551 0.57219702 4294967040
0.42857 -0.026041901 0.66375899 4289177431
-0.0035443399 -0.015626 0.69001299 4278190334
0.056654599 0.122396 0.67396897 4278519289
-0.192527 -0.107212 0.67737001 4279440363
0.18222199 0.36210099 0.50700998 4279440363
0.130395 0.16126999 0.66047502 4278914035
0.28643 0.129742 0.671278 4282400958
0.54299402 0.26873401 0.484813 4294967040
0.41351601 -0.13379399 0.64785498 4287072119
0.020118101 0.14368901 0.66673201 4278256125
0.116263 -0.052760199 0.687828 4278782453
0.54448301 -0.107949 0.58640999 4291809071
0.133467 0.20776001 0.63950998 4279177199
-0.037891202 -0.2054 0.64144301 4278190334
0.263129 -0.218945 0.63336098 4280821974
0.56507301 0.182367 0.53403902 4294967040
0.45714399 0.107814 0.63866401 4287335283
-0.044625301 0.044406801 0.68780798 4278190334
0.55465198 -0.0100328 0.594513 4292269608
0.53539401 0.00087004201 0.60941201 4292006444
0.50519699 -0.15903901 0.59497899 4290822206
0.220881 0.081616901 0.68353403 4280164064
0.0209799 0.35126901 0.52203202 4278190334
0.379262 -0.15253 0.65135098 4283782569
-0.31376901 -0.00743559 0.68855202 4281479884
-0.171811 -0.32244399 0.553976 4279111408
-0.038070701 0.39733499 0.452521 4278256125
0.50529301 0.232669 0.55093497 4290427460
-0.075296201 -0.0101434 0.69038701 4278256125
0.257907 -0.033135898 0.68944901 4281085138
-0.061779499 0.00729771 0.69028199 4278190334
-0.047789302 -0.31734899 0.56009299 4278190334
0.32407901 -0.179077 0.65025902 4281677257
0.40790501 0.27177799 0.57462198 4284835225
0.38760701 0.0188928 0.67623597 4285558926
0.131264 0.131052 0.671224 4279177199
0.0119359 -0.27113 0.599042 4278190334
0.062366601 -0.17131799 0.65639597 4278321916
0.30407101 -0.200267 0.64301902 4283190450
0.316883 -0.115674 0.67400199 4282137794
-0.0024715499 -0.28285199 0.59007901 4278190334
0.28863999 0.016338101 0.69053 4281019347
0.099024199 0.042375199 0.68897402 4278519289
0.132016 -0.00094810099 0.69077301 4279177199
0.23019201 -0.091997497 0.68088901 4281414093
0.109819 -0.36553401 0.50321102 4278519289
0.0073137102 0.0121875 0.690678 4278190334
-0.123426 0.223822 0.63071299 4279374572
0.130207 0.106545 0.67809898 4279111408
0.0249993 -0.13831601 0.668253 4278321916
0.31349 -0.078740902 0.68207002 4281414093
0.29909599 0.244886 0.61765599 4281677257
-0.00670254 -0.18017299 0.65250099 4278190334
-0.075549297 -0.25888699 0.60833502 4278387707
-0.0051466799 0.20138299 0.64277399 4278190334
0.253714 0.16466799 0.65931398 4281808839
0.29715499 0.050811999 0.68685001 4281677257
-0.020497 -0.110369 0.67695397 4278256125
0.38512701 -0.136746 0.65570003 4284966807
0.200463 0.101968 0.67844099 4279440363
0.24673299 -0.31396699 0.56278503 4280295646
0.343164 0.020666201 0.68497699 4284637852
-0.13705 -0.027858 0.68969601 4278914035
0.54806799 0.184762 0.549016 4293453846
0.40007299 0.193878 0.62787098 4285690508
-0.26765299 -0.22801299 0.628043 4281611466
0.53657901 0.25234401 0.50801599 4291282743
0.58230197 0.161071 0.52994603 4293848592
0.54200602 0.14548901 0.57479101 4292401190
0.41573301 0.064251304 0.66378403 4286940537
-0.14652599 -0.33793601 0.53750402 4279177199
0.00168649 0.174532 0.65518099 4278190334
0.0599925 -0.090475097 0.68096501 4278321916
-0.38901401 -0.116107 0.66113102 4284177315
0.0952916 -0.147258 0.66620898 4278321916
0.55809802 -0.060210198 0.58686501 4294967040
0.36535001 -0.092924103 0.67163801 4282795704
0.58456898 -0.094349504 0.55589098 4294967040
0.47990999 0.15189999 0.61324799 4290032714
0.0502684 0.065604597 0.68549597 4278453498
0.125231 0.428442 0.37853 4278519289
0.355342 0.21252701 0.62903303 4284308897
0.00076785998 -0.027156699 0.68984199 4278190334
-0.30101699 -0.073267303 0.68407601 4281743048
0.299844 -0.142279 0.66716403 4282729913
0.67379999 -0.0109022 0.45338801 4294967040
0.490915 -0.35282901 0.42183501 4288782685
0.25760499 -0.35438401 0.517272 4281677257
0.14937299 0.200303 0.64353597 4279242990
-0.0411858 0.29752299 0.57755798 4278190334
0.48424599 0.151271 0.61063302 4292138026
-0.472431 0.070143297 0.64046401 4288782685
0.39757699 0.31384099 0.53924298 4285887881
-0.0011482399 -0.17358699 0.65584302 4278190334
0.129435 0.269265 0.60124099 4278585080
0.34329599 0.091552198 0.67581099 4283716778
0.26107401 0.42823699 0.37775099 4281085138
-0.131082 0.117666 0.67492998 4278650871
0.461887 -0.138199 0.62756401 4287598447
0.489032 -0.303875 0.495675 4290624833
0.24756899 -0.23071399 0.62716001 4281611466
-0.112846 0.205772 0.64043403 4278979826
0.025573101 0.173232 0.65624303 4278190334
-0.040282998 0.098571204 0.68004203 4278190334
0.0310732 -0.0187802 0.69014603 4278321916
0.049492199 -0.16596 0.65853399 4278190334
-0.22644 0.248965 0.61493999 4279900900
0.41387099 0.049877599 0.66667801 4286414209
-0.374486 -0.141196 0.65663302 4284440479
0.52531803 -0.163252 0.57881898 4291414325
-0.376131 -0.054447401 0.676328 4285822090
0.415115 0.0181107 0.668773 4285164180
0.190015 0.12598801 0.67211801 4279506154
-1.48531e-05 0.0127802 0.68987298 4278190334
0.14347801 -0.165667 0.65938097 4279374572
0.183413 -0.0115811 0.68985599 4278914035
-0.263282 -0.34474999 0.530195 4280756183
0.216142 -0.198337 0.64418697 4280624601
0.49803799 0.18464901 0.58695501 4292861727
0.35907701 -0.209233 0.63037598 4284703643
-0.234929 0.248889 0.61488003 4280427228
-0.184544 -0.123445 0.67347199 4279045617
0.592098 0.0182778 0.56230801 4294967040
0.29246199 0.34024799 0.53418899 4282335167
0.492358 0.067402698 0.63068402 4290887997
0.401988 0.12766901 0.653202 4286414209
0.25353801 0.22788399 0.62870002 4281808839
0.33426401 -0.070209198 0.68120402 4284440479
0.396332 0.0224034 0.67438197 4287532656
0.155614 -0.094603904 0.68005699 4278782453
0.30348101 -0.082854301 0.68169802 4282598331
0.36161801 -0.211436 0.62924999 4284901016
0.37082601 0.00951022 0.68083 4285295762
0.45016101 0.094666697 0.64490199 4288914267
0.28032899 -0.30658099 0.56994599 4281216720
-0.31685001 0.088523299 0.68024701 4282598331
0.400576 -0.209819 0.61967301 4284111524
-0.043021601 -0.072028801 0.68475503 4278256125
0.40618101 0.25410199 0.58949602 4284835225
0.59819603 0.055195998 0.55190098 4294967040
0.330639 -0.31277701 0.56035399 4283124659
0.0351508 0.14423101 0.66697401 4278190334
0.26412901 0.120651 0.67447901 4282137794
0.45320001 0.25341401 0.56787902 4287137910
0.59906697 0.00333935 0.55479598 4294967040
0.32035199 0.024888201 0.68752903 4283848360
0.51408601 -0.20872299 0.56208301 4290756415
0.20354301 -0.236488 0.62300098 4279506154
0.072577603 -0.0309416 0.68898797 4278256125
0.34658399 0.041014399 0.68288201 4285295762
0.081621602 -0.337621 0.53873801 4278453498
0.457122 0.22384299 0.58709401 4287137910
-0.266316 -0.177278 0.65406799 4280427228
0.0862417 0.0252611 0.68941599 4278519289
0.22821701 0.21248899 0.63669002 4279966691
0.146266 -0.25183401 0.613796 4279177199
0.37105799 -0.102297 0.66813499 4286019463
0.062500902 0.383665 0.47606999 4278453498
0.047384702 -0.26572999 0.60330498 4278256125
0.275855 -0.392952 0.460419 4282664122
-0.057788201 -0.026362199 0.68970698 4278190334
-0.065130197 0.262577 0.60639203 4278321916
0.536488 -0.033004899 0.60669798 4294835457
-0.107973 -0.28700599 0.58659101 4278453498
0.375992 0.19546799 0.63338202 4285690508
-0.197118 -0.048535801 0.68768299 4279506154
0.59135699 -0.016105 0.56238198 4294967040
0.51294601 -0.20395599 0.56580698 4291545907
0.67954302 0.168312 0.35273701 4294967040
0.492226 0.217205 0.57136703 4291216952
0.474967 -0.118223 0.62749499 4288782685
0.493994 -0.19818 0.581927 4292861727
0.479702 -0.14312001 0.616364 4288848476
0.35395801 -0.048104201 0.68114501 4285229971
0.107306 -0.108199 0.67693001 4278585080
0.51636797 -0.114862 0.60374701 4291216952
0.45958 0.26403099 0.55549699 4288848476
0.0092554204 0.087960199 0.68138701 4278190334
0.0572665 -0.31712899 0.55906701 4278190334
-0.0191426 0.111404 0.67619699 4278190334
0.46601301 0.0403025 0.64727199 4291085370
-0.30994201 -0.28344801 0.588503 4281414093
0.440299 -0.057524599 0.65651798 4287532656
0.0100071 0.0118938 0.69063902 4278256125
0.40435901 0.207436 0.619762 4286085254
0.421056 0.198479 0.617814 4287993193
0.45583001 0.044615299 0.65118003 4289177431
-0.38304099 0.129651 0.658391 4284703643
-0.0105215 -0.33296701 0.54382998 4278256125
0.31582499 -0.207349 0.637537 4282993077
0.047816001 0.26784399 0.60194403 4278256125
-0.14993399 0.0087451003 0.69065499 4278979826
0.31867701 -0.107515 0.675062 4282993077
0.15622 0.0054073301 0.690171 4278650871
0.48548901 -0.089323103 0.62933099 4291216952
0.35421199 -0.0729938 0.67825103 4284769434
0.390672 0.191267 0.63147998 4286611582
0.45578799 0.22530299 0.58698702 4289966923
-0.21430799 0.36830699 0.49892899 4280295646
0.195088 -0.291347 0.58283401 4279045617
-0.16979 -0.081489503 0.68330002 4279045617
0.13672499 0.0253888 0.68931401 4278585080
0.27829701 0.036106601 0.68930298 4281085138
-0.24539401 -0.18764301 0.64977002 4279835109
0.326471 0.112346 0.673069 4282729913
0.227038 -0.035373099 0.68902898 4280558810
0.39592201 0.39045399 0.4312 4285822090
-0.19597501 -0.36478201 0.50316501 4279769318
0.0218712 0.174108 0.65526003 4278256125
-0.28351 0.0212657 0.68976903 4281808839
0.27513099 -0.066683099 0.68514401 4281019347
-0.261089 0.307944 0.56832701 4280558810
-0.0051327399 0.0493639 0.68827897 4278190334
0.24056099 -0.106923 0.67807502 4281414093
0.45065799 0.13089 0.63497603 4286940537
0.461851 0.042362101 0.648579 4289703759
0.35873801 0.112634 0.66866899 4283716778
0.130696 0.0161325 0.68978697 4279440363
-0.00193734 -0.22201499 0.63144398 4278256125
-0.126458 0.200334 0.64337403 4279242990
0.109642 -0.151665 0.66452098 4278585080
0.13835 0.11971 0.67387402 4279506154
0.0152017 -0.257985 0.60981202 4278256125
-0.29172099 -0.051843699 0.68721902 4283124659
-0.00078660599 -0.121926 0.67398 4278190334
-0.264837 0.240363 0.62051702 4281282511
0.075318903 0.077335902 0.68385702 4278256125
-0.132319 -0.031942699 0.68951303 4278848244
0.378501 0.21259899 0.62355697 4285493135
0.13823301 -0.073799998 0.68394202 4278519289
0.267975 -0.15523501 0.66260201 4282269376
0.19652499 0.138145 0.66837603 4279308781
0.39349899 0.110054 0.661331 4284308897
0.461092 0.026063001 0.65011901 4289177431
-0.29529801 -0.028774301 0.68889499 4281019347
0.31257901 -0.099700101 0.678078 4283124659
-0.101286 -0.115178 0.67597002 4278519289
-0.23281901 -0.28886601 0.58494598 4280164064
0.152227 0.317238 0.559416 4279308781
0.035628401 -0.12775899 0.67239702 4278321916
0.148746 -0.206781 0.64025903 4279440363
0.136519 -0.145032 0.66623598 4278782453
0.211027 -0.153073 0.66337299 4281085138
0.40343001 -0.062838897 0.66818899 4286151045
0.031630199 0.17083199 0.65712601 4278321916
0.50547099 0.19931801 0.57336998 4293124891
0.058253601 0.094388798 0.68047398 4278190334
-0.272425 0.20704401 0.63989002 4282466749
0.068122901 -0.063871898 0.685597 4278387707
0.58815497 -0.058518101 0.56039202 4294967040
0.0223375 -0.070507497 0.68495601 4278190334
0.046756301 0.036584701 0.68901902 4278190334
0.069430299 -0.18100099 0.65246201 4278256125
0.54505002 0.243508 0.50825202 4293256473
-0.10368 -0.103311 0.67877698 4278453498
0.130271 0.031095199 0.68980402 4278650871
0.54375601 0.189971 0.54979002 4293190682
0.176267 0.205009 0.64119899 4279703527
0.324671 0.183755 0.64865899 4282137794
0.23336799 0.106397 0.67819899 4281019347
0.428123 0.23676901 0.59222102 4285887881
0.432962 0.14732599 0.63661098 4286348418
0.35721099 0.083829001 0.67506897 4283848360
0.45659599 0.110157 0.63836002 4288256357
0.46530199 -0.22259 0.58363497 4291151161
-0.196086 0.331126 0.54538298 4279769318
-0.16347501 0.042051099 0.688447 4279835109
0.224168 0.140233 0.66790998 4279374572
-0.22641701 -0.024852199 0.69008201 4279703527
0.525424 0.301994 0.46418399 4291743280
0.54108101 -0.17287099 0.56202298 4291480116
-0.198135 0.088616803 0.68137902 4279506154
0.20597699 -0.109634 0.67665303 4279900900
0.0044776299 0.312372 0.56505901 4278256125
0.134223 -0.086716197 0.682302 4278782453
-0.34210601 -0.077635497 0.67872202 4284637852
-0.0103216 -0.054704301 0.68763798 4278190334
0.50427502 -0.1045 0.61486697 4289506386
0.63396502 -0.217586 0.408454 4294967040
0.35426101 -0.215036 0.62847501 4285229971
0.31977901 -0.34052801 0.53238201 4282466749
0.38404101 0.208635 0.624174 4287006328
0.34529799 0.113937 0.67017698 4283058868
0.282565 -0.376333 0.486451 4281216720
0.31674001 -0.000788829 0.68863797 4283979942
0.44136599 0.331218 0.49735299 4289243222
0.108134 -0.20635 0.640674 4278650871
0.043905899 0.025378101 0.689834 4278190334
0.312536 0.38860399 0.46440601 4282795704
0.217306 -0.112776 0.67628598 4279703527
-0.0863574 -0.0229166 0.68961298 4278321916
-0.18528 0.15283599 0.663324 4279506154
0.37920001 -0.130311 0.65872401 4283979942
0.035402302 -0.0059811999 0.69033498 4278256125
0.044777699 0.0245592 0.69032001 4278519289
0.200582 -0.248483 0.61529797 4280164064
0.146814 -0.232839 0.62554801 4278585080
0.104303 0.020386999 0.68980402 4278585080
0.27835599 -0.284805 0.58860499 4280756183
0.31028 0.0111493 0.68894202 4282795704
0.621889 -0.21786501 0.432565 4294967040
0.15723801 -0.178111 0.65413803 4279177199
-0.37005699 0.105025 0.66798902 4283585196
0.130466 -0.22216301 0.632258 4279045617
0.473939 -0.15896501 0.61319298 4289309013
0.0470181 0.187207 0.64961302 4278190334
0.120436 0.017854201 0.68968201 4278716662
0.462127 0.026425401 0.65041298 4288190566
0.242789 -0.213009 0.63729399 4281085138
0.16955499 0.0134076 0.690216 4279045617
0.31510901 0.205098 0.639319 4282532540
0.00644565 0.12878799 0.67128998 4278190334
0.0588792 0.14035299 0.66796702 4278256125
-0.095381901 -0.088899001 0.68163002 4278716662
0.160237 -0.38113099 0.47891 4279637736
0.61584198 -0.118281 0.513147 4294967040
0.13193101 -0.13878401 0.66869599 4278519289
0.038703501 0.12557501 0.67281699 4278321916
-0.30050099 0.0174437 0.68928599 4281019347
0.33703601 -0.239379 0.61656898 4283256241
0.129752 -0.124136 0.67264903 4278914035
0.37140399 -0.101792 0.66904598 4284769434
-0.331824 -0.29623601 0.57463598 4282203585
0.19079299 0.25401601 0.61173099 4280164064
0.47599 -0.076284699 0.63664103 4289572177
0.136168 0.135849 0.66978598 4279374572
0.28539699 -0.211852 0.637667 4281019347
0.50972098 -0.26633599 0.51928598 4290953788
0.032664198 0.24873701 0.61568701 4278190334
-0.0279343 -0.16215 0.66033298 4278190334
0.433469 -0.101046 0.65047401 4288519521
0.23151401 0.0756419 0.68441099 4279637736
0.660864 -0.110374 0.44939801 4294967040
0.63263601 -0.018214701 0.51674598 4294967040
0.365594 -0.064112999 0.67703003 4282993077
0.456559 0.097448602 0.64160597 4287861611
0.060706001 0.039950199 0.68902701 4278387707
0.58724201 -0.023161201 0.56597102 4294967040
-0.0109851 0.31538999 0.56109101 4278190334
-0.0160025 -0.356031 0.51562297 4278190334
0.138969 0.14925601 0.66463602 4279703527
0.375599 -0.194318 0.63406199 4285361553
-0.060206201 0.35879201 0.512555 4278387707
0.38124901 -0.269122 0.58552402 4285427344
-0.0276358 0.362028 0.50706798 4278321916
0.37402701 0.055684999 0.67621797 4286414209
0.48570901 0.098889001 0.62661201 4289703759
0.40895599 -0.28047001 0.56654203 4285887881
-0.14194299 0.21697401 0.635297 4278782453
0.34418601 -0.40594 0.42233801 4282729913
0.55911201 -0.175027 0.54536301 4294967040
-0.0975741 0.360488 0.50985098 4278650871
0.42674899 -0.15552001 0.63543302 4286151045
0.122852 -0.206595 0.64054698 4278848244
0.13241901 0.115937 0.674824 4278782453
0.37672001 -0.203676 0.62892902 4285164180
-0.034783602 -0.18544599 0.65101498 4278190334
0.40219799 0.116119 0.65750498 4286808955
0.104119 -0.091491498 0.68104601 4278585080
0.113803 -0.1847 0.650307 4278453498
0.192682 0.22222701 0.63182002 4279045617
0.37823999 -0.219071 0.62000698 4285493135
0.0356449 -0.0599619 0.685987 4278190334
-0.061157599 -0.32576299 0.55035597 4278190334
0.428161 0.066269897 0.65919501 4287927402
0.207193 -0.33833599 0.53661001 4280295646
0.38812599 -0.20031101 0.62775397 4283848360
0.0089400597 0.393291 0.45876801 4278190334
0.469735 0.365457 0.41940299 4287993193
0.0622462 0.046379 0.68835998 4278321916
0.43239301 0.28995901 0.54772699 4288782685
-0.32008699 -0.299707 0.57292497 4283322032
0.61194497 0.0075026602 0.541291 4294967040
0.329887 -0.37287101 0.486761 4282532540
0.0058527999 -0.112731 0.67637902 4278190334
0.38360801 -0.12424 0.65970802 4285493135
0.28697601 -0.0031443599 0.69037098 4282598331
0.40983301 -0.0235174 0.669469 4286940537
-0.064906001 -0.0069365799 0.69088203 4278190334
-0.0118922 -0.25378099 0.61210698 4278190334
0.43492699 0.093951397 0.651793 4288782685
0.45330301 0.119081 0.63736701 4288322148
0.0591648 0.052033398 0.68796498 4278387707
-0.093478203 -0.089344099 0.681692 4278453498
0.58915597 0.0505164 0.56101799 4294967040
0.50594401 0.156409 0.59578502 4289637968
0.55445099 -0.0943918 0.58294898 4293848592
0.50373602 0.27882701 0.51228303 4291019579
0.056394398 0.052035298 0.68773001 4278321916
-0.212319 -0.35234699 0.52074301 4279900900
0.324101 0.0043313 0.68761897 4283322032
0.64458102 -0.150922 0.453697 4294967040
0.182262 0.139917 0.66868001 4279769318
0.32945099 -0.099634103 0.67659402 4281808839
0.36765 -0.170674 0.64717698 4285624717
-0.040958699 0.129512 0.67178202 4278519289
-0.103725 0.007129 0.69091398 4278321916
0.29704401 -0.369012 0.49803099 4281282511
0.35620999 -0.236656 0.61562997 4284177315
0.38253799 -0.022962 0.67774498 4283650987
0.49478099 -0.077697098 0.62731498 4290624833
0.58237797 -0.2229 0.48496601 4294769666
0.20983 -0.12763 0.67180598 4280098273
0.146447 0.062017001 0.68653798 4278716662
0.190525 0.141607 0.66747898 4279571945
-0.066667303 -0.086017698 0.68211001 4278190334
-0.179989 0.022513499 0.68957001 4279242990
0.371126 0.235643 0.61207199 4285822090
0.38096699 0.0408688 0.67696899 4283914151
0.13866401 -0.218427 0.63424599 4279111408
-0.40474701 -0.22378799 0.60995799 4285032598
0.52804601 -0.112236 0.59716702 4292335399
0.044975899 -0.0056377002 0.69056499 4278190334
0.176396 -0.109404 0.676723 4279966691
0.080439903 -0.032274298 0.68979698 4278453498
0.51487702 0.246868 0.53281701 4290953788
0.58519399 0.179748 0.51466298 4294967040
0.52419102 -0.015465 0.61626101 4291282743
0.47989199 0.20575599 0.58532101 4288980058
0.024800001 -0.00466234 0.69040602 4278190334
0.48726901 0.057534501 0.63439697 4289966923
0.062275399 -0.129939 0.67111498 4278256125
0.21600001 -0.21484201 0.63554901 4279966691
0.418524 -0.11906 0.65109003 4285624717
0.456339 -0.352364 0.45689699 4286940537
-0.061311498 0.183157 0.65101701 4278453498
0.54160398 0.026967799 0.60396701 4293717010
-0.16473199 0.159319 0.66141897 4279506154
0.39820901 -0.114415 0.65872997 4287466865
0.31210199 -0.149508 0.66334599 4281940421
-0.20100801 -0.0396038 0.68881202 4279506154
0.0122857 -0.30983901 0.56649899 4278256125
0.18037701 0.340211 0.53544998 4279703527
0.027535399 0.0965546 0.67965901 4278190334
-0.27934101 0.30181801 0.57378298 4280821974
0.4149 -0.02372 0.668562 4288322148
0.127193 0.188867 0.649005 4278716662
0.20250601 0.0106017 0.69011998 4279374572
0.64748299 0.0300989 0.49420699 4294967040
0.35516801 -0.27772 0.58550698 4283848360
0.49409199 0.206532 0.576074 4291151161
0.43693399 -0.122978 0.64282101 4286480000
0.071622699 0.0607077 0.68685299 4278256125
-0.28928101 -0.132027 0.67053902 4280821974
0.43640599 -0.27685401 0.55733401 4287466865
0.0867901 -0.30242899 0.57362199 4278716662
0.39764601 0.175299 0.63766801 4287598447
0.034093101 0.086184204 0.681871 4278256125
-0.058506101 0.0639605 0.68578601 4278190334
-0.14299899 0.18259799 0.65188801 4278914035
0.40204901 0.25009701 0.59328198 4285756299
0.156652 0.045420699 0.688492 4279637736
0.0619446 -0.0224285 0.69005299 4278453498
0.574898 0.099831901 0.56387299 4294967040
0.669788 -0.18324301 0.36193901 4294967040
0.145182 -0.336279 0.53983903 4278650871
0.60800803 0.140781 0.51090801 4294967040
-0.00837903 -0.27825901 0.59411198 4278190334
0.50746399 0.354835 0.39565399 4291151161
-0.191258 -0.084177002 0.682854 4279111408
0.51485902 0.31756699 0.45410699 4294177547
-0.39128301 0.039158098 0.67366499 4284637852
-0.30871299 -0.00146205 0.68938297 4281545675
0.16079301 -0.173875 0.65581298 4278716662
0.40342799 0.109334 0.65845799 4286085254
0.336649 0.217182 0.630211 4284835225
0.376394 -0.038015898 0.67830902 4284177315
-0.19157299 -0.096462101 0.68026602 4279045617
-0.190403 0.033630501 0.689466 4280229855
0.109781 0.38310301 0.47612301 4278650871
0.187004 -0.16613799 0.65858102 4279308781
0.28728601 -0.26387399 0.60436702 4280887765
0.26986501 -0.116779 0.67489702 4282006212
-0.454294 -0.151049 0.626019 4288256357
0.52809697 0.0259478 0.61357701 4290822206
0.033400498 0.13146999 0.67034698 4278256125
0.41948 0.23608001 0.59643298 4287203701
0.188958 0.257451 0.60914701 4280164064
0.0125839 -0.042971801 0.68845999 4278190334
0.44897199 0.25461701 0.56948102 4289966923
0.0103869 -0.229855 0.62792403 4278321916
0.39834601 0.0153426 0.67415297 4284045733
0.40864301 -0.25357699 0.58809799 4284835225
0.0137951 0.039879799 0.688995 4278256125
0.55473602 0.125919 0.57170302 4294967040
-0.038480401 -0.153035 0.66320997 4278190334
0.27504501 -0.033229198 0.68912601 4280229855
0.59551299 0.0110958 0.55889398 4294901248
0.27798301 -0.077134296 0.68361902 4282203585
-0.37928799 0.19553199 0.63267899 4286480000
0.38491499 0.15632799 0.64813298 4286151045
-0.16655301 -0.16953801 0.65783602 4279440363
0.00095991499 -0.132286 0.67086703 4278190334
0.33624199 0.087061897 0.67773402 4282532540
-0.190533 0.265636 0.60376501 4279506154
0.215381 0.378851 0.48247001 4280098273
0.060755599 -0.146525 0.66631597 4278256125
0.0498133 -0.068479799 0.684793 4278387707
-0.0099564502 -0.217622 0.63472199 4278190334
0.11615 0.086273499 0.68231797 4279242990
0.13871901 0.218208 0.63428599 4279045617
0.327847 -0.0296591 0.68658501 4284177315
0.177016 -0.25185499 0.61377299 4280098273
0.466241 -0.078772798 0.64086002 4289835341
-0.023343701 -0.0619714 0.68646002 4278190334
0.496656 0.26984301 0.52686101 4292269608
-0.27122301 0.23349001 0.62509501 4281414093
0.344044 0.25545099 0.60456699 4282861495
0.224547 -0.176714 0.654755 4281348302
0.379006 0.19339401 0.63365299 4284572061
0.074220002 0.115468 0.67533702 4278716662
0.54985797 0.079208799 0.58987898 4294111756
0.052190199 0.253131 0.61296803 4278387707
0.51836902 -0.18437 0.573075 4292466981
0.28916499 0.091492303 0.68114102 4282729913
0.50193799 -0.018324099 0.629893 4289506386
-0.238931 -0.0112129 0.69069701 4280624601
0.33041 0.25876001 0.60460299 4283914151
-0.28978601 0.0082534002 0.69044602 4280887765
-0.022318199 -0.27557799 0.595635 4278190334
0.37531501 0.290721 0.57004398 4285493135
0.035574298 0.24306799 0.61944902 4278256125
0.19806699 -0.079853296 0.68322003 4280361437
0.0098526897 -0.32573199 0.55157 4278190334
0.411428 -0.215271 0.61211997 4285558926
-0.068130501 0.28503099 0.588265 4278387707
0.29697001 0.072848298 0.68391699 4283387823
0.59915203 0.032148201 0.55421102 4294967040
0.22507 -0.29822499 0.57721698 4279506154
0.00287264 0.128176 0.672216 4278256125
0.46747601 -0.071891397 0.64253098 4290361669
-0.248761 0.316576 0.55983001 4280756183
0.31353301 -0.0512182 0.68653202 4282729913
0.296361 -0.21027701 0.63751799 4281085138
0.14668 -0.082561702 0.68254203 4278650871
0.518852 0.0308821 0.61916399 4290493251
0.099955797 -0.105324 0.67785501 4279111408
0.50825298 -0.19374 0.574305 4292006444
-0.0445963 -0.163901 0.65974498 4278190334
0.15158001 0.087297201 0.68210202 4278782453
0.63176602 -0.090590402 0.503748 4294967040
0.29613101 -0.400922 0.44466999 4282269376
-0.437677 -0.096313298 0.65024799 4287532656
0.0122531 0.19944701 0.64443398 4278190334
0.21202999 -0.119689 0.674052 4279374572
-0.29834399 -0.117056 0.67425799 4281743048
0.306043 0.058330301 0.68546802 4282072003
-0.292822 0.13320599 0.67033601 4281216720
0.36607999 0.116317 0.666219 4285690508
0.0555677 0.034585699 0.68951797 4278453498
0.42910701 -0.162414 0.63206398 4288782685
-0.072728597 -0.064713299 0.68562502 4278256125
0.39610401 -0.095872402 0.66374201 4286940537
-0.22692201 -0.026778599 0.68957001 4280164064
0.30998299 0.112875 0.67507303 4282137794
0.333608 0.38279101 0.470891 4284374688
0.069135703 0.238774 0.62248099 4278650871
0.40323201 0.0821338 0.66520399 4287466865
0.52543902 -0.134073 0.59153599 4294506502
0.048164502 0.150867 0.664837 4278256125
0.47141701 -0.125246 0.62639898 4288256357
0.227293 -0.203554 0.64181602 4281414093
0.051285699 -0.111124 0.67626297 4278256125
-0.067897998 0.0441004 0.68868101 4278256125
-0.203962 -0.0118644 0.690826 4279637736
0.211908 -0.39906901 0.447954 4280756183
0.14624199 0.155596 0.66249102 4279045617
0.28907999 0.23395 0.62434798 4281414093
-0.30916899 0.186161 0.64842099 4281085138
-0.0123949 0.035544898 0.68890202 4278190334
0.103611 0.108631 0.67710799 4278453498
-0.169572 -0.127033 0.672436 4278979826
0.086426497 0.0141785 0.69049299 4278914035
0.47408301 0.25609499 0.55334699 4291611698
0.27082199 -0.129559 0.67117298 4280164064
0.159318 0.29286101 0.58252698 4279045617
-0.13428099 -0.139736 0.66835499 4278519289
0.099083103 0.058201201 0.68626499 4278321916
0.28632501 -0.111096 0.67608798 4282532540
-0.14407 0.0075183501 0.69035602 4278848244
-0.12859499 -0.020204101 0.68998301 4278650871
0.205029 0.38128099 0.47990599 4279966691
0.176818 -0.25978401 0.60740399 4279374572
0.27582201 0.21200299 0.63705999 4280427228
0.46355101 0.012859 0.649553 4287730029
0.101119 -0.133964 0.670439 4278519289
-0.072698802 -0.225032 0.63056499 4278190334
0.49991199 0.20545299 0.57329702 4291282743
0.61749601 -0.134749 0.50306302 4294967040
0.103692 -0.173354 0.65556502 4279111408
0.0148587 0.092926398 0.68107003 4278190334
0.499248 -0.065926902 0.62607503 4292335399
0.0114663 0.158177 0.661937 4278190334
0.18472999 -0.136821 0.66875702 4280098273
0.50348699 -0.348784 0.413515 4290756415
0.23739401 0.099637002 0.67960602 4281216720
0.40938199 -0.027388999 0.67025101 4285098389
0.36605099 -0.29493999 0.56800902 4285361553
0.016973 0.266817 0.60262901 4278190334
0.19507 -0.14133701 0.667265 4279769318
0.38537699 0.160541 0.64686602 4286085254
0.28955299 0.024601899 0.689408 4282993077
-0.0296981 -0.28550899 0.58819199 4278190334
0.452252 0.23220401 0.58424503 4289309013
0.370554 -0.0090600997 0.68103802 4284243106
0.33925799 -0.00147744 0.68616903 4282598331
0.308754 -0.0869762 0.68129998 4283322032
0.31112799 0.328109 0.54704797 4282006212
0.130257 -0.113038 0.67648703 4278585080
0.31563801 0.057334099 0.68514001 4281808839
-0.151159 -0.147954 0.66506398 4279045617
0.616198 0.25731 0.389061 4294967040
0.36983299 -0.062949903 0.67633498 4283914151
0.261435 -0.219868 0.63354599 4282137794
0.35056499 -0.369322 0.48779899 4285295762
0.32850999 0.0116191 0.68703002 4281743048
0.0212991 -0.40946999 0.426788 4278256125
0.256304 -0.20029099 0.64315802 4281348302
0.63438898 0.17096999 0.455578 4294967040
0.37469599 -0.197437 0.63267702 4284703643
-0.38631999 0.0141152 0.67643702 4283914151
0.0137319 0.132423 0.67060602 4278190334
0.227861 -0.053771101 0.68729401 4279637736
0.25041699 0.0256528 0.68985403 4280361437
0.32596299 -0.32370099 0.55005997 4281808839
0.52691001 -0.24515399 0.52375197 4290690624
0.32377699 0.14546899 0.66397101 4281677257
-0.263643 -0.095893003 0.68067002 4281150929
0.36438599 -0.01394 0.68227899 4283387823
0.088240802 0.18587001 0.65069401 4278848244
0.172662 -0.16232499 0.65981603 4279045617
0.19713999 0.049532399 0.68823701 4280756183
-0.072740197 0.17258599 0.65620601 4278387707
0.0451403 -0.017726401 0.689879 4278256125
-0.24857 -0.105658 0.67823398 4280558810
0.501378 -0.018828399 0.63011599 4290427460
0.57039702 -0.101598 0.56736702 4294967040
0.655972 -0.068245098 0.47404501 4294967040
-0.41295299 -0.166548 0.63646901 4285953672
-0.159266 0.13133 0.67124599 4279177199
-0.175455 0.174977 0.65496302 4279374572
-0.0882091 0.024134999 0.68962699 4278979826
0.30634701 -0.111295 0.67584699 4282993077
-0.039012 -0.089628503 0.68149602 4278190334
0.18830299 -0.41713801 0.40873799 4279045617
0.384038 -0.349361 0.50388098 4284177315
0.40191501 -0.126019 0.65437299 4286874746
-0.0907562 -0.37488499 0.489048 4278914035
0.332266 0.098458901 0.67582297 4282927286
-0.359945 -0.15863 0.65336603 4283585196
0.43384501 0.094409399 0.65164399 4287401074
0.299492 0.31078801 0.56585997 4281611466
-0.108392 0.054366302 0.687298 4278453498
0.55006301 -0.0759352 0.59083903 4293256473
0.356105 0.29186299 0.57426101 4282795704
0.50853002 -0.316668 0.461339 4292072235
0.18729 0.017981499 0.68982297 4279900900
0.29946399 -0.050316401 0.68759501 4281282511
0.037126999 0.045818798 0.68797201 4278321916
0.440025 -0.0349457 0.65851998 4287269492
-0.16654 -0.15721799 0.66263902 4279177199
0.42361099 0.39082199 0.41005999 4288058984
0.54162103 -0.12719201 0.58257103 4292730145
0.237343 -0.116592 0.675578 4281150929
0.055266399 0.186103 0.65017599 4278190334
-0.0509868 -0.036413901 0.68915701 4278256125
0.422782 -0.10103 0.65447998 4285887881
0.459344 -0.10077 0.64001501 4287664238
-0.0147787 -0.105163 0.67849499 4278190334
0.59911901 0.090501301 0.54250401 4294967040
0.363323 0.17192701 0.64743799 4284835225
0.40939999 0.107316 0.65687799 4284835225
0.53964901 0.28606701 0.46916401 4294111756
0.32324699 -0.21115801 0.63570499 4283256241
-0.187316 0.230094 0.62686098 4279242990
0.37410301 0.31524399 0.54730803 4285032598
-0.038672298 -0.036428999 0.68880498 4278190334
0.36729401 -0.0360227 0.680031 4283058868
0.15279099 0.152601 0.66359502 4279111408
0.176796 0.0197636 0.68965799 4279045617
0.313577 -0.0108961 0.68932801 4281611466
0.463195 0.040468398 0.64871198 4288716894
-0.31731901 -0.086392097 0.68006599 4283979942
-0.41518101 -0.137474 0.64580101 4287730029
0.32993299 0.368258 0.49297699 4283519405
0.057180099 0.078150399 0.683833 4278256125
0.42124599 -0.094152004 0.65662599 4285822090
0.24157301 -0.111097 0.676597 4280756183
0.26792499 -0.16185699 0.66078001 4282269376
0.48474199 0.033963699 0.63903397 4288585312
0.42043999 -0.14496499 0.64214897 4287401074
0.32905599 0.044576801 0.68535298 4282795704
0.114468 -0.13285901 0.67014498 4278650871
-0.0078719202 0.044442799 0.68781698 4278190334
-0.000197709 0.0225746 0.69035602 4278256125
0.35873401 0.105524 0.66999 4283585196
-0.029292 -0.097749203 0.679901 4278387707
0.53187197 0.26544601 0.499513 4291809071
-0.32650599 -0.15246899 0.66132301 4282072003
-0.0079904199 -0.078277402 0.683698 4278190334
0.31534201 0.10218 0.67675102 4281611466
0.177288 0.200211 0.64391398 4279571945
0.098031104 0.10787 0.677773 4278321916
-0.077783503 -0.135149 0.66988301 4278387707
0.102045 0.15488601 0.66345 4278716662
-0.107836 -0.032080099 0.68980598 4278519289
-0.118436 0.12830199 0.67199898 4278716662
0.50161701 -0.177812 0.58844602 4290559042
0.165169 0.070193 0.68456602 4279506154
0.198488 -0.17910001 0.65347999 4279571945
0.181191 -0.206561 0.64018798 4280361437
0.0642322 0.149756 0.66505402 4278190334
0.44992399 0.195769 0.60755599 4288782685
0.171754 -0.093679696 0.68114197 4278782453
0.102165 -0.105406 0.67813802 4278650871
-0.416924 0.173429 0.63136601 4285164180
-0.177423 0.0150751 0.69024497 4279506154
-0.112651 -0.188163 0.64928102 4278519289
-0.115764 0.093017504 0.68091297 4278782453
-0.0109469 0.0120225 0.69034499 4278190334
0.33537599 -0.0129693 0.68676603 4283190450
0.28670299 0.144714 0.66685802 4282795704
0.089512303 0.0102386 0.69084901 4278453498
0.46892199 -0.13222399 0.62571299 4288058984
0.286856 -0.132329 0.67073399 4281677257
0.52754098 0.086310297 0.60483199 4292006444
-0.0574935 -0.099841297 0.67893702 4278453498
0.037576299 0.38937199 0.46705499 4278387707
0.00056712399 0.37269399 0.493462 4278190334
0.50921601 -0.0724205 0.61929202 4292927518
0.0363537 0.097063802 0.68036699 4278256125
-0.079837099 -0.29131001 0.58318198 4278190334
0.368498 -0.055073898 0.677477 4285493135
0.38780001 0.049384199 0.673792 4286348418
0.313665 0.137035 0.66774499 4283387823
0.077529103 0.29508901 0.58053303 4278321916
0.49409401 0.024163499 0.63421297 4290295878
-0.038017798 0.16875 0.65780401 4278387707
-0.060708199 -0.41795 0.408492 4278256125
-0.072099999 -0.33769301 0.53865498 4278256125
0.31738201 0.165756 0.65712601 4282664122
-0.096668303 -0.112767 0.67637801 4278387707
0.344419 0.068964697 0.67964399 4283058868
-0.31446099 0.136439 0.66812301 4281940421
0.25879401 -0.017789099 0.69043601 4281019347
0.053279798 -0.24891099 0.61535501 4278519289
0.317801 0.301227 0.57213801 4282664122
-0.116366 -0.14214499 0.667777 4279045617
0.65402502 -0.100565 0.465763 4294967040
0.0734099 0.0136939 0.69042897 4278256125
0.574224 0.070916504 0.57130098 4294967040
0.28269401 0.036726501 0.68918699 4280624601
0.000811334 0.15742099 0.66158903 4278190334
-0.208067 0.206294 0.64002299 4279835109
0.55039799 0.0247734 0.59737599 4294243338
0.272872 0.35311499 0.519638 4282335167
0.27739 0.091151901 0.680713 4280953556
0.114676 -0.084641002 0.682338 4279177199
0.41569501 -0.24170101 0.59466499 4287532656
0.045918498 0.171736 0.65691799 4278256125
0.28173101 0.25676399 0.60943103 4280558810
0.236306 -0.0608299 0.68663597 4280361437
0.205946 -0.35337901 0.51979798 4279571945
0.67229998 0.050326601 0.45152 4294967040
0.52281398 0.13067099 0.59407097 4290164296
0.36831999 0.249955 0.603284 4284308897
-0.129346 0.165177 0.65898103 4278848244
0.087505102 -0.132117 0.670147 4278585080
0.479947 0.074070901 0.63577598 4291545907
-0.103407 0.272526 0.59796399 4278321916
0.49722499 0.094705798 0.62143397 4289177431
0.33750999 -0.238741 0.61675602 4282598331
0.48023501 -0.153129 0.61153299 4290098505
0.021430301 -0.0044399402 0.69059002 4278256125
0.384689 -0.107027 0.664729 4286611582
0.037193902 -0.057677299 0.68666202 4278453498
0.39132899 0.089985102 0.66611397 4286808955
0.46755001 0.114144 0.63210398 4290295878
0.50305998 -0.0132015 0.62947601 4292532772
0.26474199 0.105618 0.678114 4281874630
0.237776 -0.0061725602 0.69020098 4280361437
0.32715499 -0.035568401 0.68647802 4282664122
0.353425 -0.120222 0.66694301 4284769434
0.39510101 -0.0205152 0.67430699 4285229971
-0.0211858 0.106664 0.67795002 4278190334
0.0095938798 -0.186304 0.65022302 4278190334
0.50720501 0.16689999 0.58919901 4290624833
0.39299101 -0.182354 0.63505101 4285098389
0.119517 -0.18629199 0.650307 4278914035
0.168622 0.188732 0.64890599 4279374572
0.222085 0.204531 0.64159 4281019347
0.277179 -0.0188125 0.68967003 4281743048
-0.37248901 -0.054511901 0.67669898 4283782569
0.580217 0.19756299 0.50927502 4294967040
0.054559998 0.13830701 0.66896802 4278585080
-0.19586 0.32703099 0.54929101 4280624601
0.44273201 -0.17250399 0.62142599 4287664238
0.58965701 0.195457 0.498716 4294967040
-0.277531 0.20585801 0.64026803 4281808839
0.026008099 0.12072 0.67432702 4278190334
0.31477499 0.13621099 0.66797602 4282927286
-0.13620301 0.106071 0.67806 4278650871
-0.14069299 0.188641 0.64947402 4278716662
0.46438301 -0.176658 0.60930401 4287269492
-0.125659 0.0261165 0.689417 4278519289
0.558303 0.12503199 0.56936598 4294374920
-0.203508 -0.26962599 0.60030299 4279571945
0.45670599 -0.123601 0.63383901 4286677373
-0.20276099 -0.102696 0.67819601 4280098273
0.32317701 -0.040328201 0.68655401 4282072003
0.38604301 0.16658001 0.64366502 4286282627
0.42248499 0.067796104 0.66147101 4286480000
0.054450501 -0.36035299 0.50966197 4278256125
0.48295501 0.00649529 0.64120197 4289769550
0.30803299 -0.0042077601 0.68955398 4283387823
0.078917399 -0.091978602 0.68115097 4278519289
0.498694 0.0869468 0.62216598 4291282743
0.47387099 -0.29854199 0.51464099 4290756415
0.53745401 0.0585577 0.60297197 4293059100
-0.051995199 -0.124399 0.67287099 4278190334
0.0087431902 0.21051 0.63801199 4278190334
0.40185899 -0.222284 0.61203003 4286611582
0.0253547 -0.093498401 0.68111801 4278190334
0.36544499 0.10684 0.66864902 4284966807
-0.087229498 -0.125508 0.67309499 4278650871
0.17171 -0.318874 0.558393 4279966691
-0.014759 -0.034962699 0.68926299 4278190334
0.593189 -0.16238099 0.51697499 4294967040
0.30060101 0.33195001 0.54347402 4282598331
0.068861201 0.14274999 0.66697401 4278519289
0.25968701 -0.0999301 0.67931002 4281743048
-0.043189902 -0.28204 0.59154397 4278453498
-0.17910901 0.307127 0.56928599 4279177199
0.070565701 0.10691 0.67760903 4278387707
-0.119701 0.34937 0.52345598 4278650871
0.308707 -0.192848 0.64599401 4283190450
0.384976 0.13336 0.65689898 4284045733
0.45042101 -0.227047 0.58859301 4287401074
0.46329901 0.074973799 0.64377499 4288980058
0.42723 0.0067643598 0.66500902 4287861611
-0.052352998 -0.0550799 0.68713999 4278190334
0.25425801 0.34265 0.53230202 4280427228
0.24904799 0.217632 0.63467401 4281940421
0.56727898 -0.063680403 0.578987 4293190682
0.44557399 0.053075802 0.65499997 4287664238
0.0818571 0.264395 0.60523701 4278453498
-0.44164801 -0.0278106 0.658593 4288585312
-0.194317 0.22172 0.63228101 4279111408
0.245059 0.110166 0.67662901 4281545675
0.46720701 0.312682 0.50299603 4288782685
0.35916299 -0.32225701 0.54357898 4284572061
0.18984801 0.20654701 0.64013201 4279374572
0.135442 -0.21196599 0.63747799 4278914035
0.36254701 -0.110306 0.66831702 4285164180
-0.159135 0.221177 0.63186097 4278848244
0.640037 0.0091915298 0.50627297 4294967040
0.181973 -0.0150481 0.69034499 4279506154
0.071414299 -0.25952199 0.60844302 4278190334
-0.226436 0.064841598 0.68572301 4279506154
0.14008699 0.279585 0.59261602 4278848244
0.51795202 -0.0304363 0.61937499 4292335399
0.0214571 0.0569872 0.68690503 4278190334
-0.32615399 0.22417 0.627891 4282598331
0.14699499 -0.043514099 0.68805403 4278585080
0.44284099 0.274829 0.55680698 4288651103
0.093537197 0.0040519298 0.690337 4278585080
0.34245601 -0.0048722499 0.68538499 4284374688
0.50100398 0.367369 0.373485 4290953788
0.593364 0.026197501 0.559407 4294967040
0.432625 -0.162065 0.63009 4287927402
-0.40051499 0.234791 0.60363001 4285624717
0.34553501 -0.0122629 0.68528599 4284506270
0.57572901 -0.223061 0.493137 4294967040
0.39465699 -0.040295999 0.67267102 4285558926
0.55033302 0.21282101 0.52790201 4294243338
0.311589 -0.086707003 0.68076903 4281348302
-0.29654601 0.047806598 0.68712997 4282466749
0.0220016 -0.374648 0.48930401 4278190334
0.370821 -0.078404598 0.67354298 4284966807
0.26547301 -0.29065299 0.58453399 4281611466
0.376932 -0.178895 0.64118898 4283716778
0.58632898 -0.034900401 0.56580502 4293980174
0.49451399 -0.0493997 0.631576 4291874862
0.223676 -0.35084799 0.521617 4281019347
0.61506402 0.121761 0.51222301 4294967040
-0.20311999 0.150161 0.66440302 4279308781
0.12662099 0.070942499 0.68472803 4278453498
0.280541 0.34016499 0.53483999 4280756183
0.198952 0.28107601 0.59247601 4279374572
0.34081301 0.22889 0.62252098 4283848360
0.183107 -0.25659001 0.60971898 4279900900
0.427955 0.13244601 0.64331698 4285295762
0.46497899 0.113256 0.63312602 4287532656
0.524544 0.270973 0.50128299 4290756415
0.188297 -0.080334701 0.68364298 4279111408
0.63698798 -0.17377301 0.44906899 4294967040
0.40301701 -0.36835599 0.46658599 4284637852
-0.108408 0.146768 0.665923 4278453498
0.478843 0.063361302 0.63851398 4288848476
-0.0061394698 -0.033584699 0.68908501 4278256125
0.52322102 0.118049 0.59829003 4292072235
0.45211399 -0.127056 0.63501 4289703759
-0.0022044301 -0.083581597 0.68280798 4278190334
0.445981 0.21349201 0.59854501 4288651103
0.49329001 -0.082229003 0.62632698 4290164296
0.459124 -0.072393797 0.645567 4288651103
0.193047 -0.113045 0.67578399 4279374572
-0.064626403 -0.075205602 0.68433398 4278650871
-0.0093037598 0.0064415601 0.690512 4278190334
0.334775 0.076450802 0.68071598 4282137794
0.173713 -0.16428 0.65918499 4278782453
-0.10788 0.23941299 0.62108397 4278387707
0.480461 0.30086601 0.50631899 4290295878
-0.093050897 0.056584999 0.68708199 4278321916
0.46608201 -0.0414524 0.64739799 4289045849
0.30742699 0.179722 0.65213102 4283190450
-0.108735 -0.228946 0.62810498 4278387707
0.197754 0.064363196 0.68634099 4280032482
0.246823 0.051674001 0.68763399 4281414093
0.40349999 -0.31508401 0.53647 4286348418
0.46563599 0.033456299 0.64816499 4289901132
0.0499302 -0.045306802 0.688402 4278519289
0.53114498 0.041979201 0.60984898 4291282743
0.19637001 -0.237046 0.623218 4279835109
-0.233279 0.137936 0.668953 4281216720
0.33002701 0.16785599 0.65421402 4283848360
0.0300692 -0.069109 0.68492001 4278190334
0.090673499 -0.34827301 0.526039 4278453498
0.362279 -0.200434 0.63484502 4285953672
0.204326 -0.40592501 0.435112 4279900900
0.24378 0.19822399 0.64445698 4281611466
0.070361599 0.0510232 0.68742001 4278190334
0.51139599 -0.247896 0.53383398 4289966923
0.501845 -0.036552899 0.62949997 4291151161
0.269521 -0.031027799 0.68904799 4280295646
0.61633402 0.0640883 0.52965897 4294967040
0.449606 0.0800597 0.64892203 4288058984
0.48108399 -0.099937104 0.62932497 4288585312
0.390183 -0.345709 0.50649601 4286743164
0.35077301 0.194686 0.63973498 4285098389
0.33996701 0.23091599 0.62181997 4284769434
0.429528 0.26374301 0.57223397 4286743164
0.59570402 -0.18131 0.50126898 4294967040
0.0386489 -0.0728852 0.684268 4278190334
0.065425701 -0.087614097 0.68155098 4278387707
0.38667601 0.00314898 0.67674601 4286216836
0.0922537 -0.130219 0.670735 4279045617
-0.108791 0.030371999 0.688981 4278585080
0.29055399 0.12900899 0.67096299 4282072003
-0.35933799 -0.200102 0.63476598 4283058868
0.34572801 0.0928813 0.67527801 4283782569
0.0229374 0.382108 0.47753 4278190334
-0.19857 0.409491 0.42602 4279308781
0.30895099 0.047832798 0.68674803 4282598331
0.016804701 0.136152 0.669249 4278256125
-0.100795 0.044266701 0.68872303 4278453498
-0.224797 -0.032953601 0.68889201 4280427228
0.60862797 0.039983898 0.542247 4294967040
-0.26090899 -0.32089999 0.55576003 4280164064
0.583076 -0.16432901 0.52646703 4294967040
0.43560201 -0.175374 0.62331301 4288716894
0.092617199 0.092566602 0.68101001 4278453498
0.076320097 -0.32622001 0.551162 4278716662
-0.34306201 0.138834 0.66356599 4283124659
0.15894 0.11018 0.67728001 4279045617
-0.17981701 0.29502299 0.579965 4279111408
0.435496 0.215933 0.60281599 4288322148
0.31345499 0.102675 0.67725301 4283058868
0.32586101 0.27450001 0.59338403 4282795704
0.33678699 0.170468 0.652556 4281874630
0.62394601 0.095303804 0.51193398 4294967040
-0.24784499 0.044542398 0.68791002 4280690392
0.28286499 0.060186699 0.68644398 4282269376
0.35669601 0.045272298 0.68140501 4283782569
0.135162 0.096756399 0.680296 4278979826
0.26549199 -0.0182744 0.68996698 4280295646
-0.0305431 0.055468898 0.686993 4278190334
0.472408 0.057307102 0.641572 4290098505
0.33396801 -0.27120501 0.595716 4282072003
-0.51499599 -0.000256328 0.62251902 4289572177
0.60527301 -0.201352 0.474682 4294967040
0.39102501 -0.069150098 0.67082399 4285164180
0.41205001 0.055964202 0.66620499 4284901016
0.40928799 0.220346 0.61042303 4287401074
0.0118889 -0.054954998 0.68745297 4278190334
0.214068 -0.18961599 0.64846301 4279571945
0.44668499 0.165599 0.62312198 4287861611
0.124651 0.239557 0.62115598 4278453498
0.043833401 0.12659299 0.67184299 4278256125
0.435038 -0.15254501 0.63341302 4287006328
0.184238 0.20307299 0.64241397 4279769318
0.473914 -0.204704 0.58987898 4291151161
-0.063115202 -0.082160003 0.68278301 4278256125
0.14145599 0.112179 0.67676502 4278782453
0.46268699 0.080922998 0.64301902 4290295878
0.040274501 0.349796 0.52312797 4278190334
0.0027487499 -0.35960299 0.51144397 4278256125
0.24472401 0.18274499 0.65190703 4279835109
0.52122301 -0.030005701 0.61823303 4290953788
0.35387799 0.057824701 0.680134 4282598331
0.408362 -0.36651501 0.46648201 4287006328
-0.114411 0.20648301 0.64039302 4278387707
0.43608099 -0.17024 0.625292 4288387939
-0.188751 0.075983502 0.68391299 4279374572
-0.143087 -0.25581399 0.61097598 4278782453
-0.0097090499 -0.045745399 0.688155 4278190334
0.45503101 0.0162553 0.65366101 4289769550
-0.245111 -0.174417 0.65554398 4281216720
0.0337459 0.042507902 0.68878001 4278190334
0.28777301 -0.173499 0.65513802 4282137794
0.35440701 -0.0131095 0.684021 4282598331
0.16469599 -0.178131 0.65350401 4279835109
-0.174871 -0.35324901 0.51894301 4279308781
0.201942 0.229762 0.62757599 4280427228
0.668751 -0.00041435001 0.46225601 4294967040
0.65286797 0.13320699 0.45031199 4294967040
-0.18870801 -0.081462502 0.68350297 4280229855
-0.28167999 0.14354201 0.66659099 4281282511
0.237765 0.083658896 0.68255299 4280427228
0.0587525 -0.400749 0.44488001 4278256125
0.33732 0.043071199 0.68475997 4283322032
0.104036 -0.25991499 0.60748601 4278650871
0.52895498 -0.003675 0.61406499 4292072235
-0.25083399 0.023322299 0.68984097 4279900900
0.444693 -0.138431 0.63500398 4287466865
-0.197171 0.099433102 0.67983401 4279637736
0.57889998 0.198567 0.50889301 4294967040
0.42209101 -0.17190699 0.63056701 4287861611
-0.341308 0.222545 0.625889 4282598331
0.272811 0.114618 0.67578202 4280164064
0.31847799 0.036478601 0.686665 4283124659
0.49764901 -0.14882299 0.60394698 4288980058
-0.137041 0.35908499 0.51137602 4278782453
0.096505404 -0.0249904 0.68984503 4278585080
0.434885 0.063222297 0.65760797 4289045849
0.41387799 0.29016101 0.556988 4287269492
0.170825 -0.229772 0.62687099 4279506154
-0.0027004599 -0.02049 0.69024003 4278190334
0.68629199 -0.075626202 0.412512 4294967040
0.510656 0.0106542 0.62526298 4293782801
0.0545967 -0.019265199 0.68993998 4278190334
0.366808 0.044780198 0.67878997 4283322032
0.31962499 -0.067830503 0.68322998 4282006212
0.0102378 -0.202352 0.64298499 4278190334
-0.164177 -0.069150999 0.68490702 4278914035
0.45597401 -0.072940603 0.64678502 4289440595
0.39898199 -0.342356 0.50666797 4286940537
0.078453802 -0.198364 0.64457798 4278519289
-0.32917401 0.031053999 0.68669099 4284308897
-0.26067799 -0.25353399 0.61241698 4279966691
0.42974901 -0.028235899 0.663504 4286808955
0.256466 -0.107891 0.67752302 4280756183
-0.120035 -0.103079 0.67826402 4278716662
0.29940999 0.098260097 0.67888099 4281216720
0.633627 0.0547277 0.51038802 4294967040
0.289839 -0.00129467 0.69029099 4282927286
0.48417601 0.055091899 0.63656098 4291940653
0.0322062 0.229278 0.62818903 4278190334
0.486132 0.0435578 0.63647699 4291151161
0.236248 0.236075 0.62303102 4280493019
0.56797397 -0.14221001 0.55287099 4294967040
0.55518597 0.23830999 0.50250602 4294177547
0.34040901 -0.139952 0.66329002 4285032598
0.333606 0.35019401 0.51822698 4283716778
0.407074 0.092070699 0.66182101 4285032598
0.226834 0.120009 0.67438298 4280032482
0.40890899 0.0134709 0.67021298 4287335283
-0.017726099 0.071347997 0.68431902 4278190334
-0.092409998 0.40432501 0.43843099 4278256125
0.38504499 -0.0070875599 0.67772102 4286677373
0.32919401 -0.18651199 0.64642203 4283914151
-0.037139598 -0.297784 0.57756603 4278321916
0.045052499 0.19181301 0.64761901 4278519289
0.22302601 -0.28574699 0.588094 4280821974
0.64807397 -0.0068392898 0.495433 4294967040
0.29274401 0.20819899 0.63942802 4280624601
0.19789 -0.11125 0.67638898 4280295646
0.50457299 -0.108827 0.61356503 4292203817
0.26443601 0.38562801 0.471632 4281414093
0.286331 -0.25804201 0.60914999 4281348302
-0.00924139 -0.25651601 0.61038101 4278190334
0.142755 -0.20048501 0.64379603 4278979826
0.0045185401 -0.154586 0.66282898 4278190334
0.066458598 0.190855 0.64782101 4278453498
0.123355 -0.096940197 0.67957801 4278519289
0.272908 -0.29383701 0.58174801 4280887765
0.229047 0.062537201 0.68597299 4280624601
-0.052813198 0.18428101 0.651528 4278190334
0.571271 -0.0115882 0.58173299 4294967040
0.44269401 0.0207335 0.65908498 4287006328
0.537431 -0.070030198 0.600757 4292335399
-0.20112801 0.099507101 0.67885703 4279308781
0.400738 0.234697 0.60396999 4285756299
0.33003601 -0.090487003 0.67815 4282993077
0.036300901 -0.248217 0.61545402 4278256125
-0.113067 -0.106045 0.67826599 4278519289
0.191577 0.00488305 0.69047499 4279571945
-0.135658 0.16051 0.66050297 4279045617
0.026513901 0.0930987 0.68044901 4278190334
0.240522 0.28051901 0.59258699 4280098273
0.139569 -0.0239262 0.68997401 4278782453
0.25414199 0.079962298 0.68319499 4281216720
0.083945401 -0.20871399 0.63916099 4278453498
0.34132001 -0.193268 0.64225101 4283585196
0.45174199 -0.325625 0.497785 4290098505
0.060898799 -0.069762699 0.68485802 4278321916
0.078558199 0.30393201 0.57169902 4278256125
0.30245501 0.140956 0.66731 4283058868
0.166333 0.31833899 0.55836302 4279242990
-0.053646099 0.37765199 0.48514199 4278190334
0.052990898 0.084158003 0.68251002 4278190334
0.314235 0.047820099 0.68605399 4283914151
0.55534899 0.145228 0.56365401 4294177547
0.044057202 -0.17539001 0.65501201 4278387707
0.440097 -0.29213899 0.54187202 4288256357
0.59181798 0.180501 0.50795299 4294967040
-0.220128 -0.066811599 0.68550199 4279769318
0.102554 -0.094328597 0.68088102 4278519289
0.41371799 0.134471 0.64829397 4286151045
0.488011 -0.074476004 0.63167101 4292401190
0.42651999 0.023088699 0.664038 4288453730
0.28298 -0.14779399 0.66571701 4282795704
0.037851401 -0.0208831 0.68956101 4278321916
0.38545299 0.244985 0.60231698 4285098389
0.47855601 -0.18654799 0.59710598 4288914267
0.44644701 0.12847599 0.63753301 4286808955
0.47334701 0.083440997 0.63714099 4290887997
0.46124801 -0.36066201 0.43652099 4289440595
0.155531 0.068511598 0.68542099 4279242990
0.45128 0.23015501 0.586097 4288716894
0.41442901 -0.095558599 0.658283 4288322148
0.31472999 -0.053663 0.68609297 4282927286
-0.25939199 -0.00308882 0.69005901 4281940421
0.101106 -0.015905499 0.69029498 4278453498
-0.25166601 0.246088 0.61720002 4280032482
0.55583799 0.108157 0.57774401 4293782801
-0.232136 -0.038739 0.68919301 4279835109
0.158086 -0.048310801 0.68748403 4278782453
0.204602 0.344643 0.52914703 4280690392
0.63763899 -0.029267401 0.509197 4294967040
0.460619 -0.0873501 0.64257002 4290230087
0.57839298 0.16427501 0.532408 4294967040
-0.31552699 0.018903 0.68831497 4281874630
0.211017 -0.0152254 0.69013 4279900900
0.0285051 -0.023072699 0.68987298 4278256125
0.35505801 0.31130701 0.55606699 4282993077
0.148008 -0.061933201 0.68608898 4279111408
-0.079106897 -0.29781699 0.57788998 4278256125
-0.19745199 -0.125541 0.67223197 4279111408
0.40829799 0.200697 0.621562 4285493135
-0.28310001 0.120461 0.67373502 4280493019
-0.25563201 -0.077970304 0.68402803 4280295646
0.446078 -0.020209201 0.65681303 4287795820
0.42565101 0.219072 0.60439098 4288453730
0.47139201 -0.23918401 0.56876099 4289966923
-0.165929 0.0198166 0.689587 4278848244
-0.148615 -0.021470301 0.68975002 4278848244
0.041255899 -0.040947799 0.688586 4278190334
0.085335203 -0.152062 0.66356301 4278190334
0.134901 -0.037169401 0.68876499 4278519289
-0.067242302 0.053523902 0.68737501 4278716662
0.37481099 -0.167154 0.64731503 4284440479
0.25276601 0.086989 0.681786 4280032482
-0.131731 -0.228268 0.62843102 4279045617
0.61967999 0.00174271 0.53295499 4294967040
0.42133701 0.26434401 0.57458299 4284966807
0.11922 -0.212073 0.63768101 4278585080
-0.480692 -0.037755702 0.64073801 4288058984
0.25441399 0.124742 0.67250699 4280953556
0.32812801 -0.20310199 0.63922799 4282006212
0.469192 -0.21829601 0.58386701 4288453730
0.40418401 0.101472 0.66043901 4286677373
0.039040901 0.071513802 0.68507898 4278453498
0.34811199 0.14775801 0.65930098 4284703643
0.110655 -0.090500899 0.681337 4278716662
0.45018801 -0.067411698 0.65106797 4289045849
0.559569 -0.046122301 0.588476 4294769666
-0.156142 0.092718497 0.68101799 4278782453
0.42827001 -0.16605 0.63018501 4288453730
-0.39252499 -0.210518 0.620713 4287335283
-0.129591 -0.129612 0.67131001 4279440363
0.35718799 -0.20767 0.63148099 4282927286
0.21286 -0.043842901 0.68886101 4279308781
0.48003799 -0.182845 0.59804797 4289835341
0.17501099 0.231756 0.625772 4278914035
-0.118455 0.106974 0.677751 4278321916
0.348849 -0.225467 0.62320203 4284440479
0.387995 -0.34749699 0.50459301 4285032598
0.33189201 0.32866001 0.54296798 4282269376
0.073758803 0.31436601 0.562491 4278256125
0.53830999 0.0061593 0.607059 4292861727
0.33502501 -0.17984 0.64847499 4283519405
0.125204 -0.071311504 0.68526697 4278716662
0.080963999 0.110269 0.67692602 4278256125
0.0135786 -0.17752901 0.654401 4278321916
0.29614699 0.225723 0.62911701 4281282511
0.25657699 0.113663 0.67600101 4280164064
0.161881 0.0736522 0.68479103 4279111408
0.268379 -0.147517 0.66615599 4281743048
0.54757202 -0.23021001 0.51777798 4293848592
0.124866 -0.086835697 0.68205601 4279374572
0.31811801 -0.0108903 0.68847799 4282269376
0.021423699 0.066143103 0.68565398 4278190334
0.42527401 -0.32477099 0.51533198 4288453730
-0.189429 -0.125745 0.67229801 4279506154
0.237574 -0.178737 0.65381801 4279571945
0.034380201 -0.31880301 0.55810899 4278256125
-0.116763 -0.041401502 0.68885303 4278519289
0.13544101 0.137771 0.669209 4279308781
0.0950059 0.25547799 0.61074501 4278519289
-0.093391404 -0.0059635299 0.690772 4278453498
-0.033665199 -0.36327901 0.50678903 4278190334
0.63762301 0.011272 0.50981599 4294967040
0.44354501 -0.14616799 0.632586 4289243222
-0.083222002 0.219634 0.63351101 4278387707
-0.346912 -0.0089804204 0.68506801 4283124659
0.120023 0.22951999 0.62797099 4278453498
0.37958601 0.18914901 0.635952 4284835225
0.309746 -0.143381 0.66532803 4281085138
0.180384 0.064712003 0.68564302 4279177199
-0.45179701 -0.14259499 0.630674 4287993193
0.0041259802 0.0160014 0.689812 4278190334
-0.069170304 0.27598599 0.59539801 4278190334
0.124803 -0.197551 0.64532202 4278716662
0.51744503 -0.00193571 0.62079 4290822206
0.353807 -0.239269 0.61371702 4284308897
-0.037107799 0.22438399 0.630723 4278256125
-0.0102171 -0.168493 0.65809 4278256125
0.32775399 -0.194616 0.64269799 4283190450
0.31836301 0.237801 0.620538 4283124659
0.41476801 -0.359227 0.47445101 4287072119
0.022413 0.064090498 0.68617499 4278190334
0.53201002 0.22283401 0.53731698 4291611698
-0.197466 0.248715 0.615062 4279308781
-0.36515999 0.156359 0.65350598 4285098389
0.46530601 -0.0073726 0.64886802 4288848476
-0.047300201 -0.28136501 0.59148598 4278190334
0.14971 0.053838201 0.686988 4279111408
0.50267601 0.196318 0.57656598 4290098505
0.073633999 0.073151097 0.68489999 4278256125
-0.30427399 0.210775 0.63692999 4281874630
0.38105801 -0.35421699 0.498101 4284111524
0.17090499 -0.0351744 0.68909198 4279506154
0.468427 0.23546501 0.57274598 4291216952
0.64110303 0.23039 0.37338099 4294967040
0.24632201 0.137779 0.668612 4280295646
0.414379 0.190557 0.62409598 4286151045
0.0248062 -0.00121933 0.69086701 4278256125
0.0426559 -0.37477699 0.48867899 4278190334
-0.28539401 -0.15517899 0.66308498 4280887765
0.082872197 -0.29308599 0.58256298 4278453498
0.07536 0.29570299 0.57905197 4278256125
0.061428599 -0.0088740503 0.69023401 4278256125
-0.15100101 -0.067619599 0.68522298 4278716662
0.459907 0.098319396 0.64032203 4288322148
-0.0082768798 0.240913 0.62046897 4278190334
-0.21258099 -0.0129541 0.69066101 4279308781
0.17485701 -0.25489399 0.61168498 4280032482
0.453859 -0.034655198 0.65264797 4290032714
0.067737103 0.153528 0.66352999 4278190334
0.105402 -0.070817098 0.68500602 4278387707
0.478001 0.00621892 0.64325798 4288980058
-0.238686 0.22808599 0.62787199 4280361437
0.219061 0.17826 0.65323901 4280756183
-0.14560001 0.036278501 0.68941098 4278979826
0.033445001 0.31604299 0.56150299 4278321916
0.46567801 -0.024870001 0.648974 4288124775
0.036611602 -0.28713 0.58641303 4278256125
0.0564822 -0.27608499 0.59550899 4278519289
0.562159 -0.096880198 0.57581502 4294769666
0.56882697 0.088422596 0.57175398 4292993309
0.49171099 0.0112175 0.63568002 4290559042
-0.162045 -0.035410099 0.68943 4279966691
0.362225 0.23792499 0.61347502 4284440479
0.63638002 0.123844 0.48231301 4294967040
0.166409 -0.156836 0.66231698 4279111408
-0.41834101 -0.29541501 0.54965198 4286019463
0.40489101 -0.017201001 0.67174101 4287861611
0.45449999 -0.065318599 0.64924198 4288782685
-0.16406 0.069946803 0.68501699 4279374572
0.37625501 -0.21935999 0.62081897 4284769434
0.38686299 -0.15666001 0.64833099 4286151045
0.070218503 0.027879899 0.68987 4278256125
0.52692997 -0.112996 0.59739703 4291545907
0.0599203 -0.116091 0.67486203 4278585080
0.346634 0.39580899 0.44393399 4282598331
0.38092101 0.0577401 0.67453003 4286611582
-0.403552 0.106148 0.65965098 4285098389
0.40796101 0.020568701 0.67074698 4285361553
0.213921 -0.40062001 0.44476601 4280361437
0.00224614 -0.23042101 0.62717497 4278190334
-0.073450103 0.113632 0.67636502 4278190334
0.249749 0.090034097 0.68152601 4280690392
0.25307801 0.205801 0.64048201 4280624601
0.375462 0.0042985501 0.68015802 4286282627
0.37818399 0.26506701 0.58945101 4283716778
0.041196302 0.045837499 0.68852401 4278190334
0.331597 -0.158966 0.65842599 4283848360
0.16787501 0.17230099 0.65591401 4279374572
0.42593801 0.0074070599 0.665452 4286414209
0.476854 -0.081023701 0.635665 4288782685
0.65567601 -0.041379001 0.48049599 4294967040
-0.075613298 0.328408 0.54856598 4278650871
0.356491 0.0065689599 0.68301702 4284506270
0.094929896 0.20498601 0.64095598 4278650871
0.51203501 -0.0580304 0.61996001 4291414325
-0.050284401 -0.145163 0.66681898 4278190334
0.46324801 0.30215499 0.51812702 4287269492
0.309755 0.31488699 0.56081301 4283256241
0.30914399 -0.198818 0.64350802 4282795704
0.48765501 -0.134501 0.615246 4289374804
0.38595599 0.139075 0.65408802 4285756299
0.454898 0.1533 0.62514502 4287137910
-0.35581899 0.080004603 0.67687601 4283716778
0.38891 0.40366799 0.40401599 4285032598
0.189723 0.146907 0.66598397 4279242990
0.30590799 -0.14798599 0.66496003 4281019347
0.034667298 0.081903398 0.68332499 4278190334
0.429149 0.078170203 0.65720397 4288058984
0.143681 -0.13142 0.67046797 4279177199
0.49370599 0.026968401 0.63412899 4291085370
0.37796801 0.323645 0.53689802 4284045733
-0.050640602 0.078281499 0.684129 4278519289
-0.078422002 -0.029591899 0.68963099 4278387707
0.30012 -0.122194 0.67316401 4281874630
0.00274523 -0.20851 0.63921499 4278190334
0.215902 -0.00218254 0.69024998 4280098273
-0.20659 -0.136381 0.66883898 4279966691
0.163415 -0.351484 0.52199 4279177199
0.56231898 0.32614401 0.36234099 4294967040
0.606134 -0.147423 0.50962502 4294967040
0.13910501 -0.101908 0.67850697 4278979826
0.40709999 0.123376 0.653799 4287927402
0.164349 -0.070335902 0.685381 4279111408
0.181578 0.20062201 0.64289099 4279571945
0.039898202 0.15702701 0.66229999 4278453498
0.43344799 -0.053747699 0.65940797 4287006328
0.39996099 0.31026 0.54194701 4285295762
-0.30347201 0.33778599 0.536946 4281874630
0.297342 -0.40072501 0.44487199 4282006212
-0.14716899 -0.33617499 0.53968799 4278716662
0.380943 0.178223 0.64071 4286677373
0.497365 0.12576 0.61298603 4288980058
-0.203674 0.0089856004 0.69029498 4279703527
0.336548 0.089911602 0.67744303 4282335167
-0.35914201 0.138219 0.66074598 4283058868
0.033258699 0.082979202 0.68246698 4278256125
0.27310699 0.105887 0.67803699 4282466749
-0.0894612 0.062559597 0.68625402 4278321916
0.35086501 0.18093801 0.64624602 4282664122
0.1534 0.247293 0.61678499 4279571945
0.388666 -0.11135 0.662292 4283914151
0.109573 -0.097329699 0.67953098 4278519289
0.32181799 -0.074607998 0.682033 4282729913
-0.0110402 -0.247511 0.61685401 4278190334
0.61238199 -0.052879699 0.53672099 4294967040
-0.30006999 -0.071877301 0.68387097 4281545675
0.58612198 -0.0071859802 0.56757897 4294967040
0.108771 0.252325 0.61332202 4278848244
0.395017 -0.16662399 0.64196998 4286282627
0.19944701 -0.211494 0.63808101 4279571945
0.19463199 -0.22621199 0.62927997 4280558810
0.0733293 -0.356056 0.51606101 4278453498
0.40579399 -0.13693599 0.649831 4285690508
0.43821901 -0.00155649 0.66112798 4286216836
0.509161 0.23167799 0.54907602 4290953788
-0.0934733 -0.016581699 0.69061202 4278585080
0.45955399 0.18283001 0.60963202 4290822206
0.33209899 0.16268399 0.65615398 4282532540
0.0855565 -0.118492 0.674474 4278387707
0.411607 0.164755 0.63702202 4288058984
0.399717 0.0041515301 0.67313403 4286085254
0.164845 0.32435399 0.55309802 4279835109
0.20039 -0.27806699 0.59416097 4280624601
0.00081245898 0.13150799 0.67082202 4278190334
0.14974301 -0.0121758 0.68992198 4278716662
0.45445099 0.090410501 0.64374101 4288519521
0.2841 0.41663 0.40914899 4282861495
-0.37088001 0.062050901 0.67610103 4283650987
0.65077299 0.19235601 0.40360701 4294967040
0.57651699 0.24689899 0.468981 4294703875
-0.024082599 -0.117627 0.67452699 4278190334
0.60724699 0.019376 0.54645997 4294967040
-0.15444501 -0.35866299 0.51247901 4279308781
0.068190597 0.158911 0.66104001 4278650871
-0.38879001 0.187461 0.63474703 4283782569
0.00074441498 -0.0814512 0.68280202 4278256125
-0.13643999 0.148757 0.66523403 4278979826
-0.26626199 0.238396 0.62253398 4280164064
0.64414698 -0.064725503 0.493155 4294967040
0.51981199 0.127316 0.59770799 4290427460
0.51337302 0.011582 0.62315297 4292269608
-0.37080601 -0.130797 0.66101402 4283256241
0.43619701 0.102358 0.648673 4287072119
0.17265999 0.25743499 0.60921103 4279045617
0.019523101 -0.36331201 0.50576401 4278190334
0.12963399 0.212347 0.63698 4279045617
0.159192 0.063457899 0.68593198 4278979826
0.305392 -0.024056399 0.688761 4281743048
-0.27653199 -0.127231 0.67224002 4282532540
-0.32431799 -0.147935 0.662857 4282664122
0.47554699 0.28082699 0.53096098 4288322148
-0.067141697 0.20093299 0.64301002 4278256125
0.49706599 0.14837299 0.60378897 4292072235
0.36510801 -0.24209701 0.60935098 4285624717
0.33639699 -0.194894 0.64190203 4283322032
0.0363359 0.0131437 0.69026899 4278321916
-0.063976802 0.042369898 0.68805403 4278321916
0.404535 0.255678 0.58799398 4285295762
0.202452 0.118365 0.67439198 4280558810
0.56736201 -0.0924799 0.57160902 4294835457
0.43499601 0.160228 0.630086 4288848476
-0.118552 0.320104 0.55739999 4278979826
0.55986297 -0.228266 0.50656199 4294967040
0.067294396 -0.231839 0.62576503 4278321916
0.249924 -0.186244 0.65058899 4281414093
0.28837001 -0.054283701 0.68747902 4282729913
0.380833 0.126504 0.65997797 4284045733
0.508497 -0.111997 0.609963 4291940653
0.39414001 -0.065304101 0.66988999 4287269492
0.069485404 -0.0929159 0.68118602 4278190334
0.16884901 0.16519301 0.65930098 4279900900
0.33474201 -0.415387 0.40414199 4283585196
-0.204996 -0.36021501 0.51016802 4279177199
0.58240199 0.047918402 0.56860799 4294967040
0.346122 0.300401 0.56794101 4284308897
-0.0167736 0.074480101 0.68444198 4278190334
-0.035693001 0.037221599 0.68891501 4278190334
0.13720299 0.17714 0.65386498 4278650871
0.32736 0.23416001 0.62197602 4282598331
0.47342801 0.387604 0.35833699 4289835341
-0.180804 -0.063727103 0.68591899 4279374572
-0.224307 -0.0055561 0.69072998 4279506154
0.46886 -0.0588306 0.64358503 4288848476
0.35423499 -0.050152101 0.68125802 4285295762
0.016923999 0.0155858 0.690171 4278256125
0.338249 0.303076 0.56701797 4284243106
0.285115 -0.081173703 0.682895 4281150929
0.116534 0.067258298 0.68572998 4278453498
-0.182607 0.10917 0.67737699 4279571945
0.144463 -0.39849401 0.45020601 4279571945
0.13813201 0.30492401 0.57122999 4278716662
0.24189501 0.0126203 0.68998897 4281282511
0.338126 0.19299699 0.64299202 4284572061
-0.31426999 -0.0442123 0.68634701 4283519405
0.61759597 0.185018 0.469565 4294967040
-0.063815303 0.165694 0.65872699 4278190334
0.34780401 0.0567769 0.68147999 4282861495
0.26501301 0.40820399 0.42875201 4281545675
0.113184 0.12894 0.67119998 4278453498
-0.327151 -0.14372601 0.66385102 4282203585
0.098551199 -0.023329699 0.689722 4278453498
0.090930603 -0.12311 0.67325401 4278321916
0.122231 0.36818299 0.498761 4278585080
0.182062 -0.132863 0.670241 4279177199
-0.12082 -0.24243499 0.620031 4278387707
0.130426 -0.15018199 0.66431397 4278453498
0.45773 0.20897 0.59638298 4289111640
0.370408 -0.114355 0.66558599 4284243106
0.37588799 0.24217699 0.60637403 4286414209
0.21253601 0.017612901 0.689964 4280295646
-0.220549 0.16805699 0.65763301 4279506154
0.0112844 -0.105901 0.67790502 4278190334
0.092285499 -0.187031 0.64999002 4278716662
0.54709101 -0.098584801 0.58658999 4293190682
0.113426 -0.123665 0.67315799 4278387707
-0.118315 0.24638399 0.61747301 4278585080
0.18627501 -0.17001601 0.65707999 4279506154
0.43689299 0.33798799 0.490854 4289111640
-0.437554 -0.0178615 0.661071 4288980058
0.27121499 -0.29618201 0.57978499 4281085138
-0.37588999 0.16897701 0.64535803 4284703643
0.43991801 0.0117117 0.659944 4288256357
0.0171239 -0.161075 0.661116 4278321916
0.399261 -0.13114201 0.65391803 4285229971
0.36890599 -0.0557197 0.67751998 4283782569
-0.195292 -0.097251803 0.67965603 4279177199
0.232814 0.233209 0.62544501 4281348302
0.34848899 -0.281766 0.583547 4283322032
0.40815699 -0.10163 0.65855598 4286216836
0.0085430704 0.33048901 0.54624999 4278190334
0.0192142 -0.357766 0.512914 4278190334
0.071876399 -0.123379 0.673747 4278585080
0.287451 0.045609899 0.687787 4282203585
0.43001401 0.30200899 0.53723401 4287006328
0.15604401 0.0303072 0.68978 4278716662
0.31846601 -0.069188602 0.68310398 4282269376
-0.34566 -0.115285 0.67032999 4282335167
-0.194175 -0.34422901 0.53008997 4279440363
0.24582499 0.065253302 0.68611801 4280098273
0.37572601 -0.0944345 0.66905999 4286085254
0.422573 -0.057294801 0.66222697 4286677373
0.58866698 0.16475099 0.52085 4294967040
-0.380851 -0.036457699 0.677279 4284374688
0.29266801 0.14783999 0.66486198 4280821974
0.42557999 -0.048235402 0.66299301 4286611582
-0.190026 -0.18266 0.65173101 4279045617
0.32525501 0.057606801 0.68448597 4282861495
-0.26650801 -0.124166 0.67252302 4281677257
0.324063 -0.11088 0.67367798 4282598331
0.0480779 0.0118779 0.69064403 4278190334
-0.35275999 -0.151934 0.65722197 4282927286
0.099074699 0.061300602 0.68624902 4278387707
-0.021826001 0.039019801 0.688932 4278190334
0.067844898 0.215757 0.63587701 4278585080
0.050844502 0.021932499 0.69015098 4278321916
-0.110861 0.175386 0.65533501 4278979826
0.28425801 -0.151885 0.66408598 4282795704
0.63729399 0.047769699 0.50650799 4294967040
0.36295801 0.016016901 0.68198699 4284769434
-0.20043901 0.269997 0.60073203 4279242990
0.402165 -0.144586 0.64817601 4287006328
0.31394199 -0.14383499 0.66531801 4282335167
0.386866 -0.035041898 0.67608899 4285887881
-0.24671499 0.203252 0.64167798 4280229855
0.18188 0.22223599 0.63196498 4279045617
0.38716701 -0.125797 0.65864098 4286940537
0.43994299 0.26680499 0.56433702 4288124775
0.45648399 0.14326701 0.62816799 4288058984
0.28574401 0.34669399 0.52796602 4282137794
0.125357 -0.28642499 0.58814001 4278716662
0.37100399 -0.119898 0.66367298 4283979942
0.19926 0.28276101 0.590289 4280295646
0.445959 -0.15426099 0.62840801 4288585312
0.287808 -0.23531 0.62387002 4282269376
0.524396 -0.0097888503 0.61698103 4290230087
0.40174299 -0.0112641 0.67320001 4285756299
0.177746 0.190944 0.64835 4278848244
0.41279501 0.18990999 0.624883 4286874746
0.51772702 0.183414 0.57389599 4293519637
0.38476601 -0.0701233 0.672189 4286480000
0.21247999 0.044664599 0.68778402 4281019347
0.27815601 -0.171976 0.65683597 4281743048
0.55899501 0.29758701 0.42736799 4294572293
0.44299099 -0.078087002 0.65176302 4287993193
0.30210301 -0.179692 0.65242898 4281085138
0.0808516 -0.190804 0.648045 4278256125
-0.036208499 -0.128208 0.67163801 4278190334
-0.031767901 0.0220569 0.68975401 4278190334
0.278822 -0.332344 0.54462898 4282203585
0.14712 -0.37513199 0.48836201 4278914035
0.44484299 -0.057437401 0.65426397 4287598447
0.402394 -0.30348 0.54843402 4285624717
0.193624 0.071126603 0.68474102 4279966691
-0.068973899 0.14455099 0.66712499 4278190334
-0.44675499 0.214968 0.59834403 4287466865
0.386585 -0.27759299 0.577263 4285690508
0.179534 -0.034713 0.68950301 4279177199
0.37070799 -0.139396 0.65863901 4284637852
0.041598301 -0.088188902 0.68220401 4278387707
0.60693902 0.14563701 0.51034302 4294967040
0.0113734 0.223195 0.63132799 4278190334
0.443342 0.094548799 0.64770001 4288256357
0.35866001 -0.1311 0.66341799 4285295762
0.65732902 -0.142985 0.43547001 4294967040
0.28656 0.135537 0.66928399 4281216720
0.42586201 0.28948 0.55084097 4287335283
0.0083186701 0.27375901 0.59736598 4278190334
0.595662 -0.0021055699 0.55882198 4294967040
0.29375699 0.184536 0.65073401 4282927286
-0.25611401 -0.0253348 0.689511 4281348302
0.32414401 0.0139689 0.68754703 4281611466
0.016112501 -0.076828301 0.68429899 4278190334
0.45320001 -0.044480499 0.65251499 4290032714
0.0093839401 0.022236001 0.69031101 4278190334
0.416096 -0.0194779 0.66811502 4287006328
0.0195507 -0.15810899 0.66205603 4278321916
0.21022899 -0.00504323 0.69045001 4280953556
0.39157701 0.061759699 0.67093801 4286348418
0.40581799 0.161669 0.64003903 4287335283
0.26607701 0.0560514 0.68668199 4281150929
0.142849 -0.140323 0.66814202 4279637736
0.0429013 -0.13709199 0.66939402 4278256125
0.357279 -0.159577 0.653189 4284440479
-0.33803701 -0.066093698 0.68185103 4282335167
-0.31934801 0.2418 0.61807299 4282335167
0.64769602 0.0515434 0.49190399 4294967040
0.33246499 -0.0351361 0.68607903 4282532540
0.49247199 -0.137428 0.61063898 4289440595
0.45973799 -0.092506699 0.64151698 4288585312
0.354283 -0.0143804 0.68400502 4284901016
0.40493 -0.078891002 0.66533202 4285756299
0.0329016 0.078283899 0.68339199 4278190334
0.411751 -0.39926499 0.39836901 4287532656
0.20189799 0.023384999 0.68994999 4280427228
-0.097255699 -0.0595502 0.68669897 4278321916
0.42319199 -0.055215102 0.66263998 4287993193
-0.39065 0.200295 0.627307 4283716778
-0.30775201 -0.25352201 0.61080801 4283322032
0.070521504 0.124575 0.67278898 4278782453
0.154213 -0.216996 0.63469899 4278716662
0.21107 -0.30267799 0.57350099 4280164064
0.4393 -0.064806402 0.65527099 4288980058
0.311032 -0.027099401 0.68853498 4281348302
-0.0113663 -0.046586301 0.68818802 4278321916
0.105897 -0.104068 0.67830002 4278848244
-0.064214401 0.0131481 0.69041699 4278256125
0.602323 -0.0462282 0.54920697 4294967040
-0.34357899 -0.21613599 0.62952298 4283519405
0.150895 -0.39531499 0.45649499 4278848244
0.33742201 0.0766932 0.680121 4282006212
-0.060562599 -0.081349902 0.68332899 4278190334
0.0819517 0.246796 0.61627603 4278453498
0.34780699 0.070442997 0.67952502 4283979942
0.23787101 -0.14368001 0.66703999 4279900900
0.122894 -0.16885599 0.65710902 4279045617
0.27607 -0.086922698 0.68177301 4280953556
0.018322499 0.108311 0.67690003 4278321916
-0.182574 -0.0621204 0.68651998 4279242990
0.48075601 -0.023189999 0.64177603 4291348534
-0.00152373 -0.165443 0.65940201 4278190334
-0.32433 0.268278 0.59926802 4283716778
0.35368899 0.12523501 0.66632003 4282795704
0.224479 -0.15333299 0.66378999 4281282511
0.36445799 -0.089339398 0.67321199 4285164180
0.38655099 -0.142517 0.65348399 4285690508
0.044112399 -0.021067999 0.69020498 4278190334
0.18536 0.192341 0.64734697 4279374572
0.38200101 0.112577 0.662983 4286611582
0.51678801 -0.15393899 0.58948201 4291809071
0.230014 0.23142201 0.62681198 4280493019
0.28565499 0.019596299 0.68987101 4280493019
0.30948901 -0.129675 0.67074198 4282795704
-0.101548 -0.20358799 0.64169902 4278782453
0.423152 -0.23884401 0.59251797 4285953672
0.23048601 -0.047999799 0.68753201 4280295646
-0.13208701 -0.018183701 0.68981498 4278716662
0.26858199 0.206615 0.64068699 4281808839
-0.161055 0.135563 0.66941398 4278782453
0.054674599 0.233226 0.62567198 4278387707
0.52974099 -0.238572 0.52692199 4292203817
0.214432 -0.101945 0.67885 4280229855
-0.170114 -0.041995499 0.68846798 4279177199
0.348546 0.113661 0.67042297 4282598331
-0.155752 0.028913399 0.68910301 4279769318
0.24210501 0.048161998 0.68815899 4279966691
0.42865399 -0.25913399 0.57623899 4287598447
-0.038212702 0.33519 0.54074597 4278190334
-0.038674701 -0.036096901 0.68939799 4278256125
-0.40671799 -0.13142 0.65089399 4285032598
-0.15411501 -0.225797 0.630117 4278848244
0.383248 0.30493101 0.55373102 4285756299
-0.28660601 -0.28184801 0.59120399 4280821974
0.49168199 0.243815 0.55274498 4292072235
0.0115204 -0.15434299 0.66337299 4278321916
-0.188492 -0.13631099 0.66891402 4279374572
0.48331299 0.116063 0.62339801 4289572177
0.392364 0.10778 0.66210699 4284243106
0.48183399 -0.081293903 0.63302302 4290427460
-0.088505603 -0.24683701 0.61651403 4278848244
0.35771999 -0.188667 0.64134401 4284308897
0.0616493 0.156406 0.662341 4278387707
-0.121298 -0.042235199 0.68857098 4278848244
0.44165501 -0.032786399 0.65774602 4287401074
-0.17895199 -0.0047180802 0.690579 4279571945
-0.0388675 -0.092310198 0.68142098 4278190334
0.302885 -0.109648 0.67586398 4283256241
0.52449799 -0.123067 0.59645301 4293585428
-0.072273202 -0.238232 0.62190098 4278256125
0.499221 -0.120161 0.61314797 4289966923
-0.403954 0.197836 0.62414098 4286611582
0.334461 0.165824 0.65517998 4282664122
0.094080999 0.36792299 0.49936199 4278519289
-0.13618299 -0.28992999 0.58417898 4278650871
0.17536999 -0.40376899 0.43906999 4278979826
0.144198 0.13249899 0.67025697 4279242990
-0.372587 -0.113967 0.66504502 4283322032
0.26809999 0.032409001 0.68965298 4282203585
0.54366899 -0.0431307 0.601197 4292401190
0.077937201 0.14959 0.66471398 4278585080
-0.48991501 0.067351498 0.631549 4289177431
0.37916499 -0.138051 0.65605599 4284572061
0.42803201 -0.30948901 0.53097898 4286282627
0.069538198 0.29542199 0.579889 4278519289
-0.29310799 0.00163776 0.69060802 4280756183
0.038409401 0.052868899 0.687756 4278190334
0.383728 0.134648 0.65647 4286874746
0.28077799 -0.00201764 0.69002199 4282664122
-0.40117401 0.21794 0.61390299 4285361553
0.113167 0.17805 0.65431499 4278519289
0.0418697 -0.141902 0.66715801 4278519289
-0.229821 -0.0507016 0.68736398 4279835109
0.0122354 0.064892299 0.68554699 4278190334
0.111502 0.316302 0.56002003 4278650871
-0.14180601 0.065678202 0.68556601 4279637736
-0.0123014 0.189999 0.64875799 4278190334
0.533445 -0.078823298 0.60259497 4294177547
0.11345 -0.072031699 0.684955 4279242990
0.089608498 0.079470001 0.683254 4278321916
0.14265101 -0.156541 0.66273803 4279177199
-0.042832501 0.389478 0.465868 4278256125
0.34020799 -0.31244001 0.557657 4284111524
0.0711198 -0.130364 0.67092001 4278716662
0.195099 -0.249624 0.61500299 4280690392
-0.15442701 0.259572 0.60869002 4278914035
0.061990298 0.18210299 0.65173 4278190334
0.15159801 -0.0143407 0.69035 4279835109
0.31532201 -0.290461 0.58249599 4282072003
0.136566 0.278328 0.593934 4278650871
0.162664 0.056869499 0.68683398 4278979826
-0.129471 0.044678099 0.68854702 4278519289
0.42866299 -0.249887 0.58345002 4285690508
-0.0459955 -0.039637499 0.688766 4278453498
0.632599 -0.0232543 0.51552403 4294967040
0.106162 -0.25174999 0.61402798 4278716662
0.33126301 0.123664 0.66949099 4284111524
-0.102782 0.22468001 0.63028401 4278519289
-0.33655199 0.18172701 0.64783502 4283124659
0.18802901 0.143015 0.66743797 4279571945
0.586667 0.0318483 0.56655002 4294638084
0.37443301 0.0059304601 0.67947298 4284901016
0.13439301 -0.119443 0.67474502 4278453498
-0.21978299 0.24740499 0.61648202 4280821974
0.152814 -0.0688558 0.68479902 4279769318
-0.0085445195 0.39118001 0.462421 4278190334
-0.186295 -0.168245 0.65743297 4279177199
0.34163001 0.0654274 0.68151402 4284769434
0.093074501 -0.28114501 0.591299 4278453498
-0.0193532 0.26977399 0.60082698 4278190334
0.0893692 0.0054812999 0.69090998 4278585080
0.117498 0.086248703 0.68222398 4279374572
0.277197 -0.000230429 0.69066602 4280690392
0.505391 -0.15750501 0.594666 4289572177
0.240549 -0.19509 0.64609897 4280361437
-0.208874 -0.0107207 0.69005901 4279506154
0.50661403 -0.247319 0.53925902 4290822206
0.072649099 -0.14192601 0.66736901 4278519289
0.018112 0.229545 0.62777603 4278190334
0.481401 -0.0421976 0.63945502 4289572177
-0.307735 0.0557409 0.68591797 4281348302
0.25189 -0.16937201 0.65716702 4281348302
0.089384101 -0.023951 0.689403 4278519289
-0.26536301 -0.20866001 0.63908201 4280361437
-0.15015601 -0.15508699 0.662628 4278979826
0.56703699 0.030904699 0.583148 4294967040
-0.115187 -0.28423399 0.58891398 4278453498
0.35726801 -0.109038 0.66998899 4285098389
-0.38223699 -0.30923399 0.549541 4283716778
0.47488999 0.13595 0.62169403 4291019579
0.40223601 -0.062345199 0.66862601 4286414209
-0.246259 -0.0887402 0.682055 4281874630
0.162824 -0.112606 0.67657399 4278848244
-0.037602101 -0.175143 0.65523702 4278190334
-0.23460899 0.33419299 0.54224998 4280558810
0.224714 0.186675 0.64972001 4281019347
-0.031890001 -0.20136701 0.64298701 4278190334
0.35804799 0.22861999 0.61924899 4284572061
0.15708099 -0.174132 0.65509802 4279769318
-0.0321839 -0.065320201 0.68572998 4278190334
-0.108008 -0.26725301 0.60213399 4278519289
0.044447102 -0.126196 0.67269599 4278190334
-0.38393599 -0.071647704 0.671336 4286019463
-0.064081997 -0.219791 0.63349998 4278190334
-0.117388 0.261464 0.60663903 4278782453
-0.166789 -0.160199 0.66143203 4278979826
0.33883101 -0.355194 0.50919902 4282466749
0.41054299 0.197817 0.62209898 4286545791
-0.416547 0.16582701 0.63473201 4287466865
0.36855301 0.13734899 0.65882999 4284572061
0.40888 0.14722601 0.64515102 4285427344
-0.020117 -0.13194001 0.67043197 4278190334
-0.157838 0.193675 0.64696401 4278848244
0.44197699 0.036264502 0.65782702 4288651103
0.222846 0.101037 0.67950201 4280229855
-0.166214 0.19502001 0.645778 4279177199
-0.0193341 -0.0094980802 0.690503 4278190334
-0.057251699 -0.214358 0.63584799 4278256125
0.60149401 0.23964199 0.442031 4294967040
0.31534699 -0.047106002 0.68628401 4282795704
0.58658898 -0.198983 0.50053698 4294440711
-0.15177999 0.00591587 0.69094998 4278716662
0.31136 -0.219253 0.631558 4282137794
0.066292897 -0.075232998 0.68421102 4278256125
0.541242 0.0417016 0.60232401 4292795936
-0.28938401 -0.36373401 0.50546002 4281150929
0.441908 0.121354 0.64163899 4286085254
0.34852901 -0.128923 0.66567802 4285032598
0.53921503 -0.00375187 0.60605103 4293059100
0.063014701 -0.24308801 0.61928302 4278256125
0.27899501 -0.26403201 0.605079 4282335167
0.25518 0.120952 0.67393798 4280756183
0.49191499 -0.28898099 0.51124197 4291809071
0.20957699 -0.188803 0.64863801 4280427228
0.30846301 -0.173228 0.65480202 4283716778
0.39597699 0.035584498 0.67275399 4286677373
-0.29578301 -0.098309003 0.67946798 4280821974
0.22674499 -0.0992283 0.67953598 4280624601
0.43289399 -0.184909 0.619838 4285690508
0.170909 -0.143685 0.66689098 4279242990
-0.049945399 0.120511 0.67436802 4278190334
0.58516598 -0.032064602 0.56791598 4294967040
0.232467 -0.227501 0.62836498 4281348302
0.24412499 -0.17541499 0.65489 4281019347
0.334786 0.083167203 0.678536 4283585196
0.20954201 0.19578101 0.64553797 4279571945
0.078948401 -0.28316799 0.58977199 4278321916
0.62043202 0.17688499 0.47173199 4294967040
0.338884 -0.12657 0.66746998 4284243106
0.31341499 0.075124301 0.68271798 4282203585
0.062647298 0.23322099 0.62535101 4278321916
-0.0590491 0.075037301 0.68377298 4278190334
0.40703401 0.30555001 0.54472202 4285690508
0.49234101 -0.317287 0.47746101 4290230087
-0.055836201 -0.362957 0.50699198 4278387707
0.308799 0.107146 0.67661798 4281414093
0.44598299 -0.093104199 0.64673901 4286743164
0.424328 0.108354 0.65235698 4287006328
-0.31121799 -0.177756 0.65249598 4283716778
0.41194201 -0.10001 0.65843201 4287795820
0.28281701 -0.210086 0.63812101 4280690392
0.54782301 -0.031927399 0.59902298 4292269608
0.024118301 -0.051824301 0.68769699 4278190334
0.27325499 -0.221947 0.63217503 4282598331
0.46764499 0.010329 0.64814299 4289045849
-0.073463798 0.00061765802 0.69015801 4278387707
0.50876898 -0.27990699 0.507092 4293124891
-0.29438901 0.052590299 0.68746197 4280953556
0.42609799 -0.32954201 0.50908601 4287401074
-0.30208701 -0.2322 0.62472701 4281611466
0.37818101 0.162424 0.64738399 4285558926
-0.30799001 -0.148388 0.66402698 4283716778
0.33432999 -0.310128 0.561432 4283453614
-0.063324101 0.131825 0.67051703 4278453498
0.167026 -0.114671 0.67577398 4280164064
-0.323607 -0.144658 0.66365701 4284308897
0.40845901 0.0199308 0.67042798 4285822090
0.27315599 -0.013052 0.69068199 4280887765
-0.295275 -0.163222 0.659832 4281282511
0.580284 0.110816 0.55502099 4294967040
0.33026099 0.027688099 0.68659198 4283519405
-0.27694499 0.27399501 0.596964 4282598331
0.25812101 -0.141111 0.66774899 4280295646
0.55194402 -0.072753601 0.589674 4293848592
0.30675799 -0.187167 0.64822203 4282729913
-0.067764498 -0.225751 0.62923002 4278387707
0.57721502 0.25439 0.45900899 4294967040
-0.0731318 -0.114783 0.67597401 4278190334
0.62331998 -0.16705699 0.47580701 4294967040
-0.23663899 -0.019349299 0.69023901 4280427228
0.34403101 0.134534 0.66483402 4284374688
0.170936 -0.344991 0.52939999 4279111408
0.465305 -0.28635001 0.53174502 4289243222
0.136205 -0.048468199 0.68785799 4278650871
-0.101037 -0.27753699 0.59410602 4278519289
0.38650399 0.13791201 0.65427899 4285624717
0.219679 0.106579 0.67786199 4279308781
0.241587 -0.244395 0.61848599 4281150929
0.156415 0.28042701 0.59271002 4279045617
0.402778 -0.0346561 0.67186499 4285229971
-0.36176199 -0.247807 0.60652798 4283124659
0.127992 0.086377397 0.681624 4278585080
-0.087225601 0.29049399 0.58454299 4278848244
-0.0144253 -0.055899698 0.68747699 4278190334
0.059953202 -0.036018301 0.68872201 4278321916
0.49523801 -0.136601 0.61043298 4290559042
-0.191543 0.103257 0.67856097 4280624601
-0.102974 0.034562498 0.68906701 4278914035
0.226198 0.282565 0.59015697 4280821974
0.49349999 0.045437898 0.633219 4290559042
0.51809198 -0.0121873 0.62028998 4291545907
-0.082538202 -0.066757701 0.68535298 4278848244
0.14600199 -0.113537 0.67580402 4279045617
-0.25007701 0.282424 0.59097201 4279769318
0.369414 -0.18686999 0.63927197 4285624717
0.076509103 0.145567 0.66590798 4278256125
0.32802901 0.172738 0.65267003 4283453614
-0.14678399 -0.329256 0.54695302 4279506154
0.025099499 0.24272799 0.619964 4278387707
-0.29890901 0.282307 0.59034902 4281216720
0.06848 -0.20414799 0.64135998 4278387707
0.25235301 0.083410703 0.68272799 4280493019
0.248034 0.171892 0.65614802 4280558810
0.044378001 0.34213901 0.53240299 4278519289
0.400855 -0.145044 0.648462 4285164180
0.33422899 0.024122501 0.68614799 4283848360
0.129326 -0.121001 0.67372698 4278848244
-0.22813 -0.27524799 0.59615099 4279900900
0.318241 0.27407399 0.59497398 4283124659
0.448452 -0.071290903 0.65012699 4286611582
0.37673599 0.041026399 0.67798901 4283322032
0.262301 0.28138801 0.592067 4281282511
-0.334995 -0.24272799 0.61508602 4281940421
-0.120548 -0.054678399 0.68742698 4278585080
0.0413782 -0.063500702 0.686441 4278453498
-0.17867599 0.0641599 0.686023 4279045617
0.47429299 0.048458502 0.64201999 4288058984
0.531955 -0.141003 0.58410197 4292072235
0.17180499 0.176915 0.654378 4278848244
0.301278 -0.32412601 0.55231601 4282795704
0.033344399 -0.086244904 0.68224198 4278190334
0.43774399 -0.039398201 0.65920597 4286282627
0.0217492 -0.059266999 0.68633801 4278190334
0.66806799 -0.037279699 0.46166199 4294967040
-0.085678503 0.178114 0.65381002 4278190334
0.47576001 0.046709899 0.64162999 4287927402
0.39479199 -0.30908701 0.54510701 4285295762
0.49187201 0.137071 0.61136001 4291480116
-0.21925201 -0.048439 0.688146 4281216720
0.257422 0.169746 0.657323 4282006212
0.33420801 -0.136848 0.66564798 4283716778
0.118857 -0.017769201 0.690175 4279242990
0.62775302 -0.022124801 0.52188897 4294967040
0.58863699 -0.0575548 0.56088299 4294638084
-0.0515556 0.217684 0.633865 4278256125
0.47568601 0.0291848 0.64357102 4291019579
0.66439402 0.11587 0.44014499 4294967040
0.092267998 0.132926 0.67022997 4278848244
0.247324 -0.44066399 0.32997501 4280295646
0.469805 0.121812 0.62907702 4289703759
-0.096346997 0.23476399 0.62385303 4278321916
0.217151 -0.197853 0.64509201 4279966691
-0.171151 0.040391002 0.68885899 4278979826
0.092473596 -0.121965 0.67341399 4278519289
-0.054003399 -0.065913603 0.685763 4278190334
0.069255598 -0.121422 0.67387801 4278387707
0.27720299 -0.192211 0.64727998 4282400958
0.071003802 0.13168 0.67110699 4278256125
0.082808897 -0.199928 0.64373899 4278387707
0.046145 0.053789899 0.68738598 4278321916
0.142277 0.17076901 0.65714598 4279111408
0.145612 -0.073598601 0.68466598 4278914035
0.16399799 0.044273499 0.68846399 4279111408
0.242134 -0.40462899 0.43698201 4281216720
0.33547899 -0.0600802 0.68260002 4284374688
-0.0194545 0.084942602 0.68234098 4278190334
0.27269399 -0.0256935 0.68968701 4280427228
0.061444301 -0.044071801 0.68790102 4278321916
0.46114501 0.072996698 0.64536399 4290624833
0.64091301 -0.0262972 0.50465202 4294967040
0.15589 0.19787399 0.64454401 4278979826
0.44167599 0.122713 0.64098299 4288585312
0.441733 -0.097474404 0.64838898 4287072119
-0.142648 0.255422 0.61078203 4278650871
0.111774 0.0567098 0.68652898 4279308781
-0.101658 0.124616 0.67312801 4278387707
0.32029101 0.36262301 0.50303501 4281940421
0.32033899 -0.097257398 0.67742598 4283190450
0.0511728 -0.219142 0.633865 4278453498
0.577223 0.017372699 0.57515103 4294967040
0.107827 -0.168752 0.65735698 4278387707
0.015501 0.017725701 0.69022399 4278190334
0.58204901 0.0229671 0.57141697 4294835457
0.141683 -0.28458601 0.589589 4279440363
0.18105701 0.32146701 0.55590999 4280098273
0.32001299 0.320198 0.55371797 4283848360
0.264478 -0.191232 0.64778399 4280558810
0.21908 0.26752999 0.602588 4280098273
-0.106133 -0.114662 0.67607403 4278914035
0.27034101 0.088610701 0.68155098 4281150929
0.063039497 -0.13285699 0.67029601 4278453498
0.018456601 -0.151586 0.66425103 4278256125
0.102273 -0.209806 0.63829398 4278453498
0.26612699 0.187206 0.64928198 4280229855
-0.028999399 0.20668299 0.639992 4278387707
0.462951 0.064768203 0.64536798 4288585312
0.134479 -0.062859997 0.68587202 4278914035
0.30064899 0.0523482 0.687235 4281874630
0.28691 -0.194021 0.64659101 4282927286
0.336393 0.26424399 0.59962702 4282532540
0.44479099 0.211015 0.60047001 4287795820
0.38641399 0.314632 0.54311198 4287072119
0.0138744 -0.23784401 0.62266099 4278190334
-0.111287 -0.20135599 0.64333099 4278321916
0.201924 -0.220856 0.63299298 4280032482
0.33447 0.18179999 0.64773703 4284177315
0.50081301 -0.15448 0.59937298 4291348534
0.140717 0.35402301 0.51803702 4278585080
0.154548 0.31445399 0.56266099 4278979826
0.25387499 0.0751995 0.68395901 4280427228
-0.020067001 0.26265699 0.605555 4278190334
0.57777202 -0.184084 0.52095902 4294967040
0.28580999 0.102819 0.67893398 4281874630
-0.032298099 0.29549301 0.58024502 4278190334
0.332773 -0.133002 0.66662401 4284177315
0.339618 0.18925101 0.64400101 4284374688
0.34396499 -0.145014 0.66151702 4283519405
-0.28775999 0.023149399 0.68989599 4281216720
0.42493501 0.17142899 0.62991202 4287598447
0.55602002 -0.16472299 0.55400199 4292795936
0.53556198 -0.10031 0.59583497 4293914383
0.44005701 -0.089167401 0.65038699 4287401074
-0.043772701 0.34250599 0.532529 4278190334
0.561643 0.239538 0.494955 4294967040
0.51880199 0.083987601 0.61068499 4292466981
-0.104904 0.294907 0.580594 4278453498
0.47198299 -0.111152 0.630674 4289243222
0.440837 0.367998 0.44194201 4287072119
0.41410801 -0.25023901 0.58925301 4286480000
-0.085689902 -0.018616401 0.69033402 4278782453
0.017048599 -0.259092 0.60794699 4278190334
0.36142901 0.206475 0.63155502 4285098389
-0.326511 -0.110065 0.67452502 4282137794
0.37990999 0.25207499 0.59929103 4284901016
0.42042601 0.094809301 0.656488 4286874746
0.53718698 -0.30007499 0.45191401 4294967040
0.519705 -0.0130796 0.61911798 4293322264
-0.284116 -0.083135203 0.68263698 4282664122
-0.307071 -0.0152171 0.68960601 4281414093
0.12987299 0.068352297 0.68493801 4278519289
0.028162399 0.14891601 0.66461599 4278190334
0.40292001 0.083212301 0.66502702 4286216836
0.42381999 0.0018660499 0.66596103 4287335283
0.075153701 0.055863898 0.68726999 4278321916
0.41417801 0.142646 0.64470798 4288453730
-0.078846999 -0.308088 0.56917697 4278716662
-0.30463499 -0.129998 0.67089897 4282006212
0.47009301 -0.244504 0.56525701 4289309013
0.46019599 0.075397499 0.64467299 4289177431
-0.095574804 -0.123468 0.67286998 4278453498
0.287213 -0.069674999 0.68499798 4282861495
-0.312033 0.360919 0.50722402 4281479884
0.438449 0.225366 0.59471202 4289572177
-0.055305801 0.0092081698 0.69032401 4278190334
0.442377 -0.131313 0.63766998 4287795820
0.35627499 0.061119601 0.67964101 4283782569
0.29931799 0.017720601 0.689955 4280953556
0.420028 -0.191825 0.62146902 4286282627
0.025024399 0.037337199 0.68934703 4278190334
0.15343601 0.135914 0.66933697 4278716662
0.174962 0.053792302 0.687195 4279571945
0.22461399 0.114799 0.67519802 4280953556
0.407662 -0.16091999 0.64004099 4285295762
0.12584899 0.125256 0.672445 4278979826
0.40850899 -0.200324 0.621746 4287335283
0.28826201 0.0414453 0.68875998 4281282511
0.184856 0.31204799 0.56467497 4279637736
-0.351062 0.27153 0.59140801 4282664122
-0.134698 0.13825899 0.66854399 4278650871
0.32557401 -0.045651399 0.68538302 4282927286
-0.025051 0.330082 0.54707301 4278190334
0.400143 0.18777101 0.63116199 4286940537
0.315945 0.149323 0.66357797 4281808839
0.18404201 -0.204254 0.64101303 4279440363
-0.195474 0.078592703 0.68363303 4279703527
0.476542 0.030839499 0.64299297 4289637968
0.245656 0.188425 0.64874399 4281743048
-0.31961501 -0.0114373 0.68847901 4282861495
-0.103829 -0.0230253 0.69019097 4278519289
-0.117683 -0.185039 0.65030301 4278519289
0.51806098 0.0121619 0.62116802 4291743280
-0.0096487496 -0.087558702 0.68204701 4278321916
0.131923 -0.176082 0.65467298 4279374572
0.491236 -0.216994 0.57185602 4292598563
0.55520201 -0.301673 0.42562601 4294967040
0.0840827 -0.199074 0.64456397 4278782453
0.49619901 0.0950763 0.62185103 4288980058
-0.218051 0.23065899 0.62637103 4279308781
0.53377801 -0.049256202 0.60729301 4292138026
0.041227099 0.121918 0.67373902 4278321916
0.359891 -0.104841 0.670636 4283387823
0.419779 0.25426 0.582955 4285361553
0.072502501 0.091158196 0.68080199 4278387707
0.37563601 0.117375 0.66393298 4286019463
0.44070801 0.080481797 0.65253299 4288124775
0.194041 0.081093997 0.68348402 4280098273
0.055403601 -0.245083 0.618393 4278256125
0.050754499 0.192569 0.647753 4278190334
-0.412155 -0.222204 0.60779399 4285032598
0.355326 0.0681822 0.678913 4284374688
0.459059 0.069971398 0.64605302 4289177431
-0.16247299 0.122593 0.67371303 4279308781
0.30127701 -0.32975 0.546287 4281545675
0.071285903 0.11836 0.67430502 4278519289
0.085920103 0.121571 0.673473 4278585080
-0.0036374801 0.13248 0.67105699 4278190334
-0.18958201 0.28470001 0.58844799 4279769318
0.520823 -0.19924299 0.56216002 4294177547
-0.259211 0.233246 0.625781 4280427228
0.337412 -0.275702 0.591452 4283256241
0.37602699 -0.110354 0.66509497 4285624717
0.497177 -0.0292935 0.63234901 4291940653
-0.12897199 0.35862899 0.51223999 4279308781
0.36188 0.131631 0.66240603 4284374688
0.180941 -0.18100999 0.652273 4279308781
0.32973301 -0.33313599 0.53849602 4283256241
0.25545099 -0.0575592 0.68631101 4280953556
0.091785103 0.183695 0.651564 4278519289
-0.23765799 0.111697 0.67687303 4279900900
0.43164 0.159594 0.63175398 4286743164
-0.093609303 0.099825002 0.67971301 4278321916
0.451662 0.35681 0.452923 4288058984
-0.204129 -0.051769301 0.68797803 4279703527
0.074909598 -0.32831001 0.54852301 4278453498
0.074442402 -0.106455 0.67795402 4278321916
0.41819501 0.121615 0.65031898 4288387939
0.178326 0.17089801 0.65718299 4279703527
0.30837601 -0.0302161 0.688474 4282993077
-0.0141195 -0.136271 0.66957003 4278256125
0.19943701 -0.16991299 0.65674901 4280690392
0.420775 -0.15120301 0.63973403 4287795820
0.39444 0.109726 0.660941 4287401074
-0.059271801 -0.16670699 0.65867501 4278453498
0.164937 -0.24425299 0.61840302 4279769318
0.281005 0.253171 0.61241102 4281940421
0.404872 -0.043796498 0.66974199 4285098389
0.01108 0.35777301 0.51344299 4278190334
0.31136701 0.073422298 0.68365699 4281874630
0.072424799 -0.11407 0.67627901 4278453498
0.46116 0.0187189 0.65041399 4289111640
0.017170601 0.200334 0.64307702 4278190334
-0.175533 0.28672901 0.58671498 4279900900
0.47204 -0.076498702 0.63859099 4288256357
0.16061901 -0.249778 0.61500001 4279440363
0.42696601 -0.109818 0.65101099 4287861611
0.34956101 0.16436 0.65325499 4284835225
0.175798 -0.0012651 0.690063 4279703527
0.18707 0.046159901 0.68843198 4279111408
-0.430296 0.18279099 0.62220597 4285756299
0.022583799 0.143456 0.66650701 4278190334
-0.38347799 -0.096009597 0.66766399 4285295762
0.47216299 0.068545103 0.64051598 4291282743
0.216858 -0.237451 0.62290198 4280624601
-0.284852 0.29040799 0.58388603 4280493019
0.421397 -0.27219 0.568088 4288387939
0.485971 -0.0079426002 0.63921398 4289835341
-0.38213301 -0.0312685 0.67754698 4284901016
-0.14840101 -0.105018 0.67829198 4279242990
0.13688 -0.25359499 0.61221701 4279506154
0.35940799 -0.26057601 0.59874803 4282927286
-0.016798999 -0.0410107 0.68898302 4278190334
0.34389499 0.152107 0.658629 4284835225
0.165401 -0.16932499 0.65735799 4279440363
0.48055199 -0.020814599 0.64121199 4288782685
0.48503101 -0.0591188 0.63503402 4289901132
0.50205398 0.350398 0.412765 4289769550
0.051957499 -0.21646801 0.63553399 4278190334
0.130688 -0.15964299 0.66163403 4278914035
0.43068299 0.36091301 0.46091601 4287795820
0.44043899 0.0193401 0.65913099 4287137910
0.107214 -0.130531 0.67136502 4278519289
0.43232 -0.033842299 0.66165698 4287861611
0.291484 -0.123159 0.67285699 4281808839
-0.063213401 0.037955198 0.68849301 4278256125
0.34975901 0.226428 0.62224102 4282664122
0.57023901 -0.0134829 0.58253801 4294967040
0.40632901 0.0276608 0.67044199 4286743164
0.162971 0.17185099 0.65686202 4279374572
-0.465249 0.172324 0.61128801 4286940537
-0.065278701 -0.235783 0.62324399 4278321916
0.14835601 0.38803601 0.468647 4279571945
0.140782 -0.294379 0.58065701 4278914035
-0.28765199 -0.0592288 0.68649203 4282861495
0.26186499 0.20880701 0.63968301 4280558810
0.277935 -0.30436599 0.57141799 4282137794
-0.026251201 0.16835301 0.65779102 4278190334
0.173344 0.30381599 0.57252902 4279835109
-0.111962 0.099640302 0.67896098 4278716662
-0.0939411 0.308891 0.56839401 4279045617
0.053079199 -0.0056563201 0.69032598 4278387707
0.44800901 0.101055 0.64460498 4288453730
0.142306 0.195421 0.64555699 4278650871
-0.0969292 0.260077 0.60813802 4278585080
0.053731699 0.30519599 0.57079798 4278190334
-0.036743201 -0.016769299 0.69062102 4278190334
0.50171101 -0.089727104 0.62058401 4291282743
0.375552 0.115209 0.66433799 4284440479
0.14683001 0.16906001 0.65742099 4278848244
0.52859199 -0.096147798 0.60196102 4292006444
0.0570332 0.21199401 0.63717198 4278585080
0.295827 -0.050856698 0.68769902 4282006212
-0.041923799 -0.39356601 0.45969 4278190334
0.52890402 -0.117611 0.59470999 4290624833
-0.049931198 -0.046090901 0.68815202 4278190334
0.213716 0.20299201 0.641792 4279835109
0.37664399 -0.20250399 0.629614 4285690508
0.50498199 0.0151799 0.62903899 4292598563
0.367493 -0.34637401 0.51268202 4284308897
0.219275 -0.0281066 0.68940997 4279835109
0.43612599 -0.28727201 0.548011 4289309013
-0.175679 -0.207789 0.63988698 4278979826
0.074326903 -0.18434601 0.65118003 4278190334
0.445959 -0.155977 0.62731302 4288651103
0.284125 -0.14146499 0.667337 4280624601
0.33217201 0.0110707 0.68666101 4282269376
-0.172594 -0.203913 0.64150298 4280098273
0.36702499 -0.109553 0.66744399 4286216836
0.51684701 0.036475401 0.620309 4290230087
0.34349301 -0.339333 0.528171 4284440479
0.554878 0.160044 0.55642599 4294967040
0.554048 0.116022 0.57568502 4294967040
-0.033990301 0.207303 0.63989002 4278190334
0.41914499 0.2464 0.58996302 4286282627
0.49617201 -0.237103 0.55383903 4291348534
0.141128 0.39323801 0.45939001 4278979826
0.028578401 0.407841 0.43065399 4278387707
-0.0071470598 -0.027235201 0.69014299 4278190334
0.073156998 0.113333 0.676211 4278716662
0.165943 -0.228727 0.62758398 4279506154
-0.14796101 -0.296276 0.57884401 4278585080
0.240514 -0.281077 0.59249699 4281743048
0.28051201 0.23797099 0.62270999 4280493019
0.043313202 0.14159 0.66718102 4278190334
-0.44096899 0.0025397199 0.65999502 4287335283
0.39165401 0.158639 0.64639503 4287335283
0.108802 -0.37010801 0.49565199 4279177199
0.499459 -0.056396998 0.62752402 4291611698
-0.161046 0.034213901 0.68912798 4279374572
0.24874 0.36724401 0.50117302 4279835109
-0.0554916 -0.077057503 0.68427402 4278190334
0.30914599 0.16084 0.65985298 4282006212
0.35905999 0.0689983 0.67744499 4285361553
-0.32363501 0.049688298 0.68582702 4282203585
-0.19812 -0.104076 0.67799801 4280164064
0.51499498 -0.067869402 0.61612999 4291940653
-0.192074 -0.111144 0.67661202 4279111408
-0.17705099 -0.236239 0.62401801 4278914035
-0.0158718 -0.41666499 0.41045099 4278190334
-0.27244201 -0.127919 0.67197102 4280493019
0.33480099 -0.064322799 0.681903 4283585196
0.37829399 -0.201777 0.62967002 4285624717
-0.264222 0.0312194 0.68919498 4280493019
0.35633901 -0.073170602 0.677544 4285098389
0.173465 0.046619602 0.68764901 4279308781
0.55809301 0.154827 0.55628598 4293256473
0.16768301 0.0275559 0.68957502 4279308781
0.0359703 -0.0162469 0.690539 4278190334
0.18994799 0.083038896 0.68325299 4279308781
0.14725 0.39677599 0.45188901 4279111408
0.460053 -0.041242 0.65008098 4289177431
-0.131534 0.27726001 0.59520602 4278914035
0.370489 0.0300094 0.679739 4284308897
-0.21641301 0.25729299 0.61005503 4281019347
0.039758801 0.21977299 0.63362598 4278190334
0.68485397 0.0698741 0.41965699 4294967040
0.32439899 -0.0320502 0.68680203 4283848360
0.053178102 0.36618599 0.50190401 4278519289
0.57926297 -0.137145 0.54489303 4294967040
0.141453 0.1125 0.67614698 4278848244
-0.098254003 -0.104801 0.67817998 4278387707
0.17892399 -0.177393 0.654311 4280032482
0.444933 0.130822 0.63746798 4287466865
0.15855999 0.26947901 0.60057598 4279637736
0.48374 -0.112115 0.62426102 4288585312
0.37187701 -0.296067 0.56556302 4285493135
-0.380447 -0.181255 0.63949001 4284111524
0.043926701 -0.10356 0.67841703 4278190334
-0.249816 0.071598299 0.68479002 4280756183
0.55495501 0.205945 0.52950799 4294967040
0.28065199 0.35318401 0.51926303 4281545675
0.51828098 0.177066 0.57706499 4292269608
0.060799301 -0.38130701 0.480362 4278256125
0.104608 -0.106543 0.67749399 4278387707
0.0139005 -0.087465003 0.68150902 4278190334
0.0288036 0.21962699 0.63346899 4278190334
-0.339782 0.234962 0.61980599 4282400958
0.24963599 0.205457 0.64093101 4280953556
0.40780199 0.13388699 0.649445 4286019463
0.087757602 -0.064126901 0.68581998 4278321916
0.41988099 0.021366401 0.66676998 4287664238
0.17466301 -0.067487299 0.68549401 4279045617
0.22898699 -0.34755099 0.52625501 4280295646
-0.099108197 -0.31872699 0.55762702 4278256125
0.41580799 0.048736501 0.66600198 4286282627
0.0491735 -0.028036401 0.68971699 4278321916
0.49064001 0.0101501 0.63647902 4290427460
-0.194002 -0.099148899 0.67951399 4279506154
0.45060101 -0.135878 0.63329798 4290098505
-0.0973709 -0.26330101 0.60573 4278256125
0.41350099 -0.239439 0.59652001 4285229971
0.114927 0.27358699 0.59724998 4279045617
0.0060122102 -0.270255 0.60053301 4278190334
-0.0243208 -0.114219 0.67604399 4278190334
0.221881 0.232226 0.625705 4280887765
-0.056739699 0.308449 0.56853098 4278190334
0.19997101 -0.2343 0.62516099 4279440363
0.31399101 -0.102733 0.67748898 4282795704
0.32516399 -0.0264971 0.68677402 4282203585
0.40690199 -0.016844301 0.67110401 4287993193
0.48291999 -0.031311199 0.63968301 4287993193
0.30021301 -0.13146099 0.67018902 4283519405
0.032251801 -0.14063799 0.66794699 4278256125
0.49555299 0.101413 0.62061501 4290164296
0.57437497 0.00446996 0.57887799 4294967040
0.221873 0.0258541 0.69018102 4280756183
0.16478699 -0.00485898 0.690256 4278848244
-0.055227399 -0.0013246801 0.69015002 4278256125
0.40718299 0.047723401 0.66842699 4286545791
0.54294902 0.143298 0.57491797 4293782801
-0.12820999 0.0227705 0.69038802 4278716662
0.089589 -0.270302 0.60008001 4278321916
0.47422001 0.25079799 0.55774701 4289572177
0.108696 -0.136215 0.66967499 4279177199
0.31912699 0.070299797 0.68254602 4284111524
0.27852601 0.31041101 0.56580001 4280821974
-0.18495899 -0.182276 0.65242302 4279637736
0.183484 -0.25209501 0.61312199 4280493019
-0.013931 0.088776499 0.68118399 4278190334
-0.25834501 0.256367 0.61003298 4280295646
0.095242098 0.058194999 0.6864 4278848244
0.072699703 0.23439901 0.625126 4278321916
0.51320398 -0.017215701 0.62352997 4291743280
-0.28671399 0.30311501 0.57332498 4281150929
0.38738701 0.042246599 0.67529702 4285098389
0.436371 0.35329601 0.46924499 4288256357
0.109856 0.056887899 0.686526 4278321916
0.385921 0.096090503 0.66673899 4285098389
0.57339001 -0.251504 0.46722701 4294901248
0.077237599 0.093430497 0.68094301 4278453498
-0.0352927 0.21940801 0.63299102 4278256125
-0.25947899 -0.306382 0.56957102 4281216720
0.455286 0.33494699 0.48238501 4289111640
0.232021 0.093155898 0.68088597 4279637736
0.089543097 0.063283503 0.68610603 4278519289
0.421296 0.15024 0.64005899 4286940537
0.223804 -0.31669 0.55974501 4280756183
0.391247 -0.0231384 0.675322 4286677373
0.43383899 -0.23627 0.59030402 4289374804
0.061661799 0.30338299 0.57253599 4278650871
0.619528 -0.085289598 0.52106601 4294967040
0.29124999 -0.31225401 0.56359798 4281940421
-0.284522 0.0712905 0.68508297 4282335167
0.49171501 0.13799199 0.61197102 4289703759
0.284017 0.33836201 0.536511 4281545675
-0.26941901 0.18603 0.64993501 4282466749
0.142478 0.374899 0.48952499 4279242990
-0.00167323 0.164524 0.65881801 4278190334
0.372329 -0.054068599 0.67748201 4285756299
0.30181 0.192968 0.64619303 4282400958
0.39726201 0.16204999 0.64313501 4285427344
0.33982101 0.0132263 0.68638498 4282335167
0.128828 -0.120765 0.67408699 4279440363
0.19764499 -0.0281552 0.68959802 4279966691
0.104817 -0.37951899 0.48233199 4279111408
0.391056 0.112863 0.66067201 4283782569
0.085561298 -0.0096368901 0.69027799 4278321916
0.349967 0.27196401 0.59194702 4282532540
0.30708 -0.214946 0.63418299 4281282511
-0.103756 -0.24173599 0.61999202 4278650871
0.263087 0.0612927 0.68584901 4282072003
0.15267999 0.017838599 0.69024903 4279242990
-0.23687001 -0.105174 0.67803198 4279966691
0.34175801 -0.177518 0.64900202 4285098389
0.27360201 -0.19404 0.64694703 4281940421
0.30777699 -0.24504 0.61715001 4281414093
0.211193 -0.0394371 0.68882799 4279571945
0.44958699 0.063374303 0.65118402 4288387939
0.57246101 0.0725125 0.57299101 4294967040
0.586317 -0.0191381 0.56783801 4294967040
-0.082098998 0.368606 0.499477 4278321916
-0.16639499 0.209986 0.638448 4278914035
-0.055943102 0.339086 0.53705502 4278585080
-0.133708 -0.046962801 0.68781 4278519289
-0.048579499 0.030772701 0.68992198 4278256125
0.16143601 -0.32221299 0.55522698 4278782453
0.27456701 0.26231799 0.60621101 4280821974
0.256915 -0.100268 0.67905098 4281019347
0.14284199 0.089136399 0.681858 4278585080
-0.41394401 -0.0287189 0.66890103 4287137910
0.58341098 0.25074899 0.45506901 4294506502
0.582802 -0.0237244 0.57018799 4294967040
0.45283499 -0.23540699 0.58165401 4287532656
0.22929101 -0.35412899 0.51891601 4279571945
0.203642 -0.37928799 0.48213199 4280098273
-0.40528199 -0.062837496 0.66733003 4284440479
0.370123 0.170287 0.64671999 4284572061
0.087944299 -0.113326 0.676117 4278519289
0.161671 -0.222317 0.63228101 4279440363
0.56713599 -0.0525795 0.58093899 4293651219
-0.097758301 0.228596 0.62839699 4278453498
0.082486004 -0.19610099 0.64595002 4278519289
-0.38856301 0.171095 0.64168799 4284966807
0.31314999 -0.39798999 0.44797501 4283124659
-0.0298419 -0.109875 0.67669499 4278190334
0.412817 0.0355088 0.66823101 4288387939
-0.13733301 0.172976 0.65642798 4278585080
0.197898 0.292227 0.58309001 4279966691
0.29002401 -0.31769499 0.55915999 4281150929
-0.140635 -0.146128 0.66646898 4279045617
-0.045204598 -0.219392 0.63363701 4278190334
-0.082797602 -0.00124622 0.69037098 4278321916
0.494638 -0.0333132 0.63283902 4291151161
0.085957102 -0.052207202 0.68775803 4278256125
0.27527201 -0.36463299 0.50462598 4280756183
0.553307 0.28088599 0.45854601 4293980174
0.26059601 0.093369298 0.68121201 4280361437
0.561364 -0.134288 0.56270802 4294835457
-0.0268098 0.141766 0.66784 4278190334
0.50572002 -0.148845 0.59910798 4289901132
0.526173 0.20427801 0.55530602 4290953788
-0.033546399 0.0137054 0.69039398 4278190334
0.39605099 -0.13006701 0.6548 4287137910
-0.143315 0.103652 0.67842698 4278848244
0.202216 -0.28690401 0.58709401 4280427228
0.52569401 0.105731 0.60021198 4291085370
-0.15133999 -0.10215 0.67899299 4279177199
0.41021001 0.104777 0.65725303 4286545791
-0.117669 0.26789799 0.60165 4278321916
-0.044153899 -0.250689 0.61389101 4278190334
0.16602799 -0.231443 0.62684798 4279308781
0.430159 -0.23570099 0.59212399 4288322148
-0.134583 0.39327201 0.45853499 4278979826
0.224529 0.174548 0.65577501 4280295646
-0.227203 -0.229295 0.62754399 4280493019
0.31149501 -0.183415 0.64990097 4282006212
0.222251 -0.318836 0.55827701 4281282511
0.072896197 0.046810102 0.68798399 4278321916
-0.0108113 -0.038824402 0.68853801 4278190334
0.56833398 -0.193159 0.524221 4294967040
0.49199799 0.0074643702 0.63608402 4291414325
-0.119191 -0.131171 0.67094898 4278716662
0.41929999 -0.16411901 0.63485301 4286282627
0.62908101 -0.145427 0.481051 4294967040
-0.141671 0.25318399 0.61266202 4278979826
0.37801501 0.30928299 0.55133897 4286348418
-0.20020799 0.17494801 0.65532303 4279374572
0.187162 -0.105883 0.67748398 4279308781
0.134515 -0.075448804 0.684412 4278519289
0.13255601 -0.055427302 0.68734401 4278914035
0.44721901 -0.082522199 0.649095 4290032714
0.111779 -0.248463 0.61527199 4278716662
0.138981 0.164432 0.659872 4279111408
0.55667502 -0.090512097 0.58181 4293717010
0.41603401 -0.071725897 0.66225898 4287795820
0.088613302 0.0108005 0.69071901 4278585080
0.47081599 -0.092343703 0.63663203 4289243222
0.27011001 0.38590401 0.47108799 4280756183
0.276566 0.154704 0.66326499 4282203585
-0.048425298 -0.34393999 0.530765 4278453498
0.0390906 -0.26265201 0.60578603 4278321916
0.161612 0.0400315 0.689152 4279966691
0.33263499 0.253869 0.608172 4283322032
0.373678 0.20735399 0.62846899 4285361553
0.48064399 0.116023 0.62461799 4289966923
0.51509601 -0.14194 0.59580702 4292072235
0.25454399 0.137328 0.669164 4279835109
0.145642 -0.126592 0.67236102 4278914035
0.45671901 -0.303269 0.520266 4289440595
0.45942199 -0.202711 0.59854501 4289703759
0.25322199 -0.277181 0.59531403 4280953556
0.413219 -0.34137201 0.50058699 4286085254
-0.040670902 -0.052328698 0.68779999 4278190334
0.065977201 -0.30697501 0.56975502 4278321916
-0.14208999 0.170894 0.65714097 4278716662
-0.082193099 -0.0359651 0.68867701 4278256125
0.337926 -0.18656801 0.64574701 4283650987
0.50164998 0.0123103 0.63088602 4290098505
0.033277299 -0.130032 0.67153198 4278190334
-0.293208 0.080425203 0.68321902 4280953556
0.36998799 -0.161309 0.65010202 4284506270
0.45045799 -0.0453263 0.65393698 4287861611
-0.095142603 0.32484499 0.552378 4278585080
0.00108649 -0.065944403 0.685422 4278190334
-0.098419897 -0.178921 0.65371299 4278585080
0.35608399 0.20683099 0.63235402 4283979942
0.046294801 0.073150203 0.68467999 4278519289
0.540492 -0.0174587 0.60485297 4293059100
0.49706101 -0.0291883 0.63188499 4292072235
0.0478049 -0.103577 0.67830402 4278190334
0.28321499 0.310063 0.56651902 4282203585
0.079909697 -0.13918801 0.66837299 4278387707
-0.035800401 -0.137475 0.66900003 4278519289
0.114449 -0.184147 0.65091002 4278979826
0.476845 0.078644402 0.63639498 4290230087
0.32103199 -0.18087199 0.650491 4282006212
0.37145099 -0.111778 0.66605598 4284506270
0.220847 0.133974 0.67003399 4279835109
-0.044919498 0.20368201 0.64120501 4278190334
0.24755301 -0.29827699 0.577604 4280032482
0.62037098 -0.039021101 0.52892202 4294967040
-0.310817 0.031394899 0.68795598 4283914151
-0.24904101 -0.261208 0.60647202 4279900900
0.405595 -0.239824 0.59915298 4286151045
0.36994299 0.123307 0.66310102 4284835225
0.31974399 0.172903 0.65426999 4284243106
-0.094135799 -0.0688674 0.68495703 4278256125
0.082108803 0.40367201 0.43978301 4278914035
0.46027699 -0.048600499 0.64897001 4287664238
0.466645 0.046388902 0.64652002 4291085370
0.448147 -0.045816001 0.65434903 4287006328
0.385699 0.074028201 0.67150599 4286743164
0.0140909 0.242845 0.61905003 4278256125
0.33647701 -0.089237399 0.67792702 4283979942
0.143176 0.020540601 0.68997902 4278979826
-0.067018501 -0.122022 0.67407 4278321916
-0.30233699 -0.237304 0.62202102 4281282511
0.623905 0.121298 0.50118399 4294967040
0.44589901 -0.14320099 0.63203198 4286348418
0.31147799 -0.377363 0.48400301 4282664122
0.32811001 -0.027245499 0.68633097 4283322032
0.0127899 0.0129797 0.69070297 4278190334
-0.179215 -0.25716501 0.609914 4279177199
-0.30458599 -0.048903801 0.68655598 4281216720
-0.040347598 0.107161 0.67744797 4278190334
0.45074099 -0.17056499 0.61888701 4287203701
0.081118003 0.037726801 0.68889099 4278848244
0.435857 -0.248291 0.58124202 4288519521
0.43882999 -0.103167 0.64723498 4288716894
-0.25376201 -0.217365 0.63419598 4280558810
-0.132324 -0.055289298 0.68730599 4278453498
-0.30079699 0.026173601 0.68948799 4282729913
0.438025 -0.192286 0.61428201 4288585312
0.17065801 -0.056756798 0.68691099 4278848244
-0.18173499 0.104667 0.678671 4279506154
0.37330699 -0.087738499 0.671377 4283453614
0.094592102 0.105261 0.67817599 4278387707
0.0057743299 0.039840002 0.688559 4278190334
0.043464702 0.172618 0.65657002 4278256125
0.19378901 0.041761301 0.688752 4279045617
0.46218699 0.23097301 0.57950503 4290493251
0.397194 0.13863 0.65188998 4286085254
0.47544101 0.236944 0.56830198 4289309013
0.124688 0.170781 0.65735799 4278585080
0.20228 0.166835 0.65868598 4279440363
0.062257402 0.0070451 0.69069397 4278256125
-0.250128 -0.036401201 0.68868703 4280756183
0.126141 -0.084634803 0.68217403 4278585080
0.430953 -0.207293 0.60922801 4286743164
0.160502 0.187664 0.649167 4279703527
0.435157 -0.017904 0.66140097 4288585312
-0.00265881 0.0057651899 0.69010103 4278190334
0.37332299 -0.071340203 0.67462301 4284901016
0.55145502 -0.29799601 0.43680099 4294967040
0.41733301 -0.116809 0.65148199 4285032598
0.28696799 -0.272634 0.59856498 4281611466
0.155919 -0.026873199 0.690144 4279111408
0.188786 -0.132286 0.670829 4280361437
0.335035 0.052538801 0.68328601 4284835225
-0.10765 -0.0060148598 0.69050199 4278914035
0.40072399 -0.169934 0.638906 4285624717
0.188887 0.0523968 0.68776298 4280164064
0.0090449201 0.337412 0.538656 4278190334
0.19086 -0.0044753999 0.69005501 4279111408
-0.25852701 -0.0224202 0.69027102 4280295646
-0.1477 0.0940926 0.68080598 4279440363
0.37739301 -0.30442199 0.55645102 4286348418
0.37180999 -0.190577 0.63681602 4285427344
0.419631 0.38224199 0.430058 4288190566
0.093779698 0.0038459599 0.69055998 4278650871
0.17403799 -0.016582901 0.69014198 4278914035
0.42185599 -0.13831399 0.64360398 4285229971
0.169815 -0.117522 0.67514002 4278979826
0.245721 0.226807 0.62858897 4279835109
0.34396699 0.0028810501 0.685121 4283453614
-0.194648 -0.201671 0.64269602 4279506154
0.52938801 0.304988 0.45613599 4290756415
0.29401401 0.182026 0.65211701 4281940421
0.45917201 0.076339602 0.64537603 4289177431
0.56565499 0.0118621 0.58570403 4293322264
-0.00098029699 -0.0516017 0.68731201 4278190334
-0.102498 0.13331699 0.670376 4278650871
0.60623902 0.018954599 0.546606 4294967040
-0.176909 0.281616 0.59102201 4280032482
0.190338 -0.23311999 0.62516999 4280032482
0.26210201 -0.30484501 0.57141399 4280164064
0.41698501 -0.16463199 0.63506597 4287006328
0.0668943 0.070654199 0.68506199 4278321916
0.229744 0.33125901 0.54526699 4280690392
0.0293724 -0.10686 0.67796803 4278190334
-0.0715831 0.090728797 0.680857 4278190334
0.0580828 -0.0107126 0.690036 4278256125
0.00532223 0.18946201 0.64851397 4278256125
0.195682 -0.116461 0.67505097 4279900900
0.27652901 0.212176 0.63687801 4282532540
0.101506 -0.189909 0.64883298 4278716662
-0.094000101 -0.145612 0.66623598 4278321916
0.54271799 0.122658 0.58341801 4293388055
0.42797101 -0.069992602 0.65858698 4287532656
0.489425 -0.0103795 0.63739401 4290032714
-0.173362 0.234313 0.62469399 4278848244
0.17908099 0.0374704 0.68934703 4279835109
0.114722 0.246227 0.616763 4278519289
0.055736098 -0.0277812 0.689206 4278256125
0.41339999 0.020127101 0.66855699 4287927402
-0.082709201 -0.044710498 0.68861002 4278387707
0.192341 -0.39923301 0.44812101 4279966691
0.47658601 0.108494 0.62894201 4288585312
0.41107899 0.18275601 0.62941301 4286348418
-0.101285 -0.21796601 0.63382399 4278321916
0.31922001 -0.21407799 0.63442999 4283453614
0.378057 0.143529 0.65466499 4284637852
0.31064099 -0.0044761901 0.68920398 4283782569
0.164887 -0.232752 0.62596202 4279769318
0.370922 -0.123195 0.66357499 4285295762
0.302993 0.102314 0.67840803 4282335167
0.28819501 0.31466699 0.56242102 4282203585
0.505638 0.025629001 0.62708998 4289177431
0.548994 -0.096986301 0.58649403 4294967040
0.223781 0.029578 0.68992501 4281348302
0.25367701 -0.177843 0.65347898 4281216720
0.130531 0.110817 0.676561 4278979826
0.337708 0.25667399 0.60493398 4284111524
0.549986 -0.23805501 0.50878298 4293914383
0.59494102 -0.241267 0.449642 4294703875
-0.222268 0.116196 0.67496002 4279900900
0.12789699 -0.10643 0.67786199 4279440363
-0.34454501 -0.0355893 0.68405098 4284966807
0.113134 -0.056363501 0.68738401 4278585080
0.39559099 0.326942 0.525581 4284111524
0.15194 0.102189 0.67859399 4279703527
-0.40853199 0.14610399 0.64546502 4286282627
0.468501 -0.25750199 0.556023 4287598447
-0.324808 -0.259808 0.60427898 4282006212
0.35382599 -0.043363702 0.681876 4284966807
0.293814 -0.083133496 0.682221 4281677257
-0.0085039698 0.15518799 0.66278797 4278190334
0.50558501 0.0121443 0.62868798 4290887997
0.159629 0.089891799 0.68175 4278782453
-0.056774199 -0.29881901 0.57634002 4278190334
-0.279318 -0.118679 0.67493099 4282335167
0.26232401 -0.093204796 0.68048 4280032482
0.28911501 0.163248 0.65948302 4281940421
0.53732097 0.00555244 0.60764199 4293914383
-0.241594 -0.195264 0.646043 4279900900
0.207137 0.0868131 0.68254602 4279440363
0.43341699 0.061628401 0.65798402 4289243222
0.50221503 0.0168058 0.63045198 4292795936
0.337212 0.32491899 0.54677498 4283979942
0.18138599 -0.38117 0.479348 4279835109
-0.094142199 -0.124157 0.672822 4278321916
0.042647 -0.294404 0.58057201 4278453498
0.15162501 0.20501 0.64105898 4279308781
0.48229799 0.124427 0.62186098 4289769550
0.480156 -0.055231601 0.63836098 4287795820
0.219906 0.13510101 0.66997802 4280690392
0.392248 0.00155847 0.67542499 4286677373
0.323084 -0.2145 0.63306099 4283716778
0.021303499 -0.097068399 0.679524 4278190334
0.56472802 -0.118048 0.56624699 4294967040
-0.095688097 -0.241183 0.62026203 4278387707
0.255263 -0.12889899 0.67189801 4281282511
0.407684 0.0047105299 0.67082602 4286808955
0.036549699 0.059190098 0.68654501 4278190334
-0.40337801 0.29912901 0.552414 4284374688
0.145751 0.213375 0.63692701 4278979826
-0.441203 -0.21834999 0.59825498 4286019463
-0.32100701 -0.26072001 0.60518402 4281414093
0.54685003 0.33487499 0.37401599 4294967040
0.143325 0.39334899 0.45893201 4278979826
0.36004299 -0.125989 0.66488099 4284440479
-0.0190192 -0.23550101 0.62353802 4278387707
-0.057201602 0.035691101 0.688995 4278256125
0.077362902 0.33751699 0.53866798 4278321916
0.41761199 0.239453 0.59429801 4287730029
0.159991 -0.209088 0.638668 4279506154
0.116703 -0.146955 0.66609502 4278848244
0.25200701 -0.060345601 0.68688202 4281545675
0.31896999 -0.180099 0.65070099 4281808839
0.26313201 -0.116683 0.67542601 4282203585
0.208574 -0.193198 0.64688098 4279966691
0.177046 0.163278 0.66006398 4279374572
0.31727001 -0.17703 0.652408 4281611466
0.185673 0.0180507 0.690633 4280098273
0.104534 -0.32167801 0.554901 4278979826
0.34380901 -0.27623099 0.58942002 4283124659
-0.151868 -0.187711 0.648996 4279045617
0.46654499 0.33825099 0.46857601 4289177431
0.54129398 0.0084156897 0.604909 4293651219
0.114345 0.12863401 0.67171103 4278387707
0.45313701 -0.053718898 0.65156102 4288453730
0.110415 -0.22446901 0.63057297 4278650871
0.30763501 -0.15064301 0.66308397 4281808839
0.34523201 0.120387 0.66845 4283585196
-0.0115095 -0.060779601 0.68648398 4278190334
0.39126599 0.187916 0.63372898 4284572061
0.419045 0.0213448 0.66729099 4287795820
0.35755101 -0.21818 0.62532502 4283519405
0.293818 -0.11405 0.67560899 4282993077
0.482535 -0.074794702 0.63396502 4289835341
0.43421701 -0.28958601 0.547813 4286743164
-0.071398199 0.29272699 0.58284903 4278585080
0.38487199 -0.140265 0.65493202 4284835225
0.111749 -0.21231 0.63771701 4279242990
0.46081701 0.073479801 0.645127 4288651103
0.029103599 -0.083490498 0.68248498 4278387707
0.354251 -0.095819801 0.67309898 4285427344
0.35892099 -0.36899 0.48488101 4284374688
0.437906 -0.096907198 0.64991802 4288651103
-0.00391042 0.051026098 0.68718803 4278190334
0.075504802 -0.195214 0.646083 4278321916
0.135377 0.20048 0.64292198 4278914035
0.580908 0.00220116 0.57243598 4294572293
0.29093599 -0.085221499 0.682037 4280953556
0.0455143 -0.34314999 0.53203303 4278256125
0.49944499 -0.0479079 0.629179 4288980058
0.312204 -0.080343097 0.68232501 4283848360
0.35556301 0.26280999 0.59764099 4284835225
0.107097 -0.140825 0.66808701 4279111408
0.31232399 0.013812 0.68902498 4281743048
0.17071 -0.264539 0.604702 4280032482
-0.38127699 0.197918 0.631459 4285032598
0.40312201 -0.20130999 0.62285298 4287532656
0.124878 -0.127544 0.67165601 4278979826
0.11287 -0.234733 0.62425399 4279242990
0.038043398 0.0386273 0.688797 4278256125
0.51627201 -0.13789301 0.59593999 4291677489
0.0504945 0.15164401 0.66365802 4278321916
0.139395 -0.11197 0.67680001 4279308781
0.56966299 0.17247701 0.53623098 4293651219
0.096749902 0.081530601 0.683245 4278387707
0.192165 -0.21517301 0.63585502 4279571945
0.0150834 -0.204712 0.641702 4278190334
0.554425 0.069100402 0.58874601 4294967040
0.42768699 -0.26153299 0.57417202 4287795820
0.45745999 -0.038437799 0.65156603 4288782685
0.60785598 -0.114411 0.52315903 4294967040
0.017103599 0.022437699 0.69023901 4278190334
0.25044999 -0.208983 0.63916802 4279835109
0.235974 0.186759 0.64937401 4281414093
0.086692803 0.232712 0.62590402 4278585080
0.31570801 -0.22976799 0.62497002 4283650987
-0.18260901 -0.049515001 0.68759298 4278914035
-0.0905682 -0.33826599 0.53768897 4278453498
0.0116938 0.224929 0.62994897 4278190334
0.16931801 0.173342 0.65604001 4278914035
0.39062101 -0.227354 0.61241698 4286085254
0.265856 0.26055899 0.60791999 4280493019
0.38899601 0.107646 0.66263002 4286151045
-0.39336801 -0.198773 0.62779498 4283979942
0.40777299 0.034375101 0.669397 4286216836
-0.083279498 0.0286914 0.68990701 4278387707
0.32366699 0.40171501 0.437457 4282598331
0.0199409 0.196179 0.64578998 4278190334
0.34290901 0.049598198 0.68256998 4283585196
-0.14893501 -0.095661499 0.67980099 4279045617
0.445851 0.31562501 0.51382899 4290098505
0.58753902 -0.0120233 0.56707501 4294967040
-0.26134601 -0.23631001 0.624017 4280427228
0.209148 -0.051844001 0.68768799 4280229855
-0.086873099 0.311378 0.56606197 4278453498
-0.357878 -0.235531 0.61554801 4285032598
0.18921199 0.31309199 0.563586 4280493019
0.174344 0.100575 0.67861998 4279900900
0.040045999 0.240685 0.62106401 4278190334
0.53188998 0.194912 0.55585903 4292532772
0.21172 0.18683 0.65004998 4280098273
0.38273901 0.16995899 0.64391297 4285493135
0.222808 -0.112197 0.67597902 4279440363
-0.0547361 -0.090903498 0.68153799 4278190334
0.246122 0.31681001 0.55968899 4280164064
0.132955 0.14960299 0.66499603 4278585080
0.48527101 -0.058485601 0.63490802 4290887997
-0.342628 -0.031961199 0.68469697 4282269376
-0.48677099 -0.0118278 0.638367 4288190566
-0.31624401 0.078027003 0.68199903 4282203585
0.48665801 -0.0055131898 0.63860899 4289506386
0.51441199 0.044536602 0.62077099 4292401190
0.38174099 0.037498299 0.67636502 4284243106
0.139936 -0.209069 0.63851798 4278650871
-0.188623 -0.276151 0.59585297 4278979826
0.51126599 -0.107219 0.61000901 4290361669
0.454106 -0.28028199 0.54529202 4289703759
0.0234455 0.0549943 0.68747997 4278190334
-0.128243 0.118345 0.674465 4279506154
0.25566 -0.12343 0.67338002 4280032482
-0.44426 0.083223902 0.65061301 4287927402
0.424566 -0.053620402 0.662615 4287401074
0.38781399 0.11812 0.66029799 4286611582
0.17907099 0.220309 0.63257903 4278979826
-0.0129281 -0.093072496 0.68090498 4278256125
-0.0193005 -0.171872 0.65688002 4278190334
0.464964 -0.25203499 0.56249499 4289506386
0.32847199 -0.153552 0.66049898 4284374688
-0.31663299 0.0091246497 0.688757 4281677257
0.380054 0.121398 0.661906 4283585196
0.387481 -0.100991 0.665429 4285756299
0.248133 -0.093654998 0.680646 4281677257
-0.114538 0.276804 0.59470397 4278585080
-0.32852101 -0.0117739 0.687132 4282137794
0.35986301 -0.17043801 0.64844102 4284966807
-0.0046540899 0.173026 0.65612203 4278190334
0.130366 -0.13921399 0.66857898 4278585080
0.46359399 -0.095703401 0.63912702 4289440595
0.13432699 0.105096 0.67848998 4279177199
0.25151101 0.15840399 0.66221797 4279900900
0.36349201 -0.130935 0.66227603 4283914151
0.052737899 0.239241 0.621153 4278387707
0.085724004 -0.023631301 0.68989402 4278519289
-0.027548499 -0.0601505 0.68655998 4278190334
0.36412799 -0.093572401 0.67207998 4284177315
0.296839 0.026985699 0.68906498 4280756183
0.048392002 0.158048 0.66206098 4278519289
0.10822 -0.204851 0.64116901 4278914035
0.191864 0.116442 0.67477399 4280361437
-0.171801 -0.12712 0.67252898 4278914035
0.049030799 -0.37341899 0.492358 4278321916
0.142259 -0.057440799 0.68706101 4279111408
0.41434699 0.023698 0.66832697 4287532656
0.28270501 0.17084201 0.65719301 4280493019
0.52701801 0.34248799 0.392768 4291545907
0.39914599 -0.15531801 0.64467603 4284440479
0.443441 0.190512 0.61294901 4289506386
0.44527599 0.208854 0.60245502 4286743164
0.26954901 0.22708599 0.62883902 4282335167
-0.072562002 -0.38497299 0.47360599 4278453498
0.63116097 0.123312 0.48991501 4294967040
-0.18870901 -0.119304 0.67443901 4279374572
-0.30553201 -0.146429 0.66506702 4281677257
0.379026 -0.115184 0.66343498 4286677373
-0.119675 -0.052166399 0.68746299 4278321916
0.456938 -0.29881901 0.52471 4287072119
-0.43991899 -0.031840701 0.65848601 4286282627
0.134491 0.30348799 0.57254797 4279571945
0.429414 0.37215599 0.442224 4288585312
0.38311201 -0.236644 0.60804498 4285822090
-0.27206001 0.095736302 0.68025601 4282532540
0.305823 -0.128693 0.67122602 4282466749
0.25446001 0.24546 0.61799002 4280821974
0.035242401 0.040546101 0.68870199 4278190334
0.37964401 0.37450701 0.468265 4284308897
-0.30284801 0.0014075499 0.69024497 4281085138
0.029372601 0.154507 0.66350502 4278387707
0.61220098 -0.210724 0.454386 4294967040
0.20655601 -0.10874 0.67742503 4280032482
0.13066401 0.1611 0.66120601 4278848244
0.249899 0.20593899 0.64064401 4281677257
0.41942599 0.088428304 0.65875399 4287795820
-0.192333 0.262375 0.60593897 4279571945
0.14215 -0.0185731 0.69061399 4278979826
0.41859001 -0.33092001 0.511648 4285493135
-0.0014139001 0.19269399 0.64729398 4278256125
0.29665399 0.26422301 0.604289 4282269376
0.46957099 -0.20416901 0.59311497 4287466865
0.58898002 -0.105771 0.54806399 4294967040
0.169231 0.41908199 0.40572599 4279045617
0.0463925 0.16672499 0.65815699 4278256125
0.073604703 -0.14915 0.66456801 4278453498
0.53520799 0.0117849 0.60983902 4293256473
0.0136931 0.054519601 0.68711501 4278190334
0.25867099 0.045437299 0.68816602 4279900900
0.41899601 -0.25951499 0.58048803 4285427344
0.28061199 0.19941001 0.64415401 4280953556
-0.039976802 0.090878397 0.68131202 4278387707
0.073123597 -0.14393 0.66730601 4278321916
-0.165591 0.071575299 0.68499303 4278914035
0.535402 -0.075389199 0.60160202 4294967040
0.46943399 0.237673 0.57150799 4289966923
-0.128628 -0.155108 0.66283101 4278650871
-0.0151743 -0.023871399 0.69005001 4278190334
-0.206843 -0.160127 0.66117102 4279900900
0.412213 0.31180501 0.53552699 4287269492
0.18265501 0.34770301 0.526443 4280427228
0.190483 0.268888 0.60159302 4280295646
0.51714897 0.1166 0.60316402 4292532772
0.51680201 0.069790199 0.61491001 4290361669
-0.0625204 -0.0312052 0.689354 4278256125
-0.413324 -0.098949797 0.65757 4285427344
0.101612 0.28007501 0.59292698 4278716662
0.134764 0.026778201 0.68936098 4278848244
0.107279 -0.34207299 0.53274101 4278650871
0.42837101 0.090136997 0.65492702 4287466865
0.670744 -0.107426 0.43144 4294967040
0.34628201 0.023604101 0.684201 4283650987
0.254859 -0.30841401 0.56793398 4279966691
0.57690102 -0.073686898 0.56895798 4294967040
0.395771 -0.079174198 0.66702199 4286414209
0.42383 -0.104714 0.65269601 4287269492
0.333341 0.13106 0.66699302 4284440479
-0.32892999 0.0523118 0.68489701 4281808839
-0.244011 -0.094087899 0.68020099 4281414093
0.17237601 -0.21825001 0.63448298 4279900900
0.153698 0.104155 0.67826498 4279571945
0.31017601 -0.14183199 0.66637099 4281479884
-0.29793099 0.0079666898 0.68981302 4281085138
-0.00184939 -0.120734 0.67419201 4278190334
0.085488997 0.104828 0.67832702 4278387707
0.19323599 -0.16696499 0.65833497 4278979826
0.234991 0.00076392601 0.69035 4280295646
0.42335901 0.095096901 0.65530801 4287532656
0.158639 -0.170243 0.65654403 4279637736
0.33698699 0.219583 0.62846798 4283716778
-0.50138801 -0.086713001 0.621126 4289440595
0.348629 -0.069790699 0.67940599 4283650987
0.31603801 0.128416 0.66962898 4282072003
0.38764501 0.400089 0.41432899 4284901016
0.151069 -0.0386304 0.68885398 4278585080
0.0106623 -0.34617999 0.52814698 4278190334
-0.31715399 -0.29157299 0.58054602 4281874630
-0.36557499 0.25091499 0.60393399 4283256241
0.24823 0.0301472 0.68922001 4279835109
0.173217 0.197923 0.64469302 4278848244
0.0558265 -0.40258899 0.441176 4278321916
-0.0263732 0.036900599 0.68896198 4278387707
-0.23257799 -0.29037601 0.584822 4279637736
0.22134601 -0.147145 0.66531903 4279637736
-0.37346801 0.0924346 0.67069298 4285953672
-0.00109852 -0.053164501 0.68753397 4278190334
0.26681799 -0.065702699 0.68616802 4280164064
0.22224499 0.17708001 0.65455902 4280229855
0.29107499 0.372962 0.49125901 4282400958
0.42588601 -0.15340599 0.636639 4288980058
0.150107 -0.173271 0.65561199 4279242990
0.175706 0.014841 0.69057298 4278848244
0.070974998 0.029399401 0.68907201 4278387707
0.34606799 0.048148699 0.68287498 4284572061
0.229756 0.213199 0.63638598 4280756183
-0.075795203 0.140431 0.66793197 4278519289
0.122533 -0.16686299 0.65842301 4278848244
-0.37823099 -0.229845 0.61394799 4283848360
-0.0054228501 0.018655799 0.69015199 4278190334
0.045325901 0.27353701 0.59823298 4278190334
0.157906 -0.089215197 0.681301 4278914035
0.20553599 0.302607 0.57420897 4280361437
0.26240301 -0.038807798 0.689237 4282137794
0.59380198 0.15949699 0.51887202 4294967040
0.29350701 0.091770299 0.68076199 4281874630
0.034369901 -0.205772 0.64027798 4278453498
0.54052198 0.0086162202 0.60614198 4292598563
0.61659497 -0.21775401 0.44032201 4294967040
0.159218 0.262609 0.60570002 4278782453
0.29994699 0.0858365 0.68194902 4282927286
-0.025307599 -0.057939 0.68642801 4278190334
0.38866699 0.21322601 0.62118399 4286874746
0.17226601 0.113111 0.67634302 4278914035
0.0167167 -0.28371701 0.59034997 4278190334
0.38902101 -0.17965101 0.63806701 4285164180
-0.0347935 0.0296409 0.68946499 4278190334
0.0022555899 0.0218862 0.68961197 4278190334
0.51491201 -0.221535 0.551808 4291809071
0.26953799 -0.125692 0.672786 4282006212
0.27162901 -0.187562 0.64919502 4280361437
-0.35966599 -0.066647403 0.67812401 4283782569
0.112978 -0.071433298 0.68516302 4279177199
0.051405501 0.167651 0.65810299 4278190334
0.43065301 -0.062152099 0.65955698 4288651103
0.039484501 -0.34860599 0.52432102 4278387707
0.61947101 0.17005099 0.47947401 4294967040
-0.22349399 -0.177255 0.653817 4280098273
0.48632601 0.149359 0.610071 4290756415
-0.13073701 -0.131212 0.67087901 4279177199
0.121846 -0.089467697 0.681081 4278453498
0.073810101 0.391489 0.46188799 4278585080
0.090088896 0.098220803 0.680103 4278519289
-0.27701399 0.129841 0.671655 4281019347
0.325798 0.164709 0.65618402 4282006212
-0.19253001 -0.140736 0.66768402 4279045617
0.26662299 -0.145686 0.66596001 4280624601
0.32925001 0.0216226 0.68666899 4283848360
0.194475 -0.0086634997 0.690759 4279900900
0.57700402 0.18499599 0.52145398 4294177547
-0.381156 0.200404 0.62987 4283453614
-0.29919499 0.17044801 0.65654802 4282795704
0.287094 -0.34332401 0.53073299 4282532540
-0.30743301 0.020255299 0.68905598 4281611466
0.26272401 -0.275318 0.59620702 4281677257
0.14243101 -0.0059525599 0.69027901 4278848244
-0.27616599 -0.047544099 0.68847799 4280690392
0.00661236 -0.29446301 0.58018798 4278256125
0.59194499 -0.080234699 0.55235898 4294967040
0.64736497 0.14122801 0.45510501 4294967040
0.41917601 0.18278199 0.62641901 4286085254
0.47147599 0.039705399 0.64472401 4287861611
0.43038499 0.237564 0.59137702 4287006328
0.19530299 0.212688 0.63712901 4280624601
0.062179599 -0.109759 0.67659801 4278190334
0.46578199 -0.0303628 0.64796299 4288716894
0.035217602 -0.089727201 0.68133199 4278190334
0.051098499 -0.0992833 0.67952698 4278321916
-0.24018399 0.332625 0.54337502 4280229855
-0.242431 -0.022964099 0.69015801 4279966691
0.125644 -0.0143056 0.69055098 4278387707
-0.017891901 -0.102988 0.67808503 4278190334
0.084960103 -0.294633 0.58001798 4278387707
0.33875999 -0.17366201 0.65158898 4284045733
0.314955 0.0898555 0.680336 4282598331
-0.31260499 -0.234936 0.62257302 4281216720
0.35794401 -0.34952301 0.51303101 4284572061
0.36982501 -0.40188599 0.41989201 4283914151
0.0060379398 0.065457597 0.68577302 4278190334
0.27430299 0.30279899 0.57273799 4282532540
0.38326901 -0.053133301 0.67440599 4286480000
0.38465199 -0.0054953401 0.67779303 4285098389
-0.40008 -0.034370501 0.67231899 4284637852
0.039880801 -0.29627401 0.57941902 4278190334
0.427221 -0.22966699 0.59797299 4289045849
0.21164501 -0.13457701 0.66978699 4279900900
0.0144657 0.038001802 0.68886697 4278190334
0.184799 0.32226601 0.55486798 4280229855
-0.099677503 0.135305 0.66953802 4278387707
0.083584197 0.24151599 0.61980999 4278256125
0.228995 -0.0309595 0.68946397 4279637736
0.37893599 -0.111224 0.66478401 4286216836
0.20911001 0.108251 0.67727602 4280493019
0.30952001 0.24774399 0.61494398 4283124659
0.39062199 -0.35179099 0.49654099 4286874746
0.36501101 -0.38352299 0.458038 4283322032
-0.31866899 -0.161634 0.65805203 4282466749
0.151344 -0.088756502 0.68207002 4279506154
0.0551841 0.087976001 0.68182701 4278387707
0.449076 0.0182705 0.65618497 4289637968
-0.0343384 -0.069343202 0.68463498 4278321916
0.195733 -0.058446199 0.686876 4279308781
-0.38237199 0.081059501 0.670982 4283716778
0.34334201 -0.090456203 0.67667502 4285164180
0.30250499 0.15605401 0.66164398 4281216720
0.33054999 0.109232 0.67413902 4283914151
0.450872 0.0068795201 0.65615797 4288848476
0.51490599 -0.0809213 0.61365199 4291348534
0.27584201 -0.098453097 0.67910898 4280229855
0.12246 0.310904 0.56566101 4279111408
0.41536301 0.065888502 0.66364902 4285822090
0.400893 -0.0291535 0.67227101 4286545791
0.455394 -0.0193094 0.653027 4288124775
0.49955401 -0.107586 0.61632198 4290756415
0.35918799 -0.025539 0.68191397 4285427344
-0.101034 0.300556 0.575845 4278848244
0.092387304 -0.15815499 0.66143298 4278716662
-0.0031790601 0.28410801 0.58916801 4278190334
0.50130397 -0.35130599 0.41051 4290887997
0.170488 0.31143901 0.56466198 4280098273
-0.226172 0.235195 0.62412202 4280690392
0.076924004 -0.112112 0.67645597 4278256125
0.0070538302 -0.0613175 0.68666601 4278190334
0.057045199 0.076222099 0.68404597 4278387707
0.410276 -0.29577899 0.55290103 4286348418
0.116748 -0.079118297 0.683402 4278848244
-0.194139 0.033230599 0.689542 4279769318
0.0021468899 0.30391601 0.57236701 4278190334
0.23182701 0.328605 0.547777 4280098273
-0.29347301 0.170488 0.65633398 4280887765
0.0789157 0.110572 0.67701501 4278321916
-0.205549 -0.349323 0.52367902 4280295646
0.0106425 -0.0862187 0.68223298 4278190334
0.480295 0.064154699 0.63696599 4288519521
0.127451 0.317651 0.55887002 4278585080
0.42664099 0.071908399 0.658463 4288585312
0.060821299 0.105853 0.67757702 4278650871
0.078164399 -0.056445599 0.68689901 4278256125
0.092116103 0.213907 0.63634199 4279045617
0.34972 -0.020989999 0.68409997 4284901016
0.56686598 0.068439297 0.57828802 4294045965
0.49989301 -0.042347301 0.62965798 4290953788
0.408728 0.249414 0.591232 4286743164
0.18211 0.091710798 0.68149 4279966691
0.377047 -0.152147 0.65185601 4284045733
-0.112225 -0.086626999 0.68225801 4278453498
0.39697501 -0.155619 0.64588702 4286282627
-0.318275 -0.17437799 0.65299797 4281940421
0.122735 0.133222 0.670295 4278650871
-0.085582003 0.177325 0.65451097 4278190334
0.219467 -0.16564099 0.65921599 4280427228
0.224292 -0.12690599 0.67231703 4280164064
0.43970001 -0.165178 0.625857 4285822090
0.58397102 -0.265019 0.43570301 4294967040
0.359478 -0.074945897 0.67657697 4283716778
0.202673 -0.355488 0.51629299 4280493019
-0.043978501 0.12612499 0.67272401 4278190334
0.37834901 -0.34031299 0.51760298 4283716778
0.017059401 0.117681 0.67434502 4278256125
0.28165001 0.25385001 0.61152101 4282598331
0.458819 -0.00677372 0.65266299 4289703759
0.56731898 0.037371799 0.58295703 4293322264
0.48006701 -0.131954 0.61960399 4290295878
0.206411 -0.19066299 0.648525 4280953556
-0.23409399 0.21594299 0.63510799 4279637736
0.66583401 -0.0700204 0.455993 4294967040
0.1814 -0.141109 0.66804302 4279440363
0.0228012 -0.0729964 0.68441302 4278190334
0.27357301 0.410359 0.425246 4280953556
0.0051533398 -0.077698201 0.68327498 4278190334
-0.0119354 0.035476599 0.68889803 4278190334
0.23448201 0.077373601 0.68396699 4280821974
-0.24288499 -0.078431703 0.68317199 4281479884
0.50893599 -0.206503 0.56670099 4291743280
0.28126001 -0.042419098 0.68808699 4281414093
0.503142 -0.30069399 0.48708799 4289440595
-0.50501603 0.078866899 0.62037098 4290032714
0.216537 0.131387 0.67063302 4279571945
0.49395201 0.0085461698 0.634682 4289835341
0.122433 -0.073583201 0.68489599 4278782453
0.28487399 0.111363 0.67679501 4282466749
0.38659999 -0.070965201 0.670964 4286019463
-0.32829899 0.19780999 0.64197201 4283124659
0.20227499 -0.18419801 0.651263 4280229855
0.50075102 0.099735104 0.61823398 4289506386
0.23131099 0.166233 0.65884203 4280821974
-0.105212 0.065360203 0.68557501 4278716662
0.380418 0.31368199 0.54563498 4286151045
-0.355232 0.28884301 0.57711899 4283256241
-0.028775601 0.37862101 0.48432499 4278190334
0.44757199 0.0135719 0.65707397 4287861611
0.36004001 -0.32600501 0.53889197 4284769434
0.351015 0.17860501 0.64671397 4284703643
0.29583201 0.13952699 0.66830599 4282006212
0.43296999 -0.36523199 0.45239201 4286216836
0.108578 -0.124199 0.673491 4279045617
0.47111499 -0.081760697 0.638376 4290953788
0.0191424 -0.230547 0.627415 4278190334
-0.0087839896 -0.17561799 0.65443599 4278190334
0.442527 -0.278272 0.55271298 4286282627
-0.130266 -0.208552 0.63981301 4278848244
-0.16555201 -0.00414252 0.69046199 4278848244
0.53420699 -0.22033399 0.53775102 4292861727
0.55562502 -0.037069101 0.59229797 4293453846
0.21895 -0.28200701 0.59090501 4279769318
-0.0088703102 -0.31790999 0.55931503 4278190334
0.098198399 -0.20571201 0.64022899 4278848244
0.212762 0.0063033202 0.69010299 4279835109
0.189294 -0.043108299 0.68846202 4278979826
0.47735199 0.253867 0.553626 4290164296
0.113608 -0.063229002 0.68610102 4278321916
-0.0061753602 0.37696499 0.48652101 4278190334
-0.072404601 -0.132599 0.67062402 4278650871
-0.132873 0.145377 0.66624099 4278585080
0.61874801 0.080474101 0.52308398 4294967040
0.250337 0.0125161 0.69012803 4280295646
-0.081611298 0.108682 0.67709303 4278321916
-0.38588899 -0.29836401 0.55901903 4284308897
-0.142087 -0.0298599 0.68941599 4279440363
-0.33556601 -0.28941599 0.58061099 4282532540
0.200755 0.13889299 0.66854501 4280229855
0.17678 0.31520301 0.56134701 4279242990
-0.076645598 -0.080222197 0.68371701 4278256125
0.0954016 0.232916 0.625862 4278256125
0.28902501 -0.26912299 0.60071301 4280756183
0.27186 -0.40497699 0.436104 4282400958
-0.28531101 -0.093071401 0.68084502 4281743048
0.455286 -0.319507 0.50275499 4290427460
0.258169 0.323302 0.55378503 4280164064
-0.095663898 0.30455101 0.57203799 4278519289
-0.095271297 0.13020501 0.67172599 4278453498
0.109399 -0.32049799 0.55588698 4278321916
0.212174 0.134982 0.67029399 4280229855
0.479449 0.29299599 0.51585799 4289703759
0.25235301 0.25494 0.61115003 4280427228
0.352494 0.112471 0.669595 4283848360
0.42229301 -0.103302 0.65413201 4285887881
-0.0430726 0.0105853 0.689978 4278190335
0.29295501 0.151695 0.66408902 4281743048
-0.084316798 0.39187801 0.46150699 4278256125
-0.45742899 -0.029633 0.65166903 4286940537
-0.103497 0.27165899 0.59885597 4278321916
0.068277903 0.182514 0.65217501 4278453498
0.28226 0.44029 0.33495 4281940421
0.31342801 -0.23590299 0.622545 4283716778
0.142698 -0.0605084 0.68645501 4278716662
0.317325 0.078415498 0.681418 4281611466
0.088656202 -0.15117601 0.66405898 4278782453
-0.163477 0.19575401 0.64568901 4279308781
-0.118249 0.31174201 0.56511903 4278782453
-0.113874 -0.108805 0.676682 4278782453
0.37136999 0.13874701 0.65854502 4283058868
0.43255299 -0.048365001 0.66059703 4288124775
-0.38947099 -0.168743 0.64293998 4285427344
0.19192 0.0451308 0.68856901 4279900900
0.50015801 -0.20221899 0.57477099 4290098505
0.57766199 -0.25979999 0.45190799 4294967040
-0.14862999 -0.073445901 0.68445498 4278914035
-0.060672998 -0.109017 0.67727101 4278321916
0.038630798 0.0301867 0.689955 4278321916
-0.32404101 0.069825001 0.68261302 4282006212
-0.373974 -0.12685201 0.66093898 4286480000
0.081401303 0.106652 0.67730403 4278519289
-0.076705903 -0.136329 0.66959399 4278387707
-0.046538401 0.023386501 0.68947101 4278190334
-0.33281001 -0.16870099 0.65405202 4282269376
0.58739698 0.195437 0.50145698 4294967040
0.275511 -0.115721 0.675035 4281085138
-0.17277101 0.291226 0.58321297 4279374572
0.48922801 0.016629601 0.63693601 4290164296
0.39608201 0.000937665 0.67428201 4286085254
-0.0679368 -0.0614281 0.68637699 4278190334
0.23848701 0.191028 0.64769799 4281348302
0.454757 0.075880699 0.64678699 4289374804
0.447247 0.224732 0.59132802 4290164296
0.19567201 0.058188401 0.68666202 4279506154
-0.15919 0.37182501 0.494688 4279045617
-0.00194779 -0.066623703 0.68564898 4278190334
0.54906303 0.187326 0.54658198 4293980174
0.0630593 -0.018872499 0.69030398 4278321916
-0.074543498 0.0089849401 0.69023103 4278519289
0.0239115 0.073111303 0.68464202 4278190334
-0.224491 -0.17134801 0.65707397 4280229855
0.328192 0.12395 0.67027903 4284045733
-0.131442 -0.070885897 0.68514401 4278716662
-0.077785604 0.026453 0.69016802 4278321916
0.0045796698 0.25988501 0.60782099 4278190334
0.38476801 0.047867101 0.67522901 4283979942
0.109481 -0.087343797 0.68159598 4278585080
-0.0532366 0.201924 0.64252001 4278190334
0.484265 -0.057025202 0.636069 4289440595
-0.26387599 0.214736 0.63589799 4280558810
0.43384701 0.0594685 0.65787399 4287269492
0.16788501 0.037449699 0.68857503 4279374572
0.129181 -0.185598 0.65088499 4279045617
0.249309 0.15052 0.66416198 4280821974
-0.0155412 -0.1469 0.66607898 4278190334
0.439879 0.230224 0.59131002 4287598447
0.51527798 0.072037302 0.61544502 4291480116
-0.047649998 -0.117541 0.67479199 4278190334
0.229866 0.387862 0.468182 4280756183
0.0598782 0.053519499 0.68756998 4278321916
0.102677 -0.32025999 0.55636698 4278321916
-0.222804 -0.066922203 0.68546098 4279506154
0.39236099 -0.055551801 0.672445 4284374688
0.55312699 -0.15590601 0.55990201 4293585428
0.65406799 0.076499298 0.475582 4294967040
-0.266215 -0.29003301 0.585069 4282137794
0.610569 0.097644597 0.52743202 4294967040
0.32016501 0.32174301 0.55291301 4282006212
-0.165307 0.0030610799 0.69005001 4279308781
0.113053 0.0046497299 0.69079399 4278585080
-0.130512 -0.0310401 0.68956798 4279045617
0.086246297 -0.321751 0.555812 4278387707
0.33451399 0.0153569 0.686616 4284177315
0.43636799 0.197203 0.61302501 4288190566
0.145649 0.082384899 0.68254697 4278979826
0.00203069 0.13115899 0.67105401 4278190334
0.321064 0.052779399 0.685085 4283979942
0.18739501 0.229938 0.627033 4279506154
-0.181852 -0.175578 0.65535003 4279177199
0.58333802 -0.057050399 0.56543797 4294967040
0.111178 -0.012996 0.68988001 4278453498
0.00447988 0.038238101 0.68864 4278256125
0.145024 -0.215399 0.63563401 4279374572
-0.109676 0.084003597 0.68215102 4278321916
0.45118099 0.097822301 0.64411902 4287137910
0.48552701 0.112272 0.62307101 4290953788
0.29582199 0.40886399 0.42674801 4282598331
0.30059999 -0.25967601 0.60774201 4283124659
0.13037001 0.0786485 0.68382502 4278979826
0.570373 0.216079 0.50579798 4294967040
0.360522 0.036875799 0.68137902 4284177315
0.279587 -0.141265 0.66753 4281348302
-0.151115 0.071551003 0.68479401 4278782453
0.00081067398 -0.067015402 0.68512303 4278190334
0.41491601 0.276162 0.567756 4286414209
-0.116501 0.110769 0.67646402 4278716662
-0.071231797 0.065327898 0.68555999 4278256125
0.069642797 -0.038909301 0.689161 4278321916
0.57578099 0.192509 0.51745301 4294967040
0.39192 -0.15469299 0.64786601 4284308897
-0.161149 0.268774 0.60128802 4279045617
0.095696203 0.280029 0.59315002 4278321916
0.068422697 0.078017898 0.68387902 4278387707
0.34828901 0.036526699 0.683676 4283848360
0.1943 -0.128796 0.671377 4279769318
0.031296998 0.13184801 0.67086601 4278190334
0.54789698 0.154139 0.56560302 4292466981
0.043581702 -0.115087 0.67530102 4278190334
0.25279301 -0.159071 0.66169602 4280821974
0.0389877 0.078789301 0.68392497 4278321916
-0.104429 -0.116407 0.67486298 4278453498
-0.276885 -0.132724 0.67077899 4280361437
0.27493 0.109424 0.67716199 4281545675
0.60278201 -0.150125 0.51228201 4294967040
-0.0040910402 -0.024318799 0.69016403 4278190334
-0.087651297 0.12945101 0.67144698 4278321916
-0.063589104 -0.0230303 0.69013798 4278190334
0.153952 -0.15392099 0.66366798 4279966691
-0.208074 0.25242299 0.61348802 4279703527
0.084354803 -0.097548202 0.68004501 4278519289
-0.110751 0.048694 0.68770403 4278519289
0.218815 -0.40118399 0.444821 4280229855
-0.036849301 -0.047620401 0.68764901 4278256125
0.44671699 0.0065102899 0.65756297 4287861611
0.34266001 -0.30226499 0.56677401 4282598331
0.043671198 0.118039 0.67480701 4278190334
-0.359606 0.119444 0.66612601 4284769434
0.13808 0.0160824 0.68972802 4278519289
0.121431 -0.020005301 0.68992102 4278914035
-0.058940101 0.032072499 0.68903899 4278190334
0.0121958 0.061230399 0.686427 4278190334
-0.38598099 0.249588 0.59924501 4284374688
0.085965 -0.070938803 0.68521202 4278650871
0.064345397 0.16418099 0.65963 4278190334
0.41375601 -0.052963998 0.66607898 4287664238
0.263661 0.14931899 0.66478902 4280164064
0.382038 -0.181886 0.638547 4285295762
0.34624901 -0.160932 0.655433 4282335167
0.022172401 -0.0164035 0.69020897 4278190334
-0.116089 -0.091490202 0.680942 4278453498
0.047152702 -0.055432498 0.686867 4278190334
0.42890501 0.18394101 0.62185103 4286019463
0.027919101 -0.0095873103 0.69046801 4278190334
-0.29638001 -0.27063701 0.59973103 4282203585
-0.27577901 0.0893851 0.681068 4280756183
0.40028101 0.142258 0.64925897 4286151045
-0.27230901 0.150452 0.66503102 4282203585
0.144309 0.03107 0.68980497 4278782453
0.42185101 -0.18355 0.62476403 4286414209
0.152872 0.042687599 0.68874502 4278782453
0.089925997 -0.076780997 0.68381202 4278782453
0.192701 0.080274999 0.68366802 4280098273
0.216424 0.0083552599 0.69059199 4281019347
0.067245297 -0.074981898 0.68436903 4278256125
0.443506 -0.35469499 0.46293399 4287401074
0.332699 -0.357214 0.50894898 4282729913
0.61685801 0.054285701 0.53121901 4294967040
-0.32574099 -0.0027539299 0.688245 4284506270
0.25465599 -0.40162501 0.442532 4280821974
-0.27197701 -0.0512284 0.687648 4280756183
0.202309 -0.20712601 0.63996297 4280427228
0.042269301 -0.134744 0.66998702 4278190334
-0.34385899 -0.19692799 0.63947397 4282532540
0.0139721 0.119933 0.67441899 4278190334
0.433916 -0.053329799 0.65861797 4287861611
0.59811902 -0.26234499 0.41723001 4294967040
-0.31583601 0.243121 0.61779499 4283519405
-0.0162805 0.067318603 0.68550599 4278190334
0.39905301 0.109166 0.66010702 4284243106
-0.27437899 -0.28433201 0.58921599 4280953556
0.342058 0.044523999 0.68363398 4284308897
-0.290611 0.171525 0.65591502 4281150929
0.426063 0.062293801 0.66067398 4287335283
0.41350499 0.051182602 0.666619 4286085254
0.106251 0.23294701 0.625534 4278914035
0.42114601 0.116266 0.65032798 4286677373
0.318299 0.154247 0.66097403 4282795704
0.043784801 -0.22599 0.62987101 4278190334
0.034825701 -0.40240601 0.441423 4278190334
0.226191 0.38873401 0.467583 4279900900
-0.42391899 -0.048830599 0.66313201 4285756299
0.0597229 0.132278 0.67057699 4278585080
0.32942 -0.19556201 0.64300299 4282006212
0.26336801 -0.179021 0.65348601 4281874630
0.548334 0.222711 0.52193898 4294967040
-0.137073 -0.109503 0.67684299 4278650871
0.108004 -0.19212601 0.64776599 4278387707
0.51233602 -0.25190401 0.52980798 4292861727
0.48982999 -0.156587 0.605165 4289637968
0.357907 0.162957 0.65249199 4284572061
-0.087873504 0.093436196 0.68046302 4278387707
-0.048757099 0.23850299 0.62188101 4278256125
0.00089189399 0.020330699 0.690409 4278256125
-0.21351901 -0.0351143 0.68898898 4279506154
0.028277 -0.16935 0.65703499 4278256125
0.54636502 0.0047229701 0.60132998 4294967040
0.58785999 -0.153043 0.52784598 4294967040
0.15124799 -0.032895301 0.68918598 4279571945
0.41687101 -0.311858 0.53381401 4286414209
-0.076969899 0.041251201 0.68832302 4278453498
0.159732 0.40981901 0.426862 4279637736
-0.201772 -0.0129504 0.69038099 4280164064
-0.218986 -0.123434 0.67330003 4281085138
-0.27903199 0.216664 0.634547 4281150929
-0.095362604 0.291289 0.58348101 4278321916
-0.041743599 0.0124834 0.690512 4278190334
-0.0847582 -0.097084299 0.67975599 4278453498
-0.179645 0.14476199 0.66621101 4279111408
-0.16188601 -0.164068 0.65920699 4279637736
0.38973901 0.211712 0.62178701 4285822090
0.52352399 -0.103787 0.60270798 4293585428
0.230814 0.353616 0.51806998 4279506154
-0.200238 -0.096586801 0.67987299 4279308781
0.48675701 0.24533901 0.55449402 4289769550
-0.082652703 0.35428199 0.51796699 4278716662
0.485704 0.30072901 0.50304103 4290164296
0.304373 -0.110491 0.67583197 4283256241
0.288654 0.347161 0.52586001 4280493019
0.0062448699 0.015711499 0.69022 4278190334
0.51374698 -0.334916 0.42595801 4291940653
0.47961101 0.054614499 0.638699 4288980058
0.297809 -0.095642097 0.680233 4280756183
0.45671701 -0.23578 0.57880801 4289440595
0.52941698 0.21951 0.542171 4292795936
0.36882901 0.16511901 0.64923298 4284901016
-0.197273 0.00053646002 0.69018799 4279374572
0.59352899 -0.161606 0.51665097 4294967040
0.181188 0.029738201 0.68941599 4279571945
0.365493 -0.33138999 0.53147 4285822090
-0.029658999 -0.0341864 0.68915802 4278321916
0.631033 0.17139 0.459535 4294967040
0.099826701 0.216015 0.63490599 4278585080
0.39989701 0.270744 0.57828701 4287466865
0.17346901 0.00105424 0.69033802 4279374572
0.223502 -0.148582 0.66526997 4281019347
0.339136 -0.079319298 0.67918903 4283716778
0.11684 0.050095499 0.68794698 4278453498
-0.0041751098 -0.0086888997 0.690449 4278190334
-0.14056 -0.183971 0.65132201 4278716662
0.31637901 -0.122751 0.67157799 4283914151
0.129647 -0.17736401 0.65435898 4278848244
-0.30889401 0.095811002 0.67904299 4282466749
-0.333644 0.040549502 0.68495101 4282137794
-0.40676501 0.065972097 0.66643798 4284506270
0.44464001 -0.12689599 0.63910502 4289243222
0.31944001 0.234331 0.62282598 4283190450
0.48577401 0.143619 0.61252701 4291677489
0.23583201 0.110817 0.67709202 4279966691
0.222418 -0.056804899 0.68652803 4280624601
0.0546574 0.13050701 0.67133498 4278190334
0.40316901 -0.062628403 0.66819698 4286874746
-0.13334601 0.0188783 0.690368 4278914035
0.38662499 0.23988999 0.605654 4285624717
-0.188252 0.29462099 0.58090699 4280295646
-0.44268599 0.0267758 0.65779197 4289966923
0.124429 -0.189013 0.64868301 4278848244
0.438759 0.122136 0.64233899 4287335283
0.36472601 -0.197116 0.63569403 4284637852
0.288854 -0.0264841 0.68974298 4282861495
0.14218099 0.0253646 0.68982899 4278979826
0.267138 0.126147 0.67295599 4282269376
0.28668699 -0.061259899 0.68601602 4282993077
0.35995999 0.31769899 0.548401 4283124659
-0.147663 0.080198102 0.68279803 4279637736
-0.29589501 -0.14661799 0.66513997 4283190450
0.62636 0.141379 0.487407 4294967040
-0.063603804 0.042890299 0.68798399 4278256125
-0.07756 0.172115 0.65651101 4278519289
0.330542 0.2291 0.62448198 4283519405
0.37042201 -0.15551899 0.65279901 4283716778
0.0144157 -0.0881285 0.68180001 4278190334
0.38906401 0.33422399 0.52120501 4285690508
-0.113353 0.095893897 0.67996401 4278914035
0.17968699 -0.017543901 0.690265 4278848244
0.22590899 0.382626 0.477088 4280887765
0.45235601 0.0565615 0.65113902 4287927402
-0.0249725 -0.143685 0.66733098 4278321916
0.077228501 0.14867499 0.66471797 4278321916
0.58770502 -0.271864 0.421152 4294967040
0.50382203 -0.130263 0.60702598 4290032714
0.407534 -0.30454099 0.54485798 4285690508
0.093164697 0.034689099 0.68951398 4278256125
0.51590002 0.213635 0.55652899 4293848592
0.17202701 -0.085982203 0.68172199 4279703527
0.48438099 -0.131008 0.61867702 4290624833
0.459135 0.114028 0.635988 4289177431
-0.249276 -0.107243 0.67799002 4279835109
-0.0375989 0.25689599 0.60971999 4278190334
0.370763 0.0128141 0.68106002 4286019463
0.35599399 -0.0462032 0.68086398 4284374688
0.026179601 0.150786 0.66458201 4278321916
0.35057801 -0.25024399 0.60707498 4284835225
-0.335789 0.108895 0.67330098 4283782569
0.40523201 0.066352002 0.66667598 4285098389
0.46537 -0.166987 0.61398703 4290822206
0.23153301 0.344733 0.53004098 4280032482
0.0147915 -0.073998801 0.68400502 4278190334
-0.096744299 -0.0342579 0.68894798 4278387707
0.056933802 -0.071989797 0.68518603 4278519289
0.102184 0.33770299 0.53798699 4278387707
0.117271 0.239291 0.62158197 4278650871
-0.137032 -0.043403201 0.68792999 4279045617
0.22430301 -0.0181456 0.68985099 4280887765
-0.265861 0.25740099 0.61022198 4280887765
0.42471999 0.095446497 0.654383 4286677373
-0.0191903 0.25823501 0.608805 4278190334
-0.044455498 0.095124803 0.68019599 4278190334
-0.149948 0.24325199 0.61948103 4279440363
0.45623499 -0.33694601 0.47976801 4288651103
0.144881 0.107355 0.67749703 4279045617
0.473717 -0.29727301 0.51590198 4290887997
0.0019729401 0.321089 0.55603498 4278190334
0.031499799 0.084331401 0.68261898 4278256125
0.44392401 -0.114402 0.642443 4287466865
0.066225 -0.201134 0.64251 4278716662
0.34196299 -0.384433 0.46442899 4283650987
0.63967103 0.180328 0.43680701 4294967040
0.477523 0.022118101 0.64249498 4289309013
0.33738399 0.28177199 0.586501 4283716778
0.0553452 0.038254 0.68933302 4278453498
0.48979399 0.0112016 0.63690698 4288387939
0.14707001 0.16175 0.66023999 4279506154
0.043001398 0.26311201 0.60497701 4278190334
0.454705 0.127645 0.63375199 4286480000
0.020859901 -0.155481 0.662395 4278321916
0.0206332 -0.0412388 0.68850398 4278190334
-0.36501801 -0.21288501 0.62665999 4282993077
0.467457 -0.288519 0.52890903 4287861611
0.53468198 0.143649 0.58048201 4292335399
0.50736302 -0.0825902 0.61889702 4293585428
0.0100952 0.057260599 0.68722898 4278190334
0.209057 0.186574 0.65040898 4280493019
0.328973 -0.083874501 0.68012899 4282729913
0.26614299 0.164487 0.65901399 4280558810
0.31993601 -0.18160699 0.65022498 4282072003
0.21448 -0.173021 0.65643901 4280032482
0.370765 0.040529002 0.67845398 4284506270
0.25330901 0.227148 0.62845302 4280295646
0.088861696 0.0566939 0.68660402 4278453498
0.099381603 -0.074418403 0.68478 4278716662
0.01283 0.0119981 0.69010502 4278190334
0.26420599 0.077975199 0.68401301 4281019347
-0.390636 0.176038 0.63901001 4286874746
-0.0241834 0.24729399 0.61694402 4278190334
-0.220999 -0.16638801 0.658692 4279835109
0.35858199 0.087884597 0.67429101 4283650987
-0.45848399 -0.16474199 0.61766797 4287532656
0.052938301 -0.016488001 0.68998599 4278453498
0.065843001 0.235824 0.62410998 4278190334
0.18577699 -0.121713 0.67375398 4279177199
-0.099109799 -0.046349201 0.687635 4278453498
0.0015321299 0.045679599 0.68803102 4278190334
0.213865 0.225858 0.62955701 4280361437
0.42916501 0.133164 0.64327699 4287598447
0.54506302 -0.0662366 0.59640998 4293124891
0.21451899 -0.103092 0.67845798 4280624601
0.55308998 0.042817499 0.59311002 4294374920
0.0607435 0.090256102 0.68132597 4278190334
0.52169198 0.150015 0.58688599 4292006444
0.185398 0.15805399 0.66168702 4279900900
0.0095180003 0.0034805101 0.69032198 4278190334
0.346196 -0.079044104 0.67821598 4282927286
-0.037991799 0.379747 0.482701 4278190334
-0.075488701 -0.317002 0.55966401 4278321916
0.39832601 0.151443 0.646213 4285887881
-0.034842901 -0.0010757101 0.69097501 4278190334
0.428662 -0.098066002 0.65235102 4285229971
0.396662 0.32942 0.52285999 4285361553
-0.235401 -0.197359 0.64449 4280821974
0.42255801 -0.19742399 0.61749601 4288782685
0.49233001 -0.0815043 0.62735301 4290493251
0.39937201 0.0285089 0.67241102 4284966807
0.53156799 0.093872897 0.60004199 4290756415
-0.28687 -0.11116 0.67643499 4280953556
-0.154516 0.058968101 0.68680501 4279966691
0.095286697 -0.376077 0.48844501 4278585080
-0.029940801 0.2362 0.62307799 4278190334
0.51010501 0.240738 0.54091299 4289440595
0.25887001 0.14369801 0.66700602 4281282511
0.246104 -0.137233 0.66954702 4281150929
0.26618901 0.0029474101 0.69043702 4282006212
-0.079162501 -0.15951499 0.66116899 4278321916
0.33954099 0.181749 0.64772999 4282072003
0.421386 0.043730602 0.66477197 4285887881
0.39914599 -0.35119599 0.49463901 4285558926
0.30157799 0.398083 0.44976801 4280953556
0.237598 0.106596 0.67724103 4279637736
-0.0714233 -0.274896 0.596991 4278519289
0.248835 -0.148994 0.665066 4280953556
-0.27281201 0.20787901 0.63981301 4281019347
-0.0199985 -0.312787 0.56373 4278190334
0.156014 -0.178902 0.65390599 4279374572
0.208996 -0.053885899 0.68749702 4279966691
-0.033139002 0.24909399 0.61487901 4278190334
0.209235 -0.0022370501 0.69025099 4279242990
0.0663587 -0.38558301 0.47189 4278256125
0.57933402 0.033163302 0.57222199 4294967040
-0.21116599 0.357254 0.51475602 4279506154
0.68830699 -0.0041596801 0.42402801 4294967040
0.095772602 0.080530502 0.68306702 4278650871
0.248604 -0.399057 0.44866401 4280164064
0.37173101 -0.042268101 0.67813498 4284901016
0.028951099 -0.0099057704 0.69078302 4278190334
0.443757 0.187418 0.61418098 4287664238
0.34661099 -0.215124 0.62947297 4284308897
0.32572699 0.39401099 0.453361 4283650987
0.54770601 -0.037461702 0.59829801 4294506502
0.068761297 -0.085351102 0.68212903 4278190334
0.419689 0.17270599 0.63079 4285887881
0.65666002 0.0383173 0.47904 4294967040
0.49382901 -0.24844299 0.54775798 4288651103
0.59006703 0.168411 0.51772302 4294967040
-0.24740399 0.29969001 0.57670999 4280229855
0.15802599 0.29637501 0.57943702 4279242990
0.33497599 -0.022279199 0.68676299 4283979942
-0.43041199 0.074125901 0.65686899 4286019463
0.32921201 -0.130527 0.66798401 4282137794
0.40873101 -0.30115601 0.548594 4287664238
0.40513501 -0.28931901 0.56076598 4286085254
0.49883699 0.335908 0.44212499 4290032714
0.45526001 -0.25608 0.56474698 4287532656
0.46905601 -0.154219 0.61700302 4287335283
0.232237 0.19031499 0.64875799 4279637736
0.050160099 0.098631904 0.67917502 4278256125
0.33910099 0.35524699 0.51045799 4284440479
0.165159 -0.18536501 0.65002197 4279769318
0.0137512 0.19216 0.64708602 4278190334
0.40955299 -0.191626 0.62541699 4287664238
0.39605999 0.197703 0.62661701 4286216836
0.32579699 -0.084990002 0.68018502 4284374688
-0.226173 -0.063540801 0.68594903 4279703527
0.252801 -0.36975399 0.49725899 4280624601
0.10485 0.0104154 0.68996501 4279177199
0.30160901 0.170315 0.65677297 4282400958
0.45586401 -0.130291 0.632411 4287927402
0.059767298 -0.053048398 0.68758398 4278387707
0.29354501 -0.30694801 0.56931102 4281414093
0.189134 0.102954 0.67896301 4279440363
0.48196501 0.20759401 0.58411598 4289374804
0.276678 -0.204951 0.64160597 4282137794
0.208656 0.091393299 0.68134099 4279374572
0.624515 0.017313801 0.526963 4294967040
0.42488301 -0.293538 0.54749799 4287730029
0.413966 0.0192593 0.66897398 4287203701
-0.31557199 -0.176956 0.65195602 4282927286
0.421482 -0.094132103 0.65677398 4287466865
0.34280601 0.233851 0.61898899 4285164180
0.27878499 0.217967 0.63447702 4281282511
0.102832 0.025497001 0.68962401 4278650871
0.170514 0.268132 0.60228503 4279440363
0.45280299 -0.193838 0.60646999 4290427460
-0.15322199 -0.099915497 0.67945898 4278979826
-0.042732999 -0.090070501 0.68167502 4278190334
0.230047 -0.411688 0.42220899 4279835109
0.25520399 -0.050019901 0.68802297 4279835109
0.414644 -0.080348603 0.66202497 4288256357
0.322992 -0.150996 0.66171402 4281743048
0.28996599 -0.14237501 0.66738999 4282729913
0.302286 -0.15227801 0.66332799 4282927286
0.44274801 -0.28382799 0.54855901 4288585312
0.10494 -0.39498001 0.45665401 4278321916
-0.015772801 0.093833499 0.68084598 4278190334
0.46053299 -0.228121 0.582295 4287466865
0.25422701 0.085047796 0.68247098 4282072003
0.616956 0.123231 0.50835502 4294967040
0.53763801 0.046059299 0.60497099 4294045965
0.39083201 -0.38767201 0.43841499 4286414209
0.30519199 0.26119199 0.605914 4283124659
-0.13657901 0.184719 0.650437 4279374572
0.40926799 0.14863899 0.64468098 4284637852
0.40307301 0.097643003 0.661089 4285690508
0.42194799 -0.088181503 0.657291 4286743164
-0.309205 -0.01088 0.68974298 4281085138
0.14302599 -0.42442 0.388697 4279045617
0.148555 -0.108795 0.67728001 4278914035
0.549918 0.074698299 0.59105998 4293848592
0.101237 -0.080166496 0.68375099 4278453498
0.188917 0.209741 0.63869798 4279374572
-0.093387902 0.044794101 0.68848401 4278256125
0.14853901 -0.25272799 0.61264402 4279835109
0.080472603 0.28206599 0.59148997 4278387707
-0.49513501 -0.056499999 0.63048798 4289309013
0.28754899 0.219045 0.63359499 4281019347
0.151366 -0.096116699 0.67985302 4278782453
0.39646599 0.31962001 0.53464299 4285822090
0.27408201 -0.33195499 0.54501599 4281282511
-0.106524 -0.29078299 0.58396399 4278650871
-0.114135 -0.203806 0.64218199 4278387707
-0.245442 -0.12844101 0.67139399 4280953556
0.035942901 0.109713 0.677095 4278190334
-0.0519347 0.0104502 0.68996 4278453498
-0.020848799 -0.39785299 0.450634 4278190334
0.158058 0.29664499 0.57836598 4278716662
0.257135 0.228815 0.627433 4281611466
0.121524 0.33371899 0.54175198 4279308781
-0.353239 0.208867 0.63215101 4282466749
-0.122349 -0.15300401 0.663746 4278848244
0.29294401 -0.33996001 0.53514999 4282006212
0.089559101 0.405379 0.435206 4278321916
0.30185401 0.241759 0.61924201 4282269376
0.056315299 -0.10151 0.67895597 4278585080
0.36883 -0.075454801 0.674667 4284506270
0.290034 0.19171301 0.647394 4282993077
0.49552801 0.089750402 0.62367201 4290427460
-0.039865199 -0.28096101 0.592112 4278321916
0.38183701 0.0394862 0.67616701 4285427344
-0.10692 0.11962 0.67416 4278387707
0.67092699 0.0543251 0.452997 4294967040
0.334346 0.130675 0.66727602 4282137794
-0.195297 0.130886 0.67096901 4280032482
0.00170417 -0.144775 0.66683602 4278190334
-0.057397202 -0.12893499 0.67114002 4278321916
0.132046 0.103643 0.67882502 4278979826
-0.177664 0.275947 0.595388 4279111408
0.48334199 -0.226969 0.570068 4288651103
0.31717801 -0.23111001 0.624892 4283124659
-0.087996699 0.13612901 0.668989 4278782453
0.43949199 -0.115837 0.64405298 4286480000
0.70991498 -0.024837101 0.36148399 4294967040
0.489187 0.19111399 0.58858597 4290690624
0.35076001 0.079596698 0.67747301 4284440479
-0.26380101 0.068650603 0.68551499 4280229855
0.35973001 0.15011799 0.65714502 4283848360
0.192836 0.33618701 0.539702 4279900900
0.113348 -0.141498 0.66767299 4278387707
0.26626 -0.177808 0.65384102 4280821974
0.472146 -0.198763 0.594127 4291480116
0.26814601 -0.098830402 0.67982799 4280493019
0.19356801 0.1663 0.65888 4279374572
0.50761497 0.055188298 0.62384099 4290756415
0.265726 0.052755199 0.687536 4280493019
0.378815 0.173318 0.64313698 4285295762
0.65545899 0.20750199 0.37060699 4294967040
0.389768 -0.074919999 0.66984499 4285427344
-0.37429601 0.24384201 0.60636902 4286545791
0.20474499 -0.26717001 0.60233998 4279966691
0.134211 -0.084767699 0.68208897 4279374572
0.47851399 -0.019888099 0.64231402 4290493251
-0.124194 -0.048009299 0.68776202 4278650871
0.454065 -0.15750401 0.62344801 4289835341
-0.085348599 -0.119296 0.67479801 4278453498
-0.15818 0.115284 0.67564499 4278716662
-0.43471599 -0.0251552 0.66095197 4288914267
0.0253582 0.156727 0.66199702 4278190334
0.201159 0.232042 0.62581199 4280164064
0.112896 -0.047419101 0.68804997 4279111408
0.054871801 -0.23249599 0.625727 4278321916
0.42209899 0.201122 0.615834 4287203701
0.45468 0.32391101 0.49715999 4287598447
-0.289278 0.26068401 0.60702598 4280756183
0.135038 -0.152574 0.66376197 4278848244
0.172235 0.126086 0.67196798 4278848244
-0.00040143699 0.097140402 0.67985398 4278190334
0.38781601 -0.12552901 0.65868402 4285295762
0.117539 0.070608601 0.68451703 4278782453
0.190446 -0.145096 0.666789 4279045617
-0.26596701 0.237986 0.62205303 4280032482
0.20759 -0.10148 0.67925501 4280427228
0.32338601 0.243434 0.61580402 4282795704
0.0150359 0.133827 0.67015898 4278190334
0.19342899 0.0704965 0.68521899 4279835109
0.103966 0.0303682 0.68934202 4278321916
0.50798303 0.224869 0.555067 4291019579
-0.105071 0.123601 0.673002 4278321916
0.51918203 0.0667248 0.61406499 4292006444
-0.34218401 -0.25695601 0.60421002 4282335167
0.47659501 0.216823 0.58131301 4291545907
0.407307 0.060664099 0.66678202 4286414209
0.0113588 0.184637 0.65140301 4278190334
0.32975599 0.163259 0.65680999 4282598331
-0.052442901 0.154364 0.66316003 4278387707
-0.0142877 0.103764 0.67825598 4278190334
0.324999 -0.26460999 0.601542 4283387823
0.47181901 -0.0089607704 0.64620602 4289506386
0.082975097 -0.120291 0.67425698 4278519289
0.0999275 0.23035499 0.62696803 4278782453
0.070826299 -0.188509 0.64881003 4278387707
0.39730299 -0.264871 0.58360201 4286677373
-0.0175217 -0.24037001 0.62053299 4278190334
-0.0038228501 -0.039995499 0.68830401 4278190334
0.63037598 -0.19962101 0.435927 4294967040
0.35744101 0.083937503 0.67506599 4284703643
0.146394 0.130539 0.67085701 4278519289
-0.337493 0.175495 0.65027398 4282664122
0.50640398 -0.198245 0.57314599 4293190682
0.56511599 -0.065566704 0.580679 4294967040
0.028534601 -0.068985999 0.68485498 4278190334
0.23953301 0.235131 0.62383699 4280295646
0.116977 -0.153925 0.66351402 4278387707
0.36991599 0.21401399 0.62588298 4284045733
0.38456699 0.41025901 0.39261299 4283650987
0.63151902 -0.095874898 0.501885 4294967040
0.415683 0.070772298 0.66327602 4287269492
0.59701002 0.118077 0.534747 4294967040
-0.108158 -0.0163035 0.68972802 4278519289
0.43052801 -0.26186699 0.57294703 4286808955
-0.044525199 -0.319175 0.558249 4278256125
0.21321 0.079147801 0.68334001 4280229855
0.26565501 0.0373987 0.68870801 4281677257
0.444655 0.080171198 0.65022999 4288453730
0.482743 0.031628799 0.63962001 4291809071
0.53105402 0.26910999 0.497087 4293717010
0.1319 0.169366 0.65700799 4278585080
-0.28248301 0.111122 0.67615801 4280821974
0.36064699 -0.020183699 0.68206197 4284440479
0.0530167 -0.25899801 0.60869801 4278190334
0.287797 -0.0207785 0.68954003 4280690392
0.57580799 0.17988101 0.52477801 4294572293
-0.216864 -0.083311498 0.68279999 4280427228
0.164023 -0.32604799 0.550798 4279966691
-0.016694 0.12958699 0.67128599 4278190334
-0.0050710798 0.27632001 0.595321 4278190334
0.14361601 0.035142001 0.68902701 4279045617
0.33624801 -0.0650132 0.682118 4284243106
0.27016199 -0.135032 0.67001301 4281677257
-0.192601 -0.182367 0.65187699 4278979826
0.322804 0.051883399 0.68487602 4283650987
-0.269768 -0.258046 0.60915601 4280756183
-0.43453699 0.13538501 0.63987303 4285624717
0.35415199 0.28341901 0.58179498 4284111524
0.22146501 0.088536203 0.68193698 4279900900
0.51621401 -0.205593 0.56129998 4293124891
0.042478401 0.056368601 0.68727899 4278256125
-0.25140101 0.024838099 0.68943298 4280229855
0.253748 -0.160658 0.66064101 4281611466
0.303103 0.0137662 0.689475 4282006212
0.093671203 -0.0064489101 0.69094402 4278519289
-0.0486263 -0.190698 0.64796603 4278190334
-0.090132803 -0.308745 0.56811702 4278519289
0.21667799 0.20414101 0.64200902 4279966691
0.45725501 0.305051 0.51785201 4290493251
0.177343 -0.101372 0.679434 4279835109
0.43604001 0.043674801 0.65923399 4286940537
-0.094762497 0.0119339 0.69026297 4278453498
0.037601899 0.063406602 0.68648201 4278321916
0.088410802 -0.229359 0.62713099 4278256125
0.29750001 0.40474501 0.436818 4282795704
-0.39053401 -0.122475 0.658283 4285229971
0.115874 0.075444102 0.683909 4278979826
0.25533 0.209989 0.63825899 4281677257
-0.34368101 0.0122206 0.685727 4282335167
0.65657902 -0.15025499 0.43127099 4294967040
0.25653499 0.096138097 0.68035901 4280164064
0.41151401 -0.184707 0.627868 4286545791
0.071404897 -0.14001501 0.66790497 4278387707
0.029500799 0.0123211 0.69075698 4278256125
0.073459201 -0.167224 0.65794802 4278387707
-0.034908801 0.387411 0.47007799 4278190334
-0.25252801 -0.069851302 0.684986 4280098273
0.303271 -0.0119099 0.68976599 4281940421
0.170698 0.1867 0.64958203 4279703527
0.095042802 0.29620001 0.57940698 4278848244
0.215462 -0.162781 0.65980399 4280887765
0.073213004 -0.147548 0.66584802 4278321916
0.348997 -0.172736 0.65013099 4284177315
0.045542501 -0.201518 0.64332998 4278190334
0.354343 -0.29899999 0.56808001 4284835225
0.47723499 -0.184653 0.59905499 4289572177
-0.0697359 0.039828502 0.68863398 4278387707
-0.354348 0.105603 0.671471 4283058868
0.42589501 0.359083 0.467011 4285558926
-0.22686701 0.040625598 0.68826097 4279637736
0.51816797 -0.32535201 0.437428 4291019579
0.582623 0.055183399 0.56647998 4294967040
0.55010802 0.084618397 0.58849299 4294572293
0.119606 -0.14957599 0.665205 4278650871
0.310518 -0.176259 0.65295702 4282335167
-0.179649 -0.191587 0.64769399 4278979826
0.53772199 -0.18322299 0.55807698 4291940653
0.408342 -0.060617998 0.66726702 4286677373
0.626436 -0.12778801 0.49482599 4294967040
-0.32707801 -0.360984 0.505009 4281611466
-0.244443 -0.0167665 0.690005 4279900900
0.29617 -0.19410799 0.64554101 4283190450
0.57058901 -0.209167 0.509965 4294967040
0.436443 0.017203299 0.66100299 4287137910
-0.29673401 -0.036923401 0.68883097 4281545675
0.1973 0.20633601 0.64020699 4279111408
0.0450924 -0.276521 0.59524697 4278453498
0.44187701 -0.20236599 0.60683101 4287203701
0.31641701 0.18711101 0.64803201 4283058868
0.42332599 0.12491 0.64749801 4287137910
0.47144699 0.1216 0.62844801 4291480116
0.209456 0.32387799 0.55321801 4280887765
0.46881899 -0.0077878102 0.647681 4289440595
-0.246535 -0.224539 0.63043201 4280558810
-0.077942997 0.17993 0.65251303 4278585080
0.072112598 -0.235607 0.62365597 4278387707
0.174242 0.026335601 0.69020897 4278848244
0.419848 0.165819 0.63342899 4287795820
0.40239301 0.247251 0.59517503 4284835225
-0.00067295699 -0.0531733 0.68744898 4278190334
0.180158 -0.050084502 0.68744701 4279900900
0.167337 0.12963501 0.67175001 4279440363
0.43570101 0.15026 0.63444 4285624717
-0.0155485 -0.144216 0.66650498 4278190334
0.099293903 -0.12669 0.67179102 4278914035
0.40522501 0.32914501 0.51946098 4285295762
0.28839001 -0.17328 0.65593302 4282072003
0.47869399 -0.038706999 0.64155602 4290756415
0.41708601 0.111254 0.65385699 4286480000
-0.056812301 0.047482502 0.68755901 4278519289
0.45649901 -0.081777602 0.64494902 4289703759
0.18202101 0.39720699 0.451767 4279506154
0.115741 -0.1693 0.65796697 4278585080
0.411313 0.038737301 0.66801703 4285953672
0.0543322 -0.19732501 0.64521003 4278650871
0.34469801 -0.101481 0.67369699 4283979942
0.343851 0.13631 0.66435403 4284308897
0.088415198 -0.23101901 0.62656301 4278321916
-0.085967198 0.036159299 0.68858099 4278782453
-0.27795601 -0.027219299 0.68922698 4281348302
0.57331198 0.243156 0.477314 4294967040
-0.442224 0.0720945 0.65273499 4286282627
0.35302901 -0.132921 0.66337597 4284243106
-0.284412 -0.178146 0.653409 4282072003
0.344201 0.274975 0.591066 4284045733
-0.135958 0.145136 0.66632599 4278848244
0.229583 -0.237262 0.62241799 4279900900
-0.22663601 -0.087002903 0.682136 4280229855
0.26776701 -0.145621 0.66623902 4281545675
-0.078978501 -0.0870087 0.682042 4278848244
0.57118601 -0.17313699 0.53456998 4293256473
0.49314201 -0.119546 0.61680698 4292598563
-0.045522701 0.0270702 0.68958002 4278190334
0.48865899 0.0894842 0.62807798 4290559042
0.53964198 0.289978 0.46340001 4293059100
-0.35667899 0.048614498 0.68118 4283124659
-0.22328401 0.070931599 0.68480098 4279637736
0.16971999 -0.123092 0.67376399 4279374572
-0.0719475 0.102215 0.67901301 4278453498
-0.0301558 -0.234933 0.62473601 4278321916
0.48313701 0.00093288801 0.64102799 4289703759
0.56736898 -0.134885 0.557504 4293190682
0.16777299 0.180307 0.65264499 4278716662
0.17324001 0.34749201 0.52594298 4279440363
0.143703 0.108571 0.67736697 4278979826
0.33039701 0.179444 0.65022099 4284308897
0.46471 0.0369744 0.64815497 4288387939
0.419498 -0.198218 0.61886299 4286480000
0.091557302 -0.044970199 0.688097 4278519289
0.550349 0.269995 0.475649 4293322264
-0.038834199 0.0547795 0.68764001 4278256125
0.27565199 0.12574001 0.672508 4280821974
0.193528 0.112617 0.67586899 4279308781
0.256762 -0.239108 0.62160099 4281677257
0.0416146 0.29406101 0.581469 4278321916
0.34140599 -0.096635602 0.674896 4284703643
-0.0101223 -0.10422 0.67855197 4278190334
0.17700399 -0.23382699 0.625476 4279308781
0.358643 0.21571299 0.626894 4285558926
-0.198893 0.0101995 0.69000101 4279308781
0.076195598 0.0502422 0.68773299 4278453498
-0.136204 -0.14480001 0.66708601 4278979826
0.28456199 -0.13827699 0.66914999 4280756183
0.18647499 0.114021 0.67562401 4279637736
0.40310001 0.27264899 0.57639998 4286611582
0.339901 -0.077688597 0.67927098 4284703643
0.27715701 0.26724601 0.60216397 4281611466
0.292328 0.12765799 0.67196703 4280624601
0.36640999 0.233687 0.61426699 4285558926
0.115616 0.19429301 0.64613402 4278782453
0.13138001 0.161107 0.66024101 4278716662
0.391615 0.077767096 0.66901499 4286414209
0.49262699 0.090506099 0.62506402 4289572177
0.0215695 0.105454 0.677894 4278256125
0.47625899 -0.268967 0.541228 4288124775
0.42565301 0.17439 0.62747997 4286808955
0.56813002 -0.14674801 0.55110502 4294967040
0.140167 0.170957 0.65700901 4279177199
0.29135799 0.25955501 0.60755599 4282729913
0.21350101 0.286048 0.58736902 4279571945
0.31470901 -0.11559 0.67359602 4283782569
0.016997499 0.35415801 0.51799703 4278256125
0.48084399 -0.066054702 0.63670403 4289374804
-0.0085611204 -0.389458 0.46641901 4278190334
0.068406299 0.035565801 0.68942797 4278256125
-0.29827601 0.172425 0.65532202 4280821974
-0.0953293 -0.099912502 0.679515 4278979826
0.59402901 -0.228782 0.46340099 4294967040
0.221605 -0.130532 0.67084998 4280098273
0.47597301 -0.031966899 0.64338702 4289309013
0.628196 -0.107288 0.50122201 4294967040
0.29881099 -0.38426799 0.473279 4282400958
0.67348099 0.0195571 0.45381001 4294967040
-0.26661301 0.19424701 0.64632899 4281611466
0.52170902 0.082132101 0.60906303 4293585428
0.124849 0.104237 0.67810899 4279045617
-0.0964863 0.0121521 0.69047898 4278321916
0.203106 -0.127353 0.67160702 4279242990
0.140705 -0.088021502 0.68181598 4278519289
0.35409701 0.0090129599 0.68396002 4284703643
0.40633699 0.127618 0.65260398 4286348418
0.094369702 0.29724401 0.57881802 4278650871
0.31475601 -0.22450601 0.628784 4282269376
0.399845 -0.27094001 0.578982 4285229971
0.162185 0.049692299 0.68733901 4278979826
-0.31263399 -0.203246 0.64042997 4281808839
0.073249698 -0.39259899 0.45982999 4278782453
0.072422199 -0.078942403 0.683092 4278190334
-0.48247999 -0.019071201 0.64070702 4287861611
0.0410165 -0.290346 0.58411902 4278190334
0.413261 0.00225385 0.67001599 4286940537
0.295095 0.094458997 0.67971301 4282598331
0.43449301 0.045402698 0.66019899 4285756299
0.41978499 -0.090080202 0.65811002 4287006328
0.42326099 0.415925 0.333803 4287203701
-0.067271002 0.178464 0.65350503 4278321916
0.28306201 0.2034 0.64206702 4281743048
0.33196801 -0.219577 0.62955803 4284111524
-0.021221399 -0.123814 0.672988 4278190334
0.36626399 -0.0133715 0.68118501 4284572061
0.25421101 0.067785896 0.68497998 4280690392
-0.171051 0.088529803 0.68212402 4279177199
-0.42249 -0.056660499 0.66286403 4288716894
0.63101 0.045920402 0.51451498 4294967040
0.28128299 -0.19541 0.64620501 4282664122
0.37781799 0.19305301 0.634709 4283519405
-0.056203 -0.25699601 0.60930699 4278453498
0.34443 0.048566099 0.68247402 4283124659
0.25121501 0.124383 0.67324501 4279835109
0.247044 -0.00761953 0.68994802 4280887765
-0.35631201 -0.244339 0.60961002 4283914151
0.36889601 0.216277 0.62395298 4285558926
0.244592 -0.090226904 0.68120098 4281545675
0.44246501 -0.201933 0.607898 4286743164
-0.085504599 0.139873 0.668383 4278387707
0.255945 0.38014799 0.480589 4281874630
-0.190332 -0.1842 0.651546 4279440363
-0.141901 0.21233299 0.63686901 4278914035
0.29929301 -0.21848699 0.63331401 4281150929
-0.062783398 -0.27109 0.599994 4278190334
0.35205701 0.150727 0.65830702 4282664122
0.272944 0.33318299 0.54269701 4281085138
0.36599699 0.105207 0.66865802 4283387823
0.54606199 -0.14263 0.57280701 4292269608
0.41520599 -0.168464 0.63438898 4286808955
0.54758 0.124978 0.57768703 4292006444
0.189954 -0.31726 0.55976498 4280361437
0.60753202 -0.047868799 0.54258299 4294967040
0.12664901 -0.0277905 0.68938899 4278650871
0.221329 -0.0342949 0.68899399 4280427228
0.00896083 0.24430101 0.61835098 4278190334
0.21274801 -0.25334799 0.612629 4279769318
0.55304199 0.2262 0.51465702 4293322264
-0.32592899 -0.275924 0.59233701 4282006212
0.38191399 0.18516301 0.63722402 4285229971
0.330432 0.37745199 0.48052099 4282137794
-0.035179399 0.175521 0.65481901 4278256125
-0.250231 -0.156757 0.66229302 4280558810
0.288082 0.147531 0.66579902 4280493019
-0.214752 -0.2131 0.63665301 4279637736
0.00339681 0.123004 0.67386597 4278190334
0.137794 -0.23575599 0.62431902 4279308781
0.052750301 -0.21864 0.63341099 4278321916
0.176421 -0.345727 0.52898502 4279769318
-0.108818 -0.35442799 0.51807898 4278321916
-0.00037043399 -0.0363313 0.68915099 4278190334
0.0201605 0.15669 0.66270101 4278321916
-0.414307 0.171619 0.63338798 4285361553
0.624479 -0.131135 0.494755 4294967040
-0.196119 0.232438 0.62542301 4279506154
0.42952701 -0.077036098 0.65669602 4286611582
0.320981 -0.20627899 0.63819498 4281940421
0.59198499 -0.227456 0.46792999 4294967040
-0.073604897 0.121872 0.67382902 4278782453
-0.131759 0.378488 0.48416999 4279506154
-0.058903798 0.042700101 0.68895501 4278256125
0.14376201 0.080057301 0.68369502 4278716662
0.0436689 0.118797 0.67485303 4278190334
0.38681599 0.0119254 0.677028 4284835225
-0.0188419 -0.122224 0.673998 4278190334
0.279255 0.105932 0.67783499 4282335167
0.103882 0.264685 0.60391402 4278848244
0.35050499 0.0495422 0.68159401 4283322032
0.238226 -0.30098701 0.575158 4281677257
0.44466299 -0.0722415 0.65171897 4288651103
-0.062700197 -0.055539001 0.687361 4278256125
0.038144302 0.0589981 0.68663001 4278256125
0.52466702 0.017113101 0.61678702 4290295878
0.110975 -0.085361198 0.6821 4278979826
-0.130714 -0.087204903 0.68175697 4278782453
0.62345803 0.120604 0.50153297 4294967040
0.55131 0.085320801 0.58768201 4292466981
0.34260899 -0.039100099 0.68403202 4282532540
0.00070543902 -0.018016201 0.68986899 4278190334
-0.036316998 -0.082149997 0.683146 4278190334
0.237259 0.36273599 0.50634903 4279769318
0.424068 -0.211184 0.610452 4285295762
0.098988198 0.13260999 0.67004901 4278716662
0.59604198 0.068405896 0.55065101 4294967040
0.40527001 0.0152116 0.67194098 4285493135
0.436744 -0.050712898 0.65844703 4288322148
-0.31404501 -0.0276901 0.68796003 4281414093
0.48408401 -0.100296 0.627038 4288782685
0.32817799 -0.151659 0.66112 4282532540
0.30447799 -0.081584297 0.68177801 4282598331
-0.272127 -0.32392699 0.55357897 4281150929
0.124354 -0.293506 0.58151901 4279177199
0.44703001 0.0401727 0.65573001 4287335283
0.078149803 -0.062739298 0.68629903 4278387707
0.099277601 0.227319 0.62930697 4279045617
0.40601799 0.151691 0.64474899 4287861611
0.149663 -0.090306103 0.68123299 4278848244
0.36171901 -0.236215 0.61460799 4283848360
-0.145034 -0.190017 0.64824599 4278716662
-0.209507 -0.32119399 0.55583 4279637736
0.0180893 -0.133517 0.66981602 4278190334
0.076327801 0.122416 0.67350501 4278453498
0.13761801 0.12942301 0.67167097 4278782453
0.43023801 -0.30788901 0.53063601 4285624717
-0.046100501 -0.110569 0.67688698 4278190334
0.210393 0.20771299 0.63994098 4279374572
-0.0102968 0.071153298 0.68510699 4278190334
0.0299043 0.17810801 0.653898 4278256125
-0.334153 -0.092641696 0.67701101 4284703643
0.46534199 0.207039 0.59323102 4290887997
0.510809 0.027480001 0.62432301 4292072235
0.58513701 0.202034 0.498757 4294967040
0.31945199 0.42496201 0.38088101 4283322032
0.388538 -0.045631502 0.67400301 4285098389
-0.134876 0.26470301 0.60499299 4278914035
0.341739 -0.042620402 0.68378901 4285032598
-0.111697 -0.078549899 0.68349499 4278453498
0.170624 -0.21123999 0.63738197 4278848244
0.42411199 -0.28328699 0.55771101 4287730029
0.54370302 -0.137904 0.57636499 4294967040
-0.38986301 -0.167973 0.642142 4287006328
0.040825602 -0.042789299 0.68823701 4278321916
-0.036537401 0.020238001 0.68962198 4278387707
0.526106 -0.0465675 0.61302501 4292795936
0.56998903 0.19850001 0.51978201 4293190682
0.0094694803 0.0551841 0.687047 4278256125
0.054412398 0.160932 0.66031301 4278256125
-0.114428 -0.29163501 0.58376402 4278519289
0.245557 -0.29876599 0.57727998 4280361437
-0.295903 -0.195648 0.64511597 4281414093
0.119296 -0.077297501 0.68397498 4278321916
0.255685 0.050633799 0.687608 4282072003
0.17920101 0.42288399 0.394346 4279637736
-0.16223501 -0.37002 0.49743801 4279045617
0.51644802 -0.0741833 0.61468601 4290559042
0.374567 0.36337799 0.487019 4284374688
-0.42939299 -0.118495 0.64712501 4289243222
0.0251459 -0.0133033 0.69002098 4278190334
0.39734799 -0.24398801 0.59947503 4284835225
0.246217 0.152108 0.66399199 4281808839
0.40129399 -0.278992 0.57081503 4285493135
0.102466 0.184053 0.65159899 4279177199
0.34710699 0.22037201 0.62673599 4283322032
0.18970799 -0.038765199 0.68923098 4279308781
-0.0406572 0.034180701 0.689219 4278190334
0.467356 0.0699156 0.642389 4288256357
0.35414201 -0.0149977 0.68324703 4283322032
0.511509 0.180622 0.58022398 4289835341
0.13275 -0.277145 0.59546202 4278650871
0.0497928 -0.155095 0.663032 4278256125
0.020147299 -0.25495201 0.61134702 4278190334
0.180227 -0.21467499 0.63581997 4280032482
0.0185443 -0.26387599 0.60533398 4278190334
0.44427299 -0.33221501 0.494941 4288190566
-0.273844 0.065547898 0.68616301 4282598331
-0.145036 0.104574 0.67835802 4279045617
0.482804 0.077309899 0.63337898 4290756415
0.456204 -0.109892 0.63835901 4288190566
0.295324 0.34588301 0.52827901 4281940421
-0.0911543 0.068215102 0.68493497 4278321916
0.153302 -0.182018 0.65155202 4278848244
-0.00471377 -0.057552099 0.68642199 4278190334
0.378131 -0.115503 0.66386497 4285229971
0.572034 0.0116187 0.58037102 4294967040
0.62726802 0.036603399 0.52105999 4294967040
0.446008 -0.0348868 0.65602499 4289703759
0.29494601 -0.0674005 0.684708 4281019347
0.139458 -0.21871901 0.63406402 4279111408
-0.25943601 -0.13225 0.670277 4282006212
0.595595 0.109111 0.54011601 4294967040
0.144004 -0.073779702 0.68467498 4279769318
-0.326801 -0.31308401 0.56021798 4281874630
-0.030610399 0.145887 0.66575402 4278190334
-0.119037 0.26304999 0.60534298 4278650871
0.43471599 0.352375 0.47284901 4287993193
-0.242127 -0.224005 0.63095897 4280756183
0.24866401 0.022365499 0.68963999 4280493019
-0.45344001 -0.0080952104 0.65460199 4289966923
0.14409199 0.38900399 0.465893 4279045617
0.41891 -0.137087 0.64563203 4284769434
-0.30680799 0.27933601 0.59241199 4282269376
-0.27446401 -0.0045665801 0.69079798 4280690392
0.38166299 -0.0049902699 0.67820799 4285887881
-0.063688301 -0.13221601 0.67042398 4278321916
0.213801 0.086390398 0.68231302 4280558810
0.429138 0.109953 0.64942998 4287203701
0.46827 -0.27228901 0.54340601 4287598447
0.348279 0.046830699 0.68242902 4282729913
0.28081501 0.086550802 0.68176299 4280821974
0.57147199 -0.077331103 0.57215101 4294967040
0.44016999 0.146511 0.63380599 4288256357
0.22182 0.427829 0.38087699 4280164064
0.38127801 0.142552 0.65489697 4284572061
0.17800599 0.23013499 0.62759 4279242990
0.035260901 -0.342094 0.53245801 4278321916
0.212954 -0.00108899 0.69099402 4280164064
0.230095 -0.308157 0.56826901 4280953556
0.18151399 -0.080873303 0.68317997 4279242990
0.382597 -0.18167301 0.63804197 4285558926
-0.28269601 0.063272499 0.686414 4280953556
0.283925 0.14038099 0.66832697 4282795704
0.160954 0.232723 0.62609398 4279045617
0.267378 -0.41415301 0.416354 4281282511
-0.43558401 -0.100618 0.64962399 4288980058
0.158838 0.0164511 0.68987697 4279835109
0.37327999 0.115261 0.66451401 4285690508
0.248265 -0.17674901 0.654603 4280821974
0.00154886 0.160282 0.66115397 4278190334
0.022838701 -0.132652 0.670937 4278190334
0.39894801 0.213921 0.61761802 4284572061
0.42121199 -0.131338 0.64653099 4287532656
0.55989999 0.025384299 0.59050697 4294967040
0.40460199 0.104671 0.659159 4287598447
0.067565903 0.099243999 0.67964703 4278453498
0.27741599 0.054540899 0.68682998 4280229855
0.091242097 0.11868 0.67492402 4278387707
0.288257 0.14951999 0.66497999 4281808839
0.129012 -0.113375 0.67551798 4278585080
0.101917 0.044667698 0.68868798 4278321916
-0.37197199 0.200949 0.63190198 4284111524
0.233978 0.0131138 0.69019002 4281545675
0.061943501 -0.34488299 0.52996099 4278256125
-0.33007699 0.0249753 0.68663901 4283979942
0.54074699 -0.155508 0.57142103 4294835457
0.47419399 -0.30100101 0.51063001 4291348534
0.160815 -0.016306 0.69022697 4279571945
0.26398599 -0.25785899 0.60970098 4281150929
0.285 0.29312399 0.58127803 4281348302
-0.196649 -0.159941 0.66160202 4280295646
0.19945499 -0.144633 0.66655701 4280229855
0.26380399 -0.129439 0.67197001 4280361437
0.413003 0.33526599 0.50892299 4285624717
-0.036322601 -0.27558601 0.59662002 4278321916
0.51602298 0.00907679 0.62148201 4291677489
0.332066 -0.064457297 0.68250901 4281940421
0.374688 0.37214601 0.474502 4284440479
-0.0192718 0.025738901 0.68969798 4278321916
0.067851298 -0.096094601 0.68060201 4278387707
0.24448501 0.33489901 0.54065698 4280558810
0.230409 0.043296199 0.68811202 4279571945
0.108253 0.145772 0.66583699 4278782453
-0.029903701 0.100465 0.67868602 4278190334
0.263621 0.082267202 0.683258 4280361437
0.61098599 0.14131799 0.508008 4294967040
-0.14578199 -0.0052275001 0.690781 4278782453
-0.033954099 -0.26307601 0.60611498 4278190334
0.116903 0.043066502 0.68857598 4279374572
0.054403901 -0.111773 0.67672801 4278190334
0.40999201 0.0128318 0.67074502 4287006328
0.354709 -0.30744299 0.560377 4283453614
0.29425201 0.0598775 0.68604201 4280887765
0.13431101 0.054255199 0.68730998 4278914035
0.083874702 0.0151582 0.69007701 4278519289
0.41136399 0.015178 0.66993999 4287335283
0.38091201 0.193114 0.633331 4283387823
0.098011203 0.42954901 0.37359601 4278321916
-0.33221099 -0.17660099 0.65060699 4284243106
0.35303101 -0.121918 0.66675699 4285558926
-0.030687399 -0.40014499 0.44635299 4278190334
0.1462 0.083320402 0.68277401 4278782453
0.29645601 0.32730201 0.549465 4282598331
0.17253 0.15476499 0.66258001 4278782453
0.27652001 0.124006 0.67326802 4280953556
-0.35447201 -0.187406 0.642021 4282927286
0.25547999 0.239563 0.62125599 4280427228
0.20965201 -0.079916403 0.68305498 4279242990
0.46349701 0.055935301 0.64665002 4290624833
0.0087369801 0.045181502 0.68836099 4278256125
0.186754 0.373889 0.49098599 4279111408
0.46248001 -0.045170501 0.64790702 4287927402
0.0204996 -0.078059599 0.68362498 4278321916
0.29089001 -0.25891399 0.60846502 4282400958
0.25523201 -0.051558901 0.68744701 4279900900
-0.053432599 -0.31908 0.55848902 4278453498
-0.086805299 -0.30427599 0.572478 4278453498
0.30960101 -0.239115 0.62009102 4282335167
-0.31502301 0.12836599 0.67068601 4281611466
-0.19321799 -0.120429 0.673657 4279374572
0.19873799 0.20197 0.64276099 4280098273
0.351576 -0.41168499 0.407267 4283453614
0.30699199 -0.059509199 0.68545002 4283124659
0.47114199 -0.136802 0.62261599 4290098505
0.29085699 0.213447 0.63698602 4281414093
-0.286118 0.344872 0.53015798 4281282511
0.0185357 0.26530901 0.60393798 4278190334
-0.26624799 0.37737101 0.48556599 4280690392
0.16212399 -0.034050699 0.689147 4280098273
-0.28104499 -0.0141119 0.69041997 4280887765
-0.22946601 -0.360852 0.50910401 4279703527
0.16001999 0.26360101 0.60511398 4279242990
-0.280094 0.15366399 0.66349399 4280295646
0.35491601 0.25180101 0.60493499 4285624717
0.43373501 0.066871397 0.65688401 4289374804
0.159289 0.28482401 0.58933997 4279900900
0.25081801 0.0038168 0.690229 4281019347
0.028732499 0.390223 0.46536899 4278190334
-0.0238952 -0.035292201 0.689592 4278190334
0.098562799 0.241632 0.62000602 4278650871
-0.23968101 -0.0251344 0.68972802 4280229855
0.309966 0.220667 0.63109601 4281348302
0.137116 -0.0843926 0.68261498 4278650871
-0.149132 -0.333601 0.54301298 4279374572
0.13889299 -0.40667701 0.43270099 4278979826
0.39479399 -0.101703 0.66316199 4287401074
0.287754 -0.30943099 0.567527 4282203585
-0.111387 0.208425 0.63891602 4278585080
0.065886699 0.193812 0.64635497 4278321916
0.61817199 0.067473002 0.52600002 4294967040
-0.22775599 0.268343 0.60203701 4279769318
-0.050731499 -0.0143164 0.69060099 4278256125
0.58762199 -0.0858417 0.55533898 4294967040
0.498887 0.0287927 0.631657 4290098505
0.39683399 -0.084238999 0.66594303 4285164180
-0.094704702 -0.0636198 0.68604201 4278519289
0.072722301 -0.33190399 0.54412597 4278519289
0.146146 -0.182346 0.65154803 4279835109
0.62547302 -0.045377702 0.52267897 4294967040
0.56133097 -0.189225 0.53392798 4293585428
0.34619799 0.047545701 0.68307698 4283256241
0.62676603 0.041311301 0.52093798 4294967040
0.222564 0.022264799 0.69013798 4279374572
-0.192471 -0.25842801 0.60929799 4279374572
0.41686401 -0.200508 0.61868101 4287532656
-0.412435 0.12671 0.65068603 4287006328
-0.083090998 -0.144658 0.66646099 4278256125
0.0131931 0.13279399 0.67009401 4278190334
-0.051290002 -0.112555 0.67604399 4278190334
0.17224599 -0.101305 0.67868102 4278979826
0.15513401 -0.233492 0.62546903 4279769318
-0.027002299 -0.063196696 0.68648303 4278190334
0.530213 0.053099301 0.60946602 4292598563
0.60624498 0.145466 0.511783 4294967040
0.425515 -0.12869699 0.64515001 4285690508
0.161027 -0.013233 0.69071603 4279966691
-0.114795 0.149791 0.66496402 4278716662
0.51814401 0.148867 0.58986998 4294111756
0.57205099 0.082037099 0.57137197 4294769666
0.26113001 0.21498901 0.63543397 4281348302
-0.080122903 -0.045990199 0.68842602 4278256125
-0.45796299 0.034786399 0.65114099 4288453730
-0.27349299 -0.34889001 0.524966 4281150929
-0.120821 0.35802999 0.51238197 4278914035
0.629296 -0.095395997 0.50399798 4294967040
0.33792901 -0.29030001 0.579597 4283256241
0.41433299 0.19957399 0.62036902 4285558926
0.50323403 0.039338 0.62775898 4291809071
0.218628 -0.43669099 0.34770399 4279835109
0.18204799 0.27158901 0.59979802 4279045617
-0.322804 -0.073825397 0.68176401 4281677257
0.324646 0.119097 0.67140001 4284243106
0.105744 -0.119012 0.674622 4278519289
0.35068399 -0.0209981 0.68444598 4283979942
0.149856 0.038278099 0.68900299 4279111408
0.27860701 -0.26762301 0.60245198 4281743048
0.063656099 -0.307046 0.56883299 4278585080
0.338754 -0.103368 0.67366701 4281940421
0.41200399 0.40026301 0.39543599 4287466865
0.44304699 -0.172915 0.621876 4288190566
0.20494901 -0.27524799 0.59685802 4279571945
0.54183501 0.094894901 0.592489 4293651219
0.61661601 0.187685 0.469457 4294967040
-0.31681201 0.00175661 0.68828303 4281545675
0.022758801 0.0128289 0.69049603 4278190334
0.11738 -0.18546499 0.65082902 4278650871
0.43442401 -0.0465427 0.65955299 4286480000
0.0411199 -0.022512799 0.68983501 4278321916
0.13941599 -0.15951 0.66084599 4279374572
-0.38528699 0.16917901 0.64315999 4284703643
-0.110771 0.198779 0.644099 4278453498
0.467958 0.040493298 0.64618701 4288124775
0.53285599 0.124432 0.58906198 4293322264
-0.483448 0.14586601 0.613271 4287861611
0.0537262 0.239875 0.621364 4278585080
-0.47046301 0.204529 0.59252101 4288322148
0.48477 0.0245529 0.63911599 4290230087
-0.073962197 -0.21231 0.63746202 4278387707
0.13501801 -0.189078 0.64927799 4278782453
-0.19783001 -0.36801001 0.50022799 4279111408
0.27768299 0.111856 0.67628199 4282006212
0.45121101 -0.208195 0.60026801 4290164296
-0.0044793501 -0.16407201 0.65945703 4278190334
0.56185597 0.201327 0.525172 4294967040
0.458868 0.119424 0.63490403 4288782685
0.352431 -0.150846 0.65785402 4284637852
-0.29832101 -0.16337 0.65940601 4282203585
-0.34078601 0.11371 0.671408 4283190450
0.064039402 -0.100227 0.67880398 4278387707
0.23135 0.2313 0.62697101 4279966691
0.507541 0.31127599 0.47041601 4291151161
-0.23117501 0.184705 0.65044999 4280098273
0.39186099 -0.016126599 0.67566198 4285032598
0.455899 0.104442 0.64067698 4288716894
0.396424 0.33100301 0.52077299 4285427344
0.27844399 0.029539499 0.68997598 4281216720
0.100648 0.16724101 0.65817499 4278321916
0.39770299 0.019778101 0.67358398 4286940537
0.34384301 -0.123502 0.66794002 4283716778
0.466129 0.0456932 0.64709401 4288322148
-0.30146101 0.357577 0.512909 4281085138
0.235828 -0.24692801 0.61632103 4280690392
0.67924702 0.0109821 0.44395101 4294967040
0.40282401 -0.0403504 0.67079401 4286743164
-0.32796499 0.274436 0.593409 4282532540
0.379035 0.320115 0.540254 4286677373
0.4659 -0.070860401 0.64309102 4289045849
0.60477698 0.0882186 0.53617102 4294967040
0.087170698 -0.214669 0.63543802 4278848244
0.29993999 -0.12663101 0.67132998 4283387823
-0.056056701 -0.093414597 0.68034297 4278519289
0.46762201 0.141562 0.622621 4289177431
-0.036143299 0.141894 0.66707402 4278190334
0.120398 -0.134895 0.66932201 4278585080
0.0301222 -0.24269 0.61961299 4278256125
0.26747099 -0.086786002 0.681826 4281348302
0.074162498 0.115626 0.67519897 4278453498
0.35269901 0.00170505 0.683698 4284901016
0.249034 0.21764 0.634354 4280493019
0.61777699 0.0344618 0.53315598 4294967040
0.41838801 -0.025829799 0.66757298 4284966807
0.426604 0.062768497 0.65993702 4288387939
0.3335 -0.029037699 0.68611997 4282664122
0.52374798 -0.26217499 0.51070601 4291480116
-0.0071906098 -0.22271501 0.63204902 4278190334
-0.106132 -0.196601 0.64499301 4278321916
0.19359501 -0.0295943 0.689978 4279177199
-0.049062401 -0.303987 0.57242399 4278190334
0.061049499 0.041278802 0.688703 4278650871
0.52038801 -0.109238 0.60362101 4291348534
0.35241401 0.159959 0.65399897 4282861495
0.14442401 0.092309304 0.68136001 4278848244
0.36316201 -0.093013003 0.67257798 4285295762
0.115468 -0.17866699 0.65389299 4278453498
-0.48570001 -0.090470999 0.62965 4288914267
-0.00946943 -0.286147 0.58737302 4278190334
0.21119 -0.19505601 0.64583302 4280295646
0.089501098 0.00823557 0.68997103 4278256125
0.27982399 -0.362587 0.50652599 4282335167
0.116961 -0.41635901 0.411443 4278716662
0.22198901 0.243212 0.61897802 4280098273
-0.076654904 0.0275649 0.68916798 4278387707
-0.0139056 -0.38705999 0.47071201 4278256125
0.47168699 -0.038622499 0.64421701 4288585312
0.43947199 -0.025009301 0.65976799 4288782685
-0.0238166 0.118704 0.67422497 4278256125
-0.0618973 -0.318997 0.55804998 4278190334
-0.052473899 0.099897198 0.67915797 4278387707
0.33555499 -0.266615 0.59817302 4282335167
0.38337299 0.243366 0.603863 4284769434
-0.29032999 0.062279299 0.68589503 4282466749
0.46360299 -0.345725 0.46018401 4288322148
-0.043079801 0.27937499 0.59333003 4278256125
0.211101 -0.043251999 0.68885797 4279571945
0.0098192096 0.130961 0.670515 4278190334
0.0932322 -0.385876 0.47229001 4278585080
0.41654801 0.239712 0.59465802 4287861611
0.386756 0.021465801 0.67670602 4286940537
0.516352 -0.166334 0.58311999 4290624833
0.21706 -0.156601 0.66196698 4281019347
0.026786 0.021084201 0.689807 4278190334
0.49893701 -0.23263 0.55533302 4291085370
0.034069002 -0.043984801 0.68830502 4278256125
0.49065301 -0.1092 0.621889 4289440595
0.14611401 -0.188875 0.64911401 4279308781
0.17824399 -0.346802 0.52697098 4279900900
0.110016 0.32205099 0.55436897 4278387707
0.46915299 -0.079007998 0.63940698 4287335283
0.65844101 0.191728 0.38453001 4294967040
0.0124356 -0.117855 0.67456597 4278190334
0.311207 -0.29984301 0.574359 4283387823
-0.099124402 -0.121998 0.67408401 4278585080
0.23892599 -0.070710696 0.68451297 4279900900
0.396465 0.22247601 0.612562 4285756299
-0.44196099 0.13138101 0.63858598 4285887881
-0.036509998 0.28076699 0.59265798 4278190334
-0.44815001 0.121993 0.63820398 4286874746
0.202215 0.00355715 0.69042498 4280821974
-0.085430197 -0.080927901 0.68323898 4278256125
0.069363602 0.37229201 0.49241999 4278256125
0.21509799 -0.166823 0.65801197 4280295646
0.200509 0.18273699 0.65141201 4279506154
0.499268 0.239457 0.55089802 4289374804
0.45105001 -0.208939 0.59939301 4286677373
0.583318 -0.041862801 0.56860101 4294967040
0.40216601 -0.271074 0.57730502 4287795820
-0.045590501 0.039393902 0.68892998 4278190334
-0.24741299 -0.168837 0.65727597 4280295646
0.0088370796 -0.020330099 0.689695 4278190334
-0.083689697 -0.33714899 0.53802902 4278519289
0.28858301 -0.064366102 0.68589199 4282664122
0.082113102 0.037558001 0.68878198 4278256125
0.44699001 -0.00086573401 0.65746403 4289309013
0.0092279697 -0.041314598 0.68853801 4278256125
0.3242 -0.0337747 0.68688399 4283387823
0.19360401 0.119035 0.67474502 4279769318
0.43294999 0.135756 0.640333 4286480000
0.32729599 0.158813 0.65811902 4284045733
0.458707 0.094219603 0.64172602 4287072119
0.231483 0.0047285701 0.690974 4280493019
-0.147405 0.17328601 0.65618002 4278979826
-0.15118299 -0.11045 0.677019 4279111408
0.59406 0.078733802 0.55010903 4294967040
-0.074721403 -0.037619699 0.68898201 4278848244
-0.0599427 0.180731 0.65238899 4278519289
0.449357 -0.124255 0.63730401 4287072119
-0.077585898 -0.15425301 0.66329002 4278190334
-0.20217399 -0.037050098 0.68859297 4280164064
0.50030798 -0.026172901 0.63111299 4292795936
0.24972001 0.0074521401 0.69058198 4280295646
0.061505001 0.055077702 0.68753499 4278190334
0.276858 0.23609 0.62336397 4280821974
-0.161111 0.113162 0.67602497 4278848244
0.034997601 -0.132083 0.67078602 4278190334
0.42495099 0.17121901 0.62941498 4288453730
0.49180701 0.085631996 0.62661201 4290624833
-0.115126 -0.197271 0.64498901 4278848244
-0.0087987902 0.29328999 0.58118302 4278190334
0.47650701 0.140899 0.61880702 4289111640
-0.036134601 -0.127572 0.67250597 4278453498
-0.200408 0.054538898 0.68727601 4279637736
0.48798999 0.0061657699 0.638735 4291480116
0.35909101 -0.110443 0.66892397 4284045733
0.381365 0.22258601 0.61799598 4284440479
-0.085305803 0.37536901 0.488152 4278519289
-0.155975 0.161109 0.661201 4278782453
0.400774 -0.0054391902 0.673751 4287730029
-0.190945 0.0684039 0.68520099 4279045617
0.29167101 -0.209618 0.63792402 4283124659
0.064716399 -0.25789601 0.60914302 4278321916
0.053352199 0.0857099 0.68274403 4278190334
0.085920401 -0.015881499 0.68992102 4278387707
0.44100499 -0.361536 0.45285401 4286808955
0.35895199 0.283369 0.58064997 4284901016
0.192196 -0.40055701 0.44455001 4279242990
0.438604 0.030047299 0.65984797 4288190566
0.418102 -0.0077003702 0.66798502 4286085254
0.097743303 0.18799999 0.64986998 4278650871
0.060825001 -0.060840301 0.68624198 4278190334
-0.159532 -0.072082303 0.68418503 4278848244
-0.200699 -0.19171 0.64777303 4279506154
0.38373899 0.256336 0.59477901 4285690508
0.096500799 0.17592999 0.65489203 4279045617
0.29658201 0.038135301 0.68870199 4281085138
-0.179187 0.032150999 0.68932301 4278848244
-0.017874099 0.075503297 0.68388999 4278190334
0.40203699 -0.060187299 0.66919601 4287006328
-0.15762401 -0.0132637 0.69064999 4279900900
0.24981099 0.30902401 0.567828 4280361437
-0.24310599 0.14525799 0.66647202 4280821974
0.265003 -0.199065 0.64385003 4281085138
0.48534 -0.25705299 0.54573202 4288716894
0.426853 -0.086274602 0.655837 4288716894
0.60600102 -0.057810199 0.54313701 4294967040
0.21912999 -0.080347002 0.68351102 4279440363
0.412027 0.017778801 0.66954702 4286282627
0.40513101 -0.12831201 0.65258902 4285493135
-0.28715 -0.192276 0.647677 4281085138
0.51208597 -0.26972401 0.51470602 4290887997
-0.16789301 -0.30410701 0.57221699 4279440363
0.31680301 0.140977 0.66576999 4282795704
0.037218399 -0.19242699 0.647376 4278387707
-0.097963698 -0.33696601 0.538441 4278256125
-0.059893198 0.069743603 0.68469602 4278190334
0.32659301 -0.126224 0.66944301 4282598331
0.21698999 0.242994 0.61885101 4279900900
0.23778901 0.14916 0.66472799 4280098273
0.422252 -0.034693301 0.66469902 4287664238
0.46574199 -0.25161201 0.56307501 4290887997
-0.0079017198 0.25346601 0.61256701 4278190334
0.40601301 -0.156839 0.64271498 4284901016
-0.348883 0.109074 0.67077202 4284045733
0.220303 0.18471199 0.65120298 4280756183
-0.40482399 -0.119073 0.65521401 4284374688
0.112057 0.22334599 0.63082498 4278650871
0.37161499 -0.10323 0.667808 4283848360
0.117107 0.116702 0.67542601 4279177199
0.076709598 0.217843 0.63374799 4278387707
0.33886001 -0.069408 0.68102401 4283914151
-0.18221 0.0220857 0.69029897 4279440363
0.430549 -0.141321 0.639121 4288651103
0.172764 0.347574 0.52657801 4279374572
0.51116002 -0.023709601 0.62452 4293124891
0.135259 0.123698 0.67294598 4278979826
-0.093603604 -0.029319299 0.68911803 4278848244
0.31433001 -0.099789098 0.67768198 4282400958
0.454483 -0.23029099 0.58453602 4286414209
0.061798599 -0.22756401 0.62886399 4278321916
0.25149801 0.14067 0.66812402 4280032482
0.461355 0.042508401 0.64938903 4287532656
0.108514 0.21737801 0.63439 4278585080
0.26477599 0.306822 0.56982398 4280558810
0.137889 -0.0565993 0.68676698 4278848244
0.51853698 0.104387 0.606264 4290690624
-0.216867 0.204447 0.641298 4280361437
0.48350999 0.075951703 0.63313901 4290230087
0.16201 0.154107 0.66324598 4279242990
0.5959 -0.238987 0.45005599 4294967040
0.088000797 -0.149933 0.66476601 4278387707
0.237895 0.00372957 0.69063401 4280558810
-0.0134647 -0.28632 0.58728898 4278190334
0.40877399 -0.081387699 0.66322899 4285690508
0.40633899 0.174459 0.63457602 4285822090
0.325712 0.0607257 0.68369198 4284243106
0.33729199 0.031878799 0.68534702 4282861495
0.131391 -0.176715 0.65418798 4279242990
-0.36791801 0.32746899 0.53584403 4283848360
0.48454499 0.209756 0.58001798 4290690624
0.227117 0.361384 0.50786602 4280953556
-0.167238 0.248676 0.61514401 4278716662
-0.282343 0.110683 0.67655599 4280821974
-0.118918 -0.066536501 0.68563002 4278585080
0.378196 0.207711 0.62658697 4285427344
0.59622103 -0.0390311 0.55605102 4294967040
0.579907 0.064108603 0.56823599 4294967040
-0.249359 0.32506499 0.55163002 4281019347
0.37028301 -0.049320102 0.67834097 4285690508
0.109534 0.255014 0.61101103 4279177199
0.36688101 -0.236865 0.612755 4285624717
0.146282 0.0092798304 0.69015098 4278848244
0.246407 -0.208166 0.63937801 4280098273
0.30899999 0.393195 0.45738801 4283124659
0.197345 -0.091558501 0.68066901 4279506154
0.25249699 -0.27841699 0.59346801 4280821974
-0.28634501 0.190097 0.64862502 4280756183
-0.14069299 0.27305701 0.59760302 4278716662
0.19212499 -0.0110467 0.69030201 4280229855
0.36212799 0.042439502 0.68053502 4283848360
0.36541501 0.257312 0.599356 4285032598
0.0280929 0.031503599 0.68981999 4278190334
0.28383899 0.294469 0.58101398 4282137794
0.27385199 -0.110083 0.67663097 4280295646
0.107998 -0.044281799 0.68847603 4278782453
-0.403364 0.184581 0.63165897 4284440479
0.219345 -0.29411101 0.58165997 4280361437
0.618092 -0.0094353296 0.53465402 4294967040
0.34856901 -0.145988 0.66019499 4285032598
0.50017101 0.027303001 0.63105601 4291545907
0.071663499 -0.294586 0.58093202 4278782453
0.369403 0.26538399 0.591573 4283453614
0.26659501 0.0272616 0.68938899 4282203585
-0.496719 -0.059896398 0.62914801 4289045849
0.38465801 0.101434 0.665241 4283650987
-0.104887 0.367163 0.50122899 4278519289
0.0291772 0.164564 0.659482 4278321916
0.50755602 0.154898 0.59544998 4289374804
-0.28085199 -0.0880007 0.681494 4282400958
0.23990799 -0.32529101 0.55143702 4280295646
0.285649 -0.029045399 0.68974102 4282203585
0.58065099 0.022434199 0.57271898 4294506502
0.40434101 0.162991 0.63986301 4285493135
0.157759 -0.262036 0.60638398 4279374572
0.0516578 -0.031548802 0.68924803 4278190334
0.37111801 -0.0226302 0.680251 4285822090
-0.18304101 -0.019746 0.68984598 4279506154
0.249255 0.102696 0.67896903 4281348302
0.16781899 -0.135785 0.66943097 4280098273
0.083951801 -0.077198103 0.68350798 4278321916
-0.41420999 0.072298601 0.66270202 4284901016
0.56761402 -0.236251 0.491045 4294967040
0.0082712797 -0.064526401 0.68621802 4278190334
0.31488499 -0.24816699 0.61410701 4284045733
0.35838601 0.35945201 0.49925399 4283650987
0.322788 -0.139663 0.66617501 4284045733
-0.219684 0.136492 0.669379 4280295646
0.15680701 0.238627 0.62230402 4279966691
0.50128597 0.13168199 0.60805398 4289506386
-0.199191 0.26524401 0.60426801 4280756183
-0.0071934001 -0.066794001 0.68541801 4278190334
0.19399101 -0.34185201 0.53268999 4280427228
-0.35949701 -0.118827 0.66714901 4284637852
-0.018014601 0.43017301 0.37374601 4278190334
0.476845 -0.035704099 0.64223599 4289901132
0.57906598 0.046840899 0.57173002 4294967040
-0.108422 -0.28574499 0.58816099 4278914035
0.084928803 0.272645 0.59902799 4278256125
-0.418329 -0.130768 0.64774102 4287335283
-0.45054999 -0.0159238 0.65555698 4289901132
0.189666 -0.095237203 0.67988998 4280427228
0.350732 0.222936 0.62489998 4282927286
-0.203181 0.098523803 0.67918301 4279506154
-0.150525 0.27067101 0.60038698 4279308781
0.60589701 0.0192929 0.54751199 4294967040
0.32875901 0.17454401 0.65171897 4284506270
0.037550699 0.229791 0.62715298 4278256125
0.28437999 0.194608 0.64630699 4280887765
0.138945 0.27333599 0.598207 4278914035
-0.034060702 0.411838 0.42083201 4278190334
0.12687799 0.068340197 0.68490601 4279242990
0.0961418 -0.189999 0.64789099 4278453498
-0.0177869 0.00413492 0.69088501 4278190334
-0.206394 0.224318 0.63090998 4279242990
0.30670899 0.142667 0.66620702 4283256241
0.15478399 -0.27974799 0.59286398 4279177199
0.21586099 0.243618 0.61870801 4280229855
-0.0201365 0.31670201 0.55977702 4278190334
0.289464 0.0268162 0.68952101 4282203585
0.376232 0.063113399 0.67448801 4285558926
0.14741699 0.384913 0.47281 4279177199
0.23175 0.134703 0.67025298 4280953556
-0.194795 0.152326 0.66427201 4279835109
0.46000099 0.283611 0.537826 4289506386
0.181104 -0.126265 0.672032 4279045617
-0.202033 0.25329599 0.61207998 4279177199
0.278671 -0.108851 0.67748898 4281940421
0.51722699 -0.0128322 0.62165803 4292861727
0.14855 -0.0440723 0.68872601 4279111408
0.40912601 -0.076963402 0.664244 4285295762
-0.108282 0.066025101 0.685947 4278782453
0.114813 0.053121999 0.68738198 4279045617
0.31225899 0.208784 0.63713598 4283322032
0.41683799 0.130468 0.64789999 4286348418
-0.41467601 0.040395301 0.66703701 4285229971
0.21087401 -0.041702401 0.68893802 4279637736
0.052307598 0.040834401 0.68848401 4278256125
0.097098097 -0.343173 0.53172803 4278979826
0.433229 0.149288 0.635041 4286808955
0.24158201 0.078489497 0.68387002 4280953556
0.068581603 0.189018 0.64849597 4278585080
-0.045475099 -0.29511499 0.58077198 4278453498
0.20686001 0.34970501 0.523992 4279966691
0.40010601 0.047319502 0.67069 4285822090
0.481011 -0.13339899 0.61958498 4289111640
0.48471799 -0.069632001 0.63391399 4289111640
0.59628201 0.194068 0.49228999 4294967040
-0.111734 -0.098198302 0.67926598 4278585080
0.34184599 0.115376 0.67030197 4284835225
0.34934101 -0.048749398 0.68229502 4284703643
0.31853101 -0.12163 0.67129397 4283650987
0.401968 -0.0118782 0.67293799 4287072119
0.302872 0.198671 0.64399201 4283585196
0.31400299 -0.38413501 0.47175601 4283716778
0.47119501 0.184743 0.60242802 4291216952
0.243827 0.0864738 0.68164498 4280032482
-0.468272 0.097444601 0.63663298 4287730029
-0.265939 0.27341601 0.598176 4281216720
-0.147789 0.121124 0.67378598 4278716662
-0.42809501 0.034689799 0.66298401 4285887881
0.123164 -0.0152458 0.69046301 4278914035
-0.0220672 0.059294101 0.68627501 4278190334
-0.410521 0.123314 0.651824 4287466865
0.19954699 0.33941901 0.53615201 4280098273
0.13118801 -0.0074024 0.69041502 4278585080
0.070753999 0.022382701 0.69029897 4278585080
0.038184699 -0.0126412 0.69022501 4278190334
0.21804 0.046585198 0.688115 4279571945
0.13781799 0.104588 0.67838901 4278519289
0.495112 -0.0934541 0.62346202 4291216952
0.104954 -0.016591599 0.69051999 4278519289
0.051204398 -0.25514001 0.61085999 4278321916
0.301236 -0.34007099 0.53434598 4283124659
0.435864 0.100272 0.64966398 4287269492
-0.33720899 0.33409101 0.536358 4282335167
0.40795401 0.162219 0.63939297 4285493135
0.160987 -0.092307404 0.68066001 4278650871
0.68766099 0.101345 0.39538601 4294967040
0.17032801 0.29619399 0.579759 4279374572
0.329831 0.054391202 0.68438798 4283716778
-0.26297101 0.32267901 0.55424303 4280164064
0.070096403 -0.093555197 0.68109298 4278519289
0.49125001 -0.060398798 0.63195199 4291611698
-0.0423287 -0.207506 0.64016998 4278256125
0.461115 -0.205148 0.59665799 4288322148
0.084870599 0.065680496 0.68617302 4278321916
0.194922 -0.01135 0.69070703 4278979826
0.38931999 0.163326 0.64488101 4285164180
0.032107301 -0.061143 0.686225 4278321916
0.112308 -0.0137372 0.68990701 4278321916
0.220836 -0.17968801 0.65322202 4280558810
0.049888998 0.15959001 0.66080201 4278190334
0.101445 -0.13311601 0.67006499 4278387707
0.45225 -0.097556703 0.64339298 4286743164
0.286538 -0.29036 0.58464903 4280558810
0.042974699 -0.20961399 0.63825101 4278190334
0.29022801 0.036167901 0.68870801 4280821974
-0.229094 -0.129134 0.67150801 4281085138
0.40333501 0.074676298 0.66654098 4287664238
0.34246999 0.192632 0.64191401 4284177315
0.45758599 -0.074901 0.64559603 4290098505
0.140092 -0.195852 0.645962 4279440363
0.44083801 0.337423 0.490105 4287466865
0.071019799 0.0251166 0.68964303 4278453498
0.22854801 0.290259 0.58374202 4279506154
0.35837799 -0.29090199 0.57410699 4283650987
-0.237202 0.28932801 0.58468598 4280821974
0.172556 0.089346297 0.68136001 4279242990
0.412296 -0.106883 0.65613699 4286282627
0.50279599 -0.19355001 0.578502 4292861727
0.126932 -0.051540699 0.68763101 4278650871
0.176773 -0.00314183 0.69097501 4279242990
-0.17013501 -0.0136012 0.69010901 4278914035
0.53680599 0.206092 0.54546303 4294111756
0.30947801 -0.172663 0.65491301 4283322032
0.163947 -0.173498 0.65599197 4279308781
0.35786799 -0.10161 0.67101198 4283058868
0.217986 0.23852 0.62158799 4280558810
-0.197844 -0.243894 0.61925697 4279440363
0.083716601 -0.0709593 0.68511701 4278453498
0.210676 0.30718401 0.569601 4280558810
-0.158003 0.108105 0.67707598 4278914035
-0.31868801 -0.0242116 0.68805599 4281808839
0.14744399 -0.15414099 0.66375899 4279177199
-0.156004 -0.1229 0.673343 4278782453
0.136087 0.25418499 0.61161298 4279374572
0.195953 -0.166491 0.65891701 4280690392
-0.108881 0.161587 0.66016603 4278387707
-0.247015 0.320454 0.55657899 4280098273
0.324283 0.22835299 0.62508798 4282137794
0.075824603 -0.180904 0.65272802 4278716662
0.26831099 -0.29381099 0.580899 4281479884
0.113964 0.064729199 0.68625402 4278519289
0.42700699 0.096840397 0.653593 4286940537
-0.24514399 -0.24176601 0.61967599 4279769318
0.44187301 0.100571 0.64725602 4287730029
0.444922 0.184212 0.61596501 4286151045
-0.0116909 -0.0044238898 0.69073099 4278190334
0.16246501 0.0147829 0.690736 4278848244
-0.065435499 -0.036695398 0.68919301 4278256125
0.092206597 -0.027557099 0.68967903 4278256125
-0.22779299 -0.217637 0.63476902 4279571945
0.166742 -0.25674099 0.61009401 4279111408
0.32173401 0.090029001 0.67927802 4281545675
-0.101121 -0.352543 0.51977998 4278519289
-0.17817999 0.35626701 0.51527101 4279769318
0.058166701 0.0092300503 0.69048202 4278321916
-0.180852 -0.256901 0.60951 4279637736
0.176916 -0.112186 0.67662197 4279374572
0.18136001 -0.099703901 0.67938697 4279177199
0.46847999 -0.0766 0.64031702 4288980058
0.018278999 0.25394201 0.61211002 4278190334
-0.14949401 -0.075129598 0.68374002 4279374572
0.161092 -0.17093 0.65676498 4279571945
-0.125598 0.090475999 0.681741 4278914035
0.515113 0.086285204 0.61247301 4291677489
0.17632499 0.26330501 0.60534102 4279966691
0.21838599 0.23024499 0.62694103 4279571945
0.226623 0.22116099 0.63263297 4281085138
0.14672799 -0.0126386 0.69002402 4278979826
0.30454999 0.25219601 0.61257797 4280953556
-0.29998001 -0.101982 0.67850798 4282072003
0.48879799 -0.22334801 0.568578 4290164296
0.48651299 -0.14302599 0.61261201 4289835341
-0.215333 0.20375501 0.64174497 4279571945
0.144728 0.117928 0.67434299 4278650871
0.200633 -0.238029 0.62251401 4279242990
0.57682699 0.23212799 0.48284501 4294967040
-0.0110808 0.118766 0.67465198 4278190334
0.64867902 -0.134223 0.45697299 4294967040
0.00086768199 0.072358698 0.68505102 4278190334
0.41958699 0.12630901 0.64812499 4286940537
0.321749 0.343573 0.527201 4281545675
0.272311 -0.39721099 0.45100299 4282072003
-0.23469 0.20817401 0.63968098 4279900900
-0.271817 -0.105584 0.67821097 4280690392
0.0147067 -0.018845299 0.69010198 4278190334
-0.0256829 0.228743 0.62761903 4278190334
0.34167501 -0.154769 0.65770501 4283519405
-0.255191 -0.066056497 0.686104 4279966691
0.183689 0.078845501 0.68328398 4279571945
0.047955599 -0.180393 0.65223902 4278190334
0.38929999 0.16180401 0.64569199 4285098389
0.550955 0.136977 0.57054698 4294309129
0.41113701 -0.0269059 0.66942799 4284835225
0.00504201 0.073856503 0.68448699 4278190334
0.45225799 -0.073899299 0.648673 4290361669
0.237707 0.23487499 0.624874 4281216720
0.244037 0.31451699 0.562442 4281677257
0.55332798 -0.201627 0.53408903 4294967040
0.26930401 -0.24836101 0.61527699 4281216720
0.46503401 0.131806 0.62821901 4288914267
0.239562 0.179029 0.653853 4280558810
0.62125802 -0.131457 0.50019097 4294967040
-0.21090899 0.095361799 0.68035603 4280032482
0.27575001 -0.16392399 0.65964299 4281414093
0.27965599 -0.26498699 0.60455602 4281019347
0.383113 -0.213686 0.62203598 4283914151
0.56574202 0.045873601 0.58307302 4294638084
0.51896399 -0.120416 0.60088998 4294374920
0.439302 -0.00381229 0.660339 4287006328
0.30706501 0.103683 0.67747098 4282269376
0.17310999 0.077880301 0.68359399 4279769318
0.117805 -0.139339 0.66822702 4278387707
-0.41191301 -0.16241001 0.63829499 4284835225
-0.155618 -0.123262 0.67295003 4278979826
0.247567 0.28042799 0.591824 4281348302
0.32741499 -0.0131286 0.68778902 4283716778
0.45808101 -0.33231601 0.485313 4288453730
0.00288934 -0.107872 0.67781103 4278256125
0.14918999 -0.070564099 0.68464398 4278914035
0.26320001 -0.118394 0.67497098 4281019347
0.119583 -0.188326 0.64899701 4278650871
0.25281399 0.236276 0.62401301 4281216720
0.40292701 0.207498 0.62017697 4285361553
0.35933101 0.258674 0.59948498 4285690508
-0.35517001 0.27093399 0.59191197 4282664122
0.31929401 0.016847 0.687922 4282203585
-0.18360101 -0.268567 0.60139799 4279045617
0.235084 -0.039413702 0.68894798 4281019347
0.40112299 0.32672 0.52452803 4285953672
0.217335 0.293993 0.58060902 4280032482
0.366229 0.095219903 0.67079502 4285690508
0.25534299 0.13497899 0.66961998 4280821974
0.38031799 -0.226955 0.61514097 4285822090
0.41332299 -0.130624 0.64935303 4287664238
-0.079406597 -0.032855399 0.68975002 4278387707
-0.281611 -0.375909 0.48859701 4280493019
-0.0237238 0.131473 0.670748 4278190334
-0.22687601 0.2255 0.62945998 4279966691
-0.42352799 -0.133377 0.64500099 4285427344
0.220365 0.173262 0.65539998 4279637736
0.475692 0.16179 0.61099702 4289309013
0.55236602 -0.072162703 0.58929199 4294638084
0.56568098 0.081807703 0.57612199 4294967040
-0.0056531299 -0.052317999 0.68771797 4278190334
0.46524 -0.237757 0.57301903 4289045849
0.54227602 -0.089265801 0.59333903 4292861727
0.33623999 0.34283599 0.526465 4282861495
0.58232701 -0.027639501 0.569893 4294967040
0.022050699 0.161322 0.66005599 4278256125
0.47990701 0.191245 0.59441602 4290164296
0.196073 0.0185201 0.69000602 4279177199
0.088195696 -0.20666 0.63972801 4278519289
0.33837599 -0.027603 0.685507 4283322032
0.47386801 -0.1224 0.62666398 4289309013
0.123211 -0.0497793 0.68765199 4278453498
0.248908 0.044473801 0.68810701 4279835109
0.41811299 0.089057498 0.65891802 4288256357
-0.45005 0.175017 0.61770803 4286874746
-0.13232601 -0.263372 0.60553402 4278848244
-0.44667801 -0.098995604 0.64588702 4289309013
0.26229 -0.155121 0.66251999 4280164064
0.15120301 -0.32824299 0.54794699 4279242990
0.60789901 0.0560016 0.54031998 4294967040
-0.345072 0.054065 0.68260902 4284637852
0.50957203 -0.24372201 0.53921998 4289703759
-0.168604 0.26236501 0.60618299 4279506154
0.44313899 0.209952 0.602377 4286480000
0.32100299 -0.37271601 0.48838401 4282466749
0.59369898 -0.025751101 0.55952299 4294967040
0.037894301 -0.16486 0.658804 4278190334
0.210453 -0.30198401 0.573452 4279440363
0.35072401 -0.0485906 0.68206799 4282400958
0.282401 -0.090276502 0.68129301 4282861495
-0.14091501 -0.298969 0.57657301 4278585080
-0.37233499 0.16743401 0.64785397 4283190450
-0.087431297 -0.119987 0.67456901 4278387707
-0.0508908 0.0019574801 0.69015998 4278256125
0.21004701 0.199568 0.644382 4280821974
0.46360001 0.12153 0.63128299 4290887997
0.40553701 -0.168823 0.63722003 4284703643
0.101695 -0.067433402 0.68530297 4278453498
0.064779699 -0.33035401 0.54569501 4278387707
0.247003 0.42205399 0.397259 4280427228
0.144575 0.050234199 0.68773401 4279506154
0.49426201 0.248 0.54728401 4291348534
-0.095323503 -0.093298599 0.68093097 4278321916
-0.100184 -0.057946801 0.68719798 4278585080
0.38854 0.130536 0.65634501 4285032598
0.49035901 0.164793 0.60147601 4291151161
0.377251 -0.28363001 0.57546699 4283650987
0.52772099 -0.23187301 0.534334 4294703875
0.460033 0.33750001 0.47589701 4286743164
0.29314801 0.141268 0.66710502 4281150929
0.290142 0.33188301 0.54358 4280953556
-0.173675 0.045733999 0.68859899 4279506154
0.33374 -0.089935496 0.67802298 4284572061
-0.098837197 0.12592199 0.67208803 4278256125
0.40237901 0.29823601 0.552975 4285690508
-0.29304001 -0.24405099 0.61841202 4282006212
0.212964 -0.38853401 0.468454 4280164064
0.46267 -0.034584899 0.64896399 4288058984
-0.15476701 0.0217753 0.690121 4279637736
0.41218501 0.27011201 0.57437998 4287335283
0.28262299 0.093940802 0.68007803 4281348302
-0.064982101 0.19757301 0.64464802 4278650871
0.54944301 0.142793 0.56880301 4294967040
0.058828 0.221185 0.632339 4278387707
0.21084601 0.12326 0.67356902 4279506154
0.58224303 0.091642298 0.55941403 4294967040
0.28802899 0.091864698 0.680673 4281479884
0.386323 -0.0711013 0.67184103 4284637852
-0.041790299 0.038753301 0.68840802 4278256125
0.00716775 0.0540107 0.686849 4278190334
0.30668199 -0.166372 0.65780002 4281085138
0.030542601 0.194372 0.646236 4278387707
0.424023 0.15161701 0.638017 4285295762
0.156361 0.331866 0.54479599 4279440363
0.44706899 -0.055811498 0.65377897 4288453730
-0.078389503 0.098130003 0.67977202 4278190334
0.41749501 0.225224 0.60463297 4286677373
0.23263 0.32556701 0.55066901 4280821974
-0.074289903 0.150721 0.66444403 4278453498
0.034732301 -0.154826 0.662866 4278190334
0.045014001 0.016246701 0.69021702 4278190334
-0.27986699 -0.16492701 0.65908003 4280558810
0.18166099 -0.105282 0.67755997 4280229855
0.037844501 0.31267399 0.56397003 4278190334
-0.030792199 -0.29908299 0.57695001 4278321916
0.48241001 0.30299401 0.50335503 4290427460
-0.079533003 -0.187034 0.64981198 4278190334
0.440465 0.087223098 0.65114099 4287532656
-0.30884299 -0.041820399 0.68732399 4281743048
-0.317678 0.0266969 0.687994 4283782569
0.195618 -0.065737598 0.68574297 4280493019
0.17603999 0.028089199 0.68923497 4278979826
0.381161 0.060474701 0.67443502 4286808955
0.58686697 -0.0216082 0.566957 4294967040
0.19815201 0.35512999 0.517506 4280493019
-0.159088 0.26112801 0.607274 4278848244
0.39974099 -0.102802 0.66119301 4285427344
-0.36833701 -0.20853101 0.62872303 4282927286
0.27249399 0.194792 0.64664698 4280756183
0.48333499 -0.26501 0.53999799 4290295878
0.36824599 0.022916799 0.68042302 4285032598
-0.093296297 0.208575 0.63964802 4278387707
-0.324523 -0.0267934 0.68772602 4284308897
0.153566 0.080680199 0.68364203 4278979826
0.56950903 0.134527 0.55549598 4294309129
0.17051899 0.032444999 0.68893099 4278979826
0.25769299 0.186773 0.65012801 4281545675
0.0211583 -0.068034701 0.68513501 4278256125
-0.081052601 0.13152701 0.671211 4278190334
0.23101901 0.114498 0.67582601 4281019347
0.49720901 0.062913202 0.628227 4289769550
0.0097202603 -0.28332099 0.589728 4278190334
0.36170599 -0.184076 0.64205903 4284835225
0.50262898 -0.038262598 0.62839103 4290032714
0.447552 0.0303037 0.65595901 4287532656
-0.0473582 -0.067639202 0.68584001 4278190334
-0.23502199 0.248393 0.61526603 4281282511
0.271658 0.14623199 0.66650897 4281150929
0.30477601 -0.171111 0.65575999 4282335167
0.106859 0.049915601 0.68810803 4278256125
-0.003762 0.0712502 0.68515402 4278256125
0.0277976 -0.0119822 0.69031698 4278256125
0.38665 -0.061387699 0.67289603 4284966807
0.37402201 -0.198194 0.63329703 4283190450
0.450432 -0.101433 0.64307201 4288322148
0.185734 0.121042 0.67414099 4279045617
0.25064501 0.30637899 0.57053 4280032482
-0.0162641 -0.055073898 0.68666899 4278190334
0.28632799 -0.115611 0.67500198 4280690392
-0.126462 -0.067828298 0.68530399 4278848244
0.122237 0.210388 0.638448 4278585080
0.371209 -0.029894499 0.67943197 4283716778
-0.120627 -0.22897799 0.62748802 4278716662
0.49868199 0.293394 0.49989101 4289637968
-0.115659 0.26608899 0.60317999 4278519289
0.43364501 0.32829899 0.50657099 4288519521
-0.0059105 -0.177512 0.65420598 4278190334
0.63128299 -0.058720101 0.51167798 4294967040
0.32511401 0.15612 0.65963697 4281940421
0.69863498 0.0160482 0.39954999 4294967040
-0.24205901 0.0182692 0.690543 4280427228
0.28935701 -0.41148099 0.42319599 4282927286
0.0269142 -0.098858498 0.67941898 4278190334
-0.163965 0.120271 0.67400199 4278716662
0.419471 -0.057695899 0.66400999 4288256357
0.070107304 -0.26487899 0.60448402 4278387707
0.51966 0.025997899 0.61841601 4293256473
0.52465999 0.000447208 0.61645198 4293190682
0.133532 -0.24244501 0.61972499 4278453498
0.369261 -0.16750801 0.648341 4285032598
0.28096899 -0.193325 0.64721102 4281085138
-0.0157967 0.0152854 0.69005102 4278190334
0.000113272 -0.0284354 0.689394 4278190334
-0.0088180602 0.069761902 0.68510801 4278256125
0.33988401 -0.176237 0.65029901 4283519405
0.55624503 -0.15193801 0.56004697 4293322264
0.435031 -0.0155922 0.66151202 4287664238
0.25526199 0.29629099 0.57920903 4281808839
-0.31575799 -0.040807799 0.68672198 4281808839
-0.0978202 -0.0515352 0.68728799 4278650871
-0.034377702 0.090085797 0.68178898 4278190334
0.13100401 -0.36194801 0.50844097 4278782453
0.098277897 0.325726 0.55109102 4278585080
0.52138603 0.244405 0.52874702 4293914383
-0.139587 0.16255 0.660074 4278585080
0.56396502 0.0539831 0.58288801 4294967040
0.40196401 0.049451999 0.67003602 4287335283
0.070981704 0.088642299 0.68148798 4278387707
0.231437 -0.101879 0.67872101 4281348302
0.066302203 0.40508401 0.43626601 4278716662
0.61234599 0.0139334 0.54057199 4294967040
0.10229 -0.071899198 0.68449199 4278453498
0.44873801 0.151998 0.62771201 4289572177
-0.021600001 -0.078507103 0.683532 4278190334
-0.0166023 0.067489304 0.68553901 4278190334
-0.367293 -0.076700598 0.67446798 4283256241
0.235644 0.13168199 0.67027998 4280690392
0.56254202 -0.044562601 0.58656597 4294967040
-0.13339099 -0.0116933 0.689915 4278848244
0.00326184 -0.102923 0.67837799 4278190334
0.160394 0.234751 0.62417901 4279637736
0.50935 -0.016933501 0.62580502 4291151161
0.41051701 -0.33598799 0.508129 4287269492
0.161531 -0.153822 0.66367102 4280032482
0.298884 0.17306399 0.65517002 4280821974
0.18512399 0.15706301 0.662305 4279045617
0.27706799 0.066912003 0.68540603 4281940421
0.062181201 0.072071902 0.68466002 4278519289
0.45591399 0.071460597 0.647223 4288190566
0.41922301 -0.15586001 0.63815898 4285887881
-0.132681 0.16690999 0.65802401 4278650871
0.109545 0.11301 0.676566 4278453498
0.134965 -0.090626597 0.68169898 4279177199
-0.301734 -0.032214999 0.68855703 4281282511
0.104319 -0.148856 0.665043 4278453498
-0.073932797 0.00118975 0.69008398 4278321916
-0.0365468 -0.37619001 0.48803499 4278256125
0.00213367 0.180535 0.65236801 4278256125
-0.19772001 -0.13995101 0.668042 4279308781
0.172829 0.091007799 0.68109 4278848244
0.40342799 -0.072307803 0.66667199 4287664238
0.34409401 -0.152188 0.658512 4282203585
0.221599 -0.37639499 0.48756099 4280887765
-0.135121 0.136246 0.66982502 4279374572
0.206643 0.071541898 0.68499398 4279571945
-0.0340879 0.169522 0.65774697 4278453498
-0.203306 0.19211601 0.64793801 4279440363
0.228622 -0.10813 0.67691803 4279571945
0.43828601 0.21776 0.60030901 4287137910
0.082355097 -0.122745 0.67295098 4278453498
0.31337801 -0.25276899 0.61150199 4282335167
0.241212 0.256861 0.60973901 4281348302
-0.18855301 -0.108871 0.67737502 4279045617
0.33396399 -0.0649442 0.68185401 4284177315
-0.256621 -0.191589 0.64819098 4280953556
0.39041901 0.0383728 0.674887 4286677373
0.37627301 0.146947 0.65409797 4284966807
0.110908 0.132165 0.67076701 4278716662
0.225866 -0.218015 0.63443398 4280229855
0.023821101 0.17388099 0.65577501 4278190334
0.018858301 0.098857597 0.679874 4278190334
0.079222798 0.26132199 0.606453 4278321916
0.58136398 0.0207729 0.57170397 4294901248
0.469785 -0.111555 0.631455 4288058984
0.41313401 0.065701298 0.665039 4286743164
-0.131475 0.29236999 0.58263302 4278453498
-0.152145 -0.151214 0.66446298 4278716662
0.23598699 -0.239755 0.62141299 4279900900
0.104863 -0.314659 0.56206399 4278650871
0.131286 -0.069989197 0.68458098 4278979826
-0.134582 0.055348501 0.686957 4278782453
-0.046643201 0.109034 0.67695898 4278190334
0.30625999 0.0825582 0.68147498 4283716778
0.41095901 0.145034 0.645455 4286019463
-0.31770301 0.020080799 0.68875098 4284177315
-0.36318699 -0.0058810799 0.68187201 4283848360
0.412453 0.100093 0.65751302 4286414209
-0.043304101 0.069878899 0.68476498 4278256125
0.217915 -0.18046699 0.65270197 4279703527
0.37538901 -0.192463 0.63536 4284045733
0.37360901 0.16181099 0.649459 4283716778
-0.152494 -0.366678 0.50111598 4279111408
0.28960001 -0.331081 0.54537898 4282203585
-0.031352401 0.140953 0.66746902 4278190334
-0.167118 0.166168 0.65921599 4279045617
0.44407901 -0.16572 0.62431902 4288914267
0.203549 -0.101017 0.67941701 4279900900
0.136149 0.180088 0.65240997 4279111408
0.21997 -0.36352599 0.50493503 4280229855
0.122788 0.170588 0.65715301 4279111408
0.384345 -0.26985899 0.58397299 4284572061
0.362611 -0.14461701 0.65793997 4284243106
0.606305 0.0137823 0.547921 4294967040
0.348436 0.426182 0.367697 4284111524
-0.166842 -0.058308199 0.68669701 4279571945
0.38004601 -0.37829301 0.46066701 4285690508
0.192487 0.091823697 0.68075401 4279177199
-0.17663001 0.30488601 0.57102901 4279111408
-0.121013 -0.30205801 0.57340699 4278585080
0.397935 0.046529599 0.671987 4286611582
0.62337899 0.182809 0.46224999 4294967040
0.30820301 -0.050455902 0.68629801 4281150929
0.00086217403 -0.0444353 0.68841499 4278190334
-0.16396999 -0.26659501 0.60362297 4279045617
-0.215919 -0.247729 0.616485 4280032482
-0.21801201 -0.220293 0.63251698 4280953556
0.062013298 0.063169703 0.68557298 4278256125
0.460852 0.081922702 0.64331198 4287730029
0.0197361 -0.16687299 0.65852398 4278321916
0.177531 -0.182584 0.65177399 4279308781
0.555282 -0.204053 0.53018802 4292664354
0.23124 -0.158766 0.66197002 4280690392
-0.23592199 -0.0103399 0.68997997 4279900900
0.43961 -0.36053401 0.455639 4288322148
0.37746301 0.086612701 0.67068303 4286019463
0.145733 -0.25386801 0.61260301 4279045617
0.588112 0.165418 0.52069598 4294703875
-0.100602 -0.083972603 0.68266702 4278321916
0.39959401 -0.123414 0.65556902 4286151045
0.35181701 0.24567799 0.61058402 4282795704
-0.018461401 0.203897 0.64201802 4278190334
0.32097 0.219073 0.63158202 4283453614
0.33426499 -0.211061 0.63429099 4283387823
0.410541 0.079381302 0.66347402 4285493135
0.52591097 0.34800899 0.38018599 4292138026
0.380247 0.046291701 0.67655998 4284637852
-0.084657699 -0.17238601 0.65613902 4278453498
0.46619901 0.130657 0.62774801 4288585312
0.329355 -0.090665698 0.67774302 4283322032
-0.098545603 0.047524501 0.68786401 4278453498
0.18618301 -0.073789902 0.68474001 4279045617
0.48691499 -0.0011108 0.63920599 4291874862
0.033461299 0.139635 0.66777498 4278190334
0.112011 -0.121314 0.67413402 4279177199
-0.34342501 -0.179197 0.64835501 4283519405
0.27248499 -0.111043 0.67620403 4280558810
-0.094163403 -0.108107 0.67773098 4278519289
0.14294501 -0.232657 0.62555099 4278782453
0.53073603 -0.23960599 0.52573103 4293782801
0.076965399 -0.143334 0.66677803 4278848244
0.108944 -0.0079114996 0.69035602 4278387707
0.51363599 0.102323 0.610246 4290690624
0.14127301 0.26619801 0.60283101 4279506154
-0.382503 -0.102164 0.66607201 4283585196
-0.090039402 0.316329 0.56079298 4278914035
0.13191199 -0.019142101 0.69030201 4278782453
0.123427 0.0295499 0.68955499 4278519289
0.324543 -0.059318401 0.684322 4282203585
0.414754 0.0705567 0.66328502 4287466865
0.40446201 -0.263675 0.58176398 4285756299
0.375934 0.19641501 0.63269401 4284506270
0.48685801 0.21961699 0.57353503 4288124775
0.30969799 0.274216 0.59576499 4281282511
-0.081953503 -0.113007 0.67562598 4278519289
0.49392399 0.095335901 0.62301302 4290361669
-0.0069813002 0.0395246 0.68878597 4278190334
-0.109266 0.0958248 0.67981899 4278585080
-0.29323101 -0.097115703 0.679447 4280887765
0.34449601 0.32913801 0.53982103 4283190450
0.221633 0.15752199 0.66187602 4279440363
-0.0249283 -0.19956 0.64349902 4278190334
0.12969901 0.30326799 0.573255 4279177199
-0.041336101 -0.332192 0.54438102 4278256125
0.29957101 -0.21260899 0.63694203 4281414093
0.20036501 0.096332103 0.68030697 4279703527
-0.042831 -0.166695 0.658858 4278190334
-0.101357 0.127279 0.67235202 4278321916
0.61867702 0.114889 0.50997102 4294967040
0.37706101 -0.083086297 0.67107898 4286085254
0.170102 -0.20814399 0.63891798 4279835109
0.077033304 -0.16040599 0.661062 4278782453
0.10977 -0.0216412 0.68967599 4278716662
-0.15351 -0.057035599 0.68722099 4279374572
0.35940999 -0.0539576 0.67927402 4284045733
-0.017175101 -0.153935 0.66332197 4278190334
0.0570958 0.39707401 0.45262101 4278387707
0.65648001 0.0145319 0.48363799 4294967040
0.055168599 0.225317 0.629498 4278453498
-0.090567298 -0.078096502 0.68357402 4278453498
0.060527001 -0.38976699 0.46443501 4278256125
0.155983 0.043875601 0.68867201 4279242990
-0.0220431 -0.14414801 0.66663098 4278190334
0.578933 -0.026864801 0.57387 4294967040
0.212054 -0.070334204 0.68527102 4279703527
0.034980401 -0.36800799 0.499906 4278190334
0.221274 0.198226 0.64503402 4279374572
0.056944199 0.00166086 0.69038898 4278387707
0.054652601 -0.00248257 0.69043601 4278256125
0.26210099 -0.0201184 0.690431 4280229855
0.21668901 0.21382 0.63643402 4279506154
0.56108701 -0.12264 0.56768602 4293585428
0.66468698 0.049912799 0.46512899 4294967040
-0.094550401 0.18114901 0.65199101 4278256125
0.378548 0.022673801 0.67862701 4286743164
-0.26203099 0.063747697 0.685821 4280624601
0.46944299 0.018224001 0.64694101 4288782685
0.119253 -0.15482 0.66313797 4278585080
0.470943 0.31621501 0.49595499 4289309013
-0.250256 0.13175 0.67031401 4279966691
0.127717 0.041472901 0.68905401 4278453498
-0.0474739 0.25732699 0.60947102 4278190334
0.035123199 0.027055901 0.68999898 4278190334
0.0197694 -0.17248701 0.65594298 4278190334
0.226455 0.118766 0.674447 4280690392
0.47369701 -0.105923 0.63112801 4287993193
0.16743 -0.0269883 0.68999302 4278979826
0.229514 0.32141 0.55550498 4280821974
0.23713499 0.213374 0.63658702 4279703527
-0.31563401 -0.191668 0.646276 4282400958
0.0877022 0.13372301 0.669828 4278256125
0.25783601 -0.19287699 0.64761299 4280032482
0.390275 -0.314895 0.54219502 4285756299
0.44173399 -0.0203088 0.65848202 4287072119
0.120493 -0.119069 0.67479199 4278519289
0.242318 0.0097751403 0.69080597 4281216720
-0.34141701 -0.25706899 0.60419899 4282927286
0.113128 0.14416499 0.66636598 4278519289
0.18757699 -0.113539 0.67641401 4279308781
0.022526201 -0.065435499 0.68590403 4278321916
0.48461899 0.351717 0.42943799 4292138026
-0.121481 0.031411901 0.689771 4278387707
0.55078101 0.086054698 0.58757597 4293519637
0.20586 0.0555856 0.68659699 4279835109
0.65486199 -0.0841977 0.47011301 4294967040
0.044214401 0.087985903 0.68149298 4278256125
0.037495501 0.27891999 0.59336001 4278387707
0.30894399 -0.047543202 0.68715298 4283716778
0.63822299 -0.190218 0.43116599 4294967040
0.39613101 -0.179171 0.63597101 4286940537
-0.124154 -0.12919 0.67154002 4278650871
0.474363 0.213516 0.58370799 4288782685
0.017718 -0.275832 0.59610403 4278190334
-0.0956925 -0.0124205 0.68987298 4278453498
0.240061 -0.151944 0.66452903 4279637736
-0.0111251 0.120548 0.674106 4278256125
0.169236 -0.109659 0.67733401 4279045617
0.032327499 0.25136599 0.61356801 4278190334
0.48272699 0.18870001 0.59426099 4290559042
0.24008401 0.404257 0.43714201 4280493019
0.24620301 0.258138 0.60943502 4281019347
-0.38362601 -0.22077499 0.61844802 4286940537
-0.281203 0.175658 0.65521699 4280624601
-0.125168 0.056701198 0.68712401 4278650871
0.36330599 0.106248 0.66947699 4285164180
0.595267 -0.073961601 0.55011398 4294967040
0.135378 -0.12175 0.67320198 4278585080
0.046769898 0.107477 0.67738402 4278190334
0.0071775201 -0.037066601 0.68876499 4278190334
0.36754501 -0.0719961 0.67500901 4285953672
0.116431 0.086467601 0.68224901 4278650871
0.52991301 -0.24275699 0.52262002 4293059100
0.239904 0.129198 0.671785 4280032482
0.37844801 -0.32122701 0.53858399 4284308897
0.34144399 0.230068 0.62204599 4283585196
-0.0831424 -0.0044511701 0.69026297 4278321916
0.0127101 0.069142997 0.68557203 4278256125
0.47935799 -0.14777499 0.61491501 4290361669
0.43152401 -0.18741 0.61998302 4289177431
0.0427818 0.230281 0.62734401 4278190334
0.41623199 0.117932 0.65187299 4286611582
0.25037 0.063207701 0.68600398 4280624601
0.41374099 -0.25560099 0.58519697 4286019463
0.339775 0.0127945 0.6857 4284835225
-0.075265698 -0.36956599 0.497776 4278716662
0.188228 0.34648001 0.52765399 4279506154
0.26980299 0.094338201 0.68060797 4281677257
0.100433 0.069696002 0.68533301 4278256125
0.061178599 -0.13348299 0.67032999 4278256125
0.146272 0.092373803 0.68100601 4278848244
-0.414722 0.17758501 0.63014603 4285295762
0.27380699 -0.0250901 0.690005 4282072003
0.27981001 -0.17758401 0.653916 4281874630
-0.28210899 -0.044101499 0.68828499 4280558810
0.39333701 -0.18069699 0.63641298 4286019463
-0.039252501 -0.11863 0.67488599 4278190334
0.63060802 0.15658399 0.471266 4294967040
0.24614801 -0.18782499 0.64958799 4280821974
0.160505 -0.162837 0.65984499 4279440363
-0.0434184 -0.223772 0.63136399 4278256125
0.461016 0.044740699 0.64923197 4289506386
-0.297598 -0.12599 0.67197901 4281150929
-0.30079201 -0.327557 0.54810399 4281545675
0.386033 0.221302 0.61680502 4284703643
0.095209002 0.0438345 0.68833798 4278585080
0.37446401 0.32834601 0.53217 4284835225
0.238977 0.237711 0.62300599 4280295646
0.136298 0.086847998 0.68232399 4278585080
-0.00497291 0.0250715 0.689686 4278190334
-0.214839 -0.213082 0.63691002 4280427228
0.217904 0.35513499 0.51645201 4279769318
0.30566201 -0.1946 0.64540201 4281216720
0.20020799 0.21082 0.63844901 4280295646
0.0173117 -0.301927 0.57359099 4278190334
-0.318593 0.069882199 0.68344998 4281808839
-0.134628 -0.26416501 0.60539103 4278914035
0.32117 -0.239684 0.61925101 4283914151
0.55157298 -0.14972501 0.56466597 4294967040
-0.043057598 -0.2226 0.63196403 4278190334
0.205346 -0.177826 0.65392298 4280493019
0.50764 0.112375 0.61097199 4291151161
-0.288452 -0.019888001 0.68963498 4281479884
0.48495999 0.034767602 0.63882601 4289966923
0.59551603 0.065688103 0.55154699 4294967040
-0.441208 0.12786099 0.64021099 4286414209
0.122061 0.089552604 0.68160999 4278519289
0.37776801 0.111442 0.66447598 4285953672
-0.194629 -0.198191 0.64437401 4280229855
0.44281301 -0.298298 0.533795 4289506386
0.38228399 -0.23266201 0.61083698 4286874746
-0.0823716 0.030462099 0.68900198 4278387707
0.45993799 0.18203101 0.60905999 4288848476
0.473239 0.190191 0.59851301 4288256357
0.33108401 0.159659 0.65829998 4282927286
-0.32234299 -0.051222701 0.685193 4281545675
0.30348 -0.035223801 0.68849897 4280953556
-0.0301184 0.12933999 0.67159599 4278190334
0.152354 0.28523201 0.58792198 4278914035
0.427625 -0.00365136 0.66440803 4287335283
-0.16532201 0.056509499 0.68674099 4279440363
0.41084599 -0.064283699 0.66529101 4285558926
0.31075299 -0.106608 0.67602801 4283914151
-0.29555401 0.26266199 0.60518003 4280821974
0.19035301 -0.16623899 0.65828502 4278914035
0.417202 -0.138651 0.645612 4285624717
0.39310101 0.029235501 0.67488599 4284243106
0.025263101 -0.0124631 0.69028002 4278190334
0.029774399 0.24155299 0.62025303 4278190334
0.28596401 0.122754 0.67361599 4282006212
0.44690901 0.113502 0.64142603 4288914267
0.668464 -0.19564299 0.34895301 4294967040
0.16491801 -0.25885001 0.60877597 4278782453
-0.048690401 0.399021 0.448448 4278190334
0.17635299 -0.0747912 0.68455601 4279769318
0.073671199 0.0554475 0.68752497 4278321916
0.39636201 0.0100222 0.674281 4286085254
-0.277316 -0.0772283 0.68423301 4280690392
0.318986 0.281194 0.58943897 4283914151
0.22320101 0.075673699 0.684165 4280887765
0.45958501 0.022603599 0.65139502 4288585312
0.399782 0.142626 0.64892203 4285361553
0.117678 0.10651 0.677885 4278519289
0.35153401 -0.31318101 0.55466598 4284374688
0.167576 0.0265231 0.68960798 4280032482
0.190468 0.33638099 0.53920197 4279835109
0.042004202 -0.060328301 0.68630999 4278453498
0.37587801 -0.129917 0.66022801 4283322032
-0.28367901 0.036031902 0.68940502 4281085138
0.267894 0.120876 0.67439097 4281282511
0.048228402 0.064486504 0.68550801 4278190334
0.52779901 0.169479 0.57435298 4292006444
0.14112701 -0.0489733 0.68793601 4278716662
0.31916299 0.362858 0.50369501 4281545675
0.115111 0.15188099 0.66456997 4278650871
0.43340501 -0.120598 0.64492702 4286216836
0.540609 -0.119972 0.58532298 4291874862
0.28784701 -0.103833 0.67830598 4280887765
0.31041801 -0.0301494 0.68842101 4282729913
0.44508201 -0.073113598 0.65187901 4288980058
0.28900799 -0.412622 0.419799 4282203585
0.55093098 -0.080497697 0.58832002 4293190682
0.25921401 -0.206553 0.64077598 4282203585
0.24705601 0.078988299 0.68365502 4279900900
0.53660703 -0.026424 0.60696298 4293519637
0.34481001 0.10452 0.67286402 4285098389
0.000579049 -0.0449882 0.68820697 4278190334
0.37871301 0.34085199 0.51592398 4286414209
0.25795901 0.24690001 0.61726999 4281019347
0.53263098 0.174426 0.567635 4293322264
0.056943402 0.091619 0.68077499 4278321916
0.270028 -0.35758999 0.51331198 4281874630
0.43660101 0.097963803 0.64941299 4285822090
0.30879301 0.42012399 0.40004501 4282598331
-0.29493001 0.10346 0.677755 4280756183
0.016506299 0.086940303 0.68187702 4278256125
0.294981 0.24995901 0.61474502 4283190450
0.37009999 -0.0266582 0.68033201 4284901016
0.30340201 -0.15776999 0.661412 4282269376
-0.111634 -0.0133597 0.690485 4278453498
-0.0476368 -0.084479898 0.68236399 4278190334
0.28979999 0.16012301 0.66074097 4280887765
0.23119 0.15128399 0.66377902 4280953556
0.016109901 0.154817 0.66309297 4278190334
0.30957901 -0.034409001 0.68786699 4282203585
-0.0112922 -0.081539303 0.68352002 4278190334
0.25118899 0.205163 0.64077199 4281545675
0.29650101 -0.141591 0.66736001 4281348302
0.54700202 0.238552 0.510333 4293651219
-0.34565699 -0.073908798 0.67908001 4283650987
-0.257393 -0.349062 0.52396703 4280493019
-0.28335199 0.073576503 0.684322 4282203585
0.44559199 0.073755004 0.65103298 4288190566
0.30761999 -0.42138201 0.394656 4281414093
0.122708 -0.36600301 0.50316203 4278979826
0.058488201 0.193159 0.64656103 4278453498
0.48708701 -0.066077203 0.633147 4290493251
0.34429601 -0.030717701 0.68490201 4283387823
-0.024614699 0.19420099 0.64594197 4278190334
0.40619701 -0.141847 0.64804399 4286545791
-0.14786699 0.091426097 0.68112803 4278848244
0.36430201 0.159603 0.65192997 4283848360
0.26203299 0.10161 0.67842001 4281874630
0.39265299 0.329216 0.52411699 4286151045
0.311005 -0.191265 0.64686197 4282664122
0.50181198 0.021586999 0.62978703 4290822206
-0.286118 0.28587899 0.58767903 4281282511
0.352653 0.33751601 0.528934 4283190450
0.37788701 -0.27618399 0.58075601 4285558926
0.144547 0.156011 0.663001 4278979826
-0.24523599 0.037178099 0.68921202 4281545675
0.41643 0.158721 0.63828301 4285164180
-0.26243699 0.232501 0.62529898 4280624601
0.240624 -0.116585 0.67519403 4280164064
0.21696401 0.0563986 0.68720597 4280427228
0.32900101 -0.345357 0.52397698 4284506270
0.44472799 -0.020202201 0.65755397 4287203701
-0.310601 -0.216774 0.63300103 4282006212
0.14287101 -0.27827099 0.59409702 4279242990
-0.34573099 0.139008 0.66288501 4283848360
0.37818301 0.31246901 0.54803503 4283716778
0.23202901 0.25398001 0.61173302 4280229855
0.31225699 0.102458 0.67715001 4282729913
0.50266403 0.135415 0.60641903 4292006444
0.46185201 0.36806801 0.421772 4287664238
0.64364398 -0.164857 0.44429001 4294967040
-0.213006 0.319801 0.55739599 4280953556
0.046626799 0.0089873699 0.69088 4278321916
0.40515199 -0.27465799 0.57320702 4286677373
0.44275901 -0.0109086 0.65864801 4285953672
0.20703501 -0.079695001 0.68337399 4279242990
0.49829701 -0.32933399 0.453264 4290887997
-0.11119 0.224333 0.63088399 4278650871
0.17651699 0.024775799 0.68978798 4280032482
0.239915 0.292631 0.58250201 4281545675
0.50362498 0.33194 0.442644 4290098505
-0.27796999 0.117789 0.675116 4281019347
0.202287 -0.016034201 0.690606 4280098273
0.033709999 0.360181 0.51084799 4278190334
0.17113499 0.0013384999 0.69023299 4279506154
-0.35630599 0.092258498 0.67335701 4282795704
-0.0740266 0.189355 0.64859301 4278321916
0.0028618299 -0.157557 0.66164702 4278190334
0.38049099 -0.136117 0.65636402 4285164180
0.073255204 0.024515299 0.68955803 4278453498
0.14090601 -0.050405301 0.68733001 4279571945
0.201252 -0.040074602 0.68849301 4280558810
0.144041 -0.231619 0.62666601 4279374572
0.066655099 -0.077753298 0.68365699 4278190334
0.384368 0.121347 0.65994197 4286216836
-0.30590701 0.25183201 0.612647 4281216720
0.40718901 -0.19613101 0.624062 4286414209
-0.28959501 -0.116718 0.67492098 4281216720
0.17789599 0.177664 0.65387499 4279045617
0.42796701 -0.31544 0.52359402 4286808955
0.23816299 -0.146403 0.66595 4279966691
0.23776899 0.14762001 0.66578901 4280756183
0.68793899 0.072208501 0.41006699 4294967040
0.585195 -0.243315 0.46211299 4294967040
-0.077681802 -0.13191199 0.67034203 4278519289
0.38020301 -0.137476 0.65702099 4286545791
0.52101398 -0.074132197 0.611799 4290624833
0.074124902 0.1146 0.67579198 4278321916
0.413605 0.144334 0.64431298 4286874746
0.373375 -0.00192711 0.67974001 4284440479
0.41603601 0.16771901 0.63390499 4288519521
-0.082886897 -0.31796101 0.559156 4278256125
0.107995 -0.119824 0.67377001 4278519289
0.52889401 -0.130703 0.58982903 4290690624
-0.14912 0.0083894404 0.69004899 4278914035
0.31347701 0.175579 0.65368003 4283585196
0.044363901 0.084843397 0.68248302 4278190334
-0.25121301 0.25267199 0.613424 4280953556
-0.124382 -0.22411799 0.63016403 4279308781
0.31313699 -0.020140599 0.68893898 4283124659
0.038777798 -0.178978 0.65367502 4278256125
0.123567 0.110663 0.67706198 4279045617
0.2217 -0.18475001 0.65052801 4279440363
0.131433 0.31690601 0.559425 4278519289
-0.058503501 -0.15739 0.66178697 4278190334
-0.36756101 0.151664 0.65444899 4283782569
0.479146 -0.175099 0.60287797 4287927402
0.592305 -0.25974801 0.430067 4294967040
-0.19562 -0.246924 0.616624 4279242990
-0.305177 0.203335 0.640535 4282137794
0.24970099 0.194307 0.64643103 4280295646
0.40755901 -0.163224 0.63897002 4286282627
0.64829099 0.185212 0.41631201 4294967040
0.46506399 -0.25833699 0.55827302 4287466865
0.50945902 -0.088291198 0.61574697 4291611698
0.0085931197 0.162451 0.65988898 4278321916
0.42896801 0.27373001 0.563685 4287598447
0.082669698 -0.245785 0.61779702 4278519289
0.082943499 -0.0730009 0.68497801 4278190334
0.0190774 0.119825 0.67438602 4278190334
0.0144966 -0.108661 0.676678 4278256125
0.224186 0.36280799 0.50622201 4281282511
0.220117 0.39982501 0.447804 4280624601
0.0234692 0.35944101 0.51099598 4278321916
0.089997903 -0.148228 0.66583699 4278256125
-0.15164 0.038142402 0.688739 4278914035
0.079438403 0.14556099 0.66634297 4278387707
-0.0537422 -0.0987904 0.67978901 4278585080
-0.00067351799 -0.078811698 0.68373299 4278190334
0.67713702 0.024523599 0.446821 4294967040
0.00307652 -0.15899999 0.66122001 4278190334
0.50493801 -0.0136959 0.62805998 4293190682
0.078564398 0.313824 0.562886 4278321916
0.3337 0.135208 0.666228 4284177315
0.0117553 0.0169474 0.69050699 4278256125
0.42884201 -0.0119572 0.66423798 4287137910
-0.29298499 0.00281197 0.69070899 4281216720
0.358435 -0.041501999 0.68124002 4284835225
0.16159999 0.120833 0.67375201 4278848244
0.158085 -0.071584702 0.68505299 4278979826
0.50339502 -0.086753801 0.62040001 4293059100
0.400886 0.20571899 0.62132901 4284308897
0.0058463998 -0.024668301 0.68965697 4278190334
0.349971 -0.40647501 0.418796 4285164180
-0.224968 -0.0087372102 0.69022501 4279637736
0.28408399 -0.126442 0.67267501 4282532540
0.123027 -0.255577 0.61053503 4278585080
0.43922299 0.0056436802 0.66008103 4286019463
0.46930799 -0.056492299 0.64376998 4287203701
0.60543698 0.192302 0.48053399 4294967040
-0.307937 0.063756697 0.68476897 4281677257
-0.43443 0.0259804 0.66118598 4287730029
0.241365 0.39154699 0.461925 4280624601
0.0128843 0.24533001 0.61747402 4278190334
0.49692199 -0.054847099 0.62951899 4292466981
0.32424101 0.282967 0.58715498 4282203585
0.094680101 -0.219787 0.63325697 4278387707
0.337717 -0.36193401 0.50078398 4281940421
-0.38844499 -0.0070444699 0.67610198 4283979942
-0.0412152 0.067042097 0.685431 4278453498
0.61693299 0.064617299 0.52938098 4294967040
-0.021484399 0.17691 0.65438098 4278190334
0.132897 -0.19852699 0.64384502 4279308781
0.034267198 -0.0134224 0.69073498 4278190334
0.431389 -0.059783898 0.65923399 4288782685
0.142515 0.19837999 0.644081 4278848244
0.50638902 -0.108192 0.61316401 4289966923
0.325692 -0.2139 0.63325799 4284440479
0.21943501 0.20033599 0.64320499 4279440363
0.54348302 -0.039230101 0.60127699 4292335399
0.46467099 0.191154 0.60236502 4288585312
0.21076401 -0.184765 0.65055799 4279177199
0.0239574 0.163931 0.65935999 4278256125
-0.039104499 0.38629499 0.47137001 4278190334
0.47545999 0.29007101 0.52267498 4289966923
0.0359102 -0.057061099 0.68708497 4278256125
-0.126633 -0.0404214 0.68861198 4278650871
0.19082201 0.094810002 0.680749 4279242990
0.093143597 -0.127148 0.672521 4278782453
0.443075 -0.071186803 0.65328801 4287598447
0.212111 0.217841 0.63375002 4280427228
0.524351 0.077063598 0.60891402 4294703875
0.50775099 0.0053233099 0.62678498 4289901132
0.26179501 0.133656 0.67008799 4280229855
-0.30300799 -0.0068011298 0.690211 4282335167
0.21072499 -0.18158901 0.65258402 4280887765
-0.38978401 0.280864 0.57328999 4285295762
-0.34240901 -0.079851098 0.67872202 4283782569
0.28490299 0.30734801 0.56972802 4281019347
0.062236201 0.291931 0.58320498 4278190334
0.42783999 0.34327 0.490358 4287664238
0.29727399 0.19012199 0.64821303 4282729913
0.371167 0.27632001 0.58272099 4286151045
-0.0126541 0.180034 0.65287399 4278256125
-0.23545399 -0.100024 0.67879599 4279900900
-0.080269299 0.171822 0.656241 4278585080
0.082007602 -0.142692 0.66694099 4278585080
0.082156502 -0.179949 0.65262198 4278716662
0.33603501 -0.044330701 0.68492299 4283650987
0.12663101 -0.0462908 0.68861401 4278650871
0.31669399 -0.20746601 0.63807702 4282400958
0.58979899 -0.111532 0.54552001 4294967040
0.210751 -0.0145422 0.68998802 4279440363
-0.036065198 0.14715099 0.66568601 4278190334
-0.44536299 -0.079639599 0.64986801 4289637968
-0.119417 0.310002 0.56636298 4278519289
0.296767 -0.115671 0.67465901 4282598331
0.280543 0.24788199 0.61631399 4281808839
-0.227586 0.34054801 0.53521597 4279835109
0.083415002 -0.031398501 0.68956703 4278585080
0.388964 0.108223 0.66333199 4285229971
0.30142999 -0.033890702 0.68871802 4282072003
0.223957 0.103164 0.67856097 4279637736
0.204541 -0.126087 0.672571 4280624601
0.30164999 -0.13133 0.67002702 4282203585
0.37586999 -0.167184 0.64708602 4284703643
0.065720797 0.134369 0.669828 4278190334
0.121051 0.0309474 0.689592 4278453498
0.0281463 0.00239813 0.69054598 4278190334
0.368958 0.200515 0.632644 4284637852
0.46912599 -0.0759212 0.640311 4291151161
0.51453298 -0.0216644 0.622118 4293782801
0.081218697 -0.226441 0.62913197 4278650871
-0.168081 -0.213539 0.63679898 4278979826
0.32385501 -0.18443801 0.64885199 4283322032
0.41697901 0.0270709 0.66712803 4285887881
0.27421701 -0.17509601 0.65555698 4280558810
0.313914 0.034055401 0.68749899 4282993077
0.36052901 -0.273837 0.58819401 4283256241
0.30109999 0.079626001 0.68243402 4280821974
0.189827 -0.201892 0.64320803 4279571945
0.0155529 0.13527299 0.66947001 4278190334
-0.32773599 -0.030199399 0.68690801 4283124659
-0.14115401 0.30317101 0.57336903 4278585080
-0.33002901 -0.12911101 0.66817302 4284111524
0.43604001 0.0165601 0.66099 4286611582
-0.35376301 0.14873201 0.65826303 4283848360
0.0579927 0.098171197 0.67937201 4278321916
0.389633 -0.099987902 0.66430598 4287137910
0.22483499 0.139952 0.66860503 4279571945
0.270576 -0.31311601 0.56368703 4280690392
0.164754 -0.144558 0.66621703 4280032482
-0.033563301 0.0238542 0.68970501 4278190334
0.152381 -0.0122665 0.69041699 4278979826
-0.21537399 -0.186004 0.65003699 4279440363
0.231539 0.197142 0.64529997 4279571945
0.147737 -0.38742799 0.470366 4279045617
-0.063480303 0.00686129 0.69070703 4278256125
-0.046525098 -0.0610612 0.68675399 4278256125
0.117123 0.323782 0.552755 4278716662
0.471035 0.189575 0.60009801 4291348534
0.597363 -0.050253801 0.55309701 4294967040
0.097555198 0.092516303 0.68063301 4278387707
0.378346 -0.212153 0.62461603 4284637852
0.488848 0.060706701 0.63357699 4289572177
0.56921899 0.234917 0.49067599 4294967040
0.42736399 0.330336 0.50689298 4286940537
0.0053482298 0.22050799 0.63273698 4278190334
-0.394685 0.15300301 0.64674997 4287401074
-0.31264201 -0.190393 0.64656401 4282466749
0.046206199 -0.103016 0.67856002 4278190334
-0.13842399 0.020137601 0.68996501 4278979826
0.36450699 0.053589299 0.67838001 4285756299
0.18731999 0.37814599 0.48410901 4279242990
-0.031982102 0.080347799 0.68305498 4278190334
0.38754001 0.229294 0.61137599 4284637852
0.0089464001 -0.177439 0.65421802 4278190334
0.538122 0.158163 0.57216102 4291545907
0.34232801 -0.33214599 0.53671598 4282795704
0.164606 0.345272 0.52845001 4279111408
0.324812 0.34295699 0.52745098 4282729913
0.40022501 0.368054 0.46925899 4287269492
-0.21049801 -0.0687242 0.68524498 4280032482
-0.22702099 -0.202889 0.64252299 4279506154
0.080628097 -0.186757 0.65037 4278321916
0.242092 0.28304499 0.59062397 4281019347
0.593723 0.101777 0.54425102 4294967040
0.57340902 -0.14758199 0.54518998 4294967040
-0.064968102 -0.33679 0.53891802 4278190334
0.108805 -0.173281 0.65578997 4278848244
0.0395789 -0.10043 0.67883903 4278256125
0.196996 -0.196812 0.64488202 4279966691
0.48781601 -0.117861 0.62037402 4291874862
0.54715198 -0.139282 0.57321697 4292730145
0.119542 0.00108985 0.69073898 4278453498
0.63777697 -0.095111303 0.49241501 4294967040
0.103188 0.039166301 0.68846399 4278519289
0.40536901 0.168319 0.63813502 4284769434
0.056373298 0.349374 0.52349401 4278190334
0.104026 -0.132589 0.67011303 4278650871
0.51573402 0.112765 0.60547501 4294177547
0.18619999 -0.29489201 0.57984602 4279637736
0.27790901 -0.147045 0.66611999 4281348302
0.33641699 -0.224188 0.62614 4281874630
-0.091221601 -0.270311 0.59994 4278453498
0.35758099 -0.178894 0.64609402 4285361553
-0.222147 0.15398 0.66315001 4280032482
-0.0219985 0.074634798 0.68380398 4278190334
0.38980201 0.248696 0.59808499 4284966807
0.177972 0.15773199 0.662435 4280229855
0.24039499 0.071274899 0.684753 4281282511
0.54537898 0.0364413 0.60052001 4294177547
0.266754 -0.118728 0.67425197 4281611466
0.341335 -0.194075 0.64126498 4283453614
0.043093499 0.124251 0.67350298 4278190334
0.086116299 0.056946799 0.68665302 4278190334
0.297593 0.14079 0.66793102 4281216720
0.00047795899 0.157398 0.66182601 4278190334
0.088505998 0.041002002 0.68882 4278387707
0.54214501 -0.32675701 0.39989099 4292730145
0.36180899 -0.173489 0.64721698 4283124659
0.28949901 -0.0228622 0.68972999 4281414093
-0.42233899 -0.125522 0.64770699 4287466865
0.463274 -0.16980299 0.61409402 4288585312
0.144825 0.165417 0.65902001 4279506154
0.13589101 -0.20172299 0.64235502 4278782453
0.026765101 0.107217 0.67755997 4278321916
-0.02534 0.31938201 0.55804998 4278190334
0.30268601 -0.29235101 0.58132303 4281743048
0.31658399 -0.076750502 0.68180901 4282993077
0.59791499 -0.055382598 0.55099201 4294967040
0.44195199 0.123113 0.64100301 4286480000
0.49428099 -0.268592 0.52942097 4291545907
0.073507197 -0.016269799 0.690552 4278585080
0.089791998 0.108976 0.67691499 4278782453
0.46987399 0.046323501 0.64423901 4288322148
0.389552 0.0327999 0.67505401 4285558926
0.125221 -0.33889499 0.53643203 4278716662
-0.27883399 -0.106525 0.67804599 4280887765
0.030836999 -0.0450016 0.68831098 4278190334
0.453989 0.0266192 0.65398198 4287598447
0.43613899 -0.037339501 0.66018999 4288387939
-0.119709 0.19781899 0.64511597 4278716662
0.016708801 -0.33722001 0.53798598 4278190334
0.24421901 -0.115933 0.67561698 4279900900
0.29631001 -0.125668 0.67263597 4282400958
0.41986999 -0.30287999 0.54166597 4286348418
0.33130801 0.29170099 0.57864797 4283453614
0.33500901 0.151392 0.66008502 4284506270
0.180765 -0.119969 0.674173 4279966691
0.16971999 0.0438122 0.68797201 4279900900
0.404396 -0.0031228201 0.67237002 4287137910
0.431153 -0.093820103 0.65295798 4286940537
0.0276534 0.296893 0.57904398 4278321916
-0.0079832301 0.222358 0.63122302 4278190334
-0.36335501 -0.0888322 0.67331398 4284769434
0.33739901 0.180685 0.64836901 4283322032
0.28883299 0.344668 0.53028297 4282137794
-0.28528199 -0.13118801 0.67123997 4281019347
0.015167 -0.279221 0.59311402 4278190334
-0.0081594102 0.082871497 0.68329102 4278190334
0.223657 0.0052351099 0.690323 4280229855
0.249799 0.101753 0.67930698 4280229855
0.156747 -0.048858602 0.688326 4278650871
0.291612 -0.24902201 0.61478698 4281479884
0.226154 -0.33022699 0.546179 4279637736
0.045706902 -0.0044382 0.69062501 4278190334
-0.315878 0.0767584 0.68254 4283387823
0.28931499 -0.164638 0.65943497 4282072003
-0.0063805701 -0.22600099 0.63011402 4278190334
0.086491801 -0.0139131 0.69057298 4278321916
0.0424468 -0.166311 0.65817499 4278321916
0.210253 0.0296108 0.68950999 4279769318
0.50788701 -0.076531999 0.61926001 4290690624
0.611799 0.0113583 0.54121798 4294967040
0.624439 0.0144906 0.52624899 4294967040
0.101147 -0.248206 0.616216 4278453498
0.072861701 -0.108857 0.67759699 4278387707
0.175853 0.090443499 0.680897 4279703527
0.144333 0.244964 0.61769301 4279703527
0.31380701 0.105192 0.67674601 4283387823
0.18458401 -0.41944599 0.40223399 4279966691
0.39600801 -0.141147 0.65091699 4286151045
0.461294 0.076041102 0.64373899 4290822206
-0.148663 0.038380701 0.68900502 4278782453
0.370399 -0.0045784102 0.68033803 4284637852
0.46612301 0.082069397 0.64124799 4289309013
0.34404999 0.0086289002 0.68588299 4285164180
-0.0541551 0.15358201 0.66368198 4278190334
0.32897699 -0.28535399 0.585105 4282400958
-0.39197001 0.171765 0.63988203 4284440479
0.18335301 -0.0594838 0.68666101 4280295646
0.25603899 0.099629603 0.679546 4281545675
0.00348719 0.119582 0.67461002 4278190334
0.21742199 0.153815 0.663899 4279900900
0.15670399 -0.14974099 0.66465998 4279506154
0.139636 -0.00978263 0.69005197 4279045617
0.54108298 -0.128778 0.58129698 4292795936
0.18505201 0.076157302 0.68382001 4279966691
0.30289799 0.227162 0.62800503 4281940421
0.489811 0.076025799 0.63024497 4289243222
0.17802501 0.147274 0.66583198 4278914035
0.60274202 -0.0754022 0.54246998 4294967040
0.43465799 -0.0701323 0.65665603 4287532656
-0.27002299 0.36901301 0.49843901 4280164064
0.173087 -0.32245001 0.554326 4279111408
-0.42527199 0.21346299 0.60756302 4285361553
-0.033892799 -0.064555697 0.68593502 4278256125
0.39285901 -0.15797099 0.64610898 4284506270
-0.38576901 0.0237546 0.67634797 4285887881
0.117673 0.134251 0.67026502 4278716662
0.102571 0.188692 0.64864099 4278848244
-0.19325501 0.0504006 0.68815398 4279440363
-0.32282799 0.21797 0.63174099 4282664122
0.30614001 -0.0084551899 0.68930203 4282269376
-0.052523199 0.209929 0.63873798 4278256125
0.57549298 0.20198201 0.510993 4294045965
-0.231866 -0.22304 0.63109201 4279637736
0.32477599 -0.176605 0.65219802 4283519405
0.045982499 -0.28283799 0.59064901 4278190334
0.167542 -0.41814101 0.40585101 4280164064
0.49564299 -0.24496999 0.54862303 4292598563
-0.098089598 -0.31027001 0.566903 4278387707
0.186318 0.16838001 0.65749699 4280427228
0.247733 0.090991303 0.681539 4281808839
0.023726 0.093605302 0.68036401 4278321916
0.52250803 0.28895399 0.483132 4291151161
-0.124618 0.197437 0.64524198 4278979826
0.44479501 0.19741599 0.60924298 4287795820
0.56777102 0.27755201 0.44383699 4294901248
0.47884399 0.028127 0.64215702 4289374804
0.30572701 -0.195895 0.64514101 4283058868
-0.181538 0.19317301 0.64731199 4280361437
0.60029602 0.224023 0.46091899 4294967040
0.107471 -0.28965601 0.58500999 4278979826
0.62800801 0.116595 0.49797899 4294967040
0.44160599 -0.114008 0.64323199 4287598447
0.513179 0.28516701 0.49629 4291216952
0.37432399 -0.156197 0.651555 4285098389
-0.17738999 -0.13674501 0.66919202 4278979826
-0.14505801 -0.0384297 0.68851799 4279045617
0.046566099 -0.21079101 0.63837802 4278321916
-0.0291126 -0.0380782 0.68933398 4278190334
-0.0242607 -0.0056751301 0.69069302 4278190334
-0.317853 0.063281097 0.68439502 4281414093
-0.091565602 0.0822464 0.68282503 4278387707
0.46816799 -0.0288065 0.64715999 4289506386
0.34966499 0.0117478 0.68419302 4284045733
0.088468403 -0.094296902 0.68084103 4278848244
-0.20660099 -0.217904 0.63435298 4279637736
-0.28235999 0.156565 0.66196698 4280624601
0.348712 0.098582998 0.67334402 4282664122
0.084147602 0.0319658 0.68969101 4278256125
0.30808601 0.202989 0.64045799 4282598331
0.42458701 0.101399 0.65381998 4287006328
0.079540297 0.0309048 0.68907398 4278190334
0.328051 -0.38786501 0.46265101 4281874630
0.240114 0.078552499 0.68373698 4279769318
0.65129799 0.119274 0.46124899 4294967040
0.16738699 -0.20352501 0.64219701 4279177199
0.41504601 0.0273064 0.66762698 4287401074
-0.375994 -0.077521302 0.67306602 4285427344
0.48377401 -0.0019613099 0.640001 4290624833
0.65586603 0.058479398 0.47736999 4294967040
0.29719499 -0.245317 0.617266 4280887765
0.37777701 -0.173969 0.64310199 4284506270
0.29833201 0.064825296 0.685211 4281677257
0.309652 0.222343 0.63002902 4282269376
0.0797479 0.060920101 0.68594301 4278453498
0.15452 0.096841499 0.68005103 4279045617
0.117425 -0.237571 0.62221497 4279242990
0.471515 0.130383 0.62501103 4288716894
0.26619801 0.088235296 0.68178898 4282400958
0.389065 0.071153902 0.670623 4284308897
-0.0507585 -0.136447 0.66926998 4278256125
0.213943 -0.0667983 0.685718 4279308781
-0.054035399 0.057330199 0.68648398 4278256125
0.099504001 -0.0073559401 0.69072002 4278716662
0.223987 0.13873 0.66831601 4280098273
-0.098795697 0.024729701 0.68965298 4278321916
0.088573098 0.083051004 0.68247902 4278256125
0.046776101 -0.25888699 0.609101 4278453498
0.26642099 0.215674 0.635629 4280690392
0.235367 -0.073725998 0.68425101 4280558810
0.0105354 0.015925599 0.69004101 4278190334
-0.0105494 0.072158597 0.68500203 4278190334
0.39436901 -0.156648 0.64535201 4283914151
0.36169001 0.335805 0.52858901 4284703643
-0.048704799 0.108653 0.67739701 4278190334
0.38418499 0.25859001 0.59290898 4286216836
-0.22352999 0.34385899 0.53103399 4279966691
-0.28566501 -0.319258 0.55821103 4282598331
0.0200471 0.054775201 0.68710899 4278321916
-0.39775401 -0.273819 0.57666898 4284703643
0.49727699 0.057644699 0.62852901 4290887997
0.067749299 0.166486 0.65882498 4278190334
0.42865199 -0.230248 0.596111 4287137910
-0.043864001 0.26594099 0.60330898 4278321916
0.220264 -0.29599801 0.57911801 4280361437
0.44065601 0.0564918 0.65601498 4286874746
0.37312901 0.255106 0.59833401 4285756299
0.122929 0.099991001 0.67953998 4278519289
0.038950201 -0.25180799 0.61325198 4278256125
-0.139636 0.159171 0.661138 4278782453
0.17286099 -0.00155543 0.69030899 4279177199
0.230286 0.226924 0.62941098 4280756183
0.31022501 -0.136621 0.66845798 4281348302
0.31892601 0.096210703 0.678523 4282598331
0.401853 -0.234578 0.60325098 4284703643
0.091996998 -0.0668782 0.68519598 4278453498
0.34108499 0.024310499 0.68580401 4283914151
0.225428 0.082956299 0.68252802 4279374572
0.149738 0.067035899 0.68501103 4279374572
-0.158972 -0.015237 0.69015598 4278914035
0.30839401 0.15370899 0.66193998 4281874630
0.207011 0.275794 0.59569597 4280493019
0.19811 -0.099495403 0.67943299 4279703527
-0.0054935901 -0.139129 0.66871703 4278190334
0.072585203 -0.109738 0.67725301 4278650871
0.33734301 0.015729301 0.68600303 4281874630
0.33202401 -0.34625801 0.52267897 4283322032
-0.212052 0.17989101 0.65337598 4279900900
-0.057950601 0.171867 0.65608501 4278190334
-0.036713898 -0.26703501 0.60242802 4278190334
0.185662 0.30904901 0.56779599 4279177199
0.016322499 0.100405 0.679196 4278190334
0.44549599 -0.311373 0.51906502 4288848476
0.49988899 -0.34775299 0.420737 4290164296
0.141921 -0.159246 0.66087002 4278650871
0.47040299 -0.241457 0.56808901 4287598447
0.329988 -0.184083 0.64738601 4284440479
0.25373799 -0.388836 0.467199 4282006212
0.194244 0.199727 0.64347798 4279308781
0.34406599 -0.00145796 0.68519503 4284111524
0.48884401 0.25450999 0.545775 4289440595
0.65285099 0.106291 0.464955 4294967040
0.29411599 -0.099954203 0.67868602 4281216720
0.18505099 0.34234601 0.53277999 4280427228
0.28702599 -0.116293 0.67461902 4282861495
0.232206 -0.138704 0.66859001 4279835109
0.320315 0.15241 0.66207701 4283124659
-0.42788401 0.022097999 0.66415697 4288980058
-0.467273 0.0085015101 0.648157 4287335283
0.55794603 0.17550801 0.54541802 4293717010
0.183764 0.279089 0.593023 4279835109
0.15456 0.196942 0.644633 4278979826
0.51650101 -0.32407701 0.44095799 4293256473
-0.19439299 -0.14105 0.66732001 4279571945
0.0216146 -0.286158 0.58840799 4278190334
0.36495301 -0.198404 0.63473201 4283124659
0.0055233301 -0.034178201 0.68917501 4278190334
0.0275115 0.0067857802 0.690373 4278190334
0.524019 -0.022795601 0.61647701 4291480116
0.0239849 -0.0498918 0.688151 4278256125
-0.225868 -0.36189601 0.50830901 4280229855
0.59499103 -0.20828 0.48212299 4294967040
0.36309001 0.30384699 0.56151199 4284308897
-0.28732699 -0.084164299 0.68248498 4282072003
-0.081843503 0.24149901 0.62058997 4278387707
0.116415 0.12946101 0.67176801 4278848244
0.56274801 -0.101881 0.57312 4294440711
0.58831698 0.050873499 0.56201899 4294835457
-0.27982301 0.149626 0.664621 4281808839
0.40323201 -0.141757 0.648642 4285756299
0.15740199 -0.0226664 0.68975598 4279506154
0.082653202 -0.044324402 0.68842101 4278256125
0.39352 -0.075299397 0.66895401 4286414209
0.0132416 0.16343801 0.65955198 4278190334
0.37972501 0.068466999 0.67363501 4284506270
-0.33262599 -0.118826 0.671215 4282664122
0.30118701 0.0127901 0.689381 4282072003
0.241228 0.180428 0.65242398 4281414093
0.36827701 -0.073053703 0.67497402 4283124659
0.52988702 -0.149636 0.582277 4292006444
0.29236099 0.308166 0.56830198 4282006212
0.0249929 -0.22646999 0.62900698 4278190334
0.119966 0.30329701 0.57335299 4279111408
0.57103401 0.21964701 0.50179303 4294967040
-0.053275101 -0.054416999 0.68734699 4278256125
-0.270825 0.157416 0.66253698 4280821974
0.51638299 -0.32174101 0.44597599 4292401190
-0.385272 0.153841 0.64949501 4285229971
-0.490284 -0.16549 0.60147101 4288387939
0.28477001 0.049303301 0.68743098 4282795704
0.443454 -0.125524 0.63964802 4286874746
-0.0138502 -0.0699002 0.68508703 4278190334
0.63252598 0.070334204 0.508551 4294967040
-0.177462 0.25888401 0.60898203 4278979826
0.14767499 0.0082277898 0.68999398 4278848244
0.0364822 -0.111697 0.67676502 4278190334
0.16800401 0.146791 0.66614699 4279440363
0.62704098 -0.12868901 0.49261701 4294967040
0.36697599 0.152492 0.65412802 4285098389
0.238103 -0.15370999 0.66337401 4279703527
0.37108201 -0.0021837 0.68060601 4285427344
0.43940601 -0.0259702 0.65990603 4287269492
-0.45449999 0.115162 0.63824701 4286677373
-0.19078401 -0.26970401 0.60010701 4279045617
0.34070101 -0.30545801 0.56536102 4284243106
0.031430598 -0.149001 0.66462702 4278190334
-0.061039399 0.284812 0.58868003 4278190334
0.113835 0.0284948 0.68930203 4279045617
0.124909 0.31650501 0.55974603 4279374572
0.043164801 -0.061959699 0.68627697 4278256125
0.363704 0.074714199 0.67615199 4283256241
0.133132 -0.189795 0.64836502 4278848244
0.34096199 0.0768371 0.67958897 4284835225
0.194904 0.0147504 0.69022101 4278979826
-0.399382 -0.0214664 0.67311001 4284901016
-0.216818 0.347233 0.52713197 4280887765
-0.098633297 -0.0046087601 0.69080102 4278782453
0.48826799 -0.12528799 0.61776102 4289835341
0.107018 0.056417201 0.68707001 4278453498
0.050985198 0.207875 0.63914198 4278585080
0.33102101 0.26838401 0.59789401 4282532540
0.026474699 0.39202899 0.46182001 4278190334
0.248142 -0.242349 0.61994499 4281414093
0.069958501 0.054037102 0.68731302 4278519289
0.303078 0.17601 0.65351498 4282532540
0.32923999 -0.219142 0.63069397 4282861495
0.164432 -0.349242 0.523633 4278914035
0.40728199 0.047464099 0.66837698 4287137910
0.092522196 0.11592 0.67501098 4278979826
0.394517 0.139276 0.65253103 4284835225
0.29995 -0.15257099 0.66323298 4281150929
0.55195397 -0.0711051 0.58965498 4294967040
0.0051134699 0.086783402 0.68203503 4278190334
0.43955901 -0.077555798 0.65274501 4287927402
0.44423601 -0.205742 0.60412502 4288782685
0.45844799 0.333177 0.483154 4290098505
-0.0572249 0.116683 0.67512602 4278190334
0.58138299 -0.087594301 0.56120098 4294967040
-0.118873 -0.126939 0.67178202 4278979826
0.092039302 0.074528798 0.68414199 4278585080
0.138089 0.142813 0.66698301 4278782453
-0.35212299 0.074843399 0.67827398 4284177315
0.42443901 -0.27388 0.566028 4288453730
0.27838999 0.130032 0.67122602 4282466749
0.34371701 -0.38857701 0.45674399 4283848360
0.408353 0.229509 0.60421503 4287137910
-0.0540937 0.051024199 0.68787003 4278256125
0.330661 -0.084000498 0.67948699 4282729913
0.37166801 -0.175345 0.64374602 4284506270
0.311782 -0.14959399 0.66355997 4283058868
0.0186613 0.028429899 0.689331 4278190334
0.36074701 -0.36014801 0.49716201 4285822090
-0.099483997 0.189257 0.648862 4278453498
0.060213801 -0.180308 0.65233201 4278256125
0.19630501 -0.37515 0.488897 4279769318
-0.284886 -0.15078101 0.66419399 4281085138
0.058144599 0.035709899 0.68930799 4278321916
-0.185179 0.213669 0.636886 4279111408
0.124639 0.27976701 0.59309697 4278650871
0.262449 -0.087767199 0.682347 4281743048
0.65959799 -0.079975598 0.464472 4294967040
0.043432198 0.113633 0.67554802 4278190334
0.0606107 0.231901 0.62650698 4278585080
0.39125699 -0.21898299 0.61739999 4286545791
0.19045299 -0.20932101 0.63851601 4280295646
-0.057491299 0.081872299 0.682697 4278387707
0.377653 -0.16401599 0.64699602 4284769434
-0.21109 0.081166603 0.68294501 4280821974
-0.35390699 0.0097307302 0.68364102 4283650987
-0.120864 0.043543 0.68855703 4278453498
0.28596199 0.224416 0.63039702 4280493019
0.20546199 0.202585 0.64203799 4279900900
0.35879001 -0.228587 0.61968201 4284769434
0.37961301 0.098581001 0.66757798 4283650987
0.29293001 0.0297518 0.68912601 4281150929
-0.0458101 -0.33426601 0.542189 4278190334
0.388643 0.33545399 0.51940501 4286480000
-0.39864001 0.18722899 0.63096398 4285032598
0.61444002 0.099277802 0.52174401 4294967040
0.038761899 -0.361485 0.50910902 4278387707
0.632532 -0.16049699 0.46680501 4294967040
0.048819199 0.126399 0.67267901 4278453498
-0.115879 0.022706499 0.68965101 4278453498
0.17708001 -0.023835899 0.68975198 4279045617
0.097720802 -0.28281999 0.58992797 4278782453
0.30886999 0.070049301 0.68412101 4281150929
0.51961702 -0.192715 0.56774998 4290493251
-0.070011802 -0.052549299 0.686979 4278256125
-0.138927 0.30797899 0.569157 4278979826
0.047466699 0.116753 0.67508298 4278256125
0.43188301 0.092128903 0.65274698 4287993193
0.225346 -0.194611 0.64669198 4280558810
0.442774 -0.185312 0.615969 4286677373
0.27410799 0.0139998 0.69047397 4281808839
-0.039629102 0.230285 0.62673801 4278453498
0.123666 0.102177 0.67906302 4278453498
0.58899701 0.180531 0.50998902 4294967040
0.16064 0.283472 0.59035403 4279506154
0.34684801 0.27703899 0.58785999 4284111524
-0.00499753 0.159692 0.66104901 4278190334
0.36137199 -0.109843 0.66895002 4284835225
-0.119233 -0.1618 0.660353 4278650871
0.197166 -0.26417899 0.60497397 4280164064
0.50811303 0.14693099 0.59771901 4292993309
-0.13574301 0.098587699 0.67961001 4278453498
0.32694799 0.051310498 0.68442398 4281677257
-0.464645 -0.0762695 0.64303702 4286940537
0.57094902 0.0509138 0.57857102 4294638084
-0.21461999 -0.019348601 0.68982202 4279637736
0.39769599 0.054588899 0.67036498 4286151045
-0.056617498 -0.117742 0.674402 4278321916
0.26927501 0.115147 0.67501301 4280295646
-0.12669 -0.13539501 0.66945797 4279440363
0.28913501 0.353358 0.51871598 4281150929
-0.0035375401 -0.063125297 0.68604302 4278190334
0.22434799 -0.14208899 0.66734999 4279637736
-0.0386157 0.0424853 0.68888402 4278256125
0.055675 -0.147433 0.66581899 4278321916
-0.178321 -0.383048 0.47602999 4279045617
-0.026464799 -0.00806046 0.69004899 4278190334
0.119611 0.060731899 0.68660903 4278519289
0.25612 0.164489 0.65908402 4282072003
0.25815299 0.053094398 0.68704098 4280427228
0.0120042 -0.134027 0.67003101 4278190334
0.30318701 -0.00303398 0.68995398 4282203585
0.155333 0.067670196 0.68543297 4279637736
0.413661 -0.053933199 0.666197 4286743164
-0.216785 -0.011915 0.69025397 4279637736
0.42176101 0.114168 0.65119702 4288519521
-0.00990206 0.052956 0.68697798 4278190335
0.0056652701 -0.089665197 0.68116099 4278190334
0.67221099 -0.040965799 0.45333001 4294967040
-0.34186 0.34885499 0.516945 4282203585
0.20849 -0.17283399 0.65608102 4279440363
0.17932799 -0.22662 0.62881601 4279242990
-0.0417656 0.168468 0.65791899 4278256125
0.67038399 -0.0202941 0.46007499 4294967040
0.37441701 -0.33715999 0.52299303 4283322032
-0.273489 0.108092 0.67698503 4280493019
0.113632 -0.18553799 0.65088499 4278387707
0.13433 0.23536301 0.623604 4279177199
-0.452851 0.172149 0.61706501 4286611582
0.069281302 -0.016779199 0.690615 4278387707
