0.254689 -0.298382 0.577708 163 163 91
0.332754 0.0358794 0.685307 0 0 255
0.421167 0.176519 0.628651 43 43 211
0.300944 -0.30224 0.572876 204 204 50
0.45846 0.344475 0.467535 124 124 130
0.0537714 -0.000145171 0.690684 0 0 255
0.372098 0.068614 0.674858 0 0 255
0.383247 -0.0527727 0.674619 0 0 255
0.000918905 0.121845 0.674073 0 0 255
0.495323 0.064943 0.628865 0 0 255
0.435588 -0.136575 0.639426 0 0 255
0.33123 -0.184231 0.64801 0 0 255
-0.0707219 0.0702987 0.685126 0 0 255
0.00208353 -0.158652 0.661592 0 0 255
-0.289532 -0.0732055 0.684195 234 234 20
0.276373 -0.129912 0.671796 0 0 255
-0.203333 0.310028 0.566064 88 88 166
-0.0407503 0.14623 0.666296 50 50 204
0.142934 0.156258 0.662514 0 0 255
-0.080481 -0.12093 0.674156 83 83 171
0.486333 0.159426 0.605293 111 111 143
0.581193 0.173267 0.524427 254 254 0
0.247388 -0.138884 0.668304 0 0 255
0.379191 -0.103071 0.666314 0 0 255
0.101268 0.10197 0.679028 0 0 255
0.0859898 -0.131138 0.670776 0 0 255
0.229549 0.224037 0.630771 0 0 255
0.473896 0.0186765 0.644658 0 0 255
0.255014 -0.397419 0.45112 134 134 120
0.0108214 -0.193678 0.646294 107 107 147
0.299352 -0.189587 0.648129 19 19 235
0.297236 0.429814 0.372948 57 57 197
-0.240776 0.272494 0.598242 213 213 41
-0.159012 -0.126493 0.672688 200 200 54
0.127039 -0.0285041 0.689958 0 0 255
-0.221686 -0.105831 0.67744 233 233 21
-0.0217912 -0.0943434 0.680223 54 54 200
-0.0144926 -0.0172311 0.689739 0 0 255
0.0621316 -0.12154 0.674043 0 0 255
0.301034 0.111497 0.675816 0 0 255
0.135916 -0.278756 0.593969 244 244 10
0.506654 0.186531 0.579314 158 158 96
-0.061204 0.0855784 0.68254 72 72 182
0.497127 0.066034 0.627549 144 144 110
0.52381 -0.206419 0.556129 234 234 20
0.0399448 -0.0138814 0.690386 0 0 255
0.537601 -0.246365 0.512601 251 251 3
0.145468 -6.60048e-05 0.690885 0 0 255
-0.307652 0.059227 0.685897 245 245 9
0.282213 -0.0596525 0.686853 0 0 255
0.404063 0.0352067 0.670959 0 0 255
0.254008 0.129796 0.67127 0 0 255
-0.0202378 -0.379682 0.482525 76 76 178
0.14392 -0.0421707 0.688174 0 0 255
0.109857 -0.169215 0.657533 0 0 255
-0.0425417 -0.263978 0.605278 251 251 3
0.401517 0.0264541 0.671852 0 0 255
0.074532 -0.191027 0.647802 0 0 255
0.449828 0.00902095 0.656482 0 0 255
0.116334 0.19184 0.64734 48 48 206
-0.143177 -0.149255 0.664698 211 211 43
0.175821 0.0618211 0.686513 0 0 255
-0.00360674 -0.213816 0.636038 172 172 82
0.325447 -0.0553649 0.684748 0 0 255
0.394723 -0.322061 0.532853 250 250 4
0.302035 0.0756619 0.682998 0 0 255
0.347733 0.276554 0.58877 206 206 48
0.576785 0.0127679 0.577029 173 173 81
0.412813 0.303571 0.543984 252 252 2
0.141895 -0.0670824 0.685127 0 0 255
0.493002 0.100744 0.622632 69 69 185
0.386352 0.14919 0.650692 0 0 255
-0.343366 -0.158166 0.656314 99 99 155
0.372461 -0.116281 0.665257 0 0 255
-0.120188 0.0452366 0.688134 155 155 99
0.695372 -0.0183237 0.406843 133 133 121
0.138461 -0.0322123 0.689724 0 0 255
-0.213179 -0.0370111 0.688609 226 226 28
0.0928447 -0.133361 0.669953 0 0 255
0.335667 -0.091907 0.677229 0 0 255
0.260291 -0.101811 0.678667 0 0 255
0.545085 0.0280131 0.601876 127 127 127
-0.399023 0.229787 0.607915 9 9 245
-0.0632164 -0.0113503 0.690776 0 0 255
0.0553033 0.0773519 0.68363 0 0 255
-0.121183 0.0789769 0.683455 107 107 147
-0.156384 0.0297374 0.689635 150 150 104
0.143965 -0.0170253 0.690168 0 0 255
0.400234 0.300466 0.552885 237 237 17
0.357097 -0.27146 0.590946 139 139 115
0.529828 0.233451 0.531596 246 246 8
0.0655784 -0.19714 0.644849 68 68 186
0.0668786 0.228853 0.628068 91 91 163
-0.232368 -0.233981 0.624509 249 249 5
0.304846 -0.157461 0.661166 0 0 255
0.150243 -0.404586 0.437842 112 112 142
-0.115044 0.0987412 0.679281 141 141 113
0.295486 0.105617 0.678054 0 0 255
-0.204806 0.0057528 0.690679 208 208 46
0.100693 0.394991 0.456531 201 201 53
0.66545 0.0619818 0.460754 224 224 30
0.309919 0.212626 0.635788 0 0 255
0.288683 -0.107524 0.677437 0 0 255
0.593077 -0.214587 0.478271 218 218 36
0.0669305 0.125847 0.672355 0 0 255
0.492826 0.216464 0.571594 252 252 2
0.310379 0.165151 0.657624 0 0 255
0.202766 -0.330545 0.545444 244 244 10
-0.0135967 -0.0739827 0.68391 0 0 255
0.0128012 -0.00920233 0.690379 0 0 255
-0.116435 0.312628 0.56372 240 240 14
-0.314898 -0.0675561 0.683408 247 247 7
0.524058 -0.191788 0.56393 205 205 49
0.274152 0.153605 0.66321 0 0 255
0.08861 0.100993 0.679353 0 0 255
0.212647 -0.330782 0.546319 232 232 22
0.350745 -0.17656 0.648315 0 0 255
0.0801132 0.277449 0.595124 237 237 17
0.163883 -0.0950382 0.680159 0 0 255
-0.0691571 0.201302 0.642972 174 174 80
0.444177 0.0175292 0.658048 0 0 255
-0.0139781 -0.180914 0.652515 82 82 172
0.313718 0.340228 0.532654 253 253 1
-0.430538 0.0679576 0.658546 86 86 168
0.599644 0.122293 0.530493 250 250 4
0.0401245 0.167322 0.657897 0 0 255
-0.241951 0.11537 0.675107 247 247 7
0.162803 0.256375 0.610713 157 157 97
0.309665 0.0385584 0.687685 0 0 255
-0.419869 -0.16741 0.633697 0 0 255
0.212967 0.214155 0.636718 0 0 255
0.255984 -0.314806 0.561431 254 254 0
-0.0781991 -0.0971211 0.679651 55 55 199
-0.161929 -0.103253 0.678677 187 187 67
0.206768 0.23325 0.624892 11 11 243
0.216798 -0.197049 0.645057 0 0 255
0.450526 -0.235394 0.582706 230 230 24
0.138569 0.091582 0.680691 0 0 255
0.257189 -0.0881951 0.682123 0 0 255
0.503928 0.103775 0.615808 36 36 218
0.0117874 0.0247309 0.690289 0 0 255
0.0934892 -0.17126 0.65685 30 30 224
0.392458 -0.157157 0.646611 0 0 255
0.414821 -0.266703 0.575325 197 197 57
-0.176023 -0.367998 0.500326 0 0 255
0.275796 -0.0171381 0.689736 0 0 255
0.360715 -0.0150017 0.682864 0 0 255
-0.0723341 0.316082 0.560653 173 173 81
0.0343052 0.311422 0.565877 244 244 10
0.27685 0.418432 0.406134 128 128 126
-0.338843 -0.260649 0.601742 79 79 175
-0.0648624 0.171502 0.656626 220 220 34
0.498924 0.0662446 0.626783 62 62 192
-0.0551582 -0.196935 0.645173 193 193 61
0.395541 -0.0624183 0.670639 0 0 255
-0.227469 -0.363495 0.506022 0 0 255
0.529841 0.0232804 0.612703 131 131 123
0.33166 -0.250193 0.610063 182 182 72
0.366452 0.127209 0.66319 0 0 255
0.131058 -0.0998253 0.679117 0 0 255
-0.130323 -0.336097 0.539329 209 209 45
0.322713 -0.1195 0.671495 0 0 255
-0.298127 0.280542 0.591855 101 101 153
0.0282706 -0.173777 0.655451 173 173 81
0.223244 -0.165956 0.658681 0 0 255
0.163908 0.109896 0.677385 0 0 255
0.231419 0.285553 0.588361 214 214 40
0.477224 0.294784 0.515131 251 251 3
0.0658157 0.127945 0.672426 0 0 255
-0.225049 -0.242277 0.61989 168 168 86
0.588624 0.0599332 0.560782 212 212 42
0.336674 0.112054 0.671919 0 0 255
-0.0301291 -0.00855457 0.69062 0 0 255
0.377344 -0.0182656 0.678545 0 0 255
-0.0057029 -0.208462 0.638929 168 168 86
0.133948 0.0159214 0.690188 0 0 255
0.59539 -0.0845525 0.547274 253 253 1
-0.323939 0.218124 0.630892 136 136 118
-0.0860554 -0.332451 0.543309 238 238 16
0.452274 0.254615 0.567823 224 224 30
-0.217305 -0.157063 0.662393 248 248 6
0.685001 -0.0749361 0.416278 143 143 111
0.183321 -0.0400979 0.689146 0 0 255
-0.221637 -0.140988 0.667809 246 246 8
0.0521166 0.0300879 0.689087 0 0 255
0.238577 0.223273 0.630899 0 0 255
0.428398 -0.0735036 0.657658 0 0 255
0.374365 -0.195809 0.634275 0 0 255
0.518056 -0.152812 0.588344 150 150 104
0.401878 0.151958 0.645021 0 0 255
0.495314 0.181188 0.590109 125 125 129
0.0981441 -0.302892 0.573137 249 249 5
0.372362 -0.108876 0.6667 0 0 255
0.0302212 0.0326066 0.689316 0 0 255
0.381195 0.224197 0.616527 33 33 221
0.538922 -0.103303 0.5926 145 145 109
0.423626 0.130636 0.645788 0 0 255
-0.324025 0.199485 0.64063 201 201 53
0.565147 0.00623373 0.586361 229 229 25
0.49742 0.194517 0.581157 188 188 66
-0.105865 0.276318 0.595867 219 219 35
0.0129235 -0.175285 0.655154 102 102 152
0.145026 -0.163867 0.659829 0 0 255
0.395988 -0.010798 0.674472 0 0 255
0.0517788 0.257391 0.609459 237 237 17
0.203353 -0.177491 0.654017 0 0 255
0.315215 0.0439947 0.687124 0 0 255
-0.0346194 0.0668096 0.685894 0 0 255
-0.0125142 0.305421 0.571107 254 254 0
-0.378366 0.00249982 0.679097 121 121 133
-0.0160954 0.234198 0.624659 180 180 74
0.374686 -0.117752 0.663688 0 0 255
0.0982727 0.100216 0.679394 0 0 255
0.355785 0.285858 0.578601 224 224 30
0.628899 0.0291763 0.519663 254 254 0
0.173821 0.223538 0.631189 0 0 255
-0.340434 -0.0146008 0.685715 129 129 125
-0.0167444 -0.0359295 0.689429 0 0 255
0.299278 -0.163164 0.659532 0 0 255
0.320539 0.353594 0.516205 254 254 0
0.386065 0.191064 0.633291 0 0 255
-0.270758 -0.0820566 0.68291 251 251 3
-0.176035 -0.101004 0.678845 215 215 39
-0.0229107 -0.339073 0.537039 251 251 3
0.416004 0.0420546 0.666485 0 0 255
0.124996 0.11062 0.676825 0 0 255
-0.134742 -0.254917 0.611613 253 253 1
-0.00552943 0.116164 0.675364 0 0 255
0.340572 0.144085 0.662459 0 0 255
-0.0847808 -0.156929 0.661802 170 170 84
0.122021 0.0732642 0.684106 0 0 255
0.283132 0.202528 0.642362 0 0 255
-0.024181 0.29996 0.576013 254 254 0
0.554387 0.191594 0.539456 240 240 14
-0.0903377 -0.246658 0.616392 229 229 25
0.156265 -0.138764 0.668338 0 0 255
0.183274 -0.276951 0.595738 164 164 90
-0.195762 0.12806 0.671466 234 234 20
-0.0281152 -0.00639851 0.690041 31 31 223
0.252037 -0.0188714 0.689737 0 0 255
0.0289772 -0.148855 0.664679 48 48 206
-0.427561 -0.138654 0.640975 45 45 209
0.281172 0.0962337 0.680566 0 0 255
-0.0478236 0.0782285 0.683253 0 0 255
-0.407636 0.0235427 0.670277 144 144 110
-0.0626334 0.00120764 0.690416 0 0 255
0.0323822 0.0799772 0.683525 0 0 255
-0.208476 0.218397 0.63361 254 254 0
0.364065 -0.164449 0.65049 0 0 255
0.557833 -0.034158 0.590651 181 181 73
-0.0115071 0.316486 0.560054 253 253 1
0.0402275 0.00258346 0.690524 0 0 255
0.476674 -0.0901936 0.633886 0 0 255
0.0722641 -0.270411 0.599632 208 208 46
0.442155 0.00611021 0.659188 0 0 255
0.0590693 -0.126787 0.671998 0 0 255
0.278284 0.243051 0.61913 68 68 186
0.312227 0.037199 0.688102 0 0 255
0.608613 0.184335 0.482757 238 238 16
0.238242 0.0781715 0.68368 0 0 255
0.496385 0.144218 0.606824 165 165 89
0.351129 0.0994313 0.672988 0 0 255
0.321049 0.224526 0.628029 69 69 185
0.517571 -0.215055 0.554755 252 252 2
-0.0417927 -0.111445 0.676227 32 32 222
0.138724 0.389972 0.464131 86 86 168
0.244435 -0.0293398 0.689636 0 0 255
0.304601 0.179911 0.652612 0 0 255
0.264602 0.125122 0.673164 0 0 255
0.155898 0.150532 0.664826 0 0 255
0.561145 0.162993 0.549326 250 250 4
0.455243 -0.0605857 0.649167 0 0 255
0.286456 0.0985052 0.679079 0 0 255
0.352755 -0.1722 0.649204 0 0 255
-0.0592266 -0.404417 0.43671 0 0 255
-0.0682997 0.367166 0.501301 183 183 71
0.560129 0.0467668 0.587619 179 179 75
0.0382891 -0.0247262 0.690244 0 0 255
0.404107 0.0100635 0.67202 0 0 255
0.328532 0.0813288 0.680312 0 0 255
0.439491 0.230623 0.590863 199 199 55
0.00133294 -0.0804838 0.683282 0 0 255
0.244292 -0.0747039 0.684061 0 0 255
0.565907 -0.167506 0.542725 248 248 6
-0.191302 -0.0392915 0.688461 188 188 66
0.582154 0.0401477 0.569917 184 184 70
0.525847 -0.211972 0.550237 249 249 5
0.417352 -0.0507553 0.665075 0 0 255
0.301965 -0.0654445 0.685496 0 0 255
0.282198 0.042201 0.688399 0 0 255
0.517422 -0.104049 0.606413 217 217 37
0.36473 -0.303653 0.561289 222 222 32
0.215652 0.163809 0.659328 0 0 255
-0.0221799 0.338223 0.536871 178 178 76
0.099278 0.043181 0.688335 0 0 255
0.275421 0.251397 0.61411 41 41 213
0.388137 0.214189 0.62031 9 9 245
0.464254 -0.0424979 0.647815 0 0 255
0.0377102 -0.11286 0.676351 0 0 255
0.00629318 -0.149811 0.665173 0 0 255
0.539865 -0.153281 0.571842 190 190 64
0.479323 -0.163312 0.60816 65 65 189
0.550085 0.0364887 0.597019 106 106 148
0.320138 -0.134847 0.668078 0 0 255
-0.219103 -0.247442 0.615979 191 191 63
0.354372 0.331527 0.535611 251 251 3
-0.236133 -0.326573 0.549377 101 101 153
0.0396221 -0.0135485 0.690722 0 0 255
0.465579 -0.167797 0.613088 115 115 139
0.545387 -0.259103 0.493521 200 200 54
0.374954 -0.304104 0.556955 232 232 22
0.132139 -0.1991 0.644178 0 0 255
0.541331 -0.103947 0.589388 159 159 95
0.328871 -0.0679234 0.682085 0 0 255
0.31687 0.177089 0.652005 0 0 255
0.494383 0.00839216 0.634613 0 0 255
0.109025 0.217414 0.634039 93 93 161
0.266947 0.238783 0.622003 27 27 227
0.0749105 -0.16851 0.657873 0 0 255
0.543327 -0.135493 0.577875 175 175 79
-0.0118824 0.3095 0.567571 254 254 0
0.348817 -0.109583 0.671165 0 0 255
0.0721892 0.0972518 0.679555 0 0 255
0.108053 0.380635 0.480474 111 111 143
0.398698 0.307303 0.546757 239 239 15
0.610657 0.169118 0.49229 242 242 12
0.399155 0.0424875 0.671566 0 0 255
-0.294356 0.00104694 0.690105 220 220 34
0.480032 -0.0595287 0.638333 0 0 255
0.146456 -0.337411 0.538215 235 235 19
0.194655 -0.167138 0.657864 0 0 255
0.46603 0.10855 0.634093 0 0 255
0.372885 0.00577147 0.68039 0 0 255
0.490499 0.146506 0.608499 63 63 191
0.413283 -0.0649754 0.6642 0 0 255
0.358835 -0.350713 0.510281 230 230 24
-0.154397 -0.271899 0.599674 206 206 48
0.499511 0.0444094 0.629623 0 0 254
0.0707959 0.138852 0.668452 0 0 255
0.585702 0.14734 0.533917 245 245 9
0.0372595 -0.151142 0.664674 77 77 177
0.604831 0.131218 0.519383 254 254 0
0.0310795 0.327782 0.548804 254 254 0
0.554063 -0.00950542 0.594835 216 216 38
0.239373 0.0430014 0.688431 0 0 255
0.383632 0.0940386 0.667592 0 0 255
0.573719 0.0404673 0.576971 249 249 5
0.48372 -0.264854 0.540152 245 245 9
0.176324 -0.159261 0.661655 0 0 255
0.626106 0.0906944 0.510057 246 246 8
-0.242323 -0.211192 0.638207 252 252 2
0.518485 -0.138665 0.594008 127 127 127
-0.346224 -0.0110899 0.684606 174 174 80
0.445782 -0.145366 0.631257 0 0 255
0.170523 -0.0904188 0.681758 0 0 255
0.294191 0.246329 0.616236 74 74 180
0.140814 0.212407 0.637068 0 0 255
0.405046 -0.0531779 0.668469 0 0 255
0.580111 0.0654984 0.567611 229 229 25
0.467953 -0.0555918 0.644976 0 0 255
0.16687 -0.0447242 0.688017 0 0 255
-0.317628 -0.108332 0.67543 245 245 9
0.0826827 -0.159777 0.660704 0 0 255
0.438167 0.0680884 0.654945 0 0 255
0.322333 0.305066 0.567815 222 222 32
0.528355 0.00750346 0.614379 35 35 219
0.304061 -0.0739643 0.684065 0 0 255
0.0718151 -0.0755149 0.684079 0 0 255
0.526301 -0.267349 0.503474 211 211 43
0.313416 -0.0893863 0.680487 0 0 255
0.145473 0.0706114 0.684477 0 0 255
0.115783 -0.0711603 0.684474 0 0 255
0.199911 -0.272119 0.59913 161 161 93
0.285928 -0.1761 0.654161 0 0 255
-0.110261 0.21001 0.638919 218 218 36
0.212978 -0.0360027 0.688984 0 0 255
0.526444 -0.0826487 0.606747 104 104 150
0.470365 -0.146456 0.619931 0 0 255
-0.087005 -0.153847 0.662901 210 210 44
0.123624 -0.106142 0.677921 0 0 255
0.434758 -0.230905 0.593881 167 167 87
0.51823 -0.15045 0.590335 170 170 84
0.296134 -0.213218 0.636193 0 0 255
0.318447 -0.161768 0.658458 0 0 255
-0.341828 0.0480554 0.682881 220 220 34
0.0432057 0.00819007 0.690305 0 0 255
0.393413 0.166494 0.641742 0 0 255
-0.415893 0.106512 0.654778 21 21 233
0.508094 0.00197052 0.627126 0 0 255
-0.309974 -0.068419 0.683854 185 185 69
0.0305799 0.202194 0.642861 97 97 157
-0.302788 0.193803 0.645531 101 101 153
-0.1834 0.0270389 0.689586 233 233 21
0.121913 0.17979 0.653062 73 73 181
0.491349 0.0668719 0.631015 0 0 255
0.0648548 -0.158475 0.661653 0 0 254
0.644181 -0.00346167 0.501605 225 225 29
-0.242795 0.170681 0.65638 254 254 0
0.290769 0.300554 0.575453 208 208 46
0.507216 0.0553293 0.623538 0 0 255
0.490054 0.163341 0.602076 129 129 125
0.563866 0.0140713 0.586938 158 158 96
-0.00482903 -0.208499 0.639649 104 104 150
0.208586 -0.181632 0.652618 0 0 255
0.203892 -0.0907545 0.680947 0 0 255
-0.111781 -0.225903 0.629443 240 240 14
-0.272332 -0.130215 0.671672 252 252 2
0.479084 -0.335291 0.463625 144 144 110
0.444549 0.142766 0.633072 132 132 122
0.304549 -0.0877198 0.681406 0 0 255
-0.301317 0.363713 0.504141 0 0 255
-0.265873 -0.246633 0.616824 212 212 42
-0.0626771 -0.177619 0.6538 213 213 41
0.138177 -0.147454 0.665318 0 0 255
0.427622 0.0926276 0.653983 0 0 255
-0.252329 -0.0430469 0.688444 251 251 3
0.0135482 0.128096 0.671976 0 0 255
0.0369034 -0.211897 0.637572 188 188 66
0.230858 0.232936 0.624992 87 87 167
-0.252091 0.0835974 0.682989 246 246 8
-0.206139 -0.337727 0.538119 149 149 105
0.163685 0.162377 0.660347 0 0 255
0.219333 -0.205723 0.640729 17 17 237
0.579887 0.160203 0.533275 250 250 4
0.505383 -0.279084 0.510971 252 252 2
-0.180055 0.0796131 0.683086 178 178 76
-0.388427 0.133216 0.655735 105 105 149
0.476647 -0.0598759 0.639503 0 0 255
0.227984 0.157762 0.661557 0 0 255
0.0215869 -0.192547 0.646684 107 107 147
0.302151 0.137126 0.668902 0 0 255
0.149449 0.253695 0.612247 215 215 39
-0.189536 -0.177861 0.65391 248 248 6
-0.249886 -0.315154 0.56112 74 74 180
0.43513 -0.244741 0.584225 156 156 98
0.118104 0.0797626 0.682952 0 0 255
0.200453 -0.284414 0.588596 178 178 76
0.488407 0.11628 0.620154 34 34 220
0.234412 -0.232972 0.625505 13 13 241
0.352756 0.023092 0.683294 0 0 255
0.174034 0.0883196 0.681794 0 0 255
0.373839 0.116687 0.66424 0 0 255
0.547884 0.172852 0.555726 254 254 0
-0.055719 0.226859 0.6293 199 199 55
0.245779 0.186382 0.650239 0 0 255
-0.0525343 -0.0325575 0.689762 0 0 255
-0.0335683 0.40826 0.429728 57 57 197
0.411011 0.148929 0.643925 12 12 242
-0.0911376 -0.0917558 0.681047 92 92 162
0.106576 -0.248949 0.615871 150 150 104
0.289421 0.381658 0.478099 181 181 73
0.124309 -0.331303 0.544352 254 254 0
0.114024 0.211838 0.637267 135 135 119
0.33646 0.0127048 0.686141 0 0 255
0.23847 -0.208072 0.639649 0 0 255
0.302071 -0.142612 0.666663 0 0 255
-0.0340046 0.0888663 0.682124 0 0 255
0.207672 0.0544992 0.686715 0 0 255
0.15185 0.0358438 0.689054 0 0 255
0.326113 0.174653 0.652754 0 0 255
-0.268847 -0.0153569 0.690358 248 248 6
-0.223362 -0.284334 0.588651 180 180 74
0.303109 0.16713 0.657797 0 0 255
0.369986 0.3568 0.499484 252 252 2
0.0727588 -0.169772 0.657481 0 0 255
0.150073 0.0571574 0.686894 0 0 255
-0.195417 -0.233703 0.625058 254 254 0
-0.299087 0.174183 0.654908 236 236 18
-0.386356 -0.175677 0.640535 104 104 150
0.245895 0.231013 0.626826 21 21 233
-0.400537 -0.0527571 0.669818 136 136 118
0.500858 0.0925175 0.620605 148 148 106
0.457936 -0.0209884 0.652523 0 0 255
0.632249 0.126506 0.487324 192 192 62
0.18309 0.14239 0.667292 0 0 255
0.403738 0.169145 0.637834 82 82 172
0.330278 -0.198616 0.640726 0 0 255
0.649224 0.218299 0.368488 26 26 228
0.63049 0.105923 0.49924 249 249 5
-0.423424 -0.154869 0.636507 9 9 245
0.617047 0.0909739 0.522285 254 254 0
-0.00965749 -0.0178787 0.689748 0 0 255
-0.156157 0.0934815 0.680181 229 229 25
0.411795 -0.00841779 0.670007 0 0 255
0.184589 -0.00806646 0.690582 0 0 255
0.104006 -0.0703316 0.684854 0 0 255
0.319658 0.0562499 0.684909 0 0 255
0.422217 0.303303 0.539371 253 253 1
0.355667 0.318621 0.548356 254 254 0
0.4332 0.117706 0.64579 0 0 255
0.348585 0.192243 0.641316 0 0 255
0.309871 -0.154774 0.662305 0 0 255
-7.15539e-05 0.0966052 0.679951 0 0 255
0.664222 0.0135246 0.470688 221 221 33
-0.0868655 -0.331231 0.545711 223 223 31
-0.084272 0.0451005 0.688017 69 69 185
0.448892 -0.333623 0.489186 230 230 24
0.137447 -0.0720016 0.684492 0 0 255
0.0257553 -0.289719 0.584876 226 226 28
0.623742 0.0906472 0.513213 254 254 0
0.095149 -0.0676258 0.685292 0 0 255
0.387491 0.242524 0.602746 201 201 53
0.640158 0.0894199 0.491333 177 177 77
0.0598985 0.0983497 0.679579 0 0 255
0.597872 -0.108117 0.536932 254 254 0
0.346854 -0.177846 0.648492 0 0 255
0.018008 0.0439251 0.688852 0 0 255
0.0866445 -0.414019 0.41739 0 0 255
0.222005 0.217493 0.634982 0 0 255
0.312413 0.394695 0.454299 211 211 43
0.436844 -0.0550777 0.657428 0 0 255
0.494516 -0.227323 0.563171 201 201 53
0.543109 0.116855 0.584899 171 171 83
0.390144 0.318297 0.537392 253 253 1
0.209116 0.170063 0.657664 0 0 255
0.350408 -0.0844283 0.676865 0 0 255
0.259105 -0.05525 0.687563 0 0 255
0.198811 -0.0898551 0.681088 0 0 255
-0.0648801 -0.155794 0.663186 134 134 120
-0.296858 0.0966786 0.679302 254 254 0
0.165686 0.071515 0.684961 0 0 255
0.421195 -0.158035 0.636581 0 0 255
0.455548 0.147342 0.626934 79 79 175
0.032912 -0.0541935 0.687247 0 0 255
0.687896 0.0393957 0.420568 162 162 92
-0.0399571 0.0927733 0.681104 54 54 200
-0.224019 -0.126429 0.672636 249 249 5
0.242884 0.0880842 0.681969 0 0 255
0.395869 0.223321 0.613049 118 118 136
0.36115 0.227181 0.619393 27 27 227
0.122565 -0.140902 0.667599 0 0 255
0.613112 -0.129352 0.510635 254 254 0
-0.368698 0.155185 0.652667 64 64 190
0.334261 -0.327933 0.54329 249 249 5
0.0186452 -0.0797535 0.683075 32 32 222
0.332118 0.310294 0.561146 205 205 49
0.116083 0.11168 0.67598 0 0 255
0.337482 0.0235116 0.685418 0 0 255
0.381624 0.298535 0.560175 214 214 40
0.110779 -0.00606068 0.690006 0 0 255
0.0795146 -0.344362 0.530453 254 254 0
-0.335039 0.284433 0.584569 65 65 189
0.375633 -0.238036 0.60974 81 81 173
0.400303 -0.316471 0.535479 248 248 6
0.125628 -0.188782 0.649486 114 114 140
-0.0354866 -0.0347379 0.689215 0 0 255
0.524543 0.135544 0.591281 152 152 102
0.224691 0.24616 0.617732 150 150 104
0.3223 0.319196 0.554668 219 219 35
-0.391119 0.0809454 0.668087 153 153 101
-0.376074 0.149098 0.653316 146 146 108
0.17021 -0.236594 0.623502 69 69 185
0.491363 -0.0799236 0.628394 70 70 184
0.195537 -0.107603 0.677299 0 0 255
0.497015 0.0783642 0.626048 0 0 255
0.453257 0.207286 0.59882 121 121 133
0.0483097 -0.272023 0.599471 197 197 57
0.0563198 -0.258083 0.609317 248 248 6
-0.0193409 -0.0572551 0.686716 24 24 230
0.389089 0.371941 0.46728 197 197 57
0.11118 0.254755 0.611709 94 94 160
0.501527 0.189873 0.58138 241 241 13
0.583711 -0.0242047 0.569913 212 212 42
0.377033 -0.314869 0.546597 235 235 19
0.484795 0.0113617 0.64014 0 0 255
0.0859026 0.135047 0.669894 0 0 255
0.402542 -0.379754 0.446955 83 83 171
0.340489 0.061941 0.681669 0 0 255
0.442728 -0.236844 0.585482 217 217 37
-0.280952 -0.0456444 0.688311 252 252 2
-0.458383 0.210592 0.594523 0 0 255
0.455422 0.0732181 0.647098 0 0 255
0.0107209 0.0238564 0.689839 0 0 255
0.654339 0.164182 0.424024 78 78 176
-0.000935014 -0.0733759 0.684262 0 0 255
-0.0465191 -0.113319 0.676068 15 15 239
0.090293 0.202579 0.642019 127 127 127
-0.0215427 0.265125 0.603596 244 244 10
0.372444 -0.3185 0.544536 252 252 2
0.599476 -0.0182525 0.553983 237 237 17
0.548978 0.0755243 0.592021 206 206 48
0.212662 0.0081809 0.690014 0 0 255
-0.0106788 0.0589673 0.686263 0 0 255
0.352328 -0.106378 0.671594 0 0 255
-0.172457 0.0964603 0.679645 179 179 75
0.270453 0.0902156 0.681645 0 0 255
0.573121 0.030271 0.578809 170 170 84
0.339851 0.231123 0.621719 52 52 202
0.0981003 0.0730031 0.68412 0 0 255
0.219983 0.0807084 0.683112 0 0 255
-0.130114 -0.150141 0.664542 189 189 65
0.355678 0.300295 0.565822 218 218 36
0.112948 -0.103055 0.678213 0 0 255
0.226857 0.157672 0.661611 0 0 255
-0.0932772 -0.394365 0.456934 0 0 255
0.0668462 0.0611033 0.68679 0 0 255
0.468453 0.138528 0.623352 0 0 255
0.389694 -0.0269905 0.675018 0 0 255
0.476182 -0.276851 0.534393 246 246 8
-0.132367 0.0597244 0.686936 206 206 48
-0.171824 0.286657 0.587652 223 223 31
0.125411 0.0122939 0.690371 0 0 255
0.386003 0.255291 0.594906 136 136 118
0.409608 0.347441 0.493663 182 182 72
0.0453408 -0.0308377 0.688991 0 0 255
-0.447324 0.21513 0.597576 0 0 255
0.621362 0.0505471 0.527004 253 253 1
-0.0401558 0.30261 0.573377 254 254 0
-0.0907803 0.262239 0.606061 252 252 2
0.303542 0.233679 0.624456 118 118 136
0.370661 -0.290723 0.570865 189 189 65
-0.406779 -0.0774897 0.664752 134 134 120
0.0284843 0.18027 0.653109 20 20 234
-0.0164942 -0.278668 0.593757 239 239 15
0.517431 -0.0374483 0.619727 71 71 183
0.168806 -0.109057 0.677477 0 0 255
0.366892 -0.11381 0.667039 0 0 255
0.0950456 0.210506 0.638254 70 70 184
0.361566 -0.204207 0.632687 0 0 255
0.483719 0.274592 0.531278 254 254 0
-0.0174391 -0.0519198 0.687008 0 0 255
0.0180297 -0.0335045 0.689724 0 0 255
0.449099 -0.104073 0.643575 0 0 255
0.154332 -0.0290668 0.689966 0 0 255
0.134913 -0.0096929 0.690051 0 0 255
0.324154 0.180698 0.650269 0 0 255
0.0285633 0.0800254 0.683205 0 0 255
0.45409 0.175074 0.615505 147 147 107
0.241263 -0.35978 0.509995 250 250 4
0.277771 0.298188 0.577921 185 185 69
0.287377 0.208869 0.63906 59 59 195
-0.316269 -0.0930046 0.678763 246 246 8
-0.0588251 0.3911 0.463289 124 124 130
0.566347 -0.0759126 0.577006 195 195 59
0.0202693 0.0259023 0.689686 0 0 255
0.208487 0.0471474 0.687837 0 0 255
0.0679541 0.156345 0.662294 73 73 181
0.10876 0.113672 0.676084 0 0 255
0.0974649 0.303979 0.571759 245 245 9
0.298438 0.295289 0.579146 251 251 3
0.0048843 -0.163089 0.660058 70 70 184
-0.195113 0.137335 0.669088 254 254 0
0.334288 0.305687 0.565368 214 214 40
-0.231944 -0.2857 0.58864 164 164 90
0.483624 -0.0333771 0.639724 88 88 166
0.174414 -0.0766271 0.683463 0 0 255
-0.464832 0.167942 0.61378 0 0 255
0.0531867 -0.0504378 0.687656 0 0 255
0.145731 0.272133 0.598445 238 238 16
0.28956 -0.0268353 0.689255 0 0 255
0.631793 0.00189598 0.518806 220 220 34
0.408182 -0.0553645 0.667546 0 0 255
0.535763 -0.0695348 0.602519 123 123 131
0.293881 0.17388 0.655534 0 0 255
0.244342 -0.0540367 0.687599 0 0 255
0.1445 -0.121809 0.674033 0 0 255
0.421865 -0.074361 0.660162 0 0 255
0.445223 -0.353007 0.46414 148 148 106
-0.193042 0.365753 0.503048 0 0 255
0.0147302 -0.0113849 0.690297 0 0 255
0.353322 -0.0155587 0.684029 0 0 255
0.124807 -0.110904 0.676349 0 0 255
0.638252 0.198731 0.422026 91 91 163
0.628552 0.182785 0.454548 210 210 44
0.0506083 -0.151166 0.664498 69 69 185
0.0692397 -0.0819054 0.683166 0 0 255
0.5473 0.226113 0.521273 252 252 2
0.325691 0.161153 0.658158 0 0 255
0.133192 -0.000852186 0.690091 0 0 255
0.034127 0.0119581 0.690424 0 0 255
-0.0210425 -0.13945 0.668056 42 42 212
0.280134 0.103786 0.678246 0 0 255
-0.042858 0.403221 0.439995 0 0 255
0.459947 0.0118921 0.651787 0 0 255
-0.344004 -0.342007 0.525068 0 0 255
-0.164711 0.00311784 0.690407 137 137 117
-0.0596361 -0.0409295 0.688404 0 0 255
0.433144 -0.228454 0.595641 210 210 44
0.0213951 -0.17156 0.656835 107 107 147
-0.307104 -0.0387409 0.688319 234 234 20
0.301609 0.093217 0.680003 0 0 255
0.373444 0.296818 0.564303 210 210 44
-0.295711 -0.0992581 0.679521 201 201 53
-0.506974 -0.0976285 0.615731 0 0 255
0.577462 -0.167642 0.53153 251 251 3
-0.304651 -0.25685 0.609413 135 135 119
0.691053 -0.0748718 0.400195 0 0 255
0.123856 -0.36287 0.506384 247 247 7
-0.00177526 0.165507 0.658736 88 88 166
0.324008 0.0406113 0.686184 0 0 255
0.669792 0.0329705 0.45914 198 198 56
0.449753 -0.0475432 0.653464 0 0 255
0.161165 0.147584 0.666139 0 0 255
0.46661 0.0132386 0.648774 0 0 255
0.428154 -0.132192 0.643382 0 0 255
0.518319 0.0546489 0.616869 120 120 134
0.180431 0.165635 0.658549 0 0 255
0.207874 -0.201129 0.642495 23 23 231
0.0606633 -0.247225 0.616786 161 161 93
0.377662 -0.199086 0.630961 46 46 208
0.236831 0.117537 0.674535 0 0 255
-0.0809873 -0.0775075 0.684024 108 108 146
0.522485 0.204986 0.557835 252 252 2
-0.109465 0.0100193 0.690656 46 46 208
0.0738098 -0.0435403 0.688085 0 0 255
0.370379 0.169862 0.646478 0 0 255
-0.0140738 0.12427 0.672545 0 0 255
0.421415 -0.126468 0.647951 0 0 255
-0.0583503 -0.21241 0.637119 225 225 29
0.380784 -0.159516 0.648309 0 0 255
0.178714 -0.307186 0.569239 247 247 7
-0.0246923 -0.0328879 0.688833 0 0 255
0.152735 0.112696 0.67614 0 0 255
0.371871 0.0301897 0.679222 0 0 255
0.506709 0.20122 0.571743 246 246 8
0.482343 0.0685953 0.635636 0 0 255
0.0900557 0.152274 0.664175 0 0 255
0.383748 -0.0455671 0.675916 0 0 255
0.583071 -0.180535 0.516655 254 254 0
-0.307192 0.242673 0.617975 166 166 88
0.301442 -0.254739 0.610201 77 77 177
0.278737 0.125393 0.673122 0 0 255
0.335793 0.169718 0.653728 0 0 255
0.252401 -0.156158 0.662684 0 0 255
-0.222181 -0.226402 0.62943 193 193 61
-0.097532 0.0298665 0.689548 66 66 188
0.512873 0.137432 0.598799 139 139 115
0.358786 0.281856 0.581464 227 227 27
-0.0716787 -0.142141 0.667683 91 91 163
0.461293 0.187593 0.606444 62 62 192
-0.460606 0.0721336 0.644695 0 0 255
0.29921 -0.0565164 0.686012 0 0 255
0.297343 0.0192034 0.689745 0 0 255
0.476853 0.294191 0.516596 216 216 38
0.312427 0.141853 0.666069 0 0 255
0.0388344 -0.155046 0.663086 0 0 255
-0.413194 -0.181472 0.629695 0 0 255
-0.112174 0.146852 0.666302 170 170 84
-0.0732404 -0.142191 0.667851 223 223 31
-0.14758 0.116638 0.675537 162 162 92
0.583714 -0.196419 0.506074 251 251 3
0.552437 0.175081 0.550304 236 236 18
0.335224 -0.107431 0.673612 0 0 255
0.274255 -0.112432 0.675712 0 0 255
0.518142 0.220667 0.550296 226 226 28
-0.122129 -0.163431 0.659288 179 179 75
0.0346237 -0.247994 0.615934 225 225 29
-0.0495964 -0.00657139 0.690029 0 0 255
-0.355249 -0.037795 0.681964 201 201 53
0.488195 0.109145 0.622771 70 70 184
0.307573 0.267567 0.60138 229 229 25
-0.0502249 -0.0848006 0.682763 52 52 202
0.191222 0.319403 0.556814 226 226 28
0.588062 0.0349638 0.564149 248 248 6
0.0587268 -0.0509305 0.687673 0 0 255
0.327394 -0.246596 0.61356 31 31 223
0.0112676 0.106599 0.677583 0 0 255
-0.041488 0.0613263 0.686158 7 7 247
-0.0196368 0.160217 0.661474 25 25 229
0.482748 -0.243628 0.557931 230 230 24
-0.479345 0.0210075 0.642084 0 0 255
0.500232 -0.0380161 0.629787 56 56 198
0.0636946 0.294194 0.581021 224 224 30
0.144132 0.0178838 0.689891 0 0 255
-0.0954014 -0.00743686 0.690427 47 47 207
0.129685 -0.372351 0.492537 240 240 14
0.340662 -0.299021 0.570615 201 201 53
-0.211017 -0.326513 0.549518 153 153 101
0.11967 0.305428 0.571331 227 227 27
0.183036 0.0675282 0.685851 0 0 255
0.581222 0.0706388 0.564843 240 240 14
0.69061 -0.0269835 0.416378 119 119 135
0.350752 0.396616 0.439158 109 109 145
0.270334 -0.0213438 0.690249 0 0 255
-0.170903 -0.130711 0.670795 247 247 7
0.236003 0.0112995 0.690034 0 0 255
0.676778 -0.023248 0.44656 117 117 137
0.140565 -0.0715912 0.685072 0 0 255
0.576647 -0.221997 0.493136 245 245 9
-0.066345 -0.0746184 0.684077 70 70 184
0.627777 -0.076428 0.512306 245 245 9
0.048751 0.392958 0.460249 15 15 239
-0.284474 -0.0303239 0.689443 254 254 0
0.501227 -0.000275582 0.630718 0 0 255
0.459697 0.181917 0.610061 88 88 166
-0.343232 -0.0191387 0.68544 223 223 31
0.249405 0.00334758 0.69048 0 0 255
0.482978 -0.0384175 0.639503 40 40 214
0.449868 0.182844 0.61378 58 58 196
0.208852 -0.149402 0.66481 0 0 255
0.398963 0.122291 0.656486 0 0 255
0.281026 -0.0549936 0.687268 0 0 255
-0.296674 -0.130014 0.6708 249 249 5
0.153533 -0.326155 0.550755 241 241 13
-0.0440868 -0.212983 0.636618 176 176 78
0.298693 0.190099 0.648139 0 0 255
0.359867 -0.104829 0.670486 0 0 255
-0.247147 -0.0512198 0.68726 241 241 13
-0.0757897 0.0886629 0.681482 113 113 141
0.214541 0.0692339 0.685147 0 0 255
-0.257964 -0.168358 0.657414 253 253 1
0.400585 -0.0769436 0.666393 0 0 255
-0.154833 -0.173934 0.655589 220 220 34
0.50073 0.221171 0.562963 228 228 26
0.393537 -0.150452 0.64816 0 0 255
0.36374 -0.220177 0.622844 86 86 168
0.278799 0.107247 0.677038 0 0 255
-0.079414 0.0990485 0.679788 141 141 113
0.394505 -0.0369833 0.67322 0 0 255
0.323772 -0.245867 0.614984 32 32 222
0.57399 -0.207106 0.5078 251 251 3
0.206108 -0.327188 0.550105 253 253 1
0.220753 0.0793155 0.683591 0 0 255
0.165508 0.0767987 0.683525 0 0 255
-0.0127943 -0.09767 0.679443 0 0 255
0.307576 0.111323 0.675348 0 0 255
-0.00102106 -0.315011 0.561889 254 254 0
0.155723 0.0611085 0.686635 0 0 255
0.0179219 -0.0301916 0.689694 0 0 255
0.00232685 0.197592 0.645085 96 96 158
0.157825 -0.204779 0.641292 0 0 255
0.00301421 -0.0187187 0.689613 0 0 255
0.313105 0.0573371 0.685757 0 0 255
-0.00837484 -0.0192355 0.689699 0 0 255
0.3681 0.255623 0.59988 102 102 152
-0.0158904 -0.261078 0.606781 214 214 40
-0.329115 0.29604 0.574933 49 49 205
-0.239028 -0.0800899 0.683453 252 252 2
0.450246 -0.197158 0.605896 93 93 161
-0.426409 -0.0160662 0.664943 0 0 255
0.412847 0.0797228 0.66251 0 0 255
0.564674 -0.0292948 0.585946 244 244 10
0.0852805 -0.151948 0.664548 0 0 255
0.37798 0.305097 0.555701 229 229 25
-0.000152981 -0.178329 0.653538 64 64 190
0.208729 -0.0363815 0.688922 0 0 255
0.614948 0.0410167 0.535377 244 244 10
0.259159 0.273078 0.597829 228 228 26
0.168492 -0.196523 0.645473 0 0 255
-0.146076 0.0872024 0.682292 203 203 51
-0.187882 -0.353394 0.519677 0 0 255
0.0747035 0.0117085 0.690357 0 0 255
-0.0144936 0.082332 0.683341 0 0 255
0.0815005 0.129297 0.671386 0 0 255
-0.184648 0.0214525 0.690375 240 240 14
0.243383 0.0396429 0.688575 0 0 255
0.447217 -0.0357921 0.655955 0 0 255
0.400474 -0.108811 0.659715 0 0 255
0.38134 -0.328209 0.530218 248 248 6
0.403467 -0.145589 0.647119 0 0 255
0.35408 -0.239161 0.613612 59 59 195
0.109158 -0.218996 0.633099 39 39 215
0.114774 -0.229264 0.627719 72 72 182
0.486053 0.214279 0.577377 195 195 59
0.423911 0.0608949 0.66173 0 0 255
0.23909 -0.163665 0.660182 0 0 255
0.380144 -0.00116418 0.678741 0 0 255
0.00879221 -0.131628 0.670716 0 0 255
0.0869685 0.113904 0.675374 0 0 255
0.319116 -0.347876 0.523635 222 222 32
0.401949 0.0413259 0.671343 0 0 255
0.151359 0.13883 0.66833 0 0 255
0.464774 -0.104151 0.635876 89 89 165
0.172057 0.408715 0.428516 9 9 245
0.592652 0.00922182 0.561445 241 241 13
0.0219278 -0.149497 0.6654 18 18 236
-0.0383318 0.0652228 0.686015 0 0 255
0.594598 -0.0822409 0.548641 244 244 10
-0.379842 0.0841137 0.670485 175 175 79
0.173505 -0.246157 0.617409 113 113 141
0.0418643 -0.207073 0.640507 82 82 172
0.499969 -0.0749434 0.624971 16 16 238
-0.0287748 -0.120309 0.673887 43 43 211
0.0678685 0.345771 0.528365 241 241 13
0.496988 -0.290469 0.50518 214 214 40
-0.00275464 -0.0119218 0.690598 0 0 255
0.617344 0.199743 0.457932 187 187 67
0.495146 0.0556162 0.630934 0 0 255
-0.202829 0.355709 0.515431 0 0 255
0.496077 -0.163915 0.597578 153 153 101
0.231641 -0.0129842 0.689844 0 0 255
0.0600236 -0.262955 0.606145 176 176 78
0.401043 -0.297775 0.554828 251 251 3
0.325106 0.378164 0.4795 200 200 54
0.253471 0.13484 0.670021 0 0 255
0.0503021 0.255258 0.611528 211 211 43
-0.0220008 0.0348412 0.689486 31 31 223
0.054594 0.112566 0.675751 0 0 255
0.358443 0.130017 0.663203 0 0 255
0.286317 -0.116557 0.675133 0 0 255
0.165283 -0.130588 0.670786 0 0 255
0.574159 -0.23467 0.483896 198 198 56
0.401828 -0.0676452 0.667765 0 0 255
-0.102867 0.140976 0.668024 125 125 129
0.564565 0.210139 0.516639 253 253 1
0.431962 -0.124512 0.644424 0 0 255
0.166513 0.181373 0.65242 0 0 255
0.227642 -0.0430058 0.68888 0 0 255
0.101248 -0.130296 0.670761 0 0 255
0.28197 0.113593 0.676013 0 0 255
0.513523 -0.0721384 0.616777 42 42 212
0.0525453 0.315476 0.560706 250 250 4
-0.000190407 0.0147737 0.690381 0 0 255
0.317339 -0.0849251 0.680405 0 0 255
0.066316 0.120932 0.674277 0 0 255
-0.103741 -0.172507 0.65649 210 210 44
0.51446 -0.0220236 0.622611 160 160 94
0.000491488 0.0411987 0.688115 10 10 244
0.616811 0.249704 0.398769 120 120 134
0.143797 0.321499 0.554817 229 229 25
0.527161 0.031137 0.613502 58 58 196
-0.168827 0.165603 0.658624 252 252 2
0.507612 0.0611529 0.622866 0 0 255
0.0111953 0.404935 0.437792 78 78 176
-0.0940851 -0.367598 0.500524 91 91 163
0.0285945 -0.254605 0.611136 169 169 85
-0.0215922 0.186888 0.649961 103 103 151
-0.0520242 0.305429 0.570457 254 254 0
0.601166 -0.0537504 0.548355 253 253 1
0.44256 0.114915 0.642567 10 10 244
0.445356 0.101351 0.64575 0 0 255
0.214601 0.0909398 0.681699 0 0 255
0.252364 -0.36075 0.50912 254 254 0
-0.248956 -0.0220985 0.689934 241 241 13
0.404971 0.0246426 0.671754 0 0 255
0.0130342 -0.0439887 0.688715 0 0 255
0.284388 0.0136946 0.689792 0 0 255
-0.0199628 0.129313 0.671186 0 0 255
0.373047 0.092094 0.670373 0 0 255
-0.21013 0.0436494 0.688197 213 213 41
-0.281461 0.221162 0.632293 213 213 41
-0.158319 0.0583982 0.686536 164 164 90
0.62539 -0.0129188 0.52537 254 254 0
0.57532 0.065817 0.571559 227 227 27
0.324552 0.172828 0.653676 5 5 249
-0.127813 0.0481149 0.687926 98 98 156
0.503847 -0.0488876 0.626212 159 159 95
0.694717 0.0514847 0.401373 40 40 214
0.396031 0.257023 0.590318 185 185 69
0.116966 -0.14442 0.666309 0 0 255
0.292807 0.198068 0.64431 0 0 255
0.549857 -0.302342 0.433482 131 131 123
0.537616 -0.125924 0.58538 223 223 31
-0.256208 -0.0454258 0.687982 249 249 5
0.281669 0.12308 0.673199 0 0 255
0.631814 0.0179776 0.517112 252 252 2
0.189231 -0.30141 0.575289 215 215 39
0.557771 0.196449 0.533445 250 250 4
0.142489 0.303161 0.572726 213 213 41
0.46733 0.00369815 0.64896 0 0 255
0.306405 -0.0681051 0.684127 0 0 255
0.111113 -0.133491 0.669752 0 0 255
0.631636 -0.145123 0.476871 207 207 47
-0.00774051 0.217014 0.634374 179 179 75
0.156786 -0.167852 0.658418 39 39 215
-0.0265469 -0.0855958 0.682765 35 35 219
0.141307 -0.21424 0.63634 103 103 151
0.317474 -0.051935 0.685971 0 0 255
-0.201466 0.10202 0.678696 244 244 10
0.388887 -0.285824 0.570352 254 254 0
-0.0466677 -0.0694403 0.684651 21 21 233
0.520174 -0.0134276 0.619836 26 26 228
-0.117065 -0.0900615 0.681684 212 212 42
0.160596 -0.181794 0.652558 0 0 255
0.46007 0.197597 0.601215 82 82 172
0.495835 -0.297601 0.497844 242 242 12
0.505762 -0.00428197 0.628099 137 137 117
0.225486 -0.035697 0.689516 0 0 255
0.412406 -0.0785681 0.662852 0 0 255
-0.154652 -0.0479711 0.688316 162 162 92
0.539064 -0.223173 0.530127 235 235 19
0.320728 -0.296805 0.575736 226 226 28
-0.131305 0.159282 0.660834 237 237 17
0.518755 -0.113779 0.60315 122 122 132
0.137364 0.154784 0.663141 0 0 255
0.180416 -0.24642 0.616551 201 201 53
0.0303916 -0.301197 0.575118 239 239 15
0.210614 -0.104944 0.678586 0 0 255
0.187877 -0.287582 0.586434 207 207 47
-0.150739 0.123491 0.673543 178 178 76
0.365011 -0.115638 0.666501 0 0 255
0.140763 -0.114387 0.676155 0 0 255
-0.0661179 0.0864057 0.682429 143 143 111
0.255569 0.0064393 0.690728 0 0 255
0.181272 0.0747156 0.684569 0 0 255
-0.164545 0.0820041 0.683403 248 248 6
-0.142508 -0.22668 0.628857 244 244 10
0.116052 0.178888 0.653081 91 91 163
0.394893 0.0740266 0.668604 0 0 255
0.594532 0.000365123 0.560435 218 218 36
-0.127279 0.158215 0.661676 190 190 64
-0.479464 0.0102592 0.642126 0 0 255
0.539975 0.0187945 0.605788 77 77 177
-0.487004 0.010737 0.638856 0 0 255
0.294604 0.273799 0.597537 134 134 120
0.060344 0.268735 0.601921 206 206 48
0.126291 -0.190539 0.648235 0 0 255
0.335851 0.00943818 0.687056 0 0 255
0.319409 -0.142101 0.664895 0 0 255
0.345221 -0.0412077 0.683773 0 0 255
-0.260305 -0.248304 0.615391 129 129 125
-0.053786 -0.0939315 0.680495 33 33 221
0.035841 -0.00547183 0.69094 0 0 255
0.501907 -0.251586 0.538552 238 238 16
-0.123608 -0.146867 0.665998 204 204 50
0.166961 -0.0836661 0.682894 0 0 255
-0.130512 -0.000697238 0.690913 188 188 66
0.0452699 -0.112776 0.676144 0 0 255
0.389053 0.171795 0.641762 0 0 255
0.133103 0.0122176 0.689871 0 0 255
0.352137 0.268237 0.593436 233 233 21
0.384166 0.329405 0.528622 252 252 2
-0.04178 0.153558 0.663283 110 110 144
0.650924 -0.0669205 0.482831 172 172 82
0.457249 -0.0874438 0.644182 28 28 226
0.386818 -0.229696 0.611518 164 164 90
0.0899258 -0.197945 0.645006 51 51 203
0.448938 0.0352616 0.655227 0 0 255
-0.00172542 -0.12526 0.672211 48 48 206
-0.210075 -0.305897 0.571214 194 194 60
0.00923002 0.175445 0.654354 111 111 143
-0.0264503 -0.0550771 0.687091 1 1 253
-0.237586 0.104742 0.678644 252 252 2
0.270502 -0.109253 0.676913 0 0 255
0.302546 0.100651 0.678012 0 0 255
0.293781 0.206597 0.639942 0 0 255
0.370479 -0.296931 0.566258 254 254 0
0.486244 0.246244 0.55479 230 230 24
0.629997 0.225533 0.405372 134 134 120
0.544571 -0.212703 0.53308 248 248 6
0.448868 -0.235344 0.583608 225 225 29
-0.235816 -0.0549444 0.686744 254 254 0
0.208198 0.0216563 0.689567 0 0 255
0.334604 -0.364352 0.497549 228 228 26
0.419244 0.034505 0.666149 0 0 255
0.278582 0.359602 0.510828 254 254 0
0.4102 -0.00932999 0.670068 0 0 255
-0.0146092 0.109546 0.677312 0 0 255
0.477071 -0.0516277 0.641029 0 0 255
0.0464408 0.00288289 0.690278 0 0 255
0.282915 -0.256309 0.609853 174 174 80
-0.228989 0.310813 0.565483 170 170 84
0.486597 -0.169715 0.600874 181 181 73
0.51058 -0.029449 0.624137 3 3 251
0.365339 0.0353031 0.680846 0 0 255
-0.0228708 0.186479 0.650076 111 111 143
0.416569 -0.0738619 0.662128 0 0 255
-0.1364 0.0860742 0.68246 154 154 100
-0.116679 -0.212744 0.637181 233 233 21
-0.228892 0.0295641 0.689891 237 237 17
-0.0825532 -0.106538 0.677982 70 70 184
0.198081 -0.2906 0.584387 195 195 59
0.687855 0.0161004 0.425446 156 156 98
0.067722 -0.274492 0.597421 209 209 45
0.0656051 0.00794064 0.690519 0 0 255
0.357705 0.270678 0.590351 141 141 113
-0.0222941 0.03105 0.689025 0 0 255
0.411507 0.0556434 0.66626 0 0 255
0.490979 -0.315794 0.479916 232 232 22
0.0984767 0.131237 0.670601 0 0 255
0.0515182 -0.246273 0.617512 179 179 75
0.130651 0.297831 0.577365 218 218 36
0.113539 0.145405 0.666185 0 0 255
0.429493 0.272376 0.564543 237 237 17
0.459289 -0.109187 0.637099 85 85 169
0.26786 0.00328934 0.690302 0 0 255
-0.164488 0.385127 0.473011 0 0 255
0.235395 -0.173719 0.656076 0 0 255
0.216698 -0.278112 0.594036 207 207 47
0.431068 0.26903 0.566958 193 193 61
0.250914 0.291853 0.583146 162 162 92
0.382711 0.134501 0.657147 0 0 255
-0.021366 0.257491 0.609245 254 254 0
0.531618 -0.0993796 0.598616 145 145 109
-0.370564 0.189761 0.637569 41 41 213
-0.0440385 -0.0469614 0.688034 0 0 255
-0.0686947 -0.0242066 0.689989 9 9 245
0.153113 -0.198684 0.644471 0 0 255
0.256581 0.122132 0.673474 0 0 255
0.352197 -0.237488 0.615138 105 105 149
0.447403 0.0838653 0.648493 0 0 255
0.00881885 -0.0171531 0.689876 0 0 255
0.511903 -0.132717 0.601459 101 101 153
0.297342 -0.205553 0.640583 49 49 205
0.465256 0.0698866 0.643151 0 0 255
0.195573 -0.0666341 0.685247 0 0 255
0.330096 0.00706564 0.687623 0 0 255
0.29137 0.198277 0.644147 0 0 255
0.0142854 0.211439 0.638026 163 163 91
0.00378513 0.152515 0.663886 6 6 248
-0.206199 -0.116882 0.675153 242 242 12
0.434487 -0.18324 0.62072 22 22 232
0.180873 -0.379904 0.481792 186 186 68
-0.000627535 -0.130266 0.671564 8 8 246
0.149908 -0.154359 0.6631 0 0 255
0.544078 -0.0495836 0.599585 135 135 119
0.0784697 -0.0748669 0.684182 0 0 255
0.202079 -0.304209 0.572404 252 252 2
0.101879 -0.0180916 0.690576 0 0 255
0.5971 -0.105467 0.538937 243 243 11
0.154917 -0.0570321 0.686454 0 0 255
0.473786 0.10574 0.631519 0 0 255
-0.0368612 -0.0103991 0.690017 0 0 255
0.385483 -0.166301 0.644154 0 0 255
0.0700334 -0.0527731 0.687762 0 0 255
0.339619 0.366292 0.494544 249 249 5
0.307473 -0.0682616 0.683804 0 0 255
0.0638545 0.396754 0.453254 32 32 222
0.284393 0.155727 0.662694 0 0 255
0.392703 0.0337157 0.673893 0 0 255
0.160762 0.10874 0.677399 0 0 255
0.453827 -0.115133 0.638099 0 0 255
0.629618 -0.0392641 0.517992 248 248 6
-0.0114949 0.131832 0.670577 0 0 255
0.139526 0.372908 0.492794 152 152 102
0.311271 -0.0413022 0.687149 0 0 255
0.185722 0.146392 0.665618 0 0 255
0.409471 0.017625 0.670322 0 0 255
0.453943 0.261846 0.561687 209 209 45
0.333353 0.349568 0.519096 254 254 0
0.280129 0.26087 0.607034 64 64 190
0.0925767 0.0905987 0.680785 0 0 255
0.370208 -0.191428 0.636813 0 0 255
0.149724 -0.0765673 0.683814 0 0 255
0.627949 -0.196316 0.442607 199 199 55
0.10662 -0.0345811 0.689613 0 0 255
-0.191688 0.165076 0.65895 253 253 1
0.580265 -0.157741 0.533077 246 246 8
0.370101 0.035064 0.679372 0 0 255
0.0124061 0.206819 0.640309 144 144 110
0.390871 0.0851734 0.668006 0 0 255
0.378332 -0.0501255 0.675734 0 0 255
0.339691 -0.0278676 0.685679 0 0 255
-0.0600803 0.261323 0.607446 254 254 0
0.380684 0.00376363 0.67898 0 0 255
0.277363 0.249876 0.614286 45 45 209
0.0202988 0.241558 0.619608 194 194 60
0.679178 -0.0676914 0.432591 140 140 114
0.0928121 0.125382 0.672523 0 0 255
0.365067 0.202042 0.633028 0 0 255
0.367115 0.202664 0.632081 79 79 175
0.107369 -0.156757 0.662392 0 0 255
-0.1077 0.0484149 0.688205 121 121 133
0.418119 0.00130225 0.667697 0 0 255
0.516668 0.331376 0.42856 0 0 254
0.181247 -0.147308 0.665653 0 0 255
-0.391751 -0.200764 0.626417 16 16 238
0.412523 0.0535052 0.666943 0 0 255
0.41584 0.16474 0.635658 0 0 255
0.254192 -0.210859 0.638338 0 0 255
0.0981004 -0.309614 0.566498 232 232 22
0.413692 -0.262095 0.580277 170 170 84
-0.275242 -0.0190681 0.689779 253 253 1
0.00305335 -0.0728414 0.684755 0 0 255
-0.0548353 0.0403941 0.688346 125 125 129
-0.321034 0.0688515 0.683344 244 244 10
0.0890001 -0.140532 0.667521 0 0 255
0.0878004 0.0506377 0.687355 0 0 255
0.2246 -0.298145 0.578082 247 247 7
0.124811 0.117143 0.674918 0 0 255
-0.101687 0.0535776 0.686909 110 110 144
0.221378 -0.185268 0.650214 0 0 255
-0.298699 -0.0886181 0.68072 254 254 0
0.0344175 0.0389907 0.689213 0 0 255
-0.0747634 0.188236 0.649055 177 177 77
0.270469 0.264093 0.604761 96 96 158
0.395999 0.106641 0.660846 0 0 255
0.325111 -0.404062 0.431727 4 4 250
0.127512 -0.136793 0.669453 0 0 255
0.200974 -0.253761 0.612666 78 78 176
0.378925 -0.401235 0.417788 124 124 130
0.476136 0.192855 0.595556 131 131 123
-0.222453 0.299723 0.576781 130 130 124
0.159263 0.17864 0.653872 0 0 255
0.255125 0.214568 0.635973 0 0 255
0.388993 0.0248639 0.675453 0 0 255
0.232443 0.00335691 0.690203 0 0 255
0.400852 0.280291 0.569787 229 229 25
0.10715 0.0574932 0.687082 0 0 255
0.411187 0.211193 0.6148 64 64 190
-0.00821419 0.0483231 0.687705 0 0 255
0.232949 0.148284 0.665293 0 0 255
0.0314569 0.08041 0.68276 0 0 255
0.408504 -0.0987443 0.659566 0 0 255
0.426305 -0.0756634 0.658025 0 0 255
0.421941 -0.111956 0.65143 0 0 255
-0.326312 -0.0854774 0.679769 243 243 11
0.222604 -0.0891251 0.681522 0 0 255
0.5052 -0.295331 0.491595 240 240 14
-0.127123 -0.302433 0.573962 236 236 18
0.266193 0.305647 0.570886 254 254 0
0.647893 -0.0510912 0.490362 217 217 37
0.218231 -0.360046 0.51113 254 254 0
0.580286 0.179274 0.521894 235 235 19
-0.0160621 0.409729 0.427718 0 0 255
0.49479 0.0856081 0.625015 1 1 253
0.235414 0.329533 0.547676 254 254 0
0.567188 0.0874256 0.573584 221 221 33
0.382996 -0.121659 0.661069 0 0 255
0.276859 -0.13715 0.669081 0 0 255
-0.0282037 -0.352747 0.519278 199 199 55
0.311755 -0.316933 0.558033 243 243 11
-0.0449379 0.359494 0.511697 208 208 46
-0.219719 -0.182645 0.651396 239 239 15
-0.0760646 -0.257375 0.609519 250 250 4
-0.0110708 0.187224 0.649624 110 110 144
-0.0534991 0.00662738 0.690069 8 8 246
0.162011 0.0902489 0.681338 0 0 255
0.615445 0.204472 0.456307 218 218 36
0.503678 0.158284 0.596082 120 120 134
-0.00133187 0.0736455 0.684657 0 0 255
-0.140257 0.0636566 0.686148 212 212 42
-0.210831 -0.0278795 0.689714 231 231 23
-0.161366 0.29945 0.576914 186 186 68
0.38499 -0.235216 0.609396 138 138 116
-0.325025 -0.297601 0.5742 0 0 255
0.285345 -0.107467 0.677289 0 0 255
-0.120791 0.0806791 0.683148 122 122 132
0.130421 -0.384021 0.474596 208 208 46
-0.342163 0.229218 0.622549 65 65 189
-0.224192 -0.0746734 0.684077 225 225 29
0.25365 0.0489882 0.687658 0 0 255
0.410881 0.00472375 0.670399 0 0 255
0.339433 -0.243227 0.613728 85 85 169
-0.189736 -0.0605513 0.685987 196 196 58
0.56749 -0.320509 0.367268 18 18 236
0.25743 -0.087412 0.681999 0 0 255
0.396662 0.348031 0.500348 247 247 7
0.371218 0.194327 0.635515 0 0 255
-0.00856411 -0.138045 0.66837 0 0 255
0.428277 -0.210518 0.608659 124 124 130
0.0755823 0.173614 0.655512 2 2 252
0.0399069 -0.200614 0.643504 177 177 77
-0.175841 0.214379 0.63602 254 254 0
0.612955 -0.123205 0.514303 250 250 4
-0.102877 -0.128672 0.672039 156 156 98
0.00569345 0.161922 0.660658 167 167 87
0.338727 -0.0341914 0.68551 0 0 255
0.00887695 -0.0868787 0.681771 0 0 255
0.370795 -0.0383345 0.679226 0 0 255
0.500267 0.0687785 0.624902 22 22 232
-0.224859 -0.122146 0.673327 251 251 3
-0.260454 0.155878 0.6631 225 225 29
-0.0365269 0.089632 0.681429 0 0 255
0.301236 -0.293799 0.580127 228 228 26
-0.216868 -0.239668 0.621602 251 251 3
0.104368 -0.163832 0.659644 78 78 176
0.175866 -0.109946 0.67667 0 0 255
0.610385 -0.0716138 0.535482 254 254 0
0.188266 -0.0510423 0.687938 0 0 255
0.406588 0.101829 0.659516 0 0 255
0.152311 0.0436837 0.688854 0 0 255
0.157717 0.175644 0.655288 42 42 212
0.308897 0.234499 0.623218 84 84 170
-0.294416 0.142119 0.666821 248 248 6
0.176212 0.0916179 0.680964 0 0 255
0.377268 -0.27926 0.579575 181 181 73
-0.102464 -0.0649758 0.685592 95 95 159
0.116778 0.0428409 0.688366 0 0 255
-0.251006 -0.128828 0.671824 253 253 1
-0.0179707 0.0158774 0.690476 0 0 255
-0.0336821 0.0964003 0.680083 0 0 255
0.0294156 0.329649 0.547034 238 238 16
0.497217 -0.0947235 0.621735 0 0 255
0.164787 0.0180867 0.689678 0 0 255
0.308846 0.15315 0.662535 0 0 255
0.25544 0.193722 0.646642 0 0 255
0.494105 -0.0098812 0.634724 0 0 255
-0.0988983 -0.0356165 0.688758 60 60 194
0.611594 -0.0796284 0.531424 254 254 0
0.00448212 -0.0845131 0.682012 0 0 255
0.580693 0.0771608 0.564592 242 242 12
0.474305 0.0483474 0.642105 0 0 255
0.414244 -0.208642 0.614855 195 195 59
0.511897 0.221867 0.554008 253 253 1
0.573939 -0.249398 0.468691 186 186 68
-0.0756137 -0.0273836 0.689767 0 0 255
0.438177 -0.0508854 0.657862 0 0 255
0.142836 -0.16409 0.659375 0 0 255
0.28535 0.189349 0.648713 0 0 255
0.418414 -0.033632 0.666876 0 0 255
0.321174 -0.177614 0.651931 0 0 255
0.0286175 -0.395743 0.454369 63 63 191
0.0711252 -0.213337 0.637064 44 44 210
0.411957 -0.128823 0.650651 0 0 255
0.217766 0.192044 0.647685 0 0 255
0.0247376 0.252851 0.613107 191 191 63
0.454555 -0.000462564 0.653954 0 0 255
0.53843 0.226052 0.529415 251 251 3
0.303935 0.090966 0.680077 0 0 255
0.4285 0.142633 0.639547 0 0 255
0.523509 0.00624832 0.617615 70 70 184
0.648673 0.0779712 0.483135 241 241 13
0.339819 0.152972 0.658584 0 0 255
0.275076 -0.405208 0.436127 9 9 245
0.133062 -0.0463907 0.688478 0 0 255
-0.449633 -0.0839173 0.648193 0 0 255
0.542347 0.201706 0.543943 250 250 4
0.35857 0.292726 0.573167 196 196 58
0.383259 0.0233766 0.677102 0 0 255
-0.162653 0.155338 0.662445 238 238 16
-0.208435 -0.010748 0.690111 250 250 4
0.171061 0.222115 0.631763 24 24 230
0.428232 -0.056494 0.660598 0 0 255
0.172013 0.18352 0.651517 0 0 255
0.345135 -0.19797 0.638663 100 100 154
0.0123169 0.258559 0.608788 201 201 53
-0.173066 0.0389956 0.68899 192 192 62
0.419247 -0.229141 0.600618 196 196 58
0.489075 0.060107 0.633697 0 0 255
-0.0992688 0.0408992 0.68835 88 88 166
0.388206 -0.179943 0.637806 35 35 219
0.230046 -0.331944 0.5446 244 244 10
-0.0364599 -0.175711 0.65468 143 143 111
0.282908 -0.041873 0.68824 0 0 255
-0.382011 0.0602604 0.674452 167 167 87
0.278212 -0.0864019 0.682414 0 0 255
-0.159312 -0.140606 0.668285 242 242 12
0.450496 -0.15688 0.624747 147 147 107
-0.179887 -0.301743 0.574432 217 217 37
0.445153 -0.291433 0.539815 246 246 8
0.305923 -0.15524 0.661666 0 0 255
0.28832 -0.29257 0.582399 183 183 71
-0.0802211 -0.253197 0.612353 254 254 0
0.654935 -0.110609 0.460086 171 171 83
-0.0459021 -0.00475981 0.690295 0 0 255
0.131868 0.0170333 0.689797 0 0 255
0.494498 0.0215671 0.633657 0 0 255
-0.0396353 0.240372 0.621347 249 249 5
-0.371668 0.182234 0.640611 86 86 168
-0.195702 -0.123993 0.673207 237 237 17
0.0614262 0.0233813 0.689506 0 0 255
0.0524001 -0.116434 0.675433 0 0 255
0.110358 0.234852 0.624144 199 199 55
0.511958 0.0662255 0.619494 41 41 213
-0.131541 -0.138415 0.668233 178 178 76
0.491525 -0.153906 0.605784 166 166 88
0.518548 0.157663 0.586503 154 154 100
0.389545 0.0431062 0.673857 0 0 255
-0.381476 -0.182538 0.638491 16 16 238
0.0617008 -0.305666 0.570098 240 240 14
0.554085 -0.023697 0.595075 132 132 122
0.452217 0.145242 0.629106 0 0 255
-0.00811734 -0.0386768 0.688997 0 0 255
0.638391 0.0170569 0.509391 230 230 24
-0.0594894 -0.0426053 0.688609 58 58 196
-0.0091964 -0.0789731 0.683302 0 0 255
0.139148 0.31109 0.565064 216 216 38
0.673966 -0.0515446 0.447042 147 147 107
0.268435 -0.11451 0.675331 0 0 255
-0.128057 0.0673417 0.685232 143 143 111
0.144595 0.205457 0.64133 89 89 165
0.33347 0.326032 0.545469 236 236 18
0.345223 0.114046 0.670034 0 0 255
0.656504 -0.0502397 0.478195 234 234 20
0.477941 -0.0112948 0.643269 0 0 255
0.523934 0.153585 0.58498 153 153 101
0.363444 -0.154031 0.654147 0 0 255
0.112886 -0.281251 0.591487 249 249 5
0.450875 0.05338 0.652332 0 0 255
0.25441 0.0640796 0.686019 0 0 255
-0.025324 -0.051676 0.687029 0 0 255
0.112317 -0.365172 0.503181 178 178 76
0.339038 0.0997147 0.674625 0 0 255
0.148778 -0.0839691 0.682232 0 0 255
0.0970836 -0.0483864 0.687694 0 0 255
-0.408884 0.0873317 0.66199 48 48 206
-0.269025 -0.0427541 0.688527 250 250 4
-0.453868 0.157717 0.623652 0 0 255
-0.386759 0.184534 0.636148 0 0 255
0.194165 -0.107503 0.677269 0 0 255
0.473061 0.120637 0.627997 0 0 255
-0.215984 0.0746265 0.684509 254 254 0
0.0143659 -0.111753 0.676677 0 0 255
0.0722518 0.0131407 0.690426 0 0 255
0.456003 -0.308174 0.515377 254 254 0
-0.32316 0.0315572 0.686582 247 247 7
0.168068 0.0621061 0.686204 0 0 255
0.183952 -0.058211 0.686472 0 0 255
0.390001 0.131104 0.656364 0 0 255
0.383882 0.25138 0.598317 140 140 114
0.140266 -0.118333 0.674747 0 0 255
0.195717 0.103429 0.678955 0 0 255
0.623393 0.0123538 0.527717 253 253 1
-0.151966 0.137852 0.669209 236 236 18
0.0945785 -0.00462815 0.69034 0 0 255
0.125773 0.272318 0.598866 184 184 70
0.322768 0.00639021 0.687805 0 0 255
0.0996236 -0.0291843 0.689223 0 0 255
0.539563 -0.181289 0.558254 244 244 10
0.50049 0.246359 0.544024 254 254 0
0.235043 -0.0686796 0.685177 0 0 255
0.070132 -0.0624822 0.686144 0 0 255
0.181877 -0.122963 0.672927 0 0 255
0.308043 -0.176228 0.653956 0 0 255
0.392417 0.410879 0.383458 43 43 211
0.662849 -0.0513397 0.467572 149 149 105
0.466764 -0.258701 0.555693 242 242 12
0.61056 0.111747 0.521389 254 254 0
0.229154 -0.0374762 0.689039 0 0 255
0.299283 0.232295 0.62533 4 4 250
0.366528 0.241294 0.609429 177 177 77
0.25746 0.264074 0.605259 210 210 44
0.506738 -0.12754 0.606388 55 55 199
0.189311 0.125024 0.672784 0 0 255
0.42205 -0.193743 0.620151 84 84 170
0.0906316 -0.133179 0.669982 0 0 255
0.535437 0.28371 0.476607 223 223 31
0.387212 0.266188 0.586927 136 136 118
0.484869 0.0658604 0.634975 62 62 192
0.440248 -0.105456 0.646444 0 0 255
0.415785 -0.0273997 0.667802 0 0 255
0.0570147 0.0456531 0.687986 0 0 255
0.258867 0.314507 0.562974 248 248 6
0.207337 0.417027 0.408829 0 0 255
0.0106314 -0.16767 0.657725 8 8 246
0.498488 0.10864 0.616985 41 41 213
-0.118575 0.101104 0.679268 233 233 21
0.0344434 -0.0654431 0.685849 0 0 255
-0.278504 0.218157 0.633929 218 218 36
0.296601 -0.338096 0.537368 252 252 2
0.111443 0.325888 0.550815 239 239 15
0.584141 -0.0255384 0.569591 243 243 11
-0.187149 -0.0540201 0.687586 192 192 62
0.0298106 -0.205617 0.640994 94 94 160
-0.182335 0.0385218 0.689172 168 168 86
0.296402 0.164693 0.658699 0 0 255
-0.0422134 0.0988204 0.679882 50 50 204
0.0503 -0.00779337 0.69061 0 0 255
-0.342325 0.19871 0.639123 155 155 99
0.160649 0.218826 0.633888 141 141 113
0.392018 0.0238254 0.675459 0 0 255
0.271462 0.381179 0.480041 238 238 16
0.458485 0.0883351 0.643494 1 1 253
0.329114 -0.00501857 0.687106 0 0 255
-0.0307472 0.0143878 0.690238 0 0 255
0.41909 -0.323563 0.519722 254 254 0
0.106177 -0.145697 0.666453 0 0 255
-0.100661 0.000210192 0.69019 79 79 175
0.113527 -0.350061 0.523529 253 253 1
-0.174089 0.389818 0.464445 0 0 255
0.457803 -0.0527458 0.649316 6 6 248
0.605932 -0.0148252 0.547535 227 227 27
0.358793 -0.00950731 0.683103 0 0 255
0.487932 0.0138864 0.638056 0 0 255
-0.486964 -0.0245245 0.637871 0 0 255
-0.30209 0.12393 0.672018 227 227 27
0.215002 0.0197015 0.689831 0 0 255
0.482741 0.217127 0.576819 204 204 50
0.385334 -0.403287 0.409141 0 0 255
-0.0393507 -0.144441 0.667166 62 62 192
-0.0560879 -0.199484 0.643704 228 228 26
0.036695 -0.346231 0.528305 219 219 35
-0.304343 0.231655 0.62559 127 127 127
-0.0267766 -0.0567878 0.687012 0 0 255
0.195898 0.00484661 0.690149 0 0 255
0.595211 -0.292457 0.368756 0 0 255
0.443767 0.177493 0.618814 83 83 171
0.24623 0.0994619 0.67931 0 0 255
0.627459 -0.0281323 0.521728 243 243 11
-0.0406338 -0.120379 0.673584 44 44 210
0.439247 -0.142439 0.636061 89 89 165
0.653313 0.0358538 0.485893 226 226 28
0.476601 0.0711517 0.637254 89 89 165
0.309937 -0.392998 0.457468 160 160 94
0.452285 0.017872 0.654544 0 0 255
0.326245 -0.187386 0.646867 0 0 255
0.483091 0.00851679 0.641166 0 0 255
0.338921 -0.327562 0.542577 254 254 0
0.332734 0.103899 0.67473 0 0 255
0.0589714 0.0410517 0.688704 0 0 255
0.436127 0.0129521 0.661394 0 0 255
-0.145692 0.11381 0.675696 179 179 75
0.311139 0.358327 0.511282 254 254 0
0.34448 0.0995115 0.674272 0 0 255
0.469113 0.0865029 0.63884 0 0 255
-0.246389 -0.161972 0.659932 254 254 0
-0.0255165 -0.371732 0.493377 163 163 91
0.226867 0.0395751 0.688832 0 0 255
0.58106 0.0686532 0.565865 253 253 1
0.361544 0.129054 0.663309 0 0 255
0.396144 0.126552 0.655354 0 0 255
-0.33901 -0.29859 0.571676 0 0 255
0.419308 -0.0260969 0.666669 0 0 255
0.0485829 -0.00702149 0.69079 0 0 255
0.164747 0.107117 0.678051 0 0 255
0.396735 -0.0332828 0.673427 0 0 255
0.187837 0.26144 0.606748 102 102 152
0.555758 -0.0886099 0.58286 227 227 27
0.00191359 0.0103781 0.690758 0 0 255
0.308716 0.226212 0.62877 0 0 255
-0.0579141 -0.329187 0.54712 229 229 25
0.294896 0.409122 0.427308 178 178 76
0.0621054 0.194161 0.646993 0 0 255
-0.101099 -0.123348 0.672901 171 171 83
-0.159274 -0.174753 0.655456 249 249 5
0.477228 -0.0678293 0.638307 0 0 255
0.28729 0.0919205 0.680464 0 0 255
0.596224 -0.211379 0.477348 185 185 69
-0.258011 -0.315011 0.562418 145 145 109
0.258984 -0.0239214 0.68966 0 0 255
-0.0674461 0.162756 0.659863 165 165 89
0.303844 -0.0102861 0.689118 0 0 255
0.596198 0.0180494 0.557416 238 238 16
-0.068634 0.269968 0.600508 247 247 7
-0.193266 0.158813 0.66159 241 241 13
0.00751872 -0.219036 0.633727 130 130 124
0.192398 -0.133999 0.669851 0 0 255
0.135721 -0.118703 0.674903 0 0 255
0.342578 -0.0646845 0.681193 0 0 255
-0.102804 0.287525 0.58717 254 254 0
0.336061 -0.232935 0.620899 11 11 243
0.498428 0.141073 0.606266 92 92 162
0.0148497 -0.134851 0.669698 81 81 173
-0.375629 -0.0112871 0.679163 204 204 50
-0.0239314 -0.113921 0.67535 109 109 145
0.482085 -0.0655159 0.635527 30 30 224
0.339384 0.419913 0.390905 0 0 255
0.196088 -0.202162 0.642961 0 0 255
0.0500819 0.0339707 0.689577 0 0 255
0.29527 -0.0471693 0.687752 0 0 255
-0.360356 0.0528402 0.679515 160 160 94
0.0632988 0.125529 0.672218 0 0 255
0.386633 -0.212466 0.621864 0 0 255
0.298297 0.146658 0.665732 0 0 255
0.139154 -0.0118365 0.689997 0 0 255
0.223967 0.148753 0.66571 0 0 255
0.462183 -0.345447 0.461748 136 136 118
0.38258 -0.135515 0.657024 0 0 255
0.106973 0.257084 0.609556 232 232 22
0.194277 0.00415761 0.690934 0 0 255
0.383175 0.0403222 0.676221 0 0 255
-0.252281 -0.351457 0.520851 0 0 255
0.133997 -0.366012 0.503126 235 235 19
0.349684 -0.0626841 0.679853 0 0 255
0.0864039 0.0893721 0.681491 0 0 255
-0.224107 0.0409576 0.6882 230 230 24
0.319993 0.330573 0.542983 249 249 5
0.0889139 -0.0985568 0.679194 0 0 255
-0.26484 -0.137333 0.669273 253 253 1
0.052854 0.00753505 0.690883 0 0 255
0.189713 -0.0296203 0.689501 0 0 255
-0.0536227 -0.0113786 0.690084 0 0 255
0.398494 -0.291272 0.56182 234 234 20
0.380506 -0.313017 0.547203 252 252 2
-0.349603 -0.0323438 0.683471 199 199 55
0.170401 0.0759741 0.683677 0 0 255
0.174917 -0.175063 0.655462 0 0 255
-0.0820071 -0.0299474 0.689173 0 0 255
-0.187201 0.231337 0.626868 208 208 46
0.0643926 0.0253628 0.689852 0 0 255
0.0994246 0.171844 0.656495 0 0 255
0.167105 0.374707 0.488898 142 142 112
-0.150436 0.095581 0.680007 174 174 80
0.0500511 -0.257465 0.609332 236 236 18
0.0120916 -0.267189 0.603001 254 254 0
-0.270987 -0.168603 0.658115 253 253 1
0.439631 0.320025 0.512032 235 235 19
0.263324 0.302821 0.573345 193 193 61
0.126234 -0.20491 0.640647 94 94 160
-0.129186 -0.0646904 0.685606 135 135 119
-0.23982 0.0586291 0.686346 246 246 8
0.156654 -0.135309 0.669592 0 0 255
0.41867 -0.18747 0.624482 0 0 255
-0.0232165 -0.171668 0.656596 95 95 159
0.208349 0.0606859 0.686488 0 0 255
0.186611 -0.35672 0.514108 227 227 27
0.253411 0.19358 0.647051 0 0 255
0.128565 0.0511079 0.687738 0 0 255
0.318552 -0.213241 0.634305 0 0 255
0.264041 -0.174268 0.655546 0 0 255
0.29887 0.194226 0.64546 23 23 231
0.194937 -0.0721898 0.684376 0 0 255
0.0422016 -0.0270273 0.689833 0 0 255
0.608359 -0.139841 0.511645 254 254 0
0.34958 0.20819 0.632613 0 0 255
-0.336595 -0.0241942 0.686464 208 208 46
-0.285421 0.35938 0.511396 0 0 255
0.315893 -0.42982 0.369219 42 42 212
0.132575 0.0811488 0.683108 0 0 255
0.373962 0.237332 0.610285 143 143 111
-0.00930773 -0.179735 0.653585 75 75 179
0.381089 -0.22998 0.613538 71 71 183
-0.053274 0.145394 0.666096 89 89 165
0.0326262 0.389705 0.46452 156 156 98
0.318305 -0.174868 0.653619 0 0 255
-0.0437499 -0.0122468 0.690644 16 16 238
0.419969 0.0572297 0.663643 0 0 255
0.0385355 -0.00690496 0.690816 0 0 255
0.659544 0.0308842 0.476503 160 160 94
0.546841 -0.0491848 0.597957 108 108 146
0.435907 -0.212476 0.604668 216 216 38
0.070226 -0.022505 0.690069 0 0 255
0.44146 0.177706 0.620282 95 95 159
0.346226 -0.0820187 0.677412 0 0 255
0.0623186 0.126854 0.671936 0 0 255
-0.0644405 -0.0355026 0.688615 14 14 240
0.359539 -0.038884 0.681334 0 0 255
0.583895 0.0166583 0.569457 236 236 18
0.429046 -0.235869 0.591996 134 134 120
0.144281 -0.267701 0.602551 161 161 93
0.288436 -0.390915 0.463351 206 206 48
0.424874 -0.147718 0.63909 37 37 217
0.381215 -0.04961 0.675482 0 0 255
0.375232 0.224954 0.617892 21 21 233
-0.316293 -0.263711 0.602585 21 21 233
0.452477 -0.0932479 0.644391 0 0 255
-0.37113 0.0550533 0.677511 200 200 54
0.456995 -0.196001 0.603433 106 106 148
0.291024 0.0564858 0.686297 0 0 255
0.448079 0.304821 0.523557 249 249 5
0.357467 0.198351 0.635908 0 0 255
0.159329 0.0920441 0.680738 0 0 255
0.412275 0.0738888 0.663811 0 0 255
0.0115833 0.175 0.654931 27 27 227
0.315249 0.0305741 0.688227 0 0 255
0.36671 0.128821 0.662065 0 0 255
0.322169 -0.0293606 0.687298 0 0 255
-0.0901381 0.0516377 0.68754 50 50 204
0.178633 0.0973323 0.679684 0 0 255
0.230705 0.334429 0.540944 254 254 0
-0.171681 -0.20447 0.641661 251 251 3
0.113777 -0.107811 0.677054 0 0 255
0.290036 0.107777 0.677452 0 0 255
0.30098 0.307592 0.56777 217 217 37
0.381377 -0.147101 0.652381 0 0 254
-0.276842 -0.173166 0.655747 249 249 5
0.461594 -0.0248899 0.650103 35 35 219
0.2896 0.143884 0.667181 0 0 255
0.206598 0.254763 0.612023 162 162 92
0.489127 0.0364217 0.636481 0 0 255
0.237525 0.219908 0.632834 20 20 234
0.454576 -0.19311 0.606547 142 142 112
0.442401 -0.177503 0.619528 24 24 230
0.31457 -0.24865 0.614268 23 23 231
0.172953 -0.061666 0.685869 0 0 255
0.245902 0.1382 0.669229 0 0 255
0.640741 -0.0295146 0.504546 250 250 4
0.465741 -0.123033 0.630605 143 143 111
-0.267145 0.10375 0.678555 253 253 1
0.4669 -0.280993 0.537194 254 254 0
0.200666 0.168747 0.657219 0 0 255
0.475493 0.224009 0.577508 226 226 28
0.0021632 0.324091 0.552449 217 217 37
0.39508 -0.244736 0.599058 98 98 156
0.293239 0.358808 0.511951 254 254 0
-0.135666 0.304817 0.571005 237 237 17
0.29688 -0.113611 0.675095 0 0 255
0.406799 -0.103546 0.658678 0 0 255
0.314974 0.0839297 0.681077 0 0 255
-0.0879521 0.199193 0.644458 230 230 24
0.0838802 -0.157472 0.66225 0 0 255
-0.216232 0.383219 0.477225 0 0 255
-0.0599857 0.129403 0.671963 101 101 153
0.339261 -0.363911 0.498088 198 198 56
-0.379888 -0.163779 0.646939 0 0 255
0.622389 0.0367718 0.527901 254 254 0
0.181175 0.232144 0.626008 0 0 255
0.292655 0.151195 0.664128 0 0 255
0.314711 -0.10926 0.675414 0 0 255
0.333073 -0.0283911 0.686439 0 0 255
0.153263 0.0822278 0.682478 0 0 255
0.0421079 -0.200697 0.643733 149 149 105
0.325935 -0.334755 0.536836 238 238 16
0.232894 -0.154969 0.662564 0 0 255
0.578896 0.0161631 0.574472 241 241 13
0.311841 -0.136129 0.667565 0 0 255
0.0250512 -0.208117 0.639065 128 128 126
-0.146772 0.0461165 0.688455 150 150 104
0.30665 -0.347276 0.525371 253 253 1
-0.230922 0.0795105 0.68304 248 248 6
-0.166487 0.0434755 0.688388 151 151 103
0.130259 0.116966 0.674794 0 0 255
-0.0718626 -0.0204905 0.690366 0 0 255
0.184851 0.135789 0.670038 0 0 255
0.21342 0.191223 0.647836 0 0 255
0.25252 0.234268 0.625236 45 45 209
0.163333 0.1299 0.670871 0 0 255
0.361102 -0.13884 0.660026 0 0 255
0.130564 0.113282 0.675704 0 0 255
0.50749 -0.0285734 0.626513 0 0 255
0.0858989 0.0724505 0.684738 0 0 255
0.505836 0.0213354 0.628045 38 38 216
0.352229 0.142883 0.660277 0 0 255
-0.265366 -0.26726 0.602214 184 184 70
0.21635 0.416206 0.412416 138 138 116
0.0078135 -0.148346 0.665475 0 0 255
0.367721 -0.171395 0.646497 0 0 255
-0.245939 0.380883 0.480501 0 0 255
0.309085 -0.222454 0.630576 67 67 187
0.252234 -0.412356 0.420086 160 160 94
0.0254396 0.0114412 0.69015 0 0 255
0.364497 0.284765 0.578259 205 205 49
0.16651 0.122702 0.672956 0 0 255
0.254793 -0.25472 0.611308 205 205 49
0.566773 0.260855 0.465876 211 211 43
0.329428 0.150135 0.661479 0 0 255
-0.0935556 0.106333 0.677717 94 94 160
0.401794 0.0331286 0.671804 0 0 255
0.277181 0.207572 0.639649 0 0 255
0.261735 0.242559 0.619734 133 133 121
0.284515 0.159041 0.661343 0 0 255
0.229418 -0.265362 0.603614 122 122 132
0.448671 0.154546 0.626385 28 28 226
0.0952744 0.126005 0.672757 0 0 255
0.20331 0.267595 0.602094 165 165 89
0.186554 -0.129665 0.671394 0 0 255
0.327647 -0.410043 0.417995 158 158 96
0.534687 0.0511023 0.606461 153 153 101
0.037428 0.0744619 0.684389 0 0 255
0.0980025 -0.279839 0.592835 212 212 42
0.465368 0.0978129 0.637953 0 0 255
0.517022 -0.0354336 0.619782 5 5 249
0.362654 -0.00578014 0.682603 0 0 255
0.135046 -0.176207 0.654504 0 0 255
0.529843 -0.0373755 0.611609 75 75 179
-0.110801 0.403124 0.440026 0 0 255
-0.225499 -0.197754 0.644668 254 254 0
0.468726 0.190462 0.600447 180 180 74
0.122769 -0.0475927 0.687928 0 0 255
0.38262 -0.116714 0.661833 0 0 255
0.508055 0.158351 0.593465 110 110 144
0.0108075 -0.0673682 0.685646 0 0 255
0.383733 0.236277 0.608647 136 136 118
0.371299 0.0619505 0.676122 0 0 255
0.38182 0.13704 0.656457 0 0 255
0.0591101 -0.0991489 0.679337 0 0 255
0.0813546 -0.292812 0.582467 250 250 4
0.326188 0.0391078 0.685901 0 0 255
0.334851 -0.123144 0.669263 0 0 255
0.587867 -0.0450692 0.563426 208 208 46
0.392078 0.208552 0.621974 164 164 90
0.033594 0.0799025 0.682896 0 0 255
0.217234 -0.0505847 0.687931 0 0 255
-0.419032 -0.0720137 0.661593 86 86 168
0.638981 -0.110202 0.485726 178 178 76
0.236006 0.00715059 0.690576 0 0 255
0.396168 0.184627 0.633821 26 26 228
-0.16343 -0.322812 0.553886 209 209 45
0.106938 0.0718332 0.685233 0 0 255
0.125821 -0.0267159 0.689799 0 0 255
0.303746 0.416724 0.407081 129 129 125
0.620609 -0.0896423 0.518121 253 253 1
0.12681 0.230813 0.626609 38 38 216
0.416231 -0.296299 0.550219 252 252 2
-0.1579 -0.414501 0.415535 0 0 255
0.124936 0.321749 0.555281 254 254 0
0.182502 -0.154274 0.662978 0 0 255
0.349965 0.0333728 0.683506 0 0 255
0.374517 -0.188501 0.637422 85 85 169
-0.0795084 0.153118 0.663343 114 114 140
0.4188 0.362919 0.466148 149 149 105
0.376998 0.275598 0.582239 183 183 71
-0.253954 -0.181672 0.652003 253 253 1
0.41481 -0.0982677 0.6578 0 0 255
-0.347406 -0.0744513 0.678579 224 224 30
0.257891 0.0258436 0.689743 0 0 255
-0.00112551 0.131732 0.670345 10 10 244
-0.183709 0.326966 0.549295 193 193 61
-0.144685 0.336746 0.53918 192 192 62
0.420754 0.170299 0.632115 65 65 189
-0.104814 -0.302991 0.573436 251 251 3
0.414385 0.0282941 0.668013 0 0 255
-0.255616 -0.0240153 0.690016 247 247 7
-0.377222 0.148795 0.652902 112 112 142
0.0475643 -0.110463 0.676891 0 0 255
0.409233 -0.00237874 0.670505 0 0 255
0.359028 0.14168 0.659833 0 0 255
0.148485 -0.075354 0.684636 0 0 255
0.515887 0.0439756 0.619679 8 8 246
-0.18355 0.190105 0.64798 252 252 2
-0.0682902 -0.421099 0.399695 0 0 255
0.252875 -0.0557587 0.687474 0 0 255
0.0212484 0.279356 0.59303 247 247 7
0.102557 -0.0141183 0.689954 0 0 255
0.634918 -0.167434 0.45644 123 123 131
0.285413 -0.0734266 0.684692 0 0 255
0.227604 -0.310067 0.566156 239 239 15
-0.19045 0.181626 0.652139 250 250 4
0.54821 -0.0717545 0.59255 135 135 119
0.610658 0.19918 0.468329 235 235 19
-0.119263 -0.236049 0.623509 237 237 17
0.158043 0.00625439 0.690154 0 0 255
0.192244 -0.127877 0.671622 0 0 255
0.576661 0.0178974 0.576299 241 241 13
0.195462 0.264093 0.604386 132 132 122
0.418883 0.0715447 0.661623 0 0 255
0.544046 0.112182 0.585175 234 234 20
0.0244898 -0.272056 0.598885 212 212 42
0.170986 0.222208 0.63171 72 72 182
0.252258 -0.193776 0.646586 0 0 255
-0.174471 -0.0359743 0.689404 181 181 73
0.210185 0.133287 0.670772 0 0 255
0.0652666 0.165228 0.659346 0 0 255
0.62535 -0.153622 0.481092 231 231 23
-0.255619 0.304818 0.570921 43 43 211
0.312003 0.370329 0.493581 210 210 44
0.295805 -0.0350149 0.688531 0 0 255
-0.0372584 -0.122142 0.673196 112 112 142
0.321925 0.430252 0.365949 0 0 255
-0.0106046 -0.101405 0.67845 0 0 255
0.446549 0.18826 0.612296 148 148 106
-0.0852593 0.0517164 0.687421 40 40 214
0.0142886 -0.285381 0.588231 222 222 32
0.159155 -0.090418 0.681831 0 0 255
0.359267 -0.00123013 0.682696 0 0 255
-0.0206001 0.0554406 0.686809 21 21 233
0.167038 -0.243923 0.618815 24 24 230
0.243324 0.0976773 0.679644 0 0 255
0.308845 -0.0221231 0.688688 0 0 255
0.118524 0.189985 0.648226 20 20 234
0.276772 0.0281997 0.68936 0 0 255
0.233089 0.0712802 0.684898 0 0 255
0.341815 -0.117885 0.670078 0 0 255
0.0666563 -0.22468 0.629926 85 85 169
-0.00443892 0.211148 0.637694 219 219 35
0.329836 0.0182643 0.687456 0 0 255
0.0876458 0.0617262 0.685798 0 0 255
0.139003 0.138613 0.668948 0 0 255
-0.17771 -0.26979 0.600199 205 205 49
0.421592 0.253325 0.583391 158 158 96
-0.156885 0.143909 0.66729 193 193 61
0.230315 0.305796 0.571133 216 216 38
0.0561726 0.105367 0.678258 0 0 255
0.0300271 -0.0312302 0.689754 0 0 255
0.362602 -0.140672 0.659577 0 0 255
-0.301976 -0.115495 0.674926 249 249 5
0.462347 0.0223198 0.650488 0 0 255
0.539408 0.180243 0.558982 217 217 37
0.448258 -0.169992 0.620498 79 79 175
0.167117 0.15609 0.66283 0 0 255
-0.38141 -0.187521 0.636351 0 0 255
-0.185197 -0.0790982 0.683348 217 217 37
0.421437 0.0665152 0.661586 0 0 255
0.498771 -0.247768 0.544861 254 254 0
0.215101 0.070318 0.684783 0 0 255
-0.00156114 0.164486 0.658958 96 96 158
0.484557 -0.0847406 0.631542 3 3 251
0.448119 0.085523 0.647826 0 0 255
0.277108 0.284937 0.589404 129 129 125
0.486814 -0.344375 0.439894 187 187 67
-0.100213 0.108978 0.677607 160 160 94
0.396492 -0.00459422 0.674858 0 0 255
-0.0543079 -0.126283 0.672643 18 18 236
0.185301 0.173368 0.65616 0 0 255
0.217819 -0.106989 0.677799 0 0 255
0.130104 0.197404 0.644604 104 104 150
0.437027 -0.0220571 0.661088 0 0 255
-0.0774094 0.156838 0.662457 174 174 80
0.304828 -0.165361 0.657645 0 0 255
0.446832 0.0444215 0.655115 14 14 240
0.0172425 -0.077685 0.684127 0 0 255
-0.295991 0.00653286 0.690168 254 254 0
0.613118 0.168624 0.48864 214 214 40
-0.109924 0.134843 0.670178 242 242 12
-0.129739 -0.359647 0.510419 175 175 79
0.425104 -0.159423 0.634925 0 0 255
0.509039 -0.165357 0.58954 234 234 20
0.175842 0.158329 0.662064 0 0 255
-0.31796 -0.116486 0.672819 239 239 15
0.24094 0.145082 0.666349 0 0 255
-0.00499936 0.225439 0.630283 168 168 86
0.371008 -0.071741 0.674457 0 0 255
0.0210651 0.0436636 0.687882 0 0 255
0.277196 -0.305266 0.57097 200 200 54
0.262953 -0.042245 0.688361 0 0 255
-0.379807 0.122928 0.661049 174 174 80
0.458327 0.109365 0.637545 0 0 255
0.443746 0.277886 0.552804 253 253 1
0.15123 -0.212549 0.636803 0 0 255
0.332529 0.0637788 0.682398 0 0 255
0.262141 -0.052611 0.687297 0 0 255
0.0714749 -0.0974718 0.680134 0 0 255
-0.441585 0.0396746 0.657144 66 66 188
-0.197181 0.158275 0.662066 254 254 0
0.182356 0.202095 0.643058 0 0 255
0.342839 -0.14147 0.662968 0 0 255
0.56631 0.226208 0.501264 252 252 2
0.157296 -0.107035 0.678059 0 0 255
0.174484 -0.148858 0.665422 0 0 255
0.360708 -0.0918161 0.672605 0 0 255
0.177909 -0.075262 0.684204 0 0 255
-0.0754879 0.37251 0.492221 123 123 131
0.365212 0.101565 0.669669 0 0 255
0.606224 0.191069 0.482119 177 177 77
0.113327 -0.343284 0.531412 234 234 20
0.569377 0.326137 0.345135 0 0 255
-0.0497221 0.0348996 0.689419 0 0 255
0.29307 0.00662069 0.690402 0 0 255
0.0405016 -0.178958 0.653787 82 82 172
0.110418 -0.042462 0.687993 0 0 255
0.640114 -0.229513 0.374634 62 62 192
-0.0328402 0.0152138 0.690268 0 0 255
0.185106 -0.270445 0.600058 118 118 136
0.0117991 0.0932944 0.680979 0 0 255
0.117405 -0.168553 0.657678 0 0 255
-0.253513 0.0249415 0.690247 238 238 16
0.0632959 0.190751 0.648391 89 89 165
0.16207 0.11004 0.677189 0 0 255
0.0897729 -0.0251766 0.689998 0 0 255
0.511255 0.0914688 0.613793 157 157 97
-0.109498 -0.22008 0.632504 244 244 10
0.370759 0.255405 0.598971 156 156 98
-0.0992597 -0.244146 0.618614 243 243 11
0.156428 0.126276 0.672735 0 0 255
0.465352 -0.250014 0.564149 229 229 25
-0.264165 -0.251598 0.613417 218 218 36
0.420996 0.0636051 0.662798 0 0 255
0.47123 -0.0400265 0.644917 0 0 255
-0.334255 -0.167502 0.653891 188 188 66
-0.0138564 0.00124492 0.690504 0 0 255
-0.0992566 0.297959 0.577952 254 254 0
0.281988 -0.126489 0.672084 0 0 255
0.557285 0.0578109 0.587701 237 237 17
-0.314608 0.349689 0.52076 0 0 255
0.364614 -0.282573 0.579886 244 244 10
0.210079 -0.355866 0.516718 249 249 5
-0.210912 -0.0279752 0.689297 254 254 0
0.180747 0.23919 0.62118 0 0 255
0.15868 0.0787193 0.683056 0 0 255
-0.238211 -0.0590705 0.686987 251 251 3
0.0695946 0.164095 0.659147 0 0 255
0.27523 -0.153242 0.663538 0 0 255
0.408523 -0.0720116 0.665402 0 0 255
-0.337444 -0.0675681 0.681813 225 225 29
0.53315 -0.193714 0.556305 231 231 23
-0.110188 -0.240596 0.620746 253 253 1
0.349282 -0.0545529 0.68158 0 0 255
0.0863199 -0.145617 0.666681 0 0 255
-0.284171 -0.301237 0.574235 129 129 125
0.0113488 -0.122264 0.67379 0 0 255
0.051072 0.274109 0.597939 250 250 4
-0.0151572 0.297478 0.578306 241 241 13
0.382096 0.411346 0.390895 94 94 160
0.0435453 0.0337207 0.689418 0 0 255
0.301649 0.122684 0.673214 0 0 255
0.268588 -0.230135 0.627339 88 88 166
-0.0632311 0.169564 0.657776 209 209 45
-0.384939 0.0624668 0.673226 179 179 75
0.0298017 0.097138 0.679858 0 0 255
0.287272 -0.424714 0.388265 86 86 168
0.266058 0.295604 0.579172 198 198 56
0.285767 0.350004 0.523326 254 254 0
-0.298999 0.145621 0.665589 227 227 27
-0.342278 -0.277466 0.589466 4 4 250
0.43673 -0.173581 0.624405 0 0 255
0.219629 0.0554859 0.686917 0 0 255
0.0097217 0.350442 0.523119 239 239 15
0.0733045 -0.0848737 0.682142 0 0 255
0.307703 -0.181253 0.651357 0 0 255
0.528527 0.0751302 0.60617 104 104 150
0.170077 0.134949 0.669959 0 0 255
-0.375183 -0.227826 0.615602 12 12 242
0.116432 -0.145334 0.66589 0 0 255
0.491429 -0.130823 0.614678 99 99 155
0.382693 -0.267625 0.586778 164 164 90
0.298084 -0.0171155 0.690173 0 0 255
0.482057 0.190282 0.5932 228 228 26
0.18235 -0.149619 0.66463 0 0 255
0.357295 0.0757082 0.676975 0 0 255
0.160429 0.0938371 0.680379 0 0 255
0.114864 0.154417 0.663365 0 0 255
0.272418 -0.196166 0.645579 0 0 255
0.333462 -0.244665 0.613825 32 32 222
0.0749569 -0.244003 0.618403 168 168 86
0.161581 0.0684035 0.685287 0 0 255
-0.0677496 -0.269136 0.601302 246 246 8
-0.0973547 0.0900299 0.681473 143 143 111
0.473157 0.0702821 0.639377 56 56 198
0.321963 -0.188909 0.646995 0 0 255
0.312992 0.193455 0.645774 0 0 255
0.011102 0.106033 0.678031 0 0 255
-0.229201 -0.203531 0.64227 254 254 0
0.514224 0.195898 0.569469 206 206 48
0.382975 -0.119278 0.661801 0 0 255
-0.0245 0.0953989 0.680518 0 0 255
-0.115933 0.113355 0.67585 141 141 113
0.171375 -0.0296863 0.689729 0 0 255
0.422095 -0.112445 0.651629 0 0 255
-0.101439 0.111694 0.6766 112 112 142
0.244055 -0.119382 0.674851 0 0 255
0.127725 -0.137214 0.668607 0 0 255
0.138981 0.302969 0.573417 210 210 44
0.236776 0.294071 0.580848 187 187 67
0.364213 0.175008 0.646433 13 13 241
0.362505 0.104207 0.669517 0 0 255
-0.244762 0.0894264 0.681641 247 247 7
0.331208 -0.251422 0.609474 46 46 208
-0.0117247 0.069 0.685168 0 0 255
-0.0241489 -0.0214979 0.689949 0 0 255
-0.0244582 -0.219078 0.633235 141 141 113
0.417234 0.00982612 0.668609 0 0 255
0.104166 0.386425 0.471691 90 90 164
0.11634 -0.166955 0.658825 0 0 255
0.330985 -0.181302 0.649046 0 0 255
0.387617 0.307799 0.549633 236 236 18
0.21256 0.101664 0.679238 0 0 255
-0.394596 -0.103639 0.662845 50 50 204
-0.2509 0.12191 0.673566 252 252 2
0.368491 -0.227858 0.61785 41 41 213
-0.00983539 0.0298034 0.689317 0 0 255
0.0190002 -0.0596737 0.686646 0 0 255
-0.0337741 0.332723 0.542745 208 208 46
-0.202583 -0.232134 0.626366 254 254 0
0.0731793 -0.0490735 0.687362 0 0 255
0.398277 0.00918849 0.673684 0 0 255
0.0203054 -0.152496 0.663996 0 0 255
-0.028388 0.185937 0.65067 87 87 167
0.105176 -0.061938 0.685763 0 0 255
-0.404325 0.0750604 0.665916 32 32 222
0.137166 -0.115963 0.674945 0 0 255
-0.0271005 0.129766 0.671472 0 0 255
-0.201737 0.0182204 0.689872 234 234 20
0.262496 0.143928 0.66642 0 0 255
-0.0685668 0.118357 0.674636 94 94 160
0.144528 0.160826 0.660282 8 8 246
0.456046 0.282459 0.542339 248 248 6
0.0908048 0.0484422 0.687544 0 0 255
0.224438 -0.183742 0.651388 0 0 255
-0.0408019 0.167563 0.65867 118 118 136
0.012189 -0.102033 0.678919 0 0 255
0.254588 -0.215556 0.634985 0 0 255
0.322687 0.0761665 0.681428 0 0 255
0.501815 -0.292138 0.499962 250 250 4
-0.164565 0.131399 0.670686 190 190 64
0.461542 0.0934138 0.640847 0 0 255
0.444035 -0.14003 0.634004 0 0 255
-0.0685357 -0.260439 0.607328 239 239 15
0.109432 0.12227 0.673341 0 0 255
0.436053 0.273914 0.560105 226 226 28
0.594169 -0.171982 0.509643 250 250 4
0.539962 0.0545413 0.601876 95 95 159
0.394008 0.0216459 0.675006 0 0 255
0.121645 -0.152034 0.664369 0 0 255
0.418413 0.193871 0.620932 134 134 120
0.528911 0.0331618 0.612143 54 54 200
-0.380425 -0.142217 0.654824 119 119 135
0.462682 0.0268327 0.650061 0 0 255
-0.258398 0.0837582 0.682563 248 248 6
0.558076 0.305147 0.41532 0 0 255
0.626751 0.0685854 0.515733 218 218 36
0.314269 0.322575 0.551792 221 221 33
-0.241161 -0.198757 0.643872 254 254 0
-0.414774 -0.109688 0.655129 0 0 255
-0.278062 0.326584 0.549875 16 16 238
-0.190058 -0.118958 0.675006 223 223 31
0.325206 0.104433 0.676039 0 0 255
0.317826 0.0995596 0.67774 0 0 255
0.379589 -0.124512 0.660485 0 0 255
0.242321 0.377807 0.484132 206 206 48
0.334403 -0.259445 0.603426 187 187 67
0.176261 -0.0188399 0.689854 0 0 255
-0.0800633 -0.0948132 0.680428 55 55 199
0.467298 0.142362 0.622904 76 76 178
-0.17502 0.234427 0.624216 254 254 0
0.402296 -0.354208 0.488376 250 250 4
0.0583655 0.251956 0.61394 244 244 10
0.390234 0.25328 0.595349 213 213 41
-0.0237097 0.332186 0.544626 188 188 66
-0.08702 0.403657 0.440447 46 46 208
0.121945 -0.165779 0.659083 0 0 255
-0.00468636 0.0258543 0.689757 0 0 255
-0.0519781 -0.185797 0.650419 163 163 91
0.445166 -0.0110115 0.65819 0 0 255
-0.0480061 0.287163 0.587375 232 232 22
0.0698432 0.322954 0.553277 254 254 0
0.535774 0.294464 0.461833 224 224 30
0.670461 -0.0242403 0.45775 222 222 32
0.21464 -0.203195 0.642444 33 33 221
0.112256 0.00899847 0.69021 0 0 255
-0.0459917 0.0442821 0.688015 0 0 255
0.556763 -0.16266 0.55393 254 254 0
0.339997 0.283941 0.58345 201 201 53
0.376179 -0.170381 0.645221 1 1 253
0.380824 -0.192386 0.633604 81 81 173
-0.0128322 -0.0705893 0.684508 102 102 152
0.33641 0.199846 0.639874 0 0 255
0.14022 0.195165 0.645958 84 84 170
-0.100203 -0.268001 0.601652 253 253 1
0.0359799 0.340113 0.534779 233 233 21
0.0151078 0.297189 0.578495 244 244 10
0.0573756 -0.0767898 0.683427 0 0 255
-0.104785 0.0974657 0.679864 128 128 126
0.380806 -0.0788335 0.671413 0 0 255
-0.237439 0.22394 0.630958 251 251 3
0.0709242 0.138426 0.668789 0 0 255
-0.0136098 -0.0575987 0.687073 0 0 255
0.535565 -0.222088 0.535066 251 251 3
0.207821 -0.198312 0.64424 0 0 255
0.275166 -0.101609 0.679231 0 0 255
0.216479 0.310795 0.565813 228 228 26
0.116462 -0.110152 0.676811 0 0 255
0.602375 0.201982 0.478025 234 234 20
-0.0444909 -0.0293566 0.690018 54 54 200
0.514279 0.122143 0.603336 216 216 38
0.0541709 -0.0138711 0.690021 0 0 255
0.237011 -0.0471815 0.687698 0 0 255
-0.0560884 0.0568388 0.687132 66 66 188
0.295966 -0.100867 0.678827 0 0 255
-0.227381 -0.163607 0.659745 232 232 22
0.00258264 0.0673334 0.685211 0 0 255
0.0216463 -0.0733335 0.684682 0 0 255
0.494522 -0.105072 0.61993 18 18 236
0.145103 -0.21022 0.637869 154 154 100
0.046379 0.0965764 0.679574 0 0 255
0.195291 -0.172956 0.656112 34 34 220
-0.00788464 0.071613 0.685172 0 0 255
0.279684 -0.253602 0.612559 87 87 167
-0.0282031 -0.025403 0.689945 0 0 255
0.060668 -0.274509 0.597433 241 241 13
0.223062 0.226426 0.629442 135 135 119
0.156255 0.239271 0.621988 189 189 65
-0.124653 -0.0986642 0.679897 178 178 76
0.339516 -0.130255 0.66722 0 0 255
0.41972 -0.068856 0.662162 0 0 255
0.159984 0.0136902 0.689971 0 0 255
0.0508572 0.0466134 0.688266 0 0 255
0.64195 0.0163239 0.504151 251 251 3
0.562254 0.170663 0.544003 246 246 8
0.406981 -0.16045 0.639998 8 8 246
0.408441 0.0776287 0.664348 0 0 255
0.370061 -0.077916 0.674357 0 0 255
0.475944 0.225344 0.576055 195 195 59
0.267441 -0.290022 0.584678 187 187 67
-0.0991733 -0.262463 0.606225 247 247 7
0.324505 -0.190832 0.645024 0 0 255
-0.13663 -0.139471 0.668134 213 213 41
0.349265 0.266397 0.596052 202 202 52
0.60825 -0.0673681 0.537607 254 254 0
0.114129 -0.0251931 0.689746 0 0 255
0.474388 0.109621 0.630111 109 109 145
0.359653 -0.098453 0.67229 0 0 255
0.149641 0.235033 0.62411 190 190 64
0.105847 0.234186 0.625194 159 159 95
0.553139 0.207375 0.529908 253 253 1
-0.166936 -0.257622 0.609231 254 254 0
-0.366816 0.201239 0.633017 115 115 139
0.382349 0.172704 0.642642 0 0 255
0.393428 0.416802 0.365305 0 0 255
0.152562 -0.23705 0.622952 34 34 220
0.390906 0.0480726 0.672885 0 0 255
0.341291 -0.0263423 0.684771 0 0 255
0.170872 0.11264 0.676234 0 0 255
0.189946 -0.0923269 0.681351 0 0 255
-0.180583 0.12326 0.673708 236 236 18
0.182057 -0.0783155 0.684087 0 0 255
0.105308 -0.228701 0.627902 84 84 170
0.350026 -0.40288 0.428126 179 179 75
-0.196877 -0.100266 0.679466 206 206 48
0.229206 0.142011 0.667827 0 0 255
0.520922 -0.0640746 0.613022 56 56 198
0.6473 -0.133181 0.460161 163 163 91
0.3044 -0.146125 0.665612 0 0 255
0.275035 -0.288233 0.585888 173 173 81
0.178493 0.00488428 0.690327 0 0 255
0.175333 -0.191866 0.647895 0 0 255
0.503025 0.094748 0.618301 142 142 112
-0.00839468 -0.371839 0.494658 193 193 61
0.394062 0.0355049 0.673375 0 0 255
0.533643 0.0382266 0.608299 54 54 200
0.0699823 0.0245697 0.689779 0 0 255
0.248484 0.171625 0.656851 0 0 255
0.142891 0.0600447 0.686963 0 0 255
0.181051 0.01341 0.690651 0 0 255
0.427442 -0.241643 0.589574 236 236 18
-0.0917567 -0.0146279 0.690496 24 24 230
-0.372307 0.113736 0.665864 163 163 91
0.0341644 -0.334821 0.540907 246 246 8
-0.0486997 -0.122094 0.673888 76 76 178
0.147585 -0.157608 0.662073 0 0 255
0.291877 0.227456 0.628222 6 6 248
-0.186325 -0.0427458 0.688852 208 208 46
0.589788 0.105789 0.546972 233 233 21
0.610225 0.0911198 0.528913 250 250 4
0.378454 0.100279 0.667437 0 0 255
0.525333 0.0517439 0.612862 37 37 217
-0.36627 -0.0398191 0.679661 151 151 103
0.371064 0.132554 0.660788 0 0 255
0.464374 0.144375 0.623976 88 88 166
-0.220872 0.269772 0.600268 229 229 25
0.0312476 0.367702 0.499211 163 163 91
0.110351 0.324926 0.552026 245 245 9
0.407128 -0.102198 0.658957 0 0 255
0.394307 0.169275 0.64071 0 0 255
-0.324364 0.184594 0.648318 209 209 45
0.185481 -0.112099 0.676719 0 0 255
0.187681 0.0901552 0.681862 0 0 255
-0.165251 0.181688 0.652575 248 248 6
0.410383 -0.29795 0.550535 226 226 28
0.0143858 0.026265 0.689861 0 0 255
0.286299 -0.374115 0.490966 201 201 53
-0.189235 -0.0528228 0.687665 228 228 26
0.137487 0.20151 0.643239 0 0 255
0.427334 0.211806 0.608241 118 118 136
0.427045 -0.171341 0.628396 0 0 255
-0.274359 0.271927 0.599092 181 181 73
-0.0162021 0.14862 0.66575 86 86 168
0.229337 -0.230862 0.626748 93 93 161
0.530894 0.00375163 0.611919 175 175 79
0.223122 -0.0196177 0.690209 0 0 255
0.281291 -0.19475 0.646208 0 0 255
0.379183 -0.0435632 0.677183 0 0 255
0.311333 0.392365 0.457462 222 222 32
-0.201975 0.0624303 0.68644 217 217 37
0.15067 0.126698 0.672147 0 0 255
0.308774 0.195342 0.645144 0 0 255
-0.0098739 -0.328511 0.547368 202 202 52
0.0498088 -0.131289 0.670511 0 0 255
-0.223967 0.131971 0.670471 246 246 8
0.0143476 0.206716 0.640466 115 115 139
0.122224 0.232441 0.625871 85 85 169
0.445503 -0.0127734 0.658246 0 0 255
-0.0674713 -0.0791486 0.683787 63 63 191
0.051354 -0.204107 0.641596 148 148 106
0.415932 0.263538 0.577766 237 237 17
-0.136031 -0.0167628 0.690407 135 135 119
-0.278083 -0.363208 0.506427 0 0 255
0.38591 0.301623 0.556588 238 238 16
0.175589 0.0470731 0.687579 0 0 255
0.438829 -0.206462 0.606627 112 112 142
-0.0270404 -0.131774 0.670443 0 0 255
0.0149217 0.111809 0.676824 0 0 255
0.420971 0.156849 0.636617 0 0 255
0.250344 -0.293071 0.581514 184 184 70
-0.276521 0.185281 0.650242 247 247 7
0.455725 -0.264639 0.55839 229 229 25
0.448783 -0.0198425 0.656071 0 0 255
0.695755 0.0207818 0.405716 50 50 204
0.332775 0.137096 0.665484 0 0 255
0.502701 -0.0933866 0.619054 168 168 86
0.358866 0.225389 0.621102 107 107 147
0.256149 0.0770927 0.684042 0 0 255
0.337355 0.227527 0.624119 37 37 217
0.220119 -0.23759 0.623015 0 0 255
-0.166456 0.139566 0.668795 211 211 43
0.368837 0.0958495 0.670292 0 0 255
0.372944 -0.402717 0.41716 0 0 255
0.325435 0.169838 0.654636 0 0 255
0.491716 0.0906838 0.625602 24 24 230
0.493395 0.117821 0.617021 166 166 88
0.139836 -0.0336797 0.689453 0 0 255
0.524282 -0.0881397 0.605818 87 87 167
-0.32468 0.0176757 0.687658 249 249 5
0.35437 -0.111447 0.669742 0 0 255
0.0670602 0.0766445 0.683909 0 0 255
-0.276 0.198405 0.644018 243 243 11
0.385986 0.123647 0.659445 0 0 255
0.289381 -0.140407 0.668014 0 0 255
0.193205 0.108067 0.676877 0 0 255
0.640773 0.138754 0.467875 165 165 89
-0.00793667 -0.0944103 0.680535 0 0 254
0.0116701 -0.183016 0.65147 157 157 97
0.567211 0.140183 0.554621 228 228 26
0.298776 0.050239 0.687605 0 0 255
0.42025 0.0978927 0.655651 0 0 255
0.376926 -0.103422 0.667254 0 0 255
0.341322 0.0222686 0.685884 0 0 255
-0.315534 0.114739 0.674327 247 247 7
0.237154 -0.0546379 0.686951 0 0 255
0.281469 0.266867 0.602354 157 157 97
-0.0734171 0.182863 0.652069 182 182 72
0.240427 0.274367 0.597199 100 100 154
0.459014 -0.351989 0.453209 185 185 69
0.133617 -0.414839 0.415409 133 133 121
0.17578 0.211326 0.638321 106 106 148
0.0386864 -0.052316 0.687543 0 0 255
-0.0645692 0.0724468 0.684721 94 94 160
-0.161932 -0.230764 0.62728 253 253 1
-0.232197 -0.148604 0.665436 253 253 1
0.454791 -0.144215 0.627722 140 140 114
0.396482 0.010771 0.674316 0 0 255
0.617634 0.0094549 0.535815 247 247 7
0.47028 -0.00200222 0.647586 0 0 255
0.387727 -0.00577802 0.676815 0 0 255
-0.054209 0.0177467 0.690092 0 0 255
-0.0595297 -0.0411625 0.688763 0 0 255
0.33893 0.180116 0.647792 0 0 255
-0.368625 0.0899354 0.672233 206 206 48
0.246132 0.159381 0.661056 0 0 255
0.176642 0.128994 0.671846 0 0 255
0.0103689 -0.14264 0.666865 38 38 216
0.312182 -0.317479 0.557174 223 223 31
0.300215 0.113564 0.675035 0 0 255
-0.0357509 -0.286546 0.587782 242 242 12
0.36011 0.181374 0.644039 0 0 255
-0.250631 -0.211254 0.637398 251 251 3
0.14286 -0.0640773 0.685982 0 0 255
0.0352665 -0.0788303 0.683213 0 0 255
0.30725 0.111607 0.675189 0 0 255
0.0977547 0.377398 0.486356 220 220 34
0.349815 -0.270053 0.592696 157 157 97
0.0177095 -0.218397 0.633436 134 134 120
0.534963 0.0525499 0.60568 98 98 156
0.13957 0.15767 0.662388 0 0 255
-0.189592 0.0398063 0.688787 195 195 59
0.0186523 0.00551923 0.69018 0 0 255
0.634042 -0.257217 0.336952 0 0 255
0.386016 0.0681955 0.671881 0 0 255
0.474027 -0.138966 0.621301 21 21 233
0.105373 0.24738 0.616384 81 81 173
-0.138083 -0.171564 0.656435 244 244 10
0.24119 0.0649743 0.685364 0 0 255
0.0881641 0.352763 0.519918 226 226 28
0.0491012 -0.111192 0.67673 0 0 255
0.195693 -0.266829 0.603047 160 160 94
0.543811 0.230104 0.521169 233 233 21
0.473539 -0.125234 0.625894 0 0 254
-0.165201 0.0789296 0.6839 237 237 17
-0.0435884 -0.0181885 0.689799 0 0 255
0.429495 0.134325 0.641824 0 0 255
-0.204108 -0.107575 0.677144 253 253 1
0.447073 -0.313606 0.515506 252 252 2
0.0622508 0.277332 0.594657 207 207 47
0.0257295 0.180406 0.652254 155 155 99
-0.115199 -0.174451 0.655409 180 180 74
0.388301 -0.0582764 0.672382 0 0 255
-0.396706 -0.230498 0.608734 15 15 239
0.0670331 -0.0783377 0.68399 0 0 255
-0.393823 0.0267364 0.673899 179 179 75
0.343392 -0.133344 0.665644 0 0 255
-0.284051 0.210194 0.638468 235 235 19
0.282144 -0.315916 0.560635 254 254 0
-0.0251712 0.0569334 0.686384 0 0 255
-0.17422 0.328769 0.547552 72 72 182
0.313594 0.160033 0.659763 0 0 255
-0.264826 -0.119464 0.674704 254 254 0
0.400178 0.154519 0.644627 0 0 255
0.158816 -0.226072 0.629992 85 85 169
-0.159279 0.204895 0.640694 253 253 1
0.302887 0.0889045 0.680874 0 0 255
0.417219 0.019915 0.667734 0 0 255
0.167216 0.18886 0.649032 3 3 251
0.521923 0.105738 0.602835 201 201 53
0.00972541 -0.161438 0.660866 145 145 109
0.541761 0.178883 0.55855 254 254 0
0.328481 0.130311 0.667909 0 0 255
-0.117717 -0.0215039 0.69041 91 91 163
-0.0386143 0.244865 0.618494 207 207 47
0.56438 -0.184493 0.533521 247 247 7
0.385145 0.300009 0.557777 252 252 2
0.0232154 -0.0461994 0.688359 0 0 255
0.0897497 -0.186329 0.649946 0 0 255
0.239591 0.183705 0.651277 0 0 255
0.22055 -0.221683 0.632039 0 0 255
0.0804525 0.249346 0.615105 196 196 58
0.022386 0.134155 0.670476 0 0 255
0.513963 -0.332517 0.429699 3 3 251
0.485499 -0.18476 0.593982 165 165 89
-0.0936888 -0.113338 0.675878 94 94 160
0.40039 -0.187573 0.631187 51 51 203
0.510983 -0.0665295 0.619468 102 102 152
-0.0693613 0.209887 0.63901 253 253 1
0.419944 -0.253316 0.583622 211 211 43
-0.288794 -0.178518 0.652886 203 203 51
0.158877 0.194236 0.6462 0 0 255
0.322643 -0.314546 0.559309 254 254 0
0.1767 -0.213305 0.636767 0 0 255
0.27518 -0.364872 0.504054 234 234 20
-0.110848 -0.051838 0.68794 69 69 185
-0.396558 -0.0662274 0.668954 0 0 255
0.555682 0.27695 0.46089 222 222 32
0.0393531 -0.0792442 0.682973 0 0 255
0.611482 0.0733859 0.533422 249 249 5
0.504308 -0.0225739 0.629098 94 94 160
0.324092 0.358853 0.507934 198 198 56
0.263737 0.197416 0.64452 34 34 220
0.235103 -0.0454449 0.688699 0 0 255
0.37541 -0.0343733 0.678187 0 0 255
0.0525454 -0.0770769 0.68336 0 0 255
-0.0280105 0.0866829 0.68167 2 2 252
0.0486108 0.209194 0.639088 195 195 59
0.313105 0.179677 0.651666 0 0 255
0.219545 -0.325696 0.550504 228 228 26
0.0864514 0.0368712 0.688829 0 0 255
0.358743 0.0237547 0.682984 0 0 255
-0.138648 0.319044 0.557328 233 233 21
0.137968 0.0163999 0.689799 0 0 255
-0.0312128 -0.252838 0.612433 218 218 36
-0.483384 -0.181588 0.597342 0 0 255
0.315961 -0.27842 0.591883 190 190 64
0.436559 -0.192982 0.614703 141 141 113
0.449517 -0.239994 0.579918 195 195 59
0.0562549 -0.114931 0.675974 0 0 255
0.482974 0.132689 0.618729 59 59 195
0.463457 0.30382 0.516151 254 254 0
-0.128325 -0.329418 0.54683 219 219 35
0.0301327 -0.0201546 0.69032 0 0 255
-0.0548385 -0.121987 0.673727 75 75 179
0.283857 0.157057 0.662598 0 0 255
0.145312 0.0679561 0.685543 0 0 255
0.0592749 -0.330129 0.545578 253 253 1
0.279742 -0.0242371 0.689857 0 0 255
0.477915 0.125648 0.623378 5 5 249
0.491981 -0.0464319 0.6334 0 0 255
0.464338 -0.0946833 0.639013 0 0 255
0.292027 0.417236 0.408894 134 134 120
-0.121027 -0.197148 0.645465 254 254 0
0.469117 -0.184631 0.602934 136 136 118
0.449513 0.163857 0.623053 139 139 115
0.353627 -0.21111 0.63022 26 26 228
0.150263 -0.0714979 0.684782 0 0 255
0.0467587 -0.138752 0.668559 0 0 255
0.497448 -0.16192 0.598029 123 123 131
-0.0941045 -0.224414 0.631051 223 223 31
0.335328 -0.0489482 0.6838 0 0 255
0.304375 0.182679 0.650494 0 0 255
0.504214 0.00893338 0.62901 0 0 255
0.182724 0.223714 0.631103 35 35 219
-0.281234 0.0587784 0.686249 254 254 0
0.174479 0.196357 0.644944 0 0 255
0.321296 -0.156749 0.659686 0 0 255
0.162386 -0.107438 0.677933 0 0 255
0.312199 0.253866 0.610958 140 140 114
0.378096 -0.156973 0.650098 0 0 255
0.126204 0.0252746 0.690059 0 0 255
0.360212 0.158821 0.653498 0 0 255
0.286851 -0.0413312 0.688932 0 0 255
0.196355 -0.383274 0.475508 234 234 20
0.285473 -0.0288956 0.689905 0 0 255
-0.234139 -0.309937 0.566296 45 45 209
-0.457189 -0.0444163 0.650435 0 0 255
0.490415 0.0992235 0.624195 28 28 226
0.23454 -0.184578 0.650807 0 0 255
-0.0214169 0.0990884 0.679659 0 0 255
-0.31484 0.103886 0.677171 210 210 44
0.285072 -0.150378 0.664464 0 0 255
-0.48239 -0.0853729 0.631478 0 0 255
0.416253 0.329587 0.513765 209 209 45
-0.340186 0.122034 0.669526 130 130 124
0.615106 -0.0459981 0.534216 254 254 0
0.279438 0.0355798 0.68881 0 0 255
0.251976 -0.171909 0.656541 0 0 255
0.143625 -0.220812 0.633083 18 18 236
0.216107 0.238343 0.622466 2 2 252
0.230094 -0.0946976 0.680531 0 0 255
0.0191497 -0.163662 0.659197 163 163 91
0.456484 -0.0351821 0.652159 0 0 255
-0.0996994 -0.160139 0.660817 184 184 70
0.361583 -0.0889976 0.673272 0 0 255
0.31345 -0.131715 0.669795 0 0 255
0.438308 0.0716144 0.655071 0 0 255
0.423778 0.0649742 0.660703 0 0 255
0.446178 -0.0844521 0.649416 0 0 255
0.373595 -0.0489656 0.677427 0 0 255
0.121774 0.0637114 0.685668 0 0 255
-0.00763121 -0.163454 0.659375 51 51 203
0.178997 -0.179008 0.653835 0 0 255
-0.150831 0.114703 0.676132 239 239 15
0.191669 0.109792 0.677179 0 0 255
0.636404 -0.100886 0.492793 249 249 5
0.393453 0.151699 0.648172 0 0 255
-0.0212455 -0.167836 0.658147 110 110 144
-0.224206 0.041795 0.688483 219 219 35
0.365794 0.2122 0.627261 0 0 255
0.200742 -0.16744 0.65859 0 0 255
0.298851 -0.352793 0.519174 248 248 6
0.164714 -0.244788 0.618325 139 139 115
0.438361 -0.0369603 0.658934 0 0 255
0.446218 -0.0698936 0.652357 0 0 255
0.301766 0.156879 0.661257 0 0 255
0.0628139 0.0443499 0.688742 0 0 255
0.55479 -0.143614 0.564201 198 198 56
0.161406 -0.129221 0.671861 0 0 255
0.262305 0.247075 0.616021 85 85 169
0.405697 -0.0170404 0.671507 0 0 255
-0.267256 -0.166813 0.658704 226 226 28
0.0814357 -0.267758 0.60171 174 174 80
0.5493 0.0885043 0.5886 142 142 112
-0.154189 -0.329786 0.546111 205 205 49
0.485712 -0.311704 0.489789 243 243 11
0.381184 -0.105098 0.665621 0 0 255
-0.125741 0.332441 0.543951 200 200 54
0.246018 0.348451 0.525586 252 252 2
0.118882 -0.141876 0.667613 0 0 255
0.333228 -0.234589 0.619923 79 79 175
0.195223 0.120799 0.674307 0 0 255
0.411305 -0.125371 0.651059 0 0 255
0.286151 -0.324943 0.551121 231 231 23
-0.166281 0.0295662 0.689506 235 235 19
-0.163106 0.311835 0.565124 178 178 76
0.359462 -0.041953 0.680998 0 0 255
0.284493 -0.277092 0.595348 200 200 54
0.242821 -0.150489 0.664195 0 0 255
-0.240976 -0.274936 0.597137 216 216 38
0.397057 -0.396202 0.41737 68 68 186
0.177085 0.263507 0.60501 202 202 52
0.360203 0.331182 0.533406 254 254 0
-0.0479156 0.203908 0.642037 199 199 55
0.490094 0.19682 0.585299 178 178 76
0.381866 0.162886 0.646756 0 0 255
0.176321 -0.0142673 0.689845 0 0 255
-0.161619 -0.0461529 0.688466 189 189 65
-0.283702 -0.291319 0.58315 31 31 223
-0.192817 0.0484062 0.687411 204 204 50
0.324727 -0.190202 0.645347 0 0 255
0.0933442 0.366028 0.501484 141 141 113
0.288288 -0.348869 0.524471 234 234 20
0.381566 -0.254037 0.596906 117 117 137
0.0665065 0.277269 0.59486 195 195 59
0.0250045 0.163126 0.660131 0 0 255
0.0167725 -0.253291 0.6126 191 191 63
0.598365 -0.0843144 0.544515 253 253 1
-0.208445 -0.00416055 0.690764 233 233 21
0.137672 -0.186756 0.649465 0 0 255
-0.184662 0.0551674 0.686922 198 198 56
0.0166047 -0.103117 0.678538 0 0 255
0.376843 -0.248453 0.602616 129 129 125
0.175658 -0.17746 0.654128 0 0 255
0.0642995 -0.0666842 0.685234 0 0 255
0.402849 0.241541 0.599021 221 221 33
0.466797 0.0993681 0.636015 0 0 255
-0.0403772 0.0806672 0.683642 0 0 255
0.210222 0.239503 0.621805 68 68 186
-0.0896998 0.225681 0.62927 254 254 0
0.0144069 -0.389569 0.466403 0 0 255
0.174197 0.0591694 0.686615 0 0 255
-0.151393 -0.330587 0.546479 205 205 49
-0.0597378 -0.187179 0.650042 199 199 55
-0.0487904 -0.178731 0.653295 134 134 120
-0.360652 -0.00550863 0.683163 141 141 113
0.174527 -0.111129 0.67657 0 0 255
-0.320288 0.273835 0.595399 0 0 255
-0.335265 0.00717455 0.687136 228 228 26
0.338008 -0.099727 0.674838 0 0 255
-0.186321 0.150584 0.664321 236 236 18
0.0188596 0.18627 0.650432 50 50 204
0.420306 0.1504 0.639522 45 45 209
-0.293298 -0.333956 0.54191 0 0 255
0.632893 -0.0601215 0.510757 222 222 32
-0.130859 0.114143 0.675519 179 179 75
-0.00983371 -0.0560526 0.687461 0 0 255
0.295538 0.0562859 0.686365 0 0 255
-0.261595 0.156786 0.66278 202 202 52
0.561848 -0.146745 0.556487 214 214 40
0.00617725 -0.242813 0.618838 162 162 92
0.381306 0.381598 0.454445 131 131 123
0.180512 0.217107 0.634774 133 133 121
-0.361037 -0.138583 0.659912 121 121 133
-0.0338208 -0.126504 0.672457 0 0 255
0.108768 0.253188 0.612613 91 91 163
0.0425108 0.238903 0.622363 135 135 119
0.0168328 -0.055097 0.687293 30 30 224
0.288004 0.31026 0.566636 212 212 42
0.200536 0.185195 0.65065 0 0 255
0.486641 0.0757729 0.631902 0 0 255
-0.0189396 0.0145467 0.690676 0 0 255
0.508429 0.0347 0.62475 0 0 255
0.339688 -0.32139 0.549728 231 231 23
0.61558 -0.241693 0.414457 80 80 174
0.0803689 0.0413304 0.688115 0 0 255
0.261732 0.17708 0.653925 0 0 255
0.145109 0.117221 0.674866 0 0 255
-0.154772 -0.27554 0.595714 253 253 1
-0.348565 -0.236954 0.616284 0 0 254
-0.141763 -0.307985 0.568909 217 217 37
0.216533 0.265741 0.60319 220 220 34
0.452859 -0.284867 0.541312 242 242 12
0.477122 -0.0906131 0.633466 0 0 255
0.0778615 -0.216336 0.63458 136 136 118
0.515145 0.0909611 0.611147 176 176 78
0.515992 0.176102 0.578656 240 240 14
0.519151 0.0741075 0.61322 200 200 54
0.393423 -0.385753 0.441043 182 182 72
0.296394 0.112907 0.67568 0 0 255
0.141321 0.199369 0.644011 0 0 255
0.330597 0.183076 0.647916 0 0 255
0.328996 0.165335 0.655551 0 0 255
-0.0568052 -0.360627 0.510063 202 202 52
0.384888 -0.17597 0.640768 61 61 193
0.31355 0.248856 0.613784 137 137 117
0.0324229 -0.198077 0.645009 142 142 112
0.0771682 -0.0787039 0.683532 0 0 255
0.33319 -0.0582371 0.682966 0 0 255
0.639018 -0.0301016 0.506448 252 252 2
-0.00741451 -0.0804128 0.682976 0 0 255
-0.0514092 0.0349593 0.689353 0 0 255
0.298723 -0.178849 0.652518 0 0 255
0.154962 -0.0872824 0.681558 0 0 255
0.324869 0.0841428 0.679673 0 0 255
0.246547 0.0920798 0.680709 0 0 255
0.107793 0.155443 0.662379 0 0 255
0.588497 -0.0199038 0.565808 210 210 44
0.187195 0.19579 0.645554 0 0 255
0.326747 0.00589904 0.688225 0 0 255
0.313344 0.201823 0.641101 0 0 255
0.194267 0.185938 0.650453 0 0 255
0.205835 -0.231172 0.626733 51 51 203
0.0470239 -0.115061 0.675996 0 0 255
0.488308 -0.0340986 0.637092 0 0 255
0.0185137 -0.192992 0.647134 123 123 131
0.308777 -0.0600193 0.685567 0 0 255
0.321319 -0.289614 0.581578 246 246 8
-0.375789 -0.143986 0.655193 82 82 172
0.514455 0.0955223 0.611427 171 171 83
0.33147 -0.22731 0.625434 105 105 149
0.6226 0.242929 0.395656 106 106 148
-0.256484 -0.197915 0.644293 249 249 5
0.0897338 -0.172073 0.656038 39 39 215
0.571967 0.192851 0.521189 254 254 0
-0.297507 0.0391951 0.688246 254 254 0
0.528652 0.156085 0.579134 164 164 90
0.144538 0.0387607 0.688764 0 0 255
0.205997 -0.281562 0.591935 172 172 82
0.183316 -0.203894 0.641494 0 0 255
0.279316 -0.2062 0.640786 0 0 255
0.0879642 -0.0388227 0.688635 0 0 255
0.263364 -0.000806146 0.6903 0 0 255
0.219207 -0.192272 0.647623 0 0 255
0.471625 0.0710867 0.640722 0 0 255
0.604924 -0.0885355 0.535879 247 247 7
-0.112446 0.0460191 0.68853 153 153 101
0.651939 0.145165 0.443482 64 64 190
-0.183316 -0.0428906 0.688142 248 248 6
0.327504 0.19455 0.643579 0 0 255
-0.183381 -0.211133 0.638415 254 254 0
-0.267024 0.162488 0.660431 252 252 2
-0.058931 -0.21746 0.634589 192 192 62
0.125972 0.285339 0.589106 234 234 20
0.247898 -0.389899 0.464188 226 226 28
0.420414 -0.164387 0.634782 0 0 255
-0.0938712 -0.0200116 0.689772 89 89 165
-0.115249 0.273561 0.597792 210 210 44
-0.397282 0.0908542 0.66474 145 145 109
0.406748 -0.0762085 0.664903 0 0 255
-0.198807 0.21776 0.634112 254 254 0
0.0329157 -0.230499 0.626498 143 143 111
0.328642 0.282671 0.586521 244 244 10
-0.0641252 -0.0352275 0.688797 0 0 255
0.0899119 -0.00847812 0.690883 0 0 255
0.483568 0.110344 0.624498 27 27 227
0.470749 0.0708113 0.640934 0 0 255
-0.168448 -0.121586 0.673714 206 206 48
0.579458 0.0373081 0.572378 248 248 6
0.352617 0.0261335 0.683158 0 0 255
0.194848 0.32082 0.556338 252 252 2
0.190395 0.292879 0.582769 224 224 30
-0.280619 0.0939307 0.68011 223 223 31
-0.154408 0.276071 0.595244 169 169 85
0.131928 0.433043 0.362558 0 0 255
0.12123 0.310145 0.566221 228 228 26
0.376454 -0.0327943 0.678535 0 0 255
0.317119 0.0995159 0.677482 0 0 255
0.453864 0.293856 0.53245 249 249 5
-0.069523 -0.0468355 0.688198 83 83 171
0.291543 0.298339 0.57674 166 166 88
0.425463 0.0744405 0.658978 0 0 255
-0.139344 -0.136159 0.669839 208 208 46
-0.358266 -0.122048 0.666489 116 116 138
0.0269658 0.227051 0.629085 129 129 125
-0.291204 0.388346 0.467835 0 0 255
0.517316 0.0551854 0.617169 106 106 148
0.292038 -0.0165215 0.689579 0 0 255
0.492493 0.148379 0.606439 133 133 121
0.43435 -0.163948 0.629001 133 133 121
-0.0553075 0.0420941 0.688733 69 69 185
0.438853 -0.283345 0.550397 254 254 0
0.128849 -0.30157 0.573833 210 210 44
0.125158 0.266723 0.602649 169 169 85
0.0577371 0.160742 0.660867 0 0 255
0.299348 0.26453 0.603307 75 75 179
0.192982 -0.182781 0.652152 0 0 255
-0.253043 -0.112292 0.67613 247 247 7
-0.2623 0.367837 0.499745 0 0 255
-0.0520024 -0.209462 0.638998 192 192 62
0.578134 0.0413654 0.572314 175 175 79
0.500814 0.108978 0.615424 7 7 247
0.102351 -0.268085 0.602124 140 140 114
0.271162 0.421325 0.397789 115 115 139
0.587447 -0.0618603 0.561419 203 203 51
-0.392692 -0.0602091 0.671199 128 128 126
0.0754106 0.16726 0.658781 0 0 255
0.318086 0.362931 0.502844 252 252 2
0.124763 0.0843463 0.682501 0 0 255
0.503016 -0.0415236 0.627203 0 0 255
0.0835561 0.14005 0.668532 0 0 255
0.220065 -0.239189 0.621857 146 146 108
0.267604 0.271893 0.598732 206 206 48
0.314496 0.125479 0.67093 0 0 255
0.33304 -0.210347 0.633994 0 0 255
-0.0136654 0.174479 0.655653 105 105 149
0.211636 0.0603614 0.686225 0 0 255
0.00998851 0.322623 0.554504 254 254 0
0.178464 0.176452 0.654568 8 8 246
0.0420588 0.141051 0.667919 0 0 255
0.613132 0.116271 0.516609 254 254 0
-0.255173 -0.012579 0.690786 254 254 0
0.00400243 0.181166 0.652295 163 163 91
0.353876 -0.106076 0.670894 0 0 255
0.312766 -0.216451 0.633683 0 0 255
0.285093 -0.0446582 0.688699 0 0 255
0.0667741 -0.0458782 0.688468 0 0 255
0.512901 0.158926 0.589236 172 172 82
0.223738 -0.0110185 0.690308 0 0 255
-0.340427 0.0357361 0.684785 236 236 18
-0.122522 0.189674 0.648885 254 254 0
0.0960159 -0.218276 0.633665 152 152 102
0.384017 -0.0990045 0.666056 0 0 255
0.490752 0.00827487 0.636164 0 0 255
0.0101847 -0.149542 0.665063 0 0 255
0.0124492 0.207207 0.639438 72 72 182
0.431179 0.0751156 0.657144 0 0 255
0.436952 -0.0415494 0.659056 0 0 255
0.236942 -0.188108 0.649552 0 0 255
0.432968 -0.133497 0.641416 0 0 255
0.195327 -0.335184 0.540893 245 245 9
-0.351138 -0.296362 0.570724 0 0 255
0.326738 -0.0234222 0.686862 0 0 255
0.0150381 0.382621 0.478101 80 80 174
-0.152078 0.0410413 0.689038 153 153 101
0.362196 0.105157 0.670049 0 0 255
-0.0999642 -0.172065 0.656043 221 221 33
0.447957 0.0276209 0.656178 0 0 255
-0.490364 0.152378 0.607043 0 0 255
0.133454 -0.187825 0.649297 0 0 255
0.595713 -0.158079 0.517162 215 215 39
0.389302 -0.125148 0.65833 0 0 255
-0.124884 -0.0488594 0.68801 174 174 80
-0.0938509 0.0759341 0.684063 92 92 162
0.376482 -0.0791879 0.672262 0 0 255
-0.0803741 -0.0769533 0.684132 27 27 227
0.529041 0.215682 0.544372 235 235 19
0.3333 -0.187262 0.646192 0 0 255
0.0470194 0.299345 0.576081 242 242 12
0.393289 -0.31901 0.535912 250 250 4
0.599492 -0.081932 0.544728 248 248 6
-0.261931 -0.082365 0.682435 252 252 2
0.34063 0.0119827 0.685635 0 0 255
0.286241 -0.162624 0.659894 0 0 255
-0.141483 0.0627996 0.686414 211 211 43
0.422085 0.381796 0.430254 85 85 169
-0.0339644 0.173566 0.655847 105 105 149
0.517347 -0.0608298 0.615963 97 97 157
0.313976 -0.11367 0.67464 0 0 255
0.456026 -0.148414 0.626199 0 0 255
0.231319 0.158104 0.662172 0 0 255
-0.297888 -0.348551 0.524688 0 0 255
0.237272 -0.075677 0.684161 0 0 255
-0.305328 -0.0241793 0.688721 254 254 0
0.196289 -0.31496 0.561478 221 221 33
0.325001 0.199873 0.64085 0 0 255
0.273692 -0.159614 0.661319 0 0 255
-0.00403273 -0.0796871 0.68379 0 0 255
-0.27338 -0.300465 0.575299 43 43 211
0.429231 0.118623 0.647728 25 25 229
-0.0514614 -0.0777198 0.684157 14 14 240
0.283148 0.293326 0.581936 207 207 47
0.56835 -0.0685291 0.576579 179 179 75
0.395677 0.033038 0.673517 0 0 255
0.616941 -0.255341 0.390674 38 38 216
0.0258293 0.188802 0.648754 45 45 209
0.293435 0.0464788 0.688065 0 0 255
0.245851 0.163611 0.660123 0 0 255
0.280633 -0.17606 0.654843 0 0 255
-0.1729 -0.23206 0.626168 252 252 2
0.511611 0.0246281 0.624206 36 36 218
0.132965 0.258472 0.608331 102 102 152
0.0508716 0.290649 0.584426 230 230 24
0.208345 0.0412127 0.688266 0 0 255
0.46852 -0.00122954 0.648443 0 0 255
0.309534 0.204559 0.639816 0 0 255
0.582058 0.215531 0.491926 196 196 58
0.0341546 0.0541751 0.687146 0 0 255
0.42458 0.072428 0.659875 0 0 255
0.145167 -0.0836264 0.682519 0 0 255
0.463818 -0.382828 0.385869 31 31 223
0.373114 -0.234844 0.612042 102 102 152
0.0617732 -0.143379 0.667099 0 0 255
0.205332 0.0257394 0.689303 0 0 255
0.204267 0.336875 0.539559 248 248 6
0.0245219 0.0680551 0.685255 0 0 255
-0.144612 -0.22474 0.630461 254 254 0
0.457614 0.0619773 0.648292 0 0 255
-0.0773258 0.348817 0.524541 181 181 73
0.532974 0.102039 0.596833 119 119 135
0.50711 0.0808301 0.618617 64 64 190
0.579234 -0.118081 0.552685 228 228 26
-0.0156956 0.00203577 0.690808 0 0 255
0.461048 -0.0889498 0.641978 0 0 255
0.401178 0.0601722 0.668478 0 0 255
0.402973 -0.0444583 0.670022 0 0 255
0.00137664 0.0535683 0.687322 0 0 255
-0.241269 0.0769027 0.684152 253 253 1
0.280323 0.158747 0.66144 0 0 255
0.298671 -0.0702824 0.683973 0 0 255
0.104206 0.0743021 0.684061 0 0 255
-0.23837 0.377769 0.485743 0 0 255
-0.0437423 0.155256 0.662801 63 63 191
0.425574 -0.291758 0.550024 253 253 1
0.355737 0.0168191 0.683615 0 0 255
0.0777123 0.223827 0.630858 60 60 194
-0.420269 0.0760693 0.660577 0 0 254
0.373291 0.168972 0.646251 0 0 255
0.0129374 0.0304653 0.689167 0 0 255
0.309955 -0.0482759 0.686443 0 0 255
0.0217488 -0.0983499 0.679566 0 0 255
0.261503 0.109961 0.676748 0 0 255
0.285076 0.0733691 0.684461 0 0 255
0.00432805 0.00494896 0.69077 0 0 255
0.0787447 -0.0635312 0.686302 0 0 255
0.0631322 0.379736 0.481864 75 75 179
0.283512 -0.196207 0.645245 21 21 233
0.266056 0.225061 0.629628 97 97 157
0.0979057 -0.234457 0.624294 77 77 177
0.00987671 0.0313907 0.689352 0 0 255
0.131597 0.342681 0.532746 253 253 1
0.623062 -0.00891715 0.52939 254 254 0
0.0082009 0.0998515 0.679054 0 0 255
-0.253129 0.187198 0.649236 254 254 0
0.271088 -0.303695 0.572298 194 194 60
0.614971 -0.042867 0.535215 254 254 0
-0.138794 0.0994766 0.679841 167 167 87
-0.00761896 0.0484709 0.687628 0 0 255
0.308605 -0.126444 0.671575 0 0 255
0.108466 -0.158077 0.661407 0 0 255
-0.41037 0.0108957 0.670661 114 114 140
0.505277 -0.0618873 0.623706 62 62 192
0.317324 0.103862 0.676764 0 0 255
0.109008 0.309379 0.567321 230 230 24
0.0942589 0.350867 0.521554 243 243 11
0.413666 0.0482321 0.666542 0 0 255
0.0680297 -0.0625781 0.686591 0 0 255
-0.472922 0.166185 0.609748 0 0 255
0.632929 0.000703141 0.517212 215 215 39
0.18154 0.125741 0.672187 0 0 255
0.650774 -0.0164202 0.490632 236 236 18
0.0582075 -0.254626 0.611356 218 218 36
-0.370206 -0.118455 0.664454 0 0 255
0.460738 0.0862059 0.641904 0 0 255
0.223205 -0.391627 0.461333 207 207 47
0.410871 -0.0978346 0.659218 0 0 255
0.0576044 0.2553 0.61122 153 153 101
0.578139 0.0526441 0.571565 199 199 55
0.535235 -0.116344 0.590449 186 186 68
0.107266 -0.125219 0.672693 0 0 255
0.224608 0.0360926 0.689053 0 0 255
-0.122696 0.0326145 0.689323 131 131 123
0.288852 0.229163 0.627967 73 73 181
-0.0213072 0.0440265 0.68786 25 25 229
0.0847248 0.0970443 0.680152 0 0 255
0.0973644 -0.0851185 0.681874 0 0 255
0.110085 0.295688 0.57917 254 254 0
-0.0456789 -0.207854 0.639519 191 191 63
0.550967 -0.0845616 0.588206 180 180 74
0.212546 0.0592273 0.686615 0 0 255
0.399303 0.130573 0.653784 0 0 255
-0.23532 -0.0257721 0.690086 225 225 29
0.588214 -0.134982 0.536217 247 247 7
0.0458148 0.00428676 0.690577 0 0 255
0.372743 0.0252268 0.679683 0 0 255
-0.0285079 0.303059 0.573809 234 234 20
0.0223294 -0.0422606 0.688776 0 0 255
0.312764 -0.25453 0.610412 153 153 101
0.237053 -0.147754 0.66591 0 0 255
0.34904 0.0122906 0.684674 0 0 255
-0.263193 -0.22701 0.628492 235 235 19
-0.466622 0.097479 0.636639 0 0 255
0.189992 -0.180027 0.653065 0 0 255
0.372177 -0.154174 0.652447 0 0 255
-0.157244 0.0526005 0.687004 154 154 100
0.254347 -0.210011 0.638319 58 58 196
0.0754898 0.254933 0.611064 171 171 83
0.138957 0.152907 0.66401 0 0 255
0.541706 -0.226895 0.525519 248 248 6
0.175793 0.218463 0.633461 80 80 174
-0.0456738 0.209215 0.639473 204 204 50
0.14699 -0.0207695 0.689684 0 0 255
-0.174453 0.0978624 0.679464 200 200 54
0.215494 -0.0154167 0.690364 0 0 255
0.680735 -0.0474809 0.43521 183 183 71
0.136895 -0.104334 0.678481 0 0 255
0.0331206 -0.0507631 0.687168 0 0 255
-0.0460598 0.38535 0.47199 139 139 115
-0.116181 0.0424314 0.688698 100 100 154
-0.12167 0.358053 0.512844 72 72 182
0.203025 0.160735 0.660984 0 0 255
-0.120035 0.119949 0.674134 165 165 89
-0.014475 0.227737 0.629095 168 168 86
-0.108535 0.00811589 0.690329 73 73 181
-0.30304 -0.0333692 0.688431 246 246 8
-0.0491097 0.0945712 0.680337 0 0 255
0.275859 0.157483 0.662247 0 0 255
-0.00548547 0.331006 0.546004 186 186 68
0.463017 -0.0543836 0.64742 9 9 245
0.35564 -0.125913 0.665684 0 0 255
0.204822 -0.0882273 0.681395 0 0 255
0.401337 0.26558 0.582406 162 162 92
-0.46394 0.157212 0.61896 0 0 255
0.430709 -0.12625 0.644402 0 0 255
-0.00874524 0.183172 0.651365 132 132 122
0.563923 -0.177815 0.538378 247 247 7
0.318791 0.0748481 0.682026 0 0 255
-0.260302 0.0453148 0.688538 246 246 8
-0.099579 0.169005 0.657368 199 199 55
0.444846 -0.151807 0.629487 0 0 255
-0.0663384 -0.322377 0.554496 248 248 6
-0.0756112 -0.133838 0.670098 158 158 96
0.178507 0.171533 0.656514 0 0 255
0.400913 0.148154 0.647482 0 0 255
-0.195048 -0.0502101 0.687532 249 249 5
-0.296961 -0.196988 0.644992 106 106 148
0.344836 0.188059 0.644146 0 0 255
0.210727 -0.199061 0.643851 0 0 255
0.283336 -0.327099 0.549752 254 254 0
0.123098 -0.0965118 0.680498 0 0 255
0.0771127 -0.0297208 0.689602 0 0 255
0.194925 0.106608 0.677464 0 0 255
0.303143 0.00381438 0.689278 0 0 255
0.326418 -0.208914 0.636131 0 0 255
0.302493 -0.421129 0.397175 118 118 136
0.0420076 -0.0877961 0.682083 0 0 255
0.0444355 0.0877386 0.682215 0 0 255
0.445468 -0.203009 0.605238 76 76 178
0.183261 0.12096 0.673941 0 0 255
0.128415 -0.0646819 0.68615 0 0 255
0.254068 -0.135965 0.669812 0 0 255
0.356011 0.0142998 0.683578 0 0 255
-0.187975 -0.0378417 0.688962 180 180 74
-0.0301161 -0.166036 0.659061 65 65 189
0.433846 0.211055 0.605645 139 139 115
0.0282704 0.113765 0.675674 0 0 255
0.251466 0.0537488 0.687422 0 0 255
0.581094 -0.0863301 0.561192 252 252 2
0.101833 -0.331449 0.544764 251 251 3
-0.101983 -0.385663 0.472108 111 111 143
-0.0297894 -0.178293 0.653599 172 172 82
0.175934 0.0503208 0.687587 0 0 255
0.386849 -0.3067 0.551534 252 252 2
0.598747 -0.0055588 0.555149 254 254 0
-0.234799 0.00647807 0.690639 250 250 4
0.583616 0.217806 0.488178 246 246 8
-0.220054 -0.048873 0.687426 227 227 27
0.363069 -0.303133 0.562118 252 252 2
-0.310071 -0.12641 0.670716 239 239 15
0.22986 -0.186839 0.650078 0 0 255
0.49722 -0.251462 0.542496 236 236 18
-0.361393 0.0315082 0.681813 129 129 125
0.092012 0.0448712 0.688151 0 0 255
0.433686 -0.0509457 0.659549 0 0 255
-0.000728094 0.187891 0.649236 173 173 81
-0.199432 0.0674718 0.68584 232 232 22
0.474846 0.117264 0.627946 112 112 142
-0.376744 0.236906 0.610007 0 0 255
-0.146339 0.268811 0.601807 254 254 0
0.075 0.130576 0.670875 0 0 255
0.459085 -0.0351738 0.650792 0 0 255
0.341088 -0.110069 0.671706 0 0 255
0.312776 -0.212457 0.636076 0 0 255
-0.0150315 0.198316 0.644082 143 143 111
0.444751 -0.052774 0.654699 0 0 255
0.29408 0.310206 0.566338 210 210 44
0.248018 -0.180618 0.652413 0 0 255
0.0470464 -0.0152575 0.690597 0 0 255
0.317237 -0.106806 0.675889 0 0 255
0.420029 0.133337 0.645483 0 0 255
0.304338 0.224767 0.629 24 24 230
0.0705021 -0.171641 0.6562 117 117 137
0.395889 0.193148 0.62967 9 9 245
0.296548 0.131912 0.670213 0 0 255
0.228771 0.100766 0.679239 0 0 255
0.337152 -0.316934 0.554237 232 232 22
0.254755 0.110973 0.676838 0 0 255
0.535695 0.041313 0.606309 79 79 175
0.111206 0.229293 0.627875 98 98 156
0.300966 0.115518 0.675287 0 0 255
0.307717 0.206307 0.639222 0 0 255
-0.213469 0.0733944 0.684459 246 246 8
0.666292 -0.0826509 0.451211 217 217 37
0.241383 0.0200711 0.690072 0 0 255
0.284711 -0.181368 0.652638 0 0 255
-0.352909 0.0858706 0.675977 188 188 66
0.433457 -0.322777 0.513252 254 254 0
0.17522 0.258726 0.608684 85 85 169
0.315687 0.0812833 0.681104 0 0 255
0.227107 0.0831791 0.683011 0 0 255
0.0221599 0.251658 0.613691 231 231 23
0.390469 0.144914 0.650951 0 0 255
0.0705829 0.0784353 0.683207 0 0 255
0.0697195 -0.304059 0.572559 234 234 20
-0.0496854 -0.0267319 0.68976 59 59 195
-0.436051 -0.0335159 0.660714 71 71 183
0.0546466 0.308849 0.567323 240 240 14
0.174658 0.0571802 0.687263 0 0 255
0.396616 0.195214 0.627661 65 65 189
-0.0632379 -0.374964 0.489362 161 161 93
0.404586 0.228541 0.607197 114 114 140
0.526448 -0.0846255 0.605262 174 174 80
-0.192622 -0.0954906 0.680504 223 223 31
-0.136533 0.208202 0.639144 236 236 18
0.169403 -0.412424 0.419696 51 51 203
0.118744 0.387346 0.470381 217 217 37
0.0884609 0.103406 0.678648 0 0 255
-0.34623 -0.0134746 0.685077 232 232 22
0.50557 -0.0530043 0.625136 0 0 255
0.0932834 0.177278 0.653956 0 0 255
0.32772 -0.112696 0.672895 0 0 255
0.128029 0.0394815 0.6884 0 0 255
-0.332102 0.000949366 0.687405 217 217 37
0.558574 -0.103303 0.57689 201 201 53
-0.353547 -0.0683296 0.678492 215 215 39
0.127979 0.122211 0.673175 0 0 255
0.127135 0.418465 0.406673 4 4 250
0.441241 0.12407 0.640564 0 0 255
0.0933173 -0.09678 0.679891 0 0 255
0.560102 0.206065 0.523511 254 254 0
-0.272796 0.00338149 0.690875 246 246 8
0.351773 0.322397 0.546037 232 232 22
0.103565 -0.229233 0.627823 51 51 203
-0.0992679 0.0904383 0.681448 190 190 64
0.360633 0.212581 0.628239 0 0 255
0.411845 0.307654 0.539849 253 253 1
0.446584 0.0446336 0.65534 0 0 255
0.614793 -0.0929306 0.523585 249 249 5
0.150042 0.247155 0.61672 86 86 168
-0.0332499 -0.0970719 0.680209 0 0 255
0.464972 -0.359076 0.436076 187 187 67
0.245186 0.00614677 0.690343 0 0 255
0.228711 0.165611 0.659013 0 0 255
0.103085 -0.276652 0.59534 186 186 68
-0.0368878 0.0284575 0.689668 0 0 255
0.179133 -0.260737 0.60763 90 90 164
-0.0203188 0.381976 0.479089 140 140 114
-0.276846 -0.318202 0.55864 116 116 138
0.260889 -0.0377838 0.689333 0 0 255
0.0298319 -0.0675605 0.685758 0 0 255
0.2232 0.0538232 0.687149 0 0 255
0.409828 -0.281518 0.565882 231 231 23
0.277466 0.187488 0.649079 0 0 255
0.0606098 -0.108408 0.677534 0 0 255
0.429454 -0.114767 0.647829 0 0 255
0.198732 -0.0872806 0.681523 0 0 255
0.634119 0.148198 0.472171 217 217 37
0.597893 0.2074 0.478968 159 159 95
0.255431 -0.331221 0.545205 235 235 19
-0.0129787 -0.311774 0.565008 254 254 0
-0.279841 0.210746 0.638155 174 174 80
0.567157 -0.063491 0.579187 217 217 37
-0.202384 0.189066 0.648728 252 252 2
0.348331 0.0128501 0.685139 0 0 255
-0.00129496 0.0318247 0.689667 0 0 255
-0.0301431 -0.104328 0.678542 23 23 231
0.010174 0.0631022 0.686369 0 0 255
-0.0817931 0.225429 0.630131 251 251 3
0.311948 -0.190315 0.647204 0 0 255
0.160776 0.145106 0.666974 0 0 255
0.385598 -0.174794 0.641321 7 7 247
0.0217749 -0.0716516 0.68484 0 0 255
-0.325296 0.0357222 0.686572 230 230 24
0.442845 0.0819216 0.650984 0 0 255
0.0871649 0.092172 0.681435 0 0 255
0.50866 -0.00628016 0.626565 0 0 255
0.333389 0.236841 0.619037 28 28 226
0.0922149 -0.0956854 0.680675 0 0 255
0.269125 0.133825 0.669696 0 0 255
0.044191 -0.223623 0.630633 153 153 101
0.15704 0.00739351 0.690823 0 0 255
0.326606 0.161127 0.658249 0 0 255
0.203668 -0.24946 0.614568 101 101 153
-0.316264 -0.212573 0.635143 198 198 56
-0.0459381 0.0972724 0.67955 30 30 224
0.372584 -0.111984 0.665957 0 0 255
0.466891 0.0985864 0.637194 0 0 255
0.212987 -0.157676 0.661895 0 0 255
-0.104321 -0.11582 0.675731 113 113 141
-0.166283 -0.0668645 0.685593 208 208 46
-0.280153 -0.148579 0.6649 184 184 70
0.0868382 0.155479 0.663131 0 0 255
-0.0508044 -0.0333644 0.688993 0 0 255
-0.270487 0.165057 0.659154 189 189 65
0.462847 0.166511 0.615118 116 116 138
0.268033 -0.142759 0.666857 0 0 255
0.00298678 0.153885 0.663342 54 54 200
0.0449708 -0.42148 0.398171 21 21 233
0.36568 -0.15696 0.652884 0 0 255
0.158438 -0.0589354 0.686913 0 0 255
0.249448 -0.314221 0.563265 220 220 34
0.49325 0.0762706 0.627649 86 86 168
0.0317318 0.0412681 0.688886 0 0 255
0.0767048 -0.189417 0.648319 57 57 197
-0.257692 0.125271 0.673132 254 254 0
0.372446 -0.0919513 0.671015 0 0 255
-0.0270705 -0.270453 0.600633 228 228 26
-0.15865 0.278322 0.594602 252 252 2
0.431055 0.142587 0.638353 2 2 252
-0.0143779 0.383644 0.475434 12 12 242
0.169965 0.397584 0.450478 194 194 60
-0.282666 -0.106522 0.678122 240 240 14
0.053515 0.0976974 0.679936 0 0 255
0.130737 -0.304057 0.571606 244 244 10
0.356759 0.181086 0.644477 0 0 255
-0.0504909 -0.165535 0.658527 87 87 167
0.601294 0.0793215 0.542568 246 246 8
0.471311 0.187145 0.601262 209 209 45
0.188385 -0.07494 0.684059 0 0 255
0.47805 0.0102237 0.643797 0 0 255
0.342202 0.0713387 0.680186 0 0 255
-0.181729 0.205711 0.641039 252 252 2
0.339356 0.150876 0.659642 0 0 255
0.370325 -0.0615898 0.676207 0 0 255
-0.189345 -0.0646954 0.685844 217 217 37
0.266673 0.101538 0.678563 0 0 255
-0.0436895 -0.0628937 0.685924 0 0 255
0.439524 -0.0117914 0.660616 0 0 255
0.156364 -0.219261 0.63297 5 5 249
-0.151904 0.179672 0.652942 222 222 32
-0.0577289 0.196924 0.645122 194 194 60
0.200551 0.278041 0.594628 213 213 41
0.470495 0.221314 0.582177 179 179 75
0.561265 0.0120182 0.589109 151 151 103
0.166737 0.345989 0.527516 254 254 0
-0.0137796 0.257603 0.609033 200 200 54
0.526183 0.126954 0.593217 144 144 110
0.363987 -0.146139 0.657165 0 0 255
0.30928 -0.0940817 0.679329 0 0 255
0.531208 0.00839421 0.612694 146 146 108
0.0871164 -0.10011 0.679575 0 0 255
0.101695 -0.0416275 0.688068 0 0 255
0.162208 0.0572109 0.687273 0 0 255
0.309755 0.313266 0.561317 222 222 32
-0.421601 -0.0618857 0.662221 38 38 216
0.364971 -0.190504 0.638668 1 1 253
0.447858 -0.0672269 0.65148 26 26 228
0.419849 0.227792 0.601968 124 124 130
-0.127146 -0.117632 0.67491 160 160 94
-0.163396 0.220932 0.632601 250 250 4
0.297761 -0.416625 0.408112 0 0 255
-0.423157 0.108161 0.652311 82 82 172
0.579197 -0.0631789 0.568394 215 215 39
0.411844 -0.0744421 0.663007 0 0 255
0.116937 -0.0484224 0.688207 0 0 255
0.303118 -0.069097 0.684606 0 0 255
0.309488 0.0694355 0.683604 0 0 255
0.469592 0.221289 0.581631 171 171 83
-0.0342596 0.296776 0.579359 254 254 0
-0.283168 0.331614 0.545228 0 0 255
0.302206 0.170021 0.656244 0 0 255
0.256895 -0.314147 0.562746 232 232 22
0.0618609 -0.148122 0.665049 0 0 255
-0.0158958 0.014777 0.690734 0 0 255
0.452823 -0.0211565 0.654733 0 0 255
0.414228 -0.24969 0.588916 176 176 78
-0.387634 -0.182034 0.63715 14 14 240
-0.0700787 0.309428 0.567011 242 242 12
0.0934448 0.125383 0.673002 0 0 255
-0.0639392 0.100127 0.679386 96 96 158
0.362638 -0.108962 0.668605 0 0 255
-0.304801 0.175852 0.653933 230 230 24
-0.107908 -0.251047 0.613811 249 249 5
0.400538 0.297405 0.554776 241 241 13
0.0413534 -0.0666116 0.685905 0 0 255
0.321708 -0.338492 0.533748 247 247 7
-0.0904888 -0.0680919 0.685197 126 126 128
0.430227 -0.0865787 0.65532 0 0 255
0.0403721 -0.323084 0.553362 249 249 5
0.161077 0.113392 0.675758 0 0 255
0.0340132 -0.236445 0.623595 183 183 71
0.514523 -0.261613 0.520125 252 252 2
-0.262494 0.246521 0.617336 202 202 52
0.331409 0.244503 0.614482 65 65 189
-0.00884486 0.0813194 0.683578 0 0 255
0.383551 0.120556 0.661107 0 0 255
-0.240856 0.206059 0.640938 247 247 7
-0.131476 0.24051 0.621412 252 252 2
0.17646 -0.0915233 0.681093 0 0 255
-0.26107 -0.153341 0.663352 250 250 4
0.511191 0.0121246 0.625425 70 70 184
0.0112858 -0.124513 0.673091 0 0 255
0.134245 -0.265694 0.60413 179 179 75
0.105733 0.107452 0.677759 0 0 255
0.101627 -0.25621 0.611006 150 150 104
0.503989 0.115633 0.612305 201 201 53
0.187037 -0.181324 0.652721 0 0 255
0.376616 -0.247686 0.602408 151 151 103
0.0847238 0.0560358 0.686614 0 0 255
0.333207 -0.137173 0.665712 0 0 255
-0.172965 -0.0653897 0.685353 186 186 68
0.00505424 0.0880862 0.682261 0 0 255
0.45749 -0.0702171 0.646596 0 0 255
-0.17493 -0.129912 0.671421 219 219 35
0.421162 -0.0670204 0.662062 0 0 255
0.349024 0.157108 0.655723 0 0 255
0.0338183 -0.0289765 0.689559 0 0 255
0.17143 0.0193751 0.690326 0 0 255
0.27169 0.00826059 0.690849 0 0 255
0.476455 0.0634011 0.639115 0 0 255
0.0167459 -0.0142418 0.690507 0 0 255
-0.0849221 0.038315 0.688708 55 55 199
0.11248 -0.376179 0.486725 221 221 33
0.487212 0.330225 0.46273 203 203 51
0.189002 0.266047 0.603154 120 120 134
0.119166 0.120228 0.67369 0 0 255
-0.259159 0.354054 0.518263 0 0 255
0.281727 0.313824 0.56352 209 209 45
0.261506 0.0213334 0.689586 0 0 255
0.233873 -0.176908 0.654484 0 0 255
0.524023 -0.308395 0.457494 174 174 80
0.228012 0.0692803 0.684859 0 0 255
-0.382853 0.0694257 0.672014 169 169 85
-0.339464 -0.1953 0.641296 188 188 66
0.281785 0.0318206 0.688946 0 0 255
0.0190927 0.125068 0.673189 0 0 255
0.55408 0.0323843 0.594276 191 191 63
0.238454 -0.158053 0.662174 0 0 255
-0.193678 -0.10776 0.67726 236 236 18
0.289799 0.012833 0.690143 0 0 255
-0.387101 -0.0262158 0.676323 137 137 117
0.313213 0.10491 0.676294 0 0 255
0.343313 0.242772 0.613404 187 187 67
0.359182 -0.182619 0.644119 19 19 235
0.183706 -0.0463907 0.688294 0 0 255
0.197618 -0.0413211 0.688242 0 0 255
-0.196132 -0.0740808 0.684327 228 228 26
0.381082 0.317057 0.542111 246 246 8
-0.00622122 0.039346 0.689 0 0 255
-0.222863 0.202031 0.643147 254 254 0
0.22114 0.0724501 0.684982 0 0 255
0.535537 0.00749488 0.609758 81 81 173
-0.177005 -0.348554 0.525883 0 0 255
0.436274 0.0108344 0.661967 0 0 255
0.455449 0.0260561 0.652739 0 0 255
-0.0828763 -0.240214 0.620736 227 227 27
0.0217216 0.290751 0.583782 254 254 0
-0.0303433 0.25268 0.613208 207 207 47
0.181742 -0.172943 0.655744 0 0 255
0.229217 0.0724669 0.684654 0 0 255
0.106236 0.100142 0.679144 0 0 255
0.393073 0.0938295 0.665002 0 0 255
0.484002 0.119473 0.622461 0 0 255
0.0174008 0.208268 0.639048 109 109 145
-0.290283 0.233973 0.624584 108 108 146
-0.0255149 -0.0553838 0.687263 0 0 255
-0.0145506 -0.114607 0.675295 0 0 255
0.0808596 0.113588 0.676233 0 0 255
0.323393 -0.0497655 0.685163 0 0 255
0.307331 -0.0338081 0.688123 0 0 255
-0.201726 -0.116943 0.674994 218 218 36
-0.129954 0.196364 0.644852 219 219 35
-0.0501782 -0.0253279 0.689299 0 0 255
-0.193769 -0.171833 0.656539 250 250 4
-0.0245426 -0.129734 0.671105 130 130 124
0.541287 -0.00369289 0.605067 121 121 133
0.194863 0.0877257 0.682022 0 0 255
0.287186 -0.00516995 0.690131 0 0 255
0.548913 -0.170655 0.556674 243 243 11
0.166337 0.219122 0.633797 102 102 152
-0.168951 0.100288 0.678971 202 202 52
0.104188 -0.031193 0.689897 0 0 255
0.665984 -0.0835143 0.451793 167 167 87
0.150858 0.1043 0.678277 0 0 255
-0.0467368 -0.0406866 0.688856 0 0 255
0.413803 0.0215406 0.668557 0 0 255
0.272425 0.136549 0.669182 0 0 255
0.366535 0.167054 0.649032 0 0 255
0.451129 0.0130307 0.65528 0 0 255
-0.169304 -0.280395 0.593052 245 245 9
0.405646 -0.112272 0.656603 0 0 255
0.302731 0.287973 0.585161 210 210 44
0.0468767 0.125093 0.672872 0 0 255
0.176742 -0.0994929 0.67968 0 0 255
-0.0558086 0.348996 0.524322 231 231 23
-0.0055316 0.0889778 0.681233 0 0 255
0.493269 -0.0476889 0.632302 8 8 246
0.594877 -0.256832 0.42918 126 126 128
0.0430487 0.292425 0.582218 220 220 34
-0.451566 -0.174259 0.617627 0 0 255
0.503215 0.135523 0.605327 76 76 178
0.318204 -0.00826026 0.688498 0 0 255
0.160963 -0.100379 0.679447 0 0 255
-0.129183 -0.198125 0.644212 229 229 25
0.375 -0.121455 0.662921 0 0 255
0.267833 -0.0847827 0.682758 0 0 255
0.298472 -0.0985085 0.679407 0 0 255
0.464563 0.106739 0.635437 14 14 240
-0.483646 0.0674628 0.634298 0 0 255
0.551036 0.119608 0.576684 186 186 68
0.0875521 0.11157 0.67689 0 0 255
0.484903 -0.0313641 0.638994 0 0 255
0.395665 -0.137787 0.652536 0 0 255
0.171678 -0.331086 0.545318 254 254 0
0.0986808 -0.0575984 0.68671 0 0 255
0.363291 -0.178075 0.644504 0 0 255
0.190262 -0.2867 0.587213 212 212 42
0.38971 0.15519 0.648173 8 8 246
0.519863 0.301594 0.46961 208 208 46
0.496043 0.110323 0.618343 28 28 226
-0.0538257 0.161195 0.660109 169 169 85
0.385141 0.0090811 0.677272 0 0 255
0.546444 -0.178779 0.554556 232 232 22
-0.0442988 0.0631613 0.686348 0 0 255
0.0140807 -0.353498 0.518484 177 177 77
0.55502 0.245496 0.496705 170 170 84
0.351376 -0.407941 0.415961 96 96 158
-0.249427 -0.0878747 0.681782 244 244 10
0.37007 -0.100366 0.669075 0 0 255
0.274685 -0.272045 0.59845 126 126 128
0.238502 0.0297933 0.689672 0 0 255
0.379559 0.00907189 0.678212 0 0 255
0.294364 -0.29333 0.581344 180 180 74
0.315351 0.167968 0.656212 0 0 255
0.286046 0.135907 0.669915 0 0 255
0.416261 -0.367429 0.459309 152 152 102
-0.250519 -0.189882 0.648456 254 254 0
0.442782 0.0911091 0.649003 0 0 255
0.662954 0.12625 0.435489 188 188 66
0.530441 0.188201 0.561164 237 237 17
-0.0172242 0.364547 0.505016 110 110 144
0.612096 -0.143938 0.504854 254 254 0
0.544808 0.160834 0.564879 210 210 44
0.13147 0.16628 0.658465 0 0 255
-0.357641 0.00648616 0.682779 226 226 28
0.00791538 -0.0714597 0.685132 0 0 255
0.360823 0.0677361 0.677174 0 0 255
0.307997 -0.131147 0.670192 0 0 255
0.384609 0.0178975 0.677135 0 0 255
0.333684 0.102229 0.675159 0 0 255
0.276586 0.0150645 0.690688 0 0 255
-0.0341585 -0.232156 0.626154 179 179 75
0.646312 0.139773 0.45686 217 217 37
0.403131 0.0807728 0.665059 0 0 255
0.628446 -0.175078 0.461184 223 223 31
0.431714 -0.0527486 0.659832 0 0 255
0.103711 -0.00994062 0.690609 0 0 255
-0.308914 -0.342583 0.531019 0 0 255
-0.0808608 0.156048 0.662604 135 135 119
0.304445 -0.126762 0.671954 0 0 255
0.0990751 0.0280098 0.690078 0 0 255
0.108006 -0.119411 0.674525 0 0 255
-0.11229 -0.0854116 0.682481 139 139 115
0.495325 0.1444 0.606619 76 76 178
0.413099 -0.0784799 0.662519 0 0 255
0.154959 0.0832376 0.683067 0 0 255
0.162959 0.283095 0.590295 177 177 77
0.443003 -0.151399 0.631164 0 0 255
0.33867 -0.303974 0.566978 193 193 61
0.3279 -0.126973 0.669074 0 0 255
0.630278 -0.203114 0.431996 160 160 94
0.10036 0.0985351 0.679743 0 0 255
0.2519 -0.0961679 0.680282 0 0 255
0.246386 -0.38356 0.475217 160 160 94
0.341448 -0.148906 0.660306 0 0 255
0.192602 0.199325 0.643605 1 1 253
-0.129121 -0.115932 0.675619 156 156 98
0.472352 -0.0689731 0.639907 0 0 255
-0.0836567 -0.312444 0.565033 187 187 67
0.336536 -0.185125 0.646793 0 0 255
0.475287 -0.246392 0.560927 247 247 7
0.0528493 0.0450221 0.688719 0 0 255
-0.0774569 -0.165929 0.658387 224 224 30
0.322101 0.0885709 0.679554 0 0 255
-0.186409 0.290797 0.583546 237 237 17
0.337618 -0.0250489 0.685773 0 0 255
0.392658 -0.105725 0.662417 0 0 255
0.177154 0.106581 0.677235 0 0 255
0.348273 0.0221187 0.684544 0 0 255
0.420882 -0.0320635 0.665565 0 0 255
0.125372 -0.0752723 0.684637 0 0 255
-0.103838 -0.108313 0.677219 167 167 87
0.367435 0.0718427 0.675061 0 0 255
0.621614 -0.165961 0.477816 215 215 39
0.122012 -0.0465282 0.687797 0 0 255
-0.382081 0.254954 0.596051 0 0 255
0.044036 -0.0211386 0.689956 0 0 255
0.30749 -0.0877475 0.680574 0 0 255
0.0804287 -0.0482356 0.688049 0 0 255
0.445029 0.175424 0.619989 63 63 191
0.418784 -0.099123 0.656359 0 0 255
-0.269601 0.0124047 0.690497 251 251 3
0.178358 -0.0598135 0.686834 0 0 255
0.548424 -0.0921251 0.587944 146 146 108
0.436971 0.00269606 0.661178 0 0 255
0.0554052 -0.199009 0.644069 52 52 202
0.439824 0.185152 0.617188 73 73 181
-0.111817 0.143889 0.667378 186 186 68
0.00681958 0.222716 0.631806 181 181 73
-0.110462 -0.0329404 0.689151 60 60 194
-0.287675 -0.00415976 0.690455 250 250 4
0.0943408 0.279859 0.593506 187 187 67
0.648462 -0.050921 0.490307 248 248 6
0.440987 -0.238275 0.586131 210 210 44
0.080839 -0.11435 0.675415 0 0 255
0.192589 -0.181887 0.652285 0 0 255
0.0700748 0.0519538 0.687818 0 0 255
0.442519 -0.113966 0.643823 79 79 175
0.413914 0.0323331 0.668257 0 0 255
0.228162 -0.365426 0.502519 232 232 22
0.031582 0.0225296 0.69029 0 0 255
0.220166 -0.0420484 0.688554 0 0 255
0.0980862 -0.159448 0.661003 13 13 241
0.128528 0.117815 0.674932 0 0 255
0.325672 0.200479 0.640593 0 0 255
-0.0374312 0.177129 0.654341 176 176 78
0.430829 0.0137482 0.663095 0 0 255
0.3636 -0.399636 0.427764 104 104 150
0.235085 -0.384583 0.473415 114 114 140
-0.464697 -0.141151 0.625061 0 0 255
0.0324196 -0.373949 0.490033 197 197 57
0.10443 0.0197907 0.689871 0 0 255
0.478189 -0.318248 0.488076 190 190 64
0.401697 0.274141 0.575003 225 225 29
0.0534673 0.324072 0.553427 250 250 4
0.0978563 -0.191338 0.647444 14 14 240
0.224584 -0.332542 0.543769 253 253 1
0.0936657 0.39443 0.457485 183 183 71
0.307024 -0.0960849 0.67911 0 0 255
0.404309 0.0265454 0.671667 0 0 255
0.663709 0.0076016 0.471172 176 176 78
-0.0723666 0.0529548 0.687741 0 0 255
0.157149 0.184543 0.650805 0 0 255
0.351542 -0.104213 0.672331 0 0 255
0.35332 -0.0893698 0.674708 0 0 255
0.532016 -0.161262 0.574364 212 212 42
0.102585 0.201638 0.64256 35 35 219
0.565745 0.0796892 0.576937 248 248 6
0.416726 0.226177 0.603852 209 209 45
-0.151704 -0.0928983 0.681245 171 171 83
0.208557 -0.372176 0.49331 246 246 8
0.019493 -0.434061 0.359437 0 0 255
-0.00974918 0.1583 0.661692 135 135 119
0.220356 0.223188 0.631205 153 153 101
0.119823 0.150243 0.665003 0 0 255
-0.0402606 0.185491 0.650464 163 163 91
0.60227 0.147153 0.514886 253 253 1
0.352144 0.220956 0.624973 0 0 255
0.2511 -0.0981287 0.679293 0 0 255
0.0572698 -0.177168 0.654163 0 0 255
0.356428 0.230751 0.61833 40 40 214
0.506203 0.227723 0.554007 236 236 18
0.104281 0.072087 0.684589 0 0 255
0.156789 -0.0831697 0.68225 0 0 255
-0.0219897 0.253899 0.611873 219 219 35
0.489036 -0.0519136 0.633817 0 0 255
-0.090158 0.403217 0.44065 46 46 208
-0.175839 0.107196 0.677459 243 243 11
0.549603 -0.128604 0.575769 248 248 6
0.0667883 0.1147 0.676142 0 0 255
0.0286557 -0.0722789 0.68459 0 0 255
-0.331433 0.325181 0.547057 0 0 255
0.204883 -0.206643 0.64071 70 70 184
0.207855 0.185042 0.651236 0 0 255
-0.255339 0.0355229 0.688963 245 245 9
0.597506 -0.14674 0.520944 250 250 4
0.102627 0.122155 0.673322 0 0 255
0.438301 -0.124356 0.642547 0 0 255
0.23263 0.316402 0.560691 224 224 30
-0.341765 0.168732 0.65228 113 113 141
0.507 -0.0516176 0.624605 27 27 227
0.222737 0.213764 0.636278 98 98 156
0.344652 0.122709 0.668366 0 0 255
-0.240956 -0.367202 0.500328 11 11 243
0.440184 -0.0185092 0.659681 0 0 255
-0.144946 0.252026 0.612801 223 223 31
0.0141659 -0.104914 0.678412 0 0 255
0.449825 0.222829 0.591651 125 125 129
0.404364 -0.0888674 0.663171 0 0 255
-0.241189 0.139809 0.667716 251 251 3
0.448275 -0.185103 0.612986 189 189 65
0.156991 0.379832 0.481622 142 142 112
0.488928 -0.0756458 0.630165 108 108 146
0.3779 -0.191095 0.635917 0 0 255
0.630068 0.151071 0.475427 216 216 38
0.343382 0.118915 0.669597 0 0 255
0.12051 -0.0668064 0.685967 0 0 255
0.0097225 0.0637675 0.68607 30 30 224
0.428934 0.0647534 0.659225 0 0 255
0.0859087 -0.0643384 0.685456 0 0 255
0.149704 -0.26247 0.606366 112 112 142
0.183872 -0.0157043 0.690652 0 0 255
0.43563 0.0200908 0.661009 0 0 255
0.553272 -0.00578109 0.596752 158 158 96
0.453207 0.0982234 0.643399 0 0 255
0.0696417 -0.304559 0.572246 245 245 9
0.44068 -0.124652 0.641112 0 0 255
0.355822 -0.128978 0.664832 0 0 255
0.331281 -0.155413 0.659526 0 0 255
0.13444 0.173334 0.656109 51 51 203
0.421856 0.229019 0.599404 218 218 36
0.0482092 -0.0490669 0.687496 0 0 255
0.626128 0.113493 0.502385 254 254 0
-0.0941557 -0.260313 0.607965 254 254 0
0.528637 -0.112587 0.596291 213 213 41
0.362213 -0.052609 0.679246 0 0 255
0.215698 0.0945144 0.680784 0 0 255
0.119957 -0.274297 0.597566 154 154 100
0.0136198 -0.237371 0.622321 186 186 68
-0.308111 0.273405 0.596012 137 137 117
-0.389187 0.224382 0.613891 0 0 255
0.0741214 0.111933 0.676865 0 0 255
0.132815 0.0204279 0.690276 0 0 255
0.381798 -0.143081 0.654732 0 0 255
0.485019 0.0429659 0.637947 0 0 255
-0.245891 -0.360502 0.510532 0 0 255
0.0983679 -0.101832 0.678691 0 0 255
-0.106114 -0.15251 0.664063 160 160 94
-0.0505453 -0.129699 0.670947 38 38 216
-0.277679 -0.152001 0.664405 245 245 9
0.159797 0.0734796 0.684117 0 0 255
0.0727097 -0.134359 0.66992 0 0 255
0.351754 -0.0815362 0.677053 0 0 255
0.107794 0.155288 0.662946 0 0 255
-0.18595 0.108415 0.676959 223 223 31
-0.0200604 -0.200994 0.643061 230 230 24
0.413314 -0.00725856 0.669028 0 0 255
0.49196 0.0248103 0.635706 42 42 212
0.453131 -0.259215 0.563788 254 254 0
0.321765 -0.0472743 0.685651 0 0 255
0.341488 0.173647 0.650587 0 0 255
0.402208 -0.0334596 0.671634 0 0 255
0.0403321 -0.0723097 0.685026 0 0 255
0.472947 -0.203069 0.59137 142 142 112
-0.165317 0.0659195 0.685704 192 192 62
0.521378 0.0529431 0.61522 196 196 58
0.0437011 -0.243051 0.619713 242 242 12
0.210884 0.137989 0.668397 0 0 255
0.420364 0.20169 0.616386 39 39 215
0.0132419 -0.0762324 0.684135 0 0 255
0.326219 -0.0275656 0.687488 0 0 255
-0.159341 0.0173243 0.690606 209 209 45
-0.280671 0.0262301 0.689771 254 254 0
0.480617 -0.159053 0.608747 130 130 124
-0.185767 0.252595 0.613111 246 246 8
0.375296 -0.187232 0.638031 0 0 255
0.481552 -0.196483 0.590449 162 162 92
0.449084 0.0487365 0.653509 0 0 255
-0.0930209 0.0650025 0.686006 157 157 97
0.0494901 -0.158784 0.661566 0 0 255
0.299223 -0.0765339 0.683728 0 0 255
0.214307 -0.128774 0.671622 0 0 255
0.00932545 0.257993 0.608848 252 252 2
-0.0646209 0.102648 0.678991 44 44 210
-0.043892 0.133405 0.670477 55 55 199
0.163817 0.197319 0.644777 0 0 255
0.49836 0.17441 0.591918 156 156 98
0.44591 -0.126254 0.638017 0 0 255
-0.00508787 0.243773 0.618645 173 173 81
0.511517 -0.304099 0.474922 174 174 80
0.492785 0.0070155 0.635532 88 88 166
0.0697955 0.129574 0.671657 0 0 255
0.575941 -0.179991 0.525865 254 254 0
0.0588462 -0.120345 0.673794 17 17 237
0.227812 0.12688 0.672277 0 0 255
-0.110198 0.220382 0.633003 240 240 14
-0.00301869 0.0725249 0.684886 0 0 255
0.464464 0.0281592 0.649107 0 0 255
0.182377 0.0394225 0.688796 0 0 255
-0.0675552 -0.162756 0.659889 188 188 66
-0.0103227 0.262964 0.605964 253 253 1
0.405265 0.271206 0.575473 195 195 59
0.145924 0.212886 0.636833 24 24 230
0.196735 -0.376406 0.486924 206 206 48
0.315934 -0.171195 0.654693 0 0 255
0.379521 -0.0954279 0.6679 0 0 255
-0.327113 -0.0268868 0.686651 244 244 10
0.147219 -0.114336 0.675805 0 0 255
0.206246 -0.187747 0.649906 0 0 255
0.0585198 -0.106674 0.677986 0 0 255
0.185188 -0.371416 0.494364 207 207 47
0.436633 0.240646 0.586221 177 177 77
0.480619 -0.0183802 0.6413 0 0 255
0.187471 -0.0461272 0.688496 0 0 255
0.150028 -0.218355 0.633566 0 0 255
-0.255917 -0.209109 0.638968 238 238 16
0.158076 0.035474 0.689512 0 0 255
0.00269869 0.0550075 0.687233 0 0 255
0.597761 0.267682 0.40894 0 0 255
0.40876 -0.126175 0.651653 0 0 255
0.417959 -0.247913 0.588269 228 228 26
0.390612 0.11629 0.659778 0 0 255
0.235761 -0.148011 0.665906 0 0 255
0.465099 0.0585128 0.645251 0 0 255
0.409346 0.226444 0.606843 132 132 122
0.130285 0.0848238 0.682466 0 0 255
-0.118308 -0.184364 0.651327 254 254 0
0.241799 -0.0182186 0.690308 0 0 255
0.213301 0.0519408 0.687469 0 0 255
-0.162048 0.370378 0.495215 105 105 149
0.324148 -0.174344 0.652852 25 25 229
0.372347 -0.184762 0.63969 0 0 255
0.558084 0.0584289 0.587452 147 147 107
0.476758 -0.167361 0.607487 115 115 139
-0.319091 0.0330724 0.687464 241 241 13
-0.318755 0.19584 0.644001 205 205 49
0.0447822 0.266044 0.603676 204 204 50
0.347058 0.0623134 0.680782 0 0 255
0.299634 0.174751 0.654582 0 0 255
0.461386 -0.217949 0.588508 214 214 40
0.0483699 -0.124769 0.673293 0 0 255
0.0168912 0.228822 0.628034 138 138 116
0.0437953 0.119623 0.674266 0 0 255
0.0764628 -0.00504282 0.690105 0 0 255
0.41625 0.269674 0.572661 196 196 58
0.115584 -0.116909 0.675448 0 0 255
0.478618 -0.0463984 0.640018 22 22 232
-0.0244721 0.290412 0.583715 252 252 2
-0.00244164 0.0968272 0.680068 74 74 180
-0.0555958 0.133167 0.670171 64 64 190
0.424861 0.360089 0.467543 127 127 127
0.196733 0.0250437 0.689503 0 0 255
-0.0287394 0.0848046 0.682657 0 0 255
-0.0471989 -0.114279 0.675857 64 64 190
0.508198 -0.309355 0.472218 230 230 24
-0.207218 -0.0677207 0.685601 217 217 37
-0.308228 -0.0307906 0.688297 254 254 0
-0.218977 -0.268799 0.601393 228 228 26
0.406842 -0.0271683 0.670462 0 0 255
0.486108 0.0801706 0.630781 67 67 187
-0.0426292 -0.10748 0.677081 50 50 204
0.643438 0.00242694 0.501824 253 253 1
0.474385 -0.0348384 0.643987 0 0 255
0.0517779 0.33304 0.543788 246 246 8
0.342492 0.114197 0.670938 0 0 255
0.206952 0.178242 0.653746 0 0 255
0.0592983 -0.416577 0.409633 7 7 247
0.442417 0.043121 0.65733 0 0 255
0.10847 -0.108718 0.677577 0 0 255
-0.227485 -0.398058 0.450312 0 0 255
0.000537994 0.412526 0.420727 67 67 187
0.67962 -0.108084 0.412607 123 123 131
0.413439 0.00484243 0.669256 0 0 255
-0.0498535 0.163307 0.659407 128 128 126
0.181553 0.0181298 0.690212 0 0 255
0.127272 -0.156112 0.662998 0 0 255
0.104586 -0.103998 0.677938 0 0 255
0.43193 -0.0771491 0.65617 0 0 255
0.527326 0.181409 0.567368 253 253 1
0.00390339 -0.0540776 0.687145 0 0 255
0.223908 -0.138398 0.668406 0 0 255
-0.243728 0.317772 0.55883 62 62 192
-0.0871693 0.0190275 0.690487 67 67 187
-0.286659 -0.0566152 0.68728 254 254 0
0.0421156 -0.161419 0.660304 1 1 253
0.464305 0.0888401 0.640371 0 0 255
0.279162 0.021238 0.690291 0 0 255
0.368248 -0.174162 0.645582 0 0 255
0.224692 -0.159582 0.661657 0 0 255
0.350657 0.207526 0.633493 40 40 214
0.564018 -0.105723 0.570456 182 182 72
0.312268 -0.319092 0.556584 235 235 19
0.114993 -0.0468471 0.687651 0 0 255
0.121314 0.139516 0.668553 0 0 255
0.249076 -0.117996 0.674908 0 0 255
0.276623 0.340914 0.534722 253 253 1
0.508334 0.22984 0.550875 235 235 19
0.314446 0.271139 0.597332 180 180 74
0.121016 0.209816 0.638848 0 0 255
-0.079597 0.0321301 0.689812 58 58 196
-0.186687 -0.262382 0.605866 246 246 8
0.117732 0.171625 0.656629 0 0 255
0.179946 0.0197618 0.68996 0 0 255
-0.0997191 0.213904 0.636392 217 217 37
0.140109 0.0706381 0.685071 0 0 255
0.038919 0.178883 0.653461 48 48 206
0.356066 -0.0742234 0.677697 0 0 255
0.015461 0.263675 0.605245 207 207 47
0.120881 0.109406 0.676794 0 0 255
0.606331 0.214136 0.460429 193 193 61
0.33503 -0.0377141 0.685458 0 0 255
0.0324152 0.169662 0.657615 0 0 255
0.470407 -0.0936178 0.635916 0 0 255
0.435853 0.0169182 0.661806 0 0 255
-0.0491552 -0.022303 0.689474 0 0 255
0.284442 -0.161369 0.660906 0 0 255
0.172638 0.294481 0.58125 189 189 65
0.552513 0.0045442 0.596611 128 128 126
0.241877 -0.193436 0.646262 0 0 255
0.53558 -0.323017 0.417761 138 138 116
-0.0783188 -0.0823515 0.683335 160 160 94
-0.225098 0.103257 0.678971 247 247 7
0.629556 0.0942019 0.504954 242 242 12
0.339966 0.124903 0.668177 0 0 255
0.138938 0.113891 0.675906 0 0 255
0.0101852 -0.0103441 0.690331 0 0 255
0.426078 0.229656 0.597253 100 100 154
-0.162884 0.383045 0.475987 0 0 255
0.220263 0.25469 0.611049 180 180 74
-0.0218043 0.0118448 0.689993 0 0 255
0.279168 0.312059 0.565219 223 223 31
0.154389 -0.0777903 0.683322 0 0 255
-0.143383 0.243253 0.619097 251 251 3
0.196732 0.0977154 0.679526 0 0 255
0.36525 0.02557 0.681631 0 0 255
0.45541 -0.232679 0.582509 178 178 76
0.186998 0.203083 0.641708 33 33 221
0.261252 -0.0929829 0.680549 0 0 255
0.329677 -0.0120752 0.686875 0 0 255
-0.267161 0.239867 0.621697 152 152 102
0.285192 -0.252911 0.612594 119 119 135
0.654819 0.0237792 0.484767 213 213 41
-0.240176 0.349968 0.523935 8 8 246
-0.0274447 0.0340161 0.689677 0 0 255
0.285487 -0.295309 0.579861 158 158 96
0.428493 0.0400787 0.6622 0 0 255
-0.0787901 -0.0486893 0.688174 46 46 208
0.0695855 0.0970178 0.679946 0 0 255
0.594742 0.0821658 0.54864 233 233 21
0.320947 -0.0956527 0.678103 0 0 255
0.0566659 -0.0796262 0.683784 0 0 255
0.179759 0.331637 0.545296 254 254 0
-0.125485 0.193563 0.646578 237 237 17
0.192551 -0.436918 0.347503 0 0 255
0.0971492 0.251007 0.613727 113 113 141
-0.0808568 0.347243 0.526012 153 153 101
0.0934749 0.245465 0.617222 143 143 111
0.417717 -0.108063 0.654054 0 0 255
0.217988 -0.374444 0.490619 238 238 16
0.0562958 -0.0163794 0.689998 0 0 255
-0.12451 0.0157828 0.689739 175 175 79
0.0276964 -0.0806259 0.68293 0 0 255
0.0789518 0.281237 0.591573 233 233 21
0.358716 -0.168785 0.649585 0 0 255
0.101604 0.159363 0.661219 59 59 195
0.109102 0.212975 0.637072 169 169 85
0.0683378 0.178122 0.653685 66 66 188
0.444471 -0.0642486 0.653145 0 0 255
0.482696 0.322969 0.47774 242 242 12
0.363227 -0.0302085 0.681678 0 0 255
0.404643 0.169435 0.637868 0 0 255
0.502279 0.169963 0.590813 138 138 116
0.466656 -0.271415 0.544947 240 240 14
0.372995 0.392756 0.438582 175 175 79
0.525528 0.263489 0.507993 213 213 41
0.380795 0.170685 0.644249 0 0 255
-0.112175 0.0915778 0.681535 192 192 62
0.156974 -0.191688 0.647088 0 0 255
0.179783 0.00114462 0.690784 0 0 255
0.0675496 0.222041 0.632127 119 119 135
0.42049 0.331067 0.509987 254 254 0
0.105758 -0.253398 0.612803 154 154 100
0.41908 0.118346 0.650935 0 0 254
0.355909 -0.105609 0.670364 0 0 255
-0.0160628 -0.0243453 0.689461 0 0 255
-0.340196 -0.123194 0.669162 199 199 55
0.173592 -0.172785 0.656319 0 0 255
0.467123 0.0679802 0.643312 57 57 197
0.457342 -0.230645 0.582453 241 241 13
-0.287613 -0.144627 0.667 228 228 26
-0.180133 -0.272005 0.598639 240 240 14
0.0682777 0.0915597 0.680796 0 0 255
-0.349474 0.26614 0.596291 66 66 188
0.0446873 0.0502384 0.687543 0 0 255
-0.378506 0.203258 0.62929 103 103 151
0.270673 -0.0974414 0.680186 0 0 255
-0.259488 0.0541446 0.687267 252 252 2
0.386878 0.352223 0.49777 233 233 21
0.0774871 -0.272999 0.59877 250 250 4
0.388157 -0.0931292 0.66691 0 0 255
0.0564578 -0.153735 0.662941 43 43 211
0.180899 0.281589 0.591196 206 206 48
0.526203 -0.297928 0.468378 207 207 47
0.413417 -0.0722772 0.663319 0 0 255
0.225085 0.258934 0.609077 65 65 189
0.136358 0.182139 0.651589 0 0 255
0.0212291 0.0154366 0.690337 0 0 255
0.200268 0.0593721 0.686658 0 0 255
0.501462 0.0735897 0.623983 0 0 255
-0.310789 -0.228923 0.626037 122 122 132
0.164461 0.186742 0.650155 0 0 255
-0.452377 0.0712121 0.649153 0 0 255
0.480389 -0.235483 0.565791 254 254 0
0.172296 0.212079 0.637928 0 0 255
0.299531 -0.3629 0.505762 239 239 15
-0.0128832 0.0988731 0.679846 0 0 255
0.215433 -0.388719 0.467698 219 219 35
-0.0431758 -0.401631 0.44254 92 92 162
0.0960317 0.085674 0.682448 0 0 255
0.290861 0.00432161 0.690007 0 0 255
0.139516 -0.223146 0.631511 81 81 173
0.124361 -0.145098 0.666483 0 0 255
-0.0316498 -0.139531 0.668035 32 32 222
0.32139 0.325727 0.547258 239 239 15
0.321653 -0.049797 0.68594 0 0 255
0.651463 0.114542 0.464104 224 224 30
-0.0499509 0.168672 0.657205 139 139 115
0.255275 0.0126192 0.690296 0 0 255
0.182507 -0.0896006 0.681492 0 0 255
-0.0650853 -0.0529961 0.687851 0 0 255
-0.423941 0.0302927 0.665381 0 0 255
0.123483 0.154887 0.663013 0 0 255
-0.0837161 0.0215498 0.690267 23 23 231
0.370033 0.177027 0.643407 0 0 255
-0.113713 -0.377009 0.486049 133 133 121
-0.0067701 -0.0466111 0.688429 0 0 255
0.358221 -0.291881 0.572965 202 202 52
-0.0194381 -0.101679 0.678721 0 0 255
0.319429 -0.27868 0.59127 160 160 94
-0.23303 -0.197225 0.644479 254 254 0
0.324235 0.244692 0.615265 66 66 188
0.26591 -0.338115 0.537923 244 244 10
0.216014 -0.0521076 0.68734 0 0 255
0.385676 0.0717431 0.671401 0 0 255
-0.176873 -0.135838 0.669349 217 217 37
0.18576 0.00512035 0.690916 0 0 255
-0.306521 -0.0800292 0.682815 247 247 7
0.399332 -0.0515482 0.670923 0 0 255
0.20643 0.166034 0.659273 0 0 255
0.520347 0.264779 0.51122 254 254 0
0.00973573 0.118288 0.674256 0 0 255
0.262788 0.279504 0.592996 240 240 14
0.0694454 -0.000835059 0.690387 0 0 255
-0.00309989 0.132672 0.670077 133 133 121
-0.0607672 -0.105438 0.677672 173 173 81
-0.309648 0.314008 0.561796 0 0 255
0.0683285 -0.0161902 0.690356 0 0 255
0.258954 0.130212 0.671378 0 0 255
0.383377 0.0320607 0.676735 0 0 255
0.595494 0.0538824 0.553839 220 220 34
0.375185 0.134248 0.658725 0 0 255
-0.0670085 -0.334575 0.541457 213 213 41
-0.299397 -0.322451 0.554323 0 0 255
0.0573618 0.0505135 0.68795 0 0 255
0.693248 -0.0772774 0.393525 0 0 255
-0.0927204 -0.0532924 0.687683 141 141 113
-0.185672 0.114969 0.67543 249 249 5
-0.0114211 0.31543 0.561477 254 254 0
0.514671 0.0628083 0.6182 55 55 199
0.333216 0.228245 0.62449 1 1 253
0.043169 -0.0016435 0.690526 0 0 255
-0.417666 0.267822 0.574473 0 0 255
0.518027 -0.155397 0.588123 149 149 105
0.537539 -0.0183924 0.60711 125 125 129
0.221338 -0.231577 0.626097 0 0 255
0.0531869 -0.0362551 0.688758 0 0 255
0.244613 0.165709 0.658872 0 0 255
-0.0673125 -0.110692 0.676558 89 89 165
0.290181 0.215442 0.635308 113 113 141
0.220111 0.364703 0.503916 217 217 37
0.206452 -0.24464 0.61779 28 28 226
0.0960817 0.0716428 0.684464 0 0 255
0.212086 0.263517 0.60533 104 104 150
0.402886 0.29235 0.558947 232 232 22
0.365842 0.164878 0.649887 0 0 255
0.291388 0.0928288 0.680148 0 0 255
0.417133 -0.0860005 0.659816 0 0 255
0.39783 -0.133895 0.652436 0 0 255
0.424684 -0.076842 0.658754 0 0 255
0.168702 0.169616 0.657261 0 0 255
0.435442 -0.186125 0.619144 63 63 191
0.386854 -0.0558443 0.673402 0 0 255
0.236988 0.0804088 0.683237 0 0 255
0.0373267 0.196102 0.645704 154 154 100
0.281736 0.00987466 0.690018 0 0 255
0.488941 0.181406 0.593527 137 137 117
-0.0253876 -0.00973867 0.690638 0 0 255
0.166971 0.273052 0.598049 206 206 48
0.420268 -0.203395 0.615453 53 53 201
-0.31544 0.227613 0.626501 83 83 171
0.38786 -0.187275 0.634294 92 92 162
0.534107 0.180888 0.563374 218 218 36
0.295991 -0.21953 0.633123 95 95 159
0.508746 -0.0668382 0.621032 106 106 148
0.0652458 0.0979112 0.679873 0 0 255
0.262017 -0.186967 0.649599 0 0 255
-0.289279 0.239973 0.620778 57 57 197
0.108839 -0.0863698 0.682214 0 0 255
0.111093 -0.409878 0.427065 145 145 109
-0.116721 0.125147 0.673192 179 179 75
-0.0987653 -0.16372 0.659762 179 179 75
-0.30904 0.159386 0.659883 215 215 39
-0.0561154 0.121084 0.673674 55 55 199
0.494114 0.0753102 0.627493 23 23 231
0.199108 -0.192359 0.647729 0 0 255
-0.0778207 0.198305 0.644659 233 233 21
-0.20382 -0.127777 0.671679 241 241 13
0.296872 -0.131686 0.669942 0 0 255
0.0763541 0.181723 0.652141 0 0 255
0.345634 0.219332 0.627666 39 39 215
0.0704292 0.0894509 0.681347 0 0 255
0.238992 0.004024 0.690363 0 0 255
0.178245 -0.103019 0.678272 0 0 255
0.365977 -0.176938 0.644331 0 0 255
0.0143089 0.324492 0.551574 253 253 1
-0.267575 -0.0769877 0.683716 225 225 29
-0.099514 0.29359 0.581568 239 239 15
0.346615 0.276971 0.588082 219 219 35
-0.334795 -0.0711669 0.681463 199 199 55
0.470076 0.0497841 0.644599 0 0 255
-0.0174487 -0.00235964 0.690664 0 0 255
-0.195108 0.0889366 0.681854 215 215 39
-0.0537396 -0.0437995 0.688187 0 0 255
0.392262 0.210021 0.621023 181 181 73
0.234248 -0.180319 0.653053 0 0 255
-0.0293565 0.101184 0.679078 111 111 143
-0.36298 0.150292 0.656041 78 78 176
0.00906718 0.0594837 0.686105 0 0 255
0.193135 0.00518491 0.690096 0 0 255
-0.337673 0.198662 0.640258 77 77 177
0.307952 0.0469633 0.687414 0 0 255
0.214718 0.303917 0.572038 190 190 64
0.0869185 -0.0901788 0.681134 0 0 255
0.227608 0.19926 0.644523 0 0 255
0.389851 0.0997636 0.664535 0 0 255
0.248733 0.258173 0.609079 114 114 140
-0.00971376 0.123484 0.673279 30 30 224
0.279343 -0.335226 0.540478 250 250 4
0.153228 -0.0242228 0.689805 0 0 255
0.560218 -0.00316097 0.590722 203 203 51
0.157461 0.328496 0.547713 248 248 6
0.324807 -0.0700318 0.682894 0 0 255
0.381827 -0.35398 0.498691 253 253 1
0.358003 0.216961 0.626923 95 95 159
0.659502 0.129484 0.439089 17 17 237
0.429303 -0.171472 0.628115 0 0 255
0.259422 0.199851 0.643714 0 0 255
0.129858 0.0222508 0.68957 0 0 255
0.375019 0.140657 0.657171 0 0 255
0.375711 -0.315926 0.54529 253 253 1
0.513043 -0.0238862 0.623166 103 103 151
-0.392632 -0.097144 0.665031 59 59 195
-0.225813 -0.165658 0.6592 251 251 3
0.435909 -0.14654 0.635633 85 85 169
0.640241 0.172281 0.444194 197 197 57
-0.329719 0.065214 0.683007 163 163 91
0.317129 -0.162918 0.657929 0 0 255
0.208234 0.124599 0.672433 0 0 255
-0.286077 -0.0846005 0.682362 254 254 0
0.0130877 0.378305 0.484609 140 140 114
0.430852 0.105891 0.650425 0 0 255
0.353088 -0.0899529 0.675279 0 0 255
0.449441 0.259674 0.565877 250 250 4
0.50825 -0.124077 0.606216 96 96 158
0.0380035 -0.174143 0.655155 9 9 245
0.199305 -0.0923798 0.681013 0 0 255
0.111026 -0.252368 0.612992 109 109 145
0.456843 -0.131243 0.632264 67 67 187
-0.0369812 0.112638 0.675909 0 0 255
-0.212931 0.086825 0.681673 252 252 2
0.39477 -0.0266357 0.673758 0 0 255
0.359997 0.167539 0.649642 0 0 255
-0.428441 0.0179047 0.664403 0 0 255
0.266901 0.170973 0.656732 0 0 255
0.0719595 0.231526 0.625947 167 167 87
0.1779 0.0939624 0.681003 0 0 255
0.110773 0.229766 0.62795 55 55 199
0.372099 -0.100135 0.669407 0 0 255
0.379906 0.0733373 0.672509 0 0 255
0.0886679 0.153894 0.663119 0 0 255
0.481924 0.0474613 0.638731 15 15 239
0.43254 -0.121799 0.64529 0 0 255
0.307687 -0.184733 0.649289 0 0 255
0.386099 -0.274201 0.579792 230 230 24
0.275287 -0.0670737 0.685783 0 0 255
0.301937 0.0243946 0.689488 0 0 255
-0.229555 -0.190576 0.648412 247 247 7
-0.0739994 -0.16699 0.658399 154 154 100
0.373188 0.12603 0.662028 0 0 255
0.337357 0.113087 0.671595 0 0 255
-0.139858 0.139545 0.668807 190 190 64
0.346905 -0.31778 0.55115 234 234 20
-0.299229 -0.223999 0.630583 194 194 60
0.0626808 0.149435 0.665359 0 0 255
0.657696 -0.185328 0.394543 84 84 170
0.35599 -0.163109 0.652539 0 0 255
-0.00889389 -0.231567 0.62633 172 172 82
0.0689013 0.0960188 0.679899 0 0 255
0.46249 -0.11081 0.635222 0 0 255
0.353994 -0.210285 0.630655 0 0 255
0.544448 -0.242921 0.509868 254 254 0
0.146065 -0.178754 0.653915 3 3 251
0.454187 -0.269371 0.554616 226 226 28
0.174537 -0.185233 0.650216 0 0 255
0.33649 0.226596 0.624293 77 77 177
0.663376 0.186612 0.378628 60 60 194
0.298572 -0.0484941 0.687582 0 0 255
-0.142457 0.0961989 0.680596 203 203 51
0.584536 -0.00543131 0.569342 222 222 32
0.427946 0.0832556 0.656031 0 0 255
0.398757 0.0823261 0.66626 0 0 255
-0.0258951 -0.269781 0.600943 221 221 33
0.208134 0.00663329 0.690444 0 0 255
0.515746 -0.274287 0.506377 251 251 3
-0.230261 0.0230216 0.690233 235 235 19
0.204473 0.282717 0.590941 179 179 75
0.392983 -0.0130345 0.67534 0 0 255
0.064025 -0.0823479 0.683091 0 0 255
-0.108498 -0.345235 0.529491 181 181 73
-0.306443 0.154761 0.662543 240 240 14
0.0768139 0.0528722 0.687162 0 0 255
0.10701 0.0784997 0.683771 0 0 255
0.0883313 -0.146466 0.666002 0 0 255
0.345138 0.174617 0.649242 0 0 255
-0.238477 0.0872798 0.681674 239 239 15
0.164812 0.107084 0.677827 0 0 255
0.113206 -0.421755 0.397583 32 32 222
0.325125 -0.17408 0.652271 25 25 229
0.455372 -0.150027 0.626221 9 9 245
0.277981 0.12434 0.672706 0 0 255
0.224396 0.105732 0.677997 0 0 255
0.0436189 0.085262 0.681887 0 0 255
0.447178 0.121408 0.639205 0 0 255
0.366435 0.121011 0.664644 0 0 255
-0.166338 -0.384516 0.473404 2 2 252
0.431394 -0.262559 0.572185 232 232 22
0.674691 -0.00851385 0.451275 200 200 54
0.219553 -0.159757 0.661408 0 0 255
0.211795 -0.165957 0.658948 0 0 255
0.0838938 0.0171247 0.690407 0 0 255
0.44446 -0.0961539 0.646886 0 0 255
0.192917 -0.224189 0.630728 0 0 255
0.185544 0.124301 0.673211 0 0 255
-0.057896 0.293743 0.581963 254 254 0
0.497766 -0.00147207 0.632745 0 0 255
0.255303 0.208166 0.639703 27 27 227
0.453178 -0.375505 0.416395 68 68 186
0.583003 0.239326 0.468392 160 160 94
0.457737 0.0857193 0.6435 0 0 255
0.338716 -0.145592 0.661602 0 0 255
-0.062053 0.181202 0.652316 149 149 105
0.37982 -0.0849513 0.670717 0 0 255
0.58323 -0.248265 0.459318 221 221 33
-0.194105 0.0433373 0.688055 210 210 44
0.430629 0.190441 0.618094 39 39 215
0.131701 -0.0047076 0.690739 0 0 255
0.283152 0.103005 0.678149 0 0 255
0.418276 0.0692352 0.66187 0 0 255
0.650102 -0.0668891 0.483517 245 245 9
-0.347488 0.104889 0.672333 208 208 46
0.073864 -0.0796349 0.683367 0 0 255
0.48958 0.0991685 0.624861 96 96 158
0.44339 0.105917 0.645012 0 0 255
0.349181 0.0293512 0.683487 0 0 255
0.185294 -0.118836 0.674104 0 0 255
0.464717 -0.11101 0.6348 0 0 255
0.177864 0.238243 0.62251 14 14 240
0.196364 -0.0925034 0.68069 0 0 255
-0.00910924 -0.109132 0.677079 77 77 177
-0.379892 0.252408 0.598505 23 23 231
0.506585 -0.0265827 0.626555 0 0 255
0.527217 0.0341987 0.613164 110 110 144
0.197233 0.199931 0.643133 46 46 208
0.294618 -0.148473 0.664497 0 0 255
-0.0390293 0.153584 0.663975 88 88 166
0.00721236 0.0854116 0.682002 0 0 255
-0.0203309 -0.0264888 0.689632 0 0 255
0.428404 -0.115794 0.648066 0 0 255
0.336121 0.301253 0.569648 207 207 47
0.0357803 0.358564 0.512444 224 224 30
0.463815 0.00636564 0.650282 20 20 234
0.684706 0.04871 0.424755 89 89 165
0.305232 -0.318689 0.557001 209 209 45
-0.0339868 -0.0783765 0.683584 0 0 255
0.457705 0.155797 0.622849 34 34 220
0.275085 0.121353 0.674226 0 0 255
0.505826 -0.163495 0.592365 177 177 77
0.359807 0.0772135 0.675842 0 0 255
-0.348044 0.0428792 0.682789 236 236 18
0.172137 0.130257 0.671461 0 0 255
0.324419 0.337069 0.534458 254 254 0
0.16609 -0.00500145 0.69037 0 0 255
0.372494 -0.121656 0.662902 0 0 255
0.276085 -0.414613 0.415381 149 149 105
0.522818 0.312651 0.45133 182 182 72
0.603338 -0.0969879 0.536112 253 253 1
-0.0369656 -0.204206 0.641128 174 174 80
0.567698 -0.155417 0.547083 239 239 15
0.295846 0.217957 0.633658 0 0 255
0.415747 0.293831 0.552464 229 229 25
0.523897 0.293278 0.475871 234 234 20
0.54807 -0.0853381 0.589644 220 220 34
0.195086 0.183161 0.651854 0 0 255
0.241194 -0.032461 0.689639 0 0 255
0.32886 0.32236 0.55097 254 254 0
0.28044 0.264579 0.603997 122 122 132
-0.260099 -0.0881969 0.682014 252 252 2
0.492357 0.194439 0.58535 159 159 95
0.382281 -0.379286 0.459631 227 227 27
0.424414 -0.000542957 0.665901 0 0 255
-0.444069 0.153714 0.628843 0 0 255
0.127755 -0.127194 0.67195 0 0 255
0.315565 -0.303193 0.570663 251 251 3
0.582188 -0.191499 0.510315 254 254 0
0.304182 -0.147016 0.664605 0 0 255
-0.406742 0.0215987 0.67069 117 117 137
-0.182807 -0.110454 0.677022 218 218 36
0.201778 0.155373 0.663141 0 0 255
0.430532 -0.0473566 0.660876 0 0 255
0.107669 0.0366821 0.689228 0 0 255
-0.34075 0.282554 0.584855 65 65 189
-0.164413 0.089687 0.681391 233 233 21
-0.0405421 0.00823901 0.690761 0 0 255
0.102548 -0.331353 0.545026 254 254 0
0.464192 -0.0361325 0.648204 0 0 255
0.148716 -0.242124 0.619979 86 86 168
0.0923689 -0.301636 0.574058 213 213 41
0.518851 -0.0542271 0.616274 75 75 179
-0.0835626 0.0853023 0.681929 68 68 186
-0.403946 0.208884 0.618574 0 0 255
0.336538 0.0278448 0.686206 0 0 255
0.296117 -0.16404 0.659407 0 0 255
0.19835 0.255101 0.611759 74 74 180
0.0383039 0.192583 0.646718 129 129 125
0.236123 0.38598 0.470983 236 236 18
0.385237 0.11438 0.662271 0 0 255
0.543639 -0.0269213 0.60189 102 102 152
0.306541 -0.270714 0.59915 97 97 157
0.210204 -0.345995 0.528242 234 234 20
0.39458 0.212663 0.619265 170 170 84
0.470741 0.0553341 0.643456 31 31 223
0.549062 0.285216 0.458004 180 180 74
0.124037 -0.168464 0.658023 0 0 255
0.432385 -0.0212931 0.663009 0 0 255
-0.118653 0.230409 0.627294 245 245 9
0.47883 0.256951 0.549612 236 236 18
0.681044 -0.0931019 0.417837 119 119 135
0.477368 0.0506781 0.64065 0 0 255
0.275518 0.0183105 0.690432 0 0 255
0.453552 -0.0396314 0.652777 0 0 255
0.463268 -0.274137 0.544702 238 238 16
-0.149795 -0.07403 0.684339 144 144 110
0.372137 0.119948 0.663629 0 0 255
0.356328 -0.191923 0.639393 0 0 255
-0.00856741 0.044614 0.687828 0 0 255
0.0617059 -0.254409 0.611909 160 160 94
0.00683433 -0.257604 0.60966 193 193 61
0.459882 0.193183 0.603264 212 212 42
0.348694 -0.170191 0.651443 0 0 255
-0.0509517 -0.130831 0.670642 62 62 192
0.397302 0.09339 0.66394 0 0 255
0.40429 0.320609 0.529045 252 252 2
0.453342 -0.212118 0.596587 141 141 113
-0.288645 -0.00736537 0.690476 254 254 0
0.00820693 -0.185291 0.651049 31 31 223
-0.0927377 0.264118 0.605415 254 254 0
0.385943 0.212705 0.621501 20 20 234
0.40548 0.16567 0.639051 0 0 255
0.162913 -0.0967705 0.680128 0 0 255
0.512186 -0.0384722 0.622903 39 39 215
0.00274755 0.0112316 0.690123 0 0 255
0.180934 0.209853 0.638966 0 0 255
-0.332808 0.0482264 0.68435 231 231 23
0.101749 0.257196 0.609926 201 201 53
0.202503 0.156578 0.662046 0 0 255
0.194177 0.0536753 0.687182 0 0 255
-0.0476091 -0.258665 0.608455 251 251 3
0.198324 -0.21372 0.636949 0 0 255
0.444835 -0.142607 0.633234 0 0 255
-0.163078 -0.33462 0.541888 31 31 223
-0.264162 0.210027 0.638831 245 245 9
0.0420427 0.0265001 0.689275 0 0 255
0.224725 0.144576 0.667159 0 0 255
0.424978 -0.378861 0.433508 159 159 95
0.389857 0.0137387 0.675978 0 0 255
0.0784518 0.0482165 0.687705 0 0 255
0.36838 0.192125 0.63699 0 0 255
0.0288951 -0.123661 0.673561 0 0 255
0.0857601 0.105849 0.678134 0 0 255
0.236636 0.227977 0.628188 0 0 255
0.0980041 -0.0780825 0.68367 0 0 255
0.44884 0.276188 0.551261 232 232 22
0.0407409 -0.105702 0.67818 0 0 255
0.459496 0.0470992 0.649536 0 0 255
0.33476 -0.319403 0.551773 251 251 3
0.381389 0.023998 0.677634 0 0 255
-0.280781 -0.117193 0.675334 254 254 0
0.0956663 -0.175906 0.655114 0 0 255
-0.289974 -0.230404 0.62664 199 199 55
0.0199114 0.218121 0.634022 202 202 52
0.355871 0.20908 0.631205 58 58 196
0.268737 -0.216748 0.634839 61 61 193
0.209228 -0.316225 0.560116 254 254 0
0.0280891 0.0244829 0.690195 0 0 255
-0.121777 0.18829 0.649755 203 203 51
0.563863 -0.127658 0.562931 211 211 43
-0.221005 -0.323594 0.553481 112 112 142
0.586457 -0.0571369 0.562392 253 253 1
-0.0478688 0.0725545 0.684691 0 0 255
0.152289 -0.341193 0.533503 250 250 4
-0.189409 -0.140059 0.667745 254 254 0
0.388161 0.0137805 0.675994 0 0 255
0.200637 -0.337101 0.537875 243 243 11
0.097877 -0.251579 0.613573 145 145 109
-0.224585 0.170059 0.657067 250 250 4
0.121679 0.117121 0.674679 0 0 255
0.343662 0.141237 0.662197 0 0 255
0.0697022 0.0100383 0.690352 0 0 255
0.0808514 -0.0606275 0.686732 0 0 255
-0.0944867 0.0420593 0.688248 48 48 206
0.483491 -0.0140268 0.640456 0 0 255
-0.234511 0.159678 0.660984 251 251 3
-0.101103 -0.0851933 0.682722 65 65 189
0.286098 -0.128573 0.672093 0 0 255
-0.0114849 -0.0754421 0.684216 0 0 255
0.167986 -0.270757 0.600358 150 150 104
0.176094 0.18646 0.650068 0 0 255
0.454565 0.135043 0.631527 0 0 255
0.403517 -0.0587612 0.668632 0 0 255
0.0538344 0.116228 0.675448 0 0 255
-0.304978 -0.150555 0.663557 239 239 15
0.472943 0.307367 0.504377 226 226 28
0.318208 0.146196 0.664111 0 0 255
0.0943971 -0.121843 0.674132 0 0 255
0.242066 0.124701 0.673224 0 0 255
0.628675 -0.030771 0.519662 213 213 41
0.407326 0.216767 0.612872 149 149 105
0.108661 0.0661837 0.685651 0 0 255
0.471157 -0.0646253 0.641842 0 0 255
0.358537 0.217297 0.626682 0 0 255
0.480499 -0.0789423 0.63453 0 0 255
0.466706 0.0701435 0.64307 0 0 255
0.291778 -0.179748 0.652737 0 0 255
0.419837 0.259913 0.578903 191 191 63
0.558627 0.275603 0.459024 130 130 124
0.630694 -0.176529 0.457391 195 195 59
0.129974 -0.1192 0.674325 0 0 255
-0.291014 -0.268662 0.601019 164 164 90
-0.00144969 -0.140347 0.667666 58 58 196
-0.129459 -0.054819 0.687307 138 138 116
0.274266 -0.217629 0.634769 0 0 255
-0.186115 -0.233771 0.625005 235 235 19
0.0932456 0.349082 0.524041 254 254 0
0.59773 0.22113 0.466884 204 204 50
0.406355 -0.0831038 0.663507 0 0 255
-0.503306 0.0741558 0.622855 0 0 255
0.414438 -0.124415 0.650598 0 0 255
-0.264671 0.226097 0.629012 186 186 68
0.192614 0.0285862 0.68971 0 0 255
-0.297469 0.0512783 0.687293 238 238 16
-0.156087 -0.197857 0.644623 235 235 19
0.0317232 -0.00552868 0.69033 0 0 255
0.433114 -0.147037 0.636393 0 0 255
-0.0190104 0.339109 0.535563 232 232 22
0.597181 0.124433 0.532196 241 241 13
0.410281 -0.120762 0.653373 0 0 255
0.25503 0.225223 0.630288 13 13 241
0.229252 -0.0890698 0.681903 0 0 255
0.345373 -0.367166 0.491145 234 234 20
0.40455 0.119174 0.655453 0 0 255
0.592787 0.0513016 0.557202 219 219 35
-0.259654 0.227507 0.628589 196 196 58
0.370961 -0.215993 0.623822 150 150 104
0.398486 -0.23836 0.602755 137 137 117
0.37642 0.151563 0.652788 0 0 255
0.191561 0.0162946 0.690063 0 0 255
0.514649 -0.00105817 0.623132 114 114 140
0.489142 -0.167248 0.600909 112 112 142
-0.144359 -0.241602 0.620698 240 240 14
0.512013 0.133725 0.600216 83 83 171
0.238518 -0.168002 0.657486 0 0 255
0.479073 0.315895 0.489559 248 248 6
0.555743 -0.102772 0.578715 162 162 92
-0.0595627 -0.378186 0.483814 166 166 88
0.0720173 -0.26512 0.603525 208 208 46
0.422287 -0.0294745 0.666062 0 0 255
0.40941 -0.0700096 0.665453 0 0 255
0.271902 0.0130346 0.689826 0 0 255
0.610175 0.101637 0.52577 237 237 17
0.593758 -0.0155976 0.560798 210 210 44
0.0286013 0.0262222 0.689997 0 0 255
0.456798 0.0119851 0.653457 0 0 255
0.327758 0.274673 0.59322 169 169 85
0.424302 0.307706 0.534206 254 254 0
0.142177 0.0287144 0.68959 0 0 255
-0.0141988 0.0410448 0.688812 0 0 255
0.147387 -0.167505 0.658579 0 0 255
0.279998 0.180528 0.652979 0 0 255
-0.0862839 -0.169318 0.657332 157 157 97
0.511064 -0.0420624 0.623431 21 21 233
-0.0150238 0.268316 0.601328 212 212 42
0.0653958 -0.0832929 0.682898 0 0 255
0.0995978 -0.0289289 0.689835 0 0 255
-0.0096447 -0.0766179 0.683658 0 0 255
0.444262 0.144862 0.632201 29 29 225
0.432115 0.196035 0.614894 49 49 205
-0.000507182 -0.254853 0.610881 227 227 27
-0.161404 0.230472 0.627348 240 240 14
0.320083 -0.140162 0.665731 0 0 255
0.341308 -0.0223832 0.685533 0 0 255
0.414612 0.0937776 0.659033 0 0 255
-0.184692 -0.196333 0.645428 248 248 6
0.337374 0.385472 0.464987 105 105 149
0.505113 0.164244 0.591742 179 179 75
-0.311362 0.0505999 0.68594 202 202 52
0.570713 -0.0523792 0.578429 184 184 70
0.183673 -0.0743156 0.684034 0 0 255
-0.0791926 0.0655086 0.685637 73 73 181
0.557474 0.0160166 0.592886 206 206 48
-0.271325 0.104407 0.67847 254 254 0
0.136525 -0.101508 0.679304 0 0 255
0.150741 0.0525384 0.687565 0 0 255
0.570072 0.0175374 0.582254 164 164 90
-0.121767 -0.153734 0.663706 189 189 65
0.333664 0.152378 0.660439 0 0 255
0.17437 -0.0409397 0.688533 0 0 255
0.584227 0.273469 0.424937 166 166 88
-0.0174734 0.237945 0.622882 191 191 63
0.557493 -0.223022 0.51363 230 230 24
0.0672125 -0.324645 0.552831 247 247 7
0.430926 -0.0133309 0.663462 0 0 255
-0.230074 0.350571 0.523008 26 26 228
0.40768 0.0910065 0.661915 0 0 255
0.278303 -0.212728 0.637452 0 0 255
0.200813 0.140736 0.668416 0 0 255
-0.212277 -0.075533 0.684322 217 217 37
0.509214 -0.0860053 0.616201 113 113 141
0.024076 -0.160469 0.661251 25 25 229
0.11236 0.0720498 0.684727 0 0 255
0.122608 -0.0658011 0.685305 0 0 255
0.614904 -0.152711 0.496882 189 189 65
-0.0140463 -0.0125725 0.690345 0 0 255
0.592643 0.034879 0.559653 245 245 9
0.145858 0.229554 0.627661 190 190 64
0.269298 -0.234706 0.624664 7 7 247
0.528517 0.107101 0.597775 218 218 36
-0.243445 -0.0619776 0.686051 243 243 11
0.0535649 0.250565 0.614055 193 193 61
0.0573983 0.176175 0.65502 0 0 255
0.528965 -0.2975 0.465823 115 115 139
0.430612 -0.261023 0.574101 221 221 33
0.402305 -0.070624 0.66696 0 0 255
-0.219615 -0.0598551 0.686884 229 229 25
0.194603 0.12014 0.67452 0 0 255
-0.0434526 0.235639 0.62424 238 238 16
0.168759 0.165449 0.658905 0 0 255
0.384541 0.106285 0.66474 0 0 255
0.373033 -0.140832 0.657595 0 0 255
-0.0424504 -0.0838596 0.682661 0 0 255
0.352855 -0.0961238 0.673566 0 0 255
0.223123 0.27031 0.599792 145 145 109
0.485437 0.238133 0.560231 234 234 20
-0.344059 0.350091 0.515841 0 0 255
0.352834 0.0593643 0.680566 0 0 255
-0.0283851 -0.0427715 0.688416 0 0 255
0.165681 -0.370488 0.4956 156 156 98
0.0728828 -0.0803646 0.682896 0 0 255
0.52154 0.159817 0.583413 142 142 112
-0.111658 0.20103 0.643338 202 202 52
-0.122583 -0.129176 0.671476 148 148 106
-0.358248 0.270717 0.590474 0 0 255
0.263737 -0.0804334 0.683674 0 0 255
-0.139598 0.0137574 0.689911 159 159 95
0.583516 -0.235323 0.472177 217 217 37
-0.297687 -0.030348 0.689468 254 254 0
-0.0185652 0.110108 0.677193 0 0 255
0.0276021 -0.0167601 0.689999 0 0 255
0.394066 0.234375 0.605981 75 75 179
0.501597 -0.135598 0.606426 89 89 165
0.0650363 -0.0404281 0.688975 0 0 255
-0.0971391 0.0783763 0.683297 167 167 87
0.613938 -0.120796 0.513989 252 252 2
0.547075 -0.0243763 0.599952 149 149 105
-0.391429 0.00490112 0.675754 44 44 210
0.08444 -0.384095 0.474454 69 69 185
0.0636326 -0.0651469 0.685613 0 0 255
0.137563 -0.119654 0.67469 0 0 255
-0.0544074 -0.233444 0.624997 230 230 24
-0.341771 0.121324 0.668844 158 158 96
0.605387 0.163416 0.502536 252 252 2
-0.341816 0.136857 0.664835 215 215 39
0.477582 0.238867 0.565046 254 254 0
0.110833 0.121514 0.674225 0 0 255
0.109788 -0.00859282 0.689941 0 0 255
-0.0698876 0.226469 0.629421 210 210 44
-0.0925844 -0.252002 0.613023 249 249 5
0.187011 0.224693 0.630137 118 118 136
-0.262747 -0.178989 0.653756 251 251 3
0.547762 -0.277423 0.46997 159 159 95
0.592414 -0.081805 0.551971 252 252 2
0.176838 -0.333402 0.54254 252 252 2
0.638219 -0.13336 0.473557 202 202 52
0.108882 0.0436917 0.68875 0 0 255
0.458833 -0.197524 0.602203 179 179 75
0.34176 -0.0822597 0.678678 0 0 255
-0.122139 0.211075 0.637878 221 221 33
0.60762 0.07966 0.53592 250 250 4
0.312993 0.0271411 0.688337 0 0 255
0.293764 -0.093214 0.680904 0 0 255
-0.348025 0.256378 0.60407 83 83 171
0.41928 0.13414 0.645924 0 0 255
0.124258 0.157966 0.662011 0 0 255
0.0227508 0.0100353 0.690807 0 0 255
0.260411 0.150738 0.664024 0 0 255
-0.493053 0.00397894 0.635562 0 0 255
0.0762218 0.0187839 0.689796 0 0 255
0.623302 -0.0598578 0.522341 231 231 23
0.366818 -0.058872 0.677201 0 0 255
0.366331 0.19995 0.633589 0 0 255
0.547751 0.160076 0.562376 210 210 44
0.391575 -0.252322 0.595255 227 227 27
0.611066 0.0603967 0.53588 248 248 6
-0.038376 0.415738 0.411597 0 0 255
-0.0685392 -0.0425638 0.6887 114 114 140
0.0149941 0.155436 0.662606 73 73 181
0.278447 0.268951 0.601694 124 124 130
0.287482 0.0532129 0.687624 0 0 255
0.331483 -0.285197 0.583791 148 148 106
0.100611 0.0923472 0.681279 0 0 255
0.185533 -0.0392114 0.68911 0 0 255
0.385283 0.11218 0.662292 0 0 255
-0.112428 -0.0758849 0.683653 85 85 169
0.483137 0.0802131 0.632868 0 0 255
-0.0848235 -0.0848196 0.682881 90 90 164
0.213031 -0.0338224 0.689042 0 0 255
0.616068 0.113764 0.514249 251 251 3
-0.197273 -0.100703 0.67929 244 244 10
-0.0747856 -0.0611057 0.68654 129 129 125
-0.257516 -0.15521 0.663406 254 254 0
0.125521 -0.0891246 0.681699 0 0 255
-0.215046 -0.290309 0.584781 216 216 38
-0.327963 -0.168466 0.654748 212 212 42
0.469167 0.254222 0.559173 254 254 0
0.13652 0.0146911 0.690079 0 0 255
0.0386062 0.21776 0.63466 101 101 153
0.321547 -0.0398736 0.686887 0 0 255
0.309081 -0.0949153 0.67953 0 0 255
-0.249446 0.319322 0.557743 0 0 255
-0.296036 -0.227332 0.628002 210 210 44
0.0606367 0.113727 0.676184 0 0 255
-0.0489339 0.0600017 0.68619 102 102 152
0.152441 -0.0573004 0.686738 0 0 255
0.385042 0.304926 0.552928 224 224 30
0.33915 0.218024 0.62906 24 24 230
0.185858 0.178005 0.654157 0 0 255
0.320449 -0.157784 0.659887 0 0 255
0.365757 -0.280285 0.58186 212 212 42
0.470965 -0.0224538 0.645782 0 0 255
0.175952 0.0835631 0.682487 0 0 255
0.424494 0.0891161 0.655946 0 0 255
0.0481597 -0.140098 0.668419 85 85 169
0.190569 -0.192944 0.647573 10 10 244
0.599089 -0.04663 0.552421 251 251 3
-0.368559 0.107011 0.667781 184 184 70
0.134144 0.23732 0.62336 91 91 163
0.14077 -0.158745 0.661151 0 0 255
-0.0260851 -0.0166871 0.690599 0 0 255
-0.0113246 -0.191449 0.64778 174 174 80
0.334307 0.160537 0.657032 0 0 255
-0.318444 0.0937527 0.678259 242 242 12
0.354017 0.0264374 0.683311 0 0 255
0.3408 0.177184 0.649058 0 0 255
-0.168639 -0.155935 0.662344 220 220 34
0.163669 -0.0528257 0.687104 0 0 255
0.286661 -0.0128238 0.690711 0 0 255
0.171156 -0.418447 0.405021 22 22 232
0.0789303 0.110748 0.676856 0 0 255
0.0445008 0.283119 0.590365 219 219 35
0.309538 -0.243602 0.617926 35 35 219
0.0403845 -0.13219 0.670925 0 0 255
0.402689 0.0714671 0.666902 0 0 255
-0.0449039 -0.171743 0.655955 93 93 161
-0.0233735 -0.111751 0.675952 88 88 166
0.174417 -0.197685 0.644568 0 0 255
0.287886 0.114941 0.675281 0 0 255
0.304557 -0.324807 0.551253 224 224 30
0.532453 0.0872242 0.601581 161 161 93
0.286786 -0.18623 0.649654 0 0 255
0.457032 0.243706 0.57321 198 198 56
0.465236 -0.0452294 0.646699 0 0 255
0.375768 -0.165905 0.646591 0 0 255
-0.13629 -0.0630771 0.686169 210 210 44
-0.0592781 0.143672 0.666823 108 108 146
0.193373 -0.126922 0.671919 0 0 255
0.415773 -0.133025 0.64734 0 0 255
0.430085 -0.341235 0.490623 171 171 83
0.132804 -0.300388 0.575912 243 243 11
0.0940394 -0.296711 0.578378 208 208 46
0.367877 -0.0223055 0.680905 0 0 255
-0.246308 -0.35988 0.510539 36 36 218
0.455257 0.343362 0.471374 236 236 18
0.453925 0.042054 0.652554 0 0 255
-0.242636 -0.268119 0.602272 92 92 162
0.479468 0.0627709 0.638115 0 0 255
0.067237 0.11574 0.675392 0 0 255
-0.0898252 0.146544 0.665942 196 196 58
0.0930804 -0.3908 0.463389 108 108 146
0.426589 0.303911 0.536923 250 250 4
0.667569 -0.0121265 0.464691 222 222 32
-0.394313 -0.0715864 0.669332 107 107 147
0.3201 0.112299 0.673672 0 0 255
0.476398 0.0777096 0.636256 0 0 255
0.124794 -0.183841 0.651349 55 55 199
0.0130459 0.402162 0.442953 48 48 206
0.298312 -0.328071 0.547742 236 236 18
0.276305 0.177325 0.654452 0 0 255
0.0124247 0.0137356 0.690346 0 0 255
-0.294222 0.15707 0.661704 211 211 43
-0.141667 0.0103058 0.690055 124 124 130
0.100794 0.179916 0.653509 111 111 143
-0.0383369 -0.216144 0.635227 188 188 66
0.183706 0.200807 0.642713 0 0 255
-0.0746979 0.362268 0.507226 134 134 120
-0.202122 0.225566 0.629362 252 252 2
0.43593 -0.10931 0.647543 0 0 255
0.1389 0.0172155 0.689986 0 0 255
-0.289501 -0.0243181 0.689448 253 253 1
0.232962 -0.103972 0.677824 0 0 255
0.354812 -0.196678 0.637478 0 0 255
-0.0155193 -0.221131 0.632152 225 225 29
0.161235 0.0362119 0.689349 0 0 255
-0.0746001 -0.0744855 0.684674 27 27 227
0.375082 -0.207035 0.628315 0 0 255
0.099666 0.100092 0.679711 0 0 255
0.347522 0.224417 0.623707 83 83 171
-0.216699 -0.316957 0.559995 72 72 182
0.23589 0.110834 0.676261 0 0 255
-0.112522 -0.169482 0.657711 218 218 36
0.130074 -0.289662 0.584243 200 200 54
0.230397 0.147781 0.665273 0 0 255
0.281861 0.182543 0.651349 0 0 255
0.440275 -0.280543 0.551846 217 217 37
0.553385 -0.239593 0.502682 231 231 23
0.487666 -0.260811 0.540364 242 242 12
0.494748 0.0123304 0.634871 80 80 174
0.267667 -0.165061 0.659165 0 0 255
-0.048759 -0.101676 0.679346 55 55 199
0.432378 0.0954417 0.652468 0 0 255
0.341932 0.181441 0.646707 0 0 255
-0.17557 0.311931 0.564278 201 201 53
-0.180757 0.0128888 0.690381 186 186 68
-0.254211 -0.104173 0.678656 250 250 4
0.459465 0.251148 0.566549 238 238 16
-0.320711 -0.12803 0.669629 163 163 91
0.123207 -0.1542 0.663256 0 0 255
0.0852895 0.133251 0.670725 0 0 255
0.405843 0.185143 0.629675 0 0 255
-0.243835 -0.20442 0.641778 184 184 70
-0.0974037 0.110797 0.676387 167 167 87
0.53426 0.140219 0.583128 163 163 91
0.229231 0.117772 0.674591 0 0 255
0.138333 0.191731 0.647775 0 0 255
0.434926 -0.0567548 0.658494 0 0 255
-0.0545764 0.26109 0.606998 252 252 2
0.103736 -0.0166788 0.69018 0 0 255
0.308662 -0.0279745 0.688939 0 0 255
0.072106 0.134586 0.669866 0 0 255
0.111169 0.28968 0.584839 206 206 48
-0.306796 -0.034669 0.688076 239 239 15
0.541208 0.0841483 0.595893 150 150 104
0.253927 -0.08478 0.682746 0 0 255
0.137509 0.372058 0.494194 240 240 14
0.215772 0.249152 0.614864 132 132 122
0.244657 -0.0654872 0.68527 0 0 255
0.248796 0.178439 0.653095 0 0 255
-0.138411 -0.0752264 0.683785 144 144 110
-0.148042 -0.200903 0.64305 245 245 9
-0.496243 0.108062 0.61833 0 0 255
-0.0305231 0.234187 0.624371 192 192 62
0.137302 -0.171683 0.656371 0 0 255
0.50057 -0.078332 0.623135 49 49 205
0.0800917 0.127412 0.672227 0 0 255
-0.271824 -0.305387 0.571034 29 29 225
0.394028 0.229891 0.609703 38 38 216
0.0937224 -0.195425 0.64556 0 0 255
0.13747 0.0312222 0.689681 0 0 255
-0.0950882 0.205501 0.640856 220 220 34
0.208157 0.179768 0.653457 0 0 255
0.483399 -0.187763 0.594079 135 135 119
-0.145808 -0.210302 0.637812 244 244 10
0.389721 -0.0421833 0.674061 0 0 255
0.0333991 0.376063 0.487335 209 209 45
0.0426909 0.355588 0.516207 221 221 33
-0.00206647 0.0883893 0.681279 43 43 211
-0.0543662 -0.192629 0.647306 172 172 82
0.448244 -0.226733 0.589222 126 126 128
0.307716 0.116858 0.674235 0 0 255
0.58379 -0.0587093 0.565626 192 192 62
-0.338726 -0.276869 0.590519 79 79 175
0.187485 0.05388 0.687615 0 0 255
0.227823 0.0462205 0.688039 0 0 255
0.33975 -0.162847 0.655245 0 0 255
-0.0921049 0.0679685 0.685428 87 87 167
-0.153863 -0.197069 0.645548 245 245 9
0.563103 0.00378729 0.588485 163 163 91
-0.0849771 0.318873 0.557908 251 251 3
0.259495 0.163827 0.659114 0 0 255
0.592994 -0.0371663 0.559097 252 252 2
-0.277313 0.112919 0.676372 254 254 0
0.0410733 0.343886 0.530282 253 253 1
0.33704 -0.0996963 0.675018 0 0 255
0.076165 -0.166178 0.658478 0 0 255
-0.141649 -0.131533 0.670932 176 176 78
0.353693 -0.156675 0.655427 0 0 255
-0.198481 -0.103161 0.678286 241 241 13
0.151912 -0.080891 0.683145 0 0 255
0.16321 0.377263 0.485535 239 239 15
0.57326 -0.0867126 0.567927 208 208 46
0.183795 0.220408 0.632555 61 61 193
-0.183585 0.239577 0.621768 254 254 0
0.235551 -0.296398 0.579008 200 200 54
-0.141785 0.0758361 0.684066 185 185 69
-0.24274 0.354605 0.517034 25 25 229
0.41163 -0.0697021 0.664205 0 0 255
0.0741944 0.355346 0.517187 245 245 9
0.529323 0.26913 0.499385 175 175 79
0.127403 -0.0768807 0.684323 0 0 255
0.168722 -0.192238 0.647624 0 0 255
-0.404949 -0.14958 0.644931 84 84 170
0.49161 -0.0241787 0.635697 0 0 255
-0.342749 -0.0382577 0.684591 234 234 20
0.200355 -0.19099 0.647642 0 0 255
0.333576 0.0338362 0.685679 0 0 255
0.524263 0.0705872 0.610695 37 37 217
0.256631 0.1616 0.660457 0 0 255
0.0141043 -0.350918 0.522581 177 177 77
0.0289197 -0.158464 0.662014 131 131 123
0.260215 0.287973 0.586168 164 164 90
0.196817 0.142584 0.667466 0 0 255
0.513261 0.0103369 0.624114 4 4 250
0.00353281 0.00258118 0.690005 0 0 255
0.412437 -0.0594677 0.665339 0 0 255
0.160167 -0.257923 0.609497 117 117 137
0.443784 -0.0272048 0.657574 0 0 255
0.117893 0.127804 0.671552 0 0 255
0.602673 0.216547 0.463604 224 224 30
-0.355229 0.034083 0.681951 214 214 40
0.0312024 0.14448 0.666979 0 0 255
0.317614 0.148825 0.66356 0 0 255
0.233632 -0.242529 0.619703 94 94 160
0.342665 0.11019 0.67145 0 0 255
0.303202 0.29411 0.580287 180 180 74
0.36983 0.0193682 0.680805 0 0 255
0.183043 0.372403 0.493812 247 247 7
0.455765 0.288103 0.536094 238 238 16
0.607761 -0.125676 0.519391 254 254 0
0.281302 -0.23985 0.621732 113 113 141
-0.215774 -0.00783143 0.690528 219 219 35
0.473104 -0.00334361 0.645647 0 0 255
0.228639 -0.0483641 0.68796 0 0 255
0.251102 0.0607884 0.68591 0 0 255
-0.147043 0.0384692 0.688451 154 154 100
0.591713 0.127288 0.537185 250 250 4
0.390986 -0.154821 0.647546 0 0 255
0.216469 0.168092 0.657747 0 0 255
0.189151 0.263695 0.605445 136 136 118
0.259731 0.125131 0.672302 0 0 255
-0.312126 -0.00403133 0.689497 248 248 6
-0.0875788 -0.007872 0.690455 58 58 196
-0.183832 0.0876853 0.682078 201 201 53
0.298409 0.405986 0.432675 133 133 121
0.534076 -0.0667986 0.60453 97 97 157
-0.23351 0.300131 0.576215 137 137 117
-0.480377 -0.0356716 0.641 0 0 255
-0.276148 -0.182056 0.651577 236 236 18
-0.255313 0.286874 0.587193 125 125 129
-0.147885 -0.0113042 0.690267 203 203 51
0.158107 0.109071 0.676766 0 0 255
0.340378 -0.0588156 0.681915 0 0 255
-0.0613602 0.287607 0.586183 240 240 14
-0.173881 -0.261084 0.60648 231 231 23
0.354701 -0.0137989 0.683225 0 0 255
0.439608 0.0703767 0.654857 0 0 255
0.0221982 0.140668 0.66752 0 0 255
-0.354263 0.147898 0.658308 188 188 66
0.0916299 -0.196929 0.645418 0 0 255
-0.0602094 0.338058 0.537942 161 161 93
-0.233449 -0.342086 0.532208 105 105 149
0.451399 -0.141363 0.631036 0 0 255
-0.0235555 -0.00697016 0.690805 0 0 255
0.498686 -0.0385232 0.630504 89 89 165
0.202083 -0.206025 0.64046 0 0 255
0.176119 -0.385377 0.47239 233 233 21
0.365384 -0.0449572 0.679597 0 0 255
-0.463865 -0.0803427 0.642106 0 0 255
0.560692 -0.156713 0.553055 234 234 20
0.0419824 -0.119793 0.673925 5 5 249
0.427268 0.352047 0.477392 154 154 100
0.414916 -0.188231 0.625602 149 149 105
0.385281 -0.0298406 0.676795 0 0 255
0.321436 0.262078 0.60314 76 76 178
-0.287819 0.211185 0.63739 142 142 112
0.270371 -0.281045 0.592585 140 140 114
0.527028 0.131963 0.591642 206 206 48
0.0230092 0.0295647 0.689122 0 0 255
-0.248676 -0.131053 0.670684 253 253 1
0.235682 -0.336168 0.539226 254 254 0
-0.25515 -0.2267 0.629789 231 231 23
0.162094 -0.176895 0.654478 0 0 255
-0.125122 0.263436 0.604864 254 254 0
0.472537 0.255105 0.555288 215 215 39
0.41616 -0.231207 0.600752 137 137 117
0.401458 0.125671 0.654906 0 0 255
-0.417891 -0.0875216 0.659481 0 0 255
0.0769774 -0.402513 0.441965 42 42 212
0.258868 -0.014111 0.690367 0 0 255
-0.393225 -0.20326 0.625258 0 0 255
-0.276269 0.304054 0.572339 47 47 207
0.0148963 0.0848599 0.682591 0 0 255
0.089864 -0.0711758 0.684682 0 0 255
0.402649 0.242001 0.598564 180 180 74
0.302093 0.103903 0.677543 0 0 255
0.313513 -0.115938 0.673332 0 0 255
-0.261183 -0.183239 0.651583 246 246 8
0.43029 -0.0794622 0.656811 0 0 255
0.408742 -0.0519442 0.667762 0 0 255
0.0896364 -0.0279454 0.689802 0 0 255
0.213467 0.257802 0.609375 96 96 158
0.170348 -0.114221 0.675849 0 0 255
-0.138226 -0.0333512 0.689121 137 137 117
0.312049 0.228052 0.626807 11 11 243
0.0609867 -0.116036 0.675779 0 0 255
0.0901645 0.345983 0.52831 253 253 1
-0.167919 0.0388555 0.688593 217 217 37
0.104022 0.187223 0.650165 0 0 255
0.446776 -0.118032 0.640659 0 0 255
0.555497 0.137281 0.567349 205 205 49
-0.158031 0.137693 0.668654 210 210 44
0.548284 0.255359 0.493643 250 250 4
0.378644 -0.00931 0.679274 0 0 255
0.642386 -0.113489 0.478114 239 239 15
0.413863 -0.246927 0.590801 145 145 109
0.448494 -0.10868 0.64262 0 0 255
0.383071 -0.088964 0.668877 0 0 255
-0.284495 0.23049 0.626512 86 86 168
0.337037 0.182843 0.647718 0 0 255
0.145575 0.00117685 0.690551 0 0 255
0.279089 -0.0869612 0.68217 0 0 255
0.200777 -0.075151 0.683884 0 0 255
0.16787 -0.187361 0.649446 0 0 255
0.284913 0.0655419 0.685706 0 0 255
0.0408961 -0.30678 0.569787 248 248 6
0.0959678 0.0889755 0.68162 0 0 255
0.351403 0.157351 0.656061 0 0 255
0.377809 0.0857585 0.670433 0 0 255
0.357861 -0.0269776 0.682702 0 0 255
0.147724 -0.220463 0.632951 49 49 205
-0.00874273 0.159423 0.661183 68 68 186
0.17064 0.0301761 0.689122 0 0 255
0.256908 -0.416356 0.411703 110 110 144
0.486272 0.21189 0.578391 189 189 65
0.173101 -0.127073 0.672069 0 0 255
-0.237715 -0.316079 0.560504 143 143 111
-0.287203 -0.076867 0.683683 254 254 0
-0.0375571 0.0851582 0.682831 34 34 220
0.338063 -0.201097 0.638493 0 0 255
0.408136 0.196101 0.624079 129 129 125
0.192081 -0.153142 0.663298 0 0 255
0.664508 0.0698881 0.460319 169 169 85
0.0633721 0.327254 0.54976 235 235 19
-0.238393 0.305752 0.570856 159 159 95
0.53772 -0.0601226 0.602661 100 100 154
-0.340878 -0.148106 0.660804 212 212 42
0.400571 -0.146286 0.647485 0 0 255
0.166284 -0.188432 0.649459 0 0 255
0.474866 0.084327 0.635686 0 0 255
0.372255 0.0321514 0.67899 0 0 255
-0.281815 -0.265242 0.604159 78 78 176
0.142116 -0.229811 0.627797 47 47 207
0.336114 0.0802157 0.679805 0 0 255
0.287618 -0.252844 0.613091 144 144 110
0.142598 -0.133088 0.670185 0 0 255
0.165745 0.0748802 0.683743 0 0 255
0.482614 0.152802 0.610798 70 70 184
0.400223 -0.0908221 0.663743 0 0 255
0.341154 -0.091624 0.676547 0 0 255
-0.0366581 -0.197589 0.645131 206 206 48
0.503991 -0.00836989 0.629792 0 0 255
-0.048602 0.0119302 0.690417 0 0 255
0.660424 -0.0768143 0.463208 227 227 27
-0.406075 0.0382565 0.670387 60 60 194
0.343447 -0.233561 0.619754 54 54 200
0.318693 -0.333928 0.539498 247 247 7
0.13015 -0.188059 0.64969 0 0 255
0.0939752 -0.404961 0.436393 116 116 138
0.0624249 0.0962614 0.680441 0 0 255
0.0746187 0.0173987 0.690411 0 0 255
0.108833 0.178186 0.653805 0 0 255
0.0889385 0.120144 0.674256 0 0 255
0.0569073 -0.0206466 0.68977 0 0 255
-0.0873456 -0.0715684 0.684385 105 105 149
0.0427547 -0.0806693 0.683145 0 0 255
0.310488 -0.289872 0.583697 178 178 76
0.347761 0.0371471 0.683512 0 0 255
0.414341 -0.032068 0.667999 0 0 255
0.125039 -0.237556 0.623214 97 97 157
-0.0289319 -0.121909 0.673428 0 0 255
0.39518 0.261757 0.587042 232 232 22
0.114792 0.128175 0.672115 0 0 255
0.178043 -0.029992 0.689254 0 0 255
0.381245 -0.223758 0.616741 72 72 182
0.233997 0.0132239 0.69074 0 0 255
-0.0432299 -0.0768903 0.684002 27 27 227
0.29288 0.139524 0.668245 0 0 255
0.407376 -0.273035 0.573418 233 233 21
0.299614 -0.104135 0.677255 0 0 255
-0.310982 0.0589213 0.6854 237 237 17
0.559947 -0.264619 0.469347 148 148 106
0.0371357 -0.211181 0.637679 168 168 86
0.479741 -0.0990283 0.629825 4 4 250
-0.224465 -0.0207337 0.690125 255 255 0
-0.052186 0.0423593 0.68856 62 62 192
0.38368 -0.076995 0.671387 0 0 255
-0.225065 -0.3261 0.551159 97 97 157
0.189984 -0.0933161 0.680349 0 0 255
0.198125 0.155696 0.662387 0 0 255
-0.38879 0.278256 0.575654 0 0 255
0.337938 -0.245222 0.612705 183 183 71
0.232112 0.139709 0.668202 0 0 255
0.32096 -0.178879 0.651191 0 0 255
-0.0237605 -0.317627 0.559431 254 254 0
0.311546 -0.180941 0.650962 0 0 255
0.1771 0.0729617 0.684993 0 0 255
0.387439 -0.253163 0.595892 138 138 116
0.308358 -0.0882255 0.680374 0 0 255
-0.0592284 -0.160111 0.660964 113 113 141
-0.0395071 0.0890092 0.681475 47 47 207
0.607361 0.0853924 0.534935 254 254 0
-0.110136 -0.017673 0.690584 79 79 175
-0.226717 0.166417 0.658221 251 251 3
0.284998 -0.265843 0.603329 93 93 161
0.173192 0.162354 0.660608 0 0 255
0.098365 0.243488 0.618567 97 97 157
-0.283572 -0.211952 0.6371 158 158 96
0.409827 0.0395803 0.668545 0 0 255
0.216585 -0.231203 0.626022 107 107 147
0.53215 0.0749827 0.604494 80 80 174
0.544105 -0.0648491 0.597459 197 197 57
0.041432 -0.130629 0.671069 0 0 255
0.217877 0.120076 0.674024 0 0 255
-0.427202 0.0302727 0.663463 23 23 231
0.503501 0.0152376 0.629339 58 58 196
0.68671 -0.0880146 0.40597 0 0 255
0.242902 -0.127185 0.672265 0 0 255
0.192426 -0.160701 0.660778 0 0 255
0.267685 0.132904 0.670344 0 0 255
0.324173 -0.149152 0.662525 0 0 255
0.219127 -0.341991 0.533628 247 247 7
0.17091 0.0112522 0.690551 0 0 255
0.45936 -0.104672 0.638588 0 0 255
0.652523 0.0376099 0.486427 191 191 63
0.461453 0.0671891 0.646038 0 0 255
0.649886 -0.113386 0.465461 228 228 26
-0.0250175 -0.144585 0.666974 42 42 212
-0.341105 -0.109419 0.672266 215 215 39
0.0186128 -0.0779108 0.683574 0 0 255
0.0167404 0.038124 0.688986 0 0 255
0.400871 0.22408 0.611145 108 108 146
0.322952 -0.0900079 0.678623 0 0 255
0.493143 0.00384299 0.63498 70 70 184
0.0618797 0.159392 0.660994 0 0 255
0.261112 -0.170264 0.656668 0 0 255
-0.324889 -0.0341478 0.6871 251 251 3
0.085355 -0.101718 0.67846 0 0 255
0.628164 0.188782 0.449686 200 200 54
0.251799 -0.106036 0.678242 0 0 255
-0.104506 -0.127472 0.671922 215 215 39
0.533079 -0.127026 0.588884 161 161 93
0.340481 0.167457 0.652897 0 0 255
-0.265722 -0.194754 0.646313 247 247 7
0.244331 -0.113078 0.675957 0 0 255
0.388388 0.178831 0.638058 59 59 195
0.359333 -0.249928 0.60618 76 76 178
0.484134 0.194836 0.589117 155 155 99
0.465108 -0.00349846 0.649335 0 0 255
0.393695 -0.294077 0.560514 221 221 33
0.322218 -0.257735 0.606905 54 54 200
-0.185018 0.0049751 0.69089 184 184 70
0.236321 -0.303335 0.572832 177 177 77
-0.12576 -0.234219 0.625099 254 254 0
0.0413801 -0.068529 0.685202 0 0 255
0.502757 0.207744 0.570303 236 236 18
0.127894 -0.259231 0.608391 126 126 128
0.423204 0.252118 0.583019 249 249 5
0.473586 0.0408204 0.643563 16 16 238
0.461977 -0.325922 0.4894 221 221 33
0.639069 -0.185003 0.434491 82 82 172
0.384974 -0.0828627 0.669299 0 0 255
-0.132219 -0.189394 0.648508 232 232 22
0.155573 -0.141956 0.6676 0 0 255
0.293718 -0.137479 0.668582 0 0 255
0.0737272 -0.124782 0.673042 0 0 255
-0.00536538 -0.201612 0.642969 121 121 133
0.556682 -0.219897 0.516444 253 253 1
0.517773 -0.0942261 0.608847 72 72 182
0.0317874 0.196596 0.645163 58 58 196
0.0484163 0.165007 0.658901 0 0 255
0.454942 -0.259869 0.562457 218 218 36
0.319775 0.362969 0.503392 245 245 9
0.119973 -0.228069 0.628752 16 16 238
0.298387 0.219738 0.632597 76 76 178
0.462829 -0.0117363 0.65035 0 0 255
-0.142182 -0.0566975 0.686881 185 185 69
0.273548 0.346284 0.528075 232 232 22
0.621118 0.141222 0.494715 177 177 77
-0.09258 0.0770983 0.683386 66 66 188
0.451079 -0.0137996 0.654953 0 0 255
0.020519 0.34147 0.533574 251 251 3
0.018823 -0.380987 0.480564 134 134 120
0.538023 0.217156 0.536212 246 246 8
0.28101 -0.291607 0.582727 235 235 19
0.229231 0.133845 0.669772 0 0 255
0.206143 0.290642 0.584666 241 241 13
0.417949 -0.297345 0.54785 234 234 20
0.219951 0.115509 0.675259 0 0 255
0.279507 -0.0704858 0.685314 0 0 255
0.206657 -0.187411 0.649429 0 0 255
0.0693129 -0.31581 0.560657 252 252 2
0.133824 0.323711 0.552689 244 244 10
0.295494 0.146337 0.665727 0 0 255
0.147036 -0.200377 0.642895 0 0 255
0.0267614 -0.326677 0.550519 254 254 0
0.344505 0.180401 0.646942 0 0 255
0.0705368 0.0140365 0.690715 0 0 255
0.177705 -0.253951 0.612538 88 88 166
0.399743 -0.0966685 0.662937 0 0 255
0.182572 -0.395323 0.456154 116 116 138
0.44509 0.101736 0.645742 0 0 255
-0.31663 0.26594 0.601421 106 106 148
-0.136111 -0.269385 0.601101 206 206 48
0.150104 0.251949 0.613503 86 86 168
0.313338 -0.0348478 0.687674 0 0 255
-0.0351849 0.18345 0.651557 117 117 137
0.315294 -0.195694 0.64449 0 0 255
-0.145216 0.383747 0.47515 0 0 255
0.0471956 0.0577039 0.686424 0 0 255
0.48169 -0.315063 0.488247 151 151 103
0.130133 0.110911 0.676267 0 0 255
0.404871 -0.140854 0.648165 0 0 255
0.357531 -0.311408 0.55485 228 228 26
0.0735657 0.326875 0.549419 254 254 0
-0.415265 -0.12653 0.650115 0 0 255
0.0232492 -0.0692789 0.685169 0 0 255
0.26428 0.0260564 0.690201 0 0 255
-0.161016 0.151248 0.664599 234 234 20
0.0238876 -0.264595 0.604829 203 203 51
0.0111651 0.277315 0.594558 224 224 30
-0.0479037 -0.0291822 0.689641 0 0 255
-0.00962441 -0.124675 0.673085 102 102 152
0.073602 -0.0811252 0.683632 0 0 255
0.0428892 0.182098 0.65173 14 14 240
-0.161278 0.0607873 0.686746 167 167 87
0.0857578 -0.213359 0.636832 73 73 181
0.488341 -0.213032 0.576468 206 206 48
0.114662 0.295399 0.579662 253 253 1
-0.209361 -0.22291 0.63168 254 254 0
0.436738 -0.146667 0.635552 0 0 255
0.431279 0.0990162 0.651358 0 0 255
0.0864443 -0.136874 0.669547 0 0 255
0.528689 0.014321 0.614254 43 43 211
0.605129 0.240583 0.433606 172 172 82
0.616687 0.180189 0.474731 142 142 112
0.0252555 0.269059 0.601345 253 253 1
0.438545 0.228745 0.593195 178 178 76
-0.253595 0.031193 0.688958 240 240 14
0.389084 0.0889101 0.666871 0 0 255
0.287635 0.00447098 0.689904 0 0 255
-0.505945 0.0214192 0.627513 0 0 255
-0.187164 -0.0653142 0.685239 226 226 28
0.0854039 -0.353225 0.519417 208 208 46
0.250999 -0.0459334 0.688218 0 0 255
-0.026183 0.399777 0.447175 116 116 138
0.318814 0.0987418 0.677239 0 0 255
0.438511 -0.105449 0.647697 0 0 255
0.424111 0.211739 0.609262 205 205 49
0.292602 0.236711 0.622435 0 0 255
0.248928 0.0327031 0.688882 0 0 255
-0.151254 0.0410919 0.688941 204 204 50
0.33403 0.31008 0.562244 254 254 0
0.0100685 -0.0905827 0.681064 0 0 255
-0.266704 -0.116025 0.674888 254 254 0
0.444411 -0.0972954 0.646488 0 0 255
-0.0421831 -0.32057 0.556225 250 250 4
0.172474 0.114741 0.6761 0 0 255
0.127349 0.243814 0.618153 86 86 168
0.485055 -0.0484604 0.637387 33 33 221
0.454517 -0.211152 0.595926 132 132 122
0.649007 0.0191202 0.493377 235 235 19
0.189068 0.137659 0.668828 0 0 255
0.237902 -0.158462 0.661488 0 0 255
0.410409 -0.0250574 0.669661 0 0 255
0.281274 0.0542621 0.68738 0 0 255
-0.045966 0.134012 0.670038 37 37 217
-0.222325 0.26786 0.602115 109 109 145
0.32218 0.182367 0.649009 0 0 255
0.122476 0.159301 0.660943 0 0 255
-0.107195 0.118923 0.67491 129 129 125
-0.0978232 -0.0611463 0.686584 141 141 113
0.0929904 -0.235578 0.623331 90 90 164
0.479585 -0.182556 0.59924 220 220 34
-0.0303635 0.265071 0.603928 252 252 2
0.395139 0.0705682 0.669004 0 0 255
0.124293 -0.0954394 0.680576 0 0 255
-0.0586681 -0.0396159 0.689254 29 29 225
0.315503 -0.0142969 0.688238 0 0 255
0.415366 -0.403254 0.385089 0 0 255
0.0808379 -0.138168 0.668593 0 0 255
0.173871 -0.176174 0.654125 0 0 255
0.385033 0.282947 0.573948 199 199 55
0.128649 -0.383351 0.475757 210 210 44
0.361589 0.239785 0.611563 44 44 210
0.015573 -0.0445357 0.688422 0 0 255
0.42634 -0.107809 0.651009 0 0 255
0.0414024 -0.115226 0.675085 0 0 255
0.0581205 0.101802 0.678916 0 0 255
0.0329067 -0.13937 0.668729 0 0 255
0.531775 0.106961 0.596426 128 128 126
0.173438 -0.128467 0.671935 0 0 255
0.00545235 -0.149668 0.665247 0 0 255
0.338551 -0.177775 0.648889 0 0 255
0.178567 -0.0929546 0.68066 0 0 255
-0.208231 0.19985 0.643316 254 254 0
-0.2694 -0.239691 0.621871 191 191 63
0.220908 0.264112 0.605111 117 117 137
0.517571 -0.106942 0.605789 66 66 188
-0.0490344 0.351908 0.521534 221 221 33
0.382499 -0.268896 0.585157 176 176 78
0.383259 0.148363 0.652394 0 0 255
0.34561 0.313809 0.555587 226 226 28
0.428929 0.114375 0.649091 42 42 212
-0.330866 -0.103797 0.675462 240 240 14
0.0182012 0.000893349 0.69098 0 0 255
-0.051757 0.0954345 0.680415 3 3 251
-0.00636382 0.153384 0.663748 21 21 233
0.0727085 0.158747 0.661532 0 0 255
0.379748 -0.171366 0.644416 0 0 255
0.464455 -0.0501231 0.646263 0 0 255
0.438053 0.0508372 0.65736 0 0 255
0.565158 -0.0667769 0.579844 174 174 80
-0.0257347 0.100734 0.679492 86 86 168
0.485495 0.0738227 0.633271 0 0 255
0.422786 0.00447799 0.666658 0 0 255
0.64212 0.143813 0.461166 140 140 114
0.165252 0.335369 0.541155 252 252 2
0.527294 0.0566764 0.611051 80 80 174
0.166592 0.110142 0.676669 0 0 255
0.0838196 -0.0831877 0.683081 0 0 255
0.272686 0.274216 0.597003 94 94 160
-0.152718 -0.133092 0.669867 249 249 5
0.293225 -0.215944 0.635263 0 0 255
0.165439 -0.127568 0.672455 0 0 255
-0.106506 -0.384676 0.474088 107 107 147
0.170448 0.0779591 0.683485 0 0 255
0.0561561 -0.020152 0.690132 0 0 255
0.476303 -0.165106 0.608447 181 181 73
-0.181335 0.0366147 0.688639 192 192 62
0.36655 0.0432074 0.679482 0 0 255
0.0827969 -0.213113 0.636564 112 112 142
-0.378725 -0.237027 0.609566 0 0 255
0.0171598 -0.385909 0.47273 195 195 59
0.0712999 0.364493 0.503649 212 212 42
0.172969 0.172408 0.655666 38 38 216
0.170848 -0.232045 0.626586 13 13 241
0.195565 0.0354936 0.689222 0 0 255
0.117531 -0.146734 0.666205 0 0 255
0.304753 0.00469747 0.690056 0 0 255
0.301563 -0.0245437 0.689087 0 0 255
0.0808476 -0.00975779 0.69009 0 0 255
0.101392 0.0124607 0.690679 0 0 255
0.0574933 0.420912 0.399778 10 10 244
0.236015 -0.0898809 0.681736 0 0 255
0.0929711 -0.139071 0.668286 0 0 255
0.150312 -0.317563 0.55994 221 221 33
0.00872468 0.0209372 0.690012 0 0 255
0.631072 0.110386 0.496001 246 246 8
0.420489 -0.239381 0.593476 176 176 78
0.250026 -0.211897 0.637517 0 0 255
-0.233135 0.314453 0.562249 170 170 84
-0.225062 0.182743 0.651444 254 254 0
-0.112348 0.164385 0.659503 203 203 51
0.294802 -0.0292844 0.689705 0 0 255
0.407153 0.34284 0.501729 253 253 1
0.633134 0.0219067 0.514992 254 254 0
0.273821 -0.0691995 0.685632 0 0 255
0.354793 0.0680447 0.67895 0 0 255
0.468297 -0.15678 0.616652 33 33 221
0.148594 -0.0759137 0.683876 0 0 255
-0.190661 0.0459817 0.687799 195 195 59
0.0593483 -0.0437551 0.687874 0 0 255
0.137864 -0.12807 0.671656 0 0 255
0.117497 0.224592 0.630841 53 53 201
0.222963 -0.317565 0.558671 229 229 25
-0.275038 0.0875128 0.682062 254 254 0
0.164374 0.224136 0.630767 97 97 157
0.413467 -0.246866 0.591524 239 239 15
-0.00950603 0.268944 0.601137 252 252 2
0.491968 0.134242 0.61241 26 26 228
0.0206004 0.00384988 0.690182 0 0 255
0.632646 0.233629 0.386909 43 43 211
0.0577862 -0.0543688 0.686857 0 0 255
0.251718 -0.0238024 0.690306 0 0 255
0.375124 0.277554 0.580577 236 236 18
0.479711 -0.144171 0.615326 182 182 72
0.105561 0.107344 0.677652 0 0 255
0.187286 -0.191415 0.647813 0 0 255
0.507803 0.0971283 0.614252 126 126 128
0.469258 0.160032 0.614836 93 93 161
0.473195 -0.140067 0.620482 92 92 162
0.165728 -0.381617 0.479808 210 210 44
0.194753 -0.232939 0.625943 93 93 161
0.318095 -0.0957488 0.678667 0 0 255
0.0247425 -0.201556 0.642676 72 72 182
-0.289397 0.0132898 0.690427 253 253 1
0.37461 0.311866 0.550584 254 254 0
-0.064547 -0.306723 0.569367 249 249 5
0.178622 -0.149454 0.664993 0 0 255
0.199431 0.23142 0.626785 93 93 161
0.482092 0.271089 0.535102 253 253 1
-0.0700958 -0.241241 0.619834 231 231 23
0.237985 -0.0816843 0.683095 0 0 255
0.412166 0.121647 0.652251 0 0 255
0.0622849 0.321837 0.555366 237 237 17
-0.159557 -0.0799546 0.683144 164 164 90
0.0854717 -0.158287 0.661971 0 0 255
0.334724 0.21277 0.633051 77 77 177
0.125878 -0.290235 0.584238 204 204 50
0.423262 -0.0217473 0.665921 0 0 255
0.258528 0.228371 0.62777 0 0 255
-0.287319 0.0889878 0.681846 251 251 3
0.0728728 -0.0223105 0.690101 0 0 255
0.66701 0.0832122 0.45017 178 178 76
0.289415 -0.259717 0.608097 93 93 161
0.349044 -0.0858101 0.676542 0 0 255
0.501338 -0.123263 0.611141 146 146 108
0.209373 -0.161039 0.661041 0 0 255
0.145253 0.188437 0.649363 0 0 255
0.412817 -0.134345 0.648412 0 0 255
-0.0157503 0.127986 0.671528 0 0 255
0.0971024 0.248562 0.616017 225 225 29
0.0329646 -0.0141312 0.690753 0 0 255
-0.0593241 0.0663117 0.685497 96 96 158
0.370691 -0.303171 0.55905 246 246 8
0.312823 0.195467 0.644333 0 0 255
0.16562 -0.11766 0.674849 0 0 255
-0.476798 0.111283 0.627826 0 0 255
0.191831 0.198403 0.644735 0 0 255
0.268964 0.268989 0.601078 214 214 40
0.380067 0.298901 0.561023 219 219 35
0.617477 0.109462 0.514081 254 254 0
-0.195748 -0.0270747 0.689297 211 211 43
0.259389 0.0250168 0.689506 0 0 255
0.250327 -0.0148604 0.690355 0 0 255
-0.194972 -0.193687 0.647161 253 253 1
0.0981054 -0.129242 0.671868 0 0 255
0.308188 -0.0516205 0.68679 0 0 255
-0.298892 0.233527 0.624761 164 164 90
0.530768 -0.277502 0.488477 244 244 10
0.0307568 -0.125478 0.672773 62 62 192
0.269336 -0.338646 0.536107 243 243 11
-0.0579964 0.124469 0.672698 50 50 204
0.192703 -0.144236 0.66683 0 0 255
0.444229 -0.361723 0.451057 76 76 178
-0.0272909 -0.161955 0.659844 37 37 217
0.0713564 0.229156 0.628039 91 91 163
0.0901305 -0.0708869 0.685012 0 0 255
0.546335 -0.125686 0.579167 181 181 73
0.0695468 0.134999 0.669502 0 0 255
0.368259 0.360893 0.49348 223 223 31
0.557983 0.0809707 0.582804 173 173 81
0.0638488 0.187362 0.649527 0 0 255
0.288767 -0.028127 0.68987 0 0 255
0.456795 0.156005 0.62319 143 143 111
0.330811 -0.0782048 0.680171 0 0 255
0.12404 0.218686 0.634274 50 50 204
-0.0757015 0.282832 0.590466 249 249 5
-0.338954 -0.1719 0.651966 183 183 71
-0.010479 0.13882 0.668637 91 91 163
-0.307612 -0.0432586 0.686996 254 254 0
-0.132969 0.0752373 0.684076 179 179 75
0.597536 -0.0121759 0.557323 231 231 23
0.159893 -0.0776049 0.683749 0 0 255
-0.203486 -0.144294 0.666619 253 253 1
0.250199 0.188653 0.64949 0 0 255
0.41585 -0.153938 0.639589 0 0 255
-0.296404 -0.138735 0.668407 234 234 20
0.399384 0.30378 0.550012 244 244 10
0.218042 0.316364 0.560001 219 219 35
0.429094 0.0167017 0.663998 0 0 255
-0.0425759 0.00799509 0.690745 0 0 255
-0.0244289 -0.120317 0.674313 0 0 255
-0.185721 -0.222347 0.631292 254 254 0
-0.292711 -0.0831366 0.682934 252 252 2
0.230959 0.151872 0.663937 0 0 255
0.398734 0.22513 0.610449 101 101 153
-0.0883045 -0.0753054 0.683915 54 54 200
0.176076 0.117005 0.674708 0 0 255
0.146236 0.0862485 0.681889 0 0 255
0.505124 -0.134799 0.60424 83 83 171
-0.294901 0.249231 0.614751 187 187 67
0.171575 0.121205 0.67432 0 0 255
-0.255919 0.111564 0.676395 253 253 1
0.282722 -0.273391 0.597857 194 194 60
0.23112 -0.193929 0.646441 0 0 255
-0.363848 -0.0508588 0.679488 136 136 118
0.236993 -0.209173 0.638921 0 0 255
-0.00999542 -0.316213 0.560932 254 254 0
0.0182963 0.0102743 0.690348 0 0 255
-0.213489 -0.0582919 0.686697 242 242 12
-0.0570329 -0.213817 0.636677 176 176 78
0.278526 0.350832 0.522328 253 253 1
0.683356 -0.0648501 0.424428 73 73 181
0.423871 0.190994 0.621253 155 155 99
0.219209 -0.141816 0.667561 0 0 255
0.430734 0.323154 0.513982 254 254 0
0.196963 -0.113238 0.675616 0 0 255
0.688808 0.0492194 0.416988 77 77 177
0.124335 0.0759772 0.684044 0 0 255
-0.229608 -0.00767471 0.690202 221 221 33
0.129778 -0.217885 0.63447 14 14 240
0.17393 0.312934 0.563484 223 223 31
0.315822 -0.098919 0.67746 0 0 255
0.106625 0.26294 0.605245 166 166 88
0.59259 -0.18194 0.505966 236 236 18
0.0106058 -0.229533 0.627021 139 139 115
0.0524927 0.0493019 0.688221 0 0 255
0.186988 0.301448 0.573964 197 197 57
-0.0430447 -0.16336 0.659457 192 192 62
0.474185 -0.168811 0.608796 74 74 180
0.281857 -0.0589091 0.686949 0 0 255
0.000901854 0.183368 0.651341 55 55 199
0.0903417 -0.148083 0.665484 0 0 255
-0.0931 0.0149523 0.689777 101 101 153
-0.0900446 -0.00991839 0.690524 32 32 222
0.388424 0.193594 0.630899 0 0 255
0.416927 -0.106253 0.655184 0 0 255
-0.19173 -0.248895 0.615536 252 252 2
-0.277426 -0.204217 0.641258 211 211 43
0.0519403 0.166825 0.658162 0 0 255
0.333997 0.121806 0.669933 0 0 255
0.334554 -0.202717 0.637883 61 61 193
0.306539 0.271348 0.59805 96 96 158
-0.0792564 -0.263392 0.605628 240 240 14
0.0522904 0.148146 0.664904 0 0 255
0.605266 0.010946 0.548324 223 223 31
0.438929 0.0288819 0.659432 0 0 255
0.305932 -0.250363 0.613536 75 75 179
0.0869411 0.132943 0.670355 0 0 255
0.398146 0.0458727 0.671547 0 0 255
0.447974 0.093095 0.646461 0 0 255
-0.263187 0.0948371 0.680266 254 254 0
0.468803 0.0056461 0.647415 0 0 255
0.164311 0.276443 0.595959 165 165 89
0.201673 0.364688 0.503602 227 227 27
0.382966 0.0655534 0.672752 0 0 255
0.163051 -0.172129 0.656648 0 0 255
-0.0531055 0.150464 0.664902 156 156 98
0.0103678 -0.122574 0.673753 65 65 189
0.40623 0.0840093 0.663823 0 0 255
-0.0519166 -0.261426 0.607046 230 230 24
0.0414853 0.0912532 0.681389 0 0 255
0.363417 -0.182318 0.64285 0 0 255
0.112332 -0.323585 0.55328 253 253 1
0.433448 0.227969 0.596346 206 206 48
-0.154809 0.113704 0.675766 205 205 49
0.387529 0.128456 0.657227 0 0 255
0.428998 -0.240141 0.589383 180 180 74
0.187499 0.112251 0.676012 0 0 255
0.190408 -0.279194 0.593278 160 160 94
0.490755 -0.112563 0.620148 68 68 186
0.16693 0.349225 0.52486 254 254 0
-0.060501 -0.166411 0.658377 127 127 127
0.200652 -0.0583273 0.687206 0 0 255
0.249954 0.31719 0.559532 218 218 36
0.383384 -0.242154 0.605146 137 137 117
-0.363827 -0.0818045 0.674374 212 212 42
0.0740442 0.199711 0.644077 80 80 174
0.0492548 0.19485 0.645628 18 18 236
0.0367365 -0.0216006 0.690425 0 0 255
-0.178975 -0.312281 0.564387 146 146 108
0.173877 0.341608 0.532799 237 237 17
-0.156075 -0.169132 0.657317 240 240 14
-0.00192273 0.393397 0.458046 79 79 175
0.42308 -0.281785 0.560028 224 224 30
0.229161 0.163784 0.659793 0 0 255
0.321714 0.139302 0.666119 0 0 255
0.496069 0.245537 0.54722 247 247 7
0.396979 0.199588 0.625708 57 57 197
0.0405028 -0.0905028 0.681192 0 0 255
-0.394885 0.0190534 0.674976 178 178 76
0.271326 0.29179 0.583589 172 172 82
0.393128 0.269227 0.582252 198 198 56
0.39126 -0.308813 0.546725 231 231 23
0.35499 0.140466 0.660467 0 0 255
0.00284348 -0.0775674 0.683295 0 0 255
0.185275 -0.1933 0.646457 0 0 255
-0.111102 0.0323832 0.689173 80 80 174
-0.0243356 0.117808 0.675123 0 0 255
0.193641 -0.223291 0.631495 50 50 204
0.279645 0.0282588 0.689937 0 0 255
-0.250539 0.303523 0.572475 120 120 134
-0.249624 0.0934887 0.680712 253 253 1
-0.163197 0.00644587 0.690588 167 167 87
0.0119639 -0.027847 0.689156 0 0 255
0.258766 0.183729 0.65118 0 0 255
0.264733 -0.148732 0.665092 0 0 255
0.117456 0.0629639 0.686488 0 0 255
0.47323 -0.116736 0.628868 38 38 216
0.0839936 -0.111691 0.676424 0 0 255
-0.343632 0.0947042 0.675799 225 225 29
0.0214651 -0.0303043 0.689116 0 0 255
0.0475696 0.22021 0.63279 204 204 50
-0.0196981 0.184537 0.651196 83 83 171
0.0185315 0.175345 0.654708 70 70 184
-0.492753 -0.0117753 0.635629 0 0 255
0.51175 0.119114 0.606129 91 91 163
-0.373326 0.263496 0.592044 0 0 255
0.665064 -0.109449 0.441693 89 89 165
-0.314763 -0.115746 0.674189 229 229 25
0.47795 -0.074953 0.636631 39 39 215
0.0439936 0.119999 0.674653 0 0 255
0.479819 -0.0821335 0.633554 0 0 255
0.143035 0.125099 0.672727 0 0 255
0.435252 -0.0452258 0.659627 0 0 255
0.210588 0.123371 0.67276 0 0 255
0.192494 -0.224307 0.631132 1 1 253
0.516886 0.0606864 0.616403 119 119 135
0.136182 -0.136928 0.66871 0 0 255
0.44862 0.175382 0.617692 121 121 133
0.374653 -0.198568 0.63227 0 0 255
-0.220256 0.353874 0.517684 89 89 165
-0.0108979 0.0562008 0.687224 0 0 255
-0.455199 -0.0533245 0.650129 0 0 255
-0.28318 -0.270063 0.600991 176 176 78
-0.417182 0.196258 0.620376 0 0 255
0.180548 0.354952 0.516876 238 238 16
-0.0205966 0.0387348 0.689148 0 0 255
-0.406339 0.236824 0.600751 0 0 255
0.423741 -0.269751 0.569566 202 202 52
0.205853 -0.0840254 0.682215 0 0 255
-0.0735421 -0.072978 0.68416 54 54 200
0.140786 -0.161369 0.661103 0 0 255
0.423766 -0.0244153 0.665259 0 0 255
-0.0172704 -0.00851237 0.690904 0 0 255
0.363746 0.0527158 0.679119 0 0 255
-0.16832 -0.262035 0.605986 238 238 16
0.475057 -0.03029 0.643753 24 24 230
-0.195087 -0.297658 0.5782 210 210 44
0.167554 -0.132857 0.670684 0 0 255
0.246051 0.220723 0.63223 0 0 255
0.353951 0.000757862 0.684462 0 0 255
-0.266396 0.0631154 0.685895 254 254 0
0.570273 -0.00529355 0.582458 166 166 88
-0.144668 -0.358374 0.51219 42 42 212
0.565167 -0.0856079 0.575515 233 233 21
0.216418 0.155999 0.662469 0 0 255
0.0342669 0.266987 0.603287 226 226 28
0.313969 -0.0414478 0.687539 0 0 255
0.373743 0.357013 0.496338 208 208 46
-0.0924769 -0.265117 0.603547 251 251 3
0.321555 -0.219139 0.631576 0 0 255
0.183667 -0.23912 0.621805 92 92 162
-0.056714 -0.0271836 0.689902 0 0 255
0.0986092 0.134584 0.669457 0 0 255
-0.0078662 0.104812 0.67807 0 0 255
0.231686 -0.242028 0.619499 174 174 80
0.396085 -0.118461 0.65802 0 0 255
0.469261 0.0892005 0.638198 0 0 255
0.187152 -0.218891 0.634174 37 37 217
0.452275 0.0378743 0.653559 0 0 255
0.405312 -0.0746671 0.665156 0 0 255
0.0456864 -0.0226123 0.689604 0 0 255
0.251523 -0.0869074 0.68183 0 0 255
0.581965 -0.153426 0.533648 254 254 0
0.449223 -0.248201 0.574394 223 223 31
-0.0395975 0.247991 0.615993 216 216 38
-0.226852 0.0424419 0.688469 235 235 19
0.288218 -0.0388792 0.688218 0 0 255
-0.39033 -0.0115676 0.675986 59 59 195
0.0863489 0.0873168 0.682317 0 0 255
0.67178 -0.0146014 0.458067 203 203 51
-0.369292 -0.131328 0.66083 163 163 91
-0.0713291 0.316824 0.559464 253 253 1
0.402117 -0.11363 0.657205 0 0 255
0.316563 -0.104181 0.676237 0 0 255
0.577107 0.24902 0.465166 116 116 138
0.615237 -0.161651 0.490416 240 240 14
0.418891 0.00705914 0.66752 0 0 255
0.644342 -0.0257864 0.500334 222 222 32
0.0669099 -0.259712 0.608284 166 166 88
-0.129895 -0.25117 0.613825 232 232 22
0.299243 0.363142 0.50458 196 196 58
0.211089 -0.246809 0.616591 132 132 122
0.411025 0.158869 0.639891 0 0 255
-0.0440555 0.14631 0.665803 85 85 169
0.158742 -0.155575 0.66276 0 0 255
0.493707 -0.0192678 0.6353 50 50 204
0.0284444 0.0543268 0.686901 0 0 255
-0.310885 0.216631 0.633309 82 82 172
0.507588 0.0732925 0.620756 50 50 204
-0.00415404 -0.04778 0.688235 0 0 255
0.306646 0.0566267 0.686389 0 0 255
0.102801 0.161519 0.660983 4 4 250
0.0815069 0.0220307 0.690425 0 0 255
0.0415662 0.0372172 0.688991 0 0 255
0.42822 -0.230232 0.596336 128 128 126
0.00586686 0.0001511 0.690305 0 0 255
0.261494 0.207145 0.639809 34 34 220
0.274604 0.188019 0.649489 4 4 250
-0.383916 -0.00786186 0.6773 187 187 67
-0.142669 0.125539 0.673082 189 189 65
-0.0232909 0.29605 0.578992 251 251 3
-0.0404192 -0.00276832 0.690135 0 0 255
0.0214107 -0.140382 0.668092 132 132 122
0.168575 0.28595 0.587564 187 187 67
0.322094 -0.0501747 0.685293 0 0 255
0.428287 0.00310505 0.664952 0 0 255
0.019265 -0.0739978 0.684741 0 0 255
-0.136484 0.280914 0.592066 253 253 1
0.429166 -0.0927026 0.653789 0 0 255
0.394645 0.372623 0.463956 127 127 127
0.456249 -0.0602944 0.649016 0 0 255
-0.0414696 0.0895695 0.681453 81 81 173
-0.0196779 -0.210837 0.638569 169 169 85
0.395715 0.108877 0.660957 0 0 255
0.59073 0.000696341 0.563472 253 253 1
0.561177 -0.0714758 0.582946 170 170 84
0.0961739 -0.313179 0.563129 247 247 7
0.289815 -0.202354 0.642227 0 0 255
0.162872 -0.23882 0.621496 134 134 120
0.418914 -0.307257 0.538061 239 239 15
0.48327 0.173827 0.600454 112 112 142
0.240611 0.119859 0.674726 0 0 255
0.0932016 0.0539596 0.687665 0 0 255
0.378505 0.084655 0.670703 0 0 255
0.326049 -0.270153 0.597167 194 194 60
0.354889 -0.0291585 0.683152 0 0 255
-0.059068 0.0435563 0.688213 0 0 255
0.381754 0.122765 0.660208 0 0 255
-0.0398133 -0.283209 0.590266 243 243 11
-0.407338 0.159189 0.640749 10 10 244
0.0871643 0.0775584 0.683519 0 0 255
0.408134 -0.126774 0.652184 0 0 255
0.0585987 0.0722537 0.684981 0 0 255
0.286994 0.0831369 0.682595 0 0 255
-0.00580538 -0.303177 0.573386 249 249 5
0.0574492 0.106402 0.677767 0 0 255
-0.363737 -0.100634 0.670835 180 180 74
0.482161 0.143983 0.614496 26 26 228
0.544155 0.0196371 0.602437 77 77 177
0.406071 0.147646 0.646193 0 0 255
0.0122166 -0.0463468 0.688122 0 0 255
-0.249117 -0.214379 0.636525 238 238 16
-0.176876 -0.293037 0.582606 213 213 41
0.195964 0.0497923 0.688127 0 0 255
0.521063 0.0947176 0.607419 59 59 195
0.630779 -0.101591 0.499519 187 187 67
-0.173539 0.133578 0.670605 230 230 24
0.0192134 0.0119027 0.690667 0 0 255
0.155987 -0.0172834 0.689725 0 0 255
-0.242828 -0.0208222 0.690072 232 232 22
0.260226 -0.142158 0.667635 0 0 255
0.589969 0.218109 0.479747 243 243 11
0.0816165 0.218039 0.633809 131 131 123
0.402965 -0.20637 0.620694 65 65 189
0.0940847 -0.138787 0.66886 0 0 255
-0.0927711 0.293101 0.58144 254 254 0
0.272659 -0.358495 0.512018 217 217 37
0.131484 -0.0721205 0.684204 0 0 255
-0.0687892 -0.101829 0.679282 80 80 174
-0.129421 -0.21676 0.635072 242 242 12
0.0379186 0.14184 0.66802 0 0 255
0.525302 -0.111805 0.599533 121 121 133
0.62857 -0.130936 0.489621 238 238 16
0.486304 0.334186 0.45878 214 214 40
0.219987 0.29115 0.583457 194 194 60
-0.310948 0.172031 0.654738 208 208 46
0.121883 0.373303 0.492405 240 240 14
0.359729 -0.210805 0.62941 0 0 255
0.288447 -0.0228341 0.689928 0 0 255
0.0170632 0.0893274 0.681809 0 0 255
0.277806 0.235027 0.623967 52 52 202
0.458435 -0.248991 0.568628 217 217 37
0.575362 -0.112277 0.558301 221 221 33
0.33424 0.104745 0.674832 0 0 255
0.519978 -0.0257605 0.618229 155 155 99
0.678015 0.112674 0.412873 0 0 255
-0.326689 -0.000320514 0.687479 245 245 9
0.119824 0.0318197 0.688922 0 0 255
-0.20971 -0.0551433 0.687584 208 208 46
-0.402282 0.135802 0.651238 118 118 136
0.468554 0.0430598 0.645729 0 0 255
0.166579 -0.139895 0.668302 0 0 255
0.401008 -0.205468 0.621619 40 40 214
0.385335 -0.0724833 0.671012 0 0 255
0.34018 -0.175858 0.649674 0 0 255
0.0263189 -0.314303 0.562419 253 253 1
0.582603 -0.104846 0.55392 251 251 3
0.453135 -0.220666 0.590587 223 223 31
0.33908 0.023465 0.685684 0 0 255
0.366846 0.126333 0.662767 0 0 255
0.448171 0.101651 0.643806 0 0 255
0.204843 -0.28709 0.587666 163 163 91
-0.169132 -0.326737 0.55039 184 184 70
0.245754 0.0710759 0.684496 0 0 255
0.301149 -0.0190275 0.689726 0 0 255
0.495435 0.0222023 0.63312 134 134 120
0.145196 0.223398 0.631591 15 15 239
0.191005 0.0760326 0.683602 0 0 255
0.244163 0.111856 0.6765 0 0 255
0.594877 -0.015736 0.558743 244 244 10
0.264261 0.370054 0.495691 172 172 82
-0.194745 0.0690876 0.685582 254 254 0
0.196687 -0.184532 0.650757 0 0 255
0.452368 -0.182973 0.61284 187 187 67
0.223354 -0.160406 0.660708 0 0 255
0.129689 -0.113539 0.675898 0 0 255
0.0624355 -0.116403 0.674824 22 22 232
0.697545 0.0857226 0.376186 52 52 202
0.184225 -0.220405 0.632367 23 23 231
0.109265 0.351662 0.521765 251 251 3
0.00128761 0.0323523 0.689688 0 0 255
0.244831 0.209547 0.638948 0 0 255
-0.0247711 -0.329075 0.547387 251 251 3
0.36746 0.0786926 0.674691 0 0 255
0.319484 -0.198912 0.642385 0 0 255
0.428134 -0.0989278 0.653265 0 0 255
-0.038697 0.0783703 0.683624 0 0 255
0.0920559 -0.380775 0.479694 114 114 140
0.449333 -0.00604923 0.656619 0 0 255
0.399434 -0.0510961 0.67033 0 0 255
0.487241 0.00238452 0.638229 0 0 255
0.438359 0.054948 0.657678 0 0 255
0.0594554 -0.345626 0.528704 206 206 48
-0.0134614 -0.193827 0.646094 118 118 136
0.365628 -0.0617671 0.676965 0 0 255
-0.345638 -0.111076 0.671616 169 169 85
0.225318 -0.193393 0.647092 0 0 255
0.408079 0.00858168 0.671049 0 0 255
0.561373 -0.035393 0.587928 240 240 14
0.175388 -0.14231 0.667853 0 0 255
0.626533 0.112418 0.501342 246 246 8
0.558178 -0.210901 0.521819 254 254 0
-0.0087749 0.0286579 0.689235 0 0 255
0.387763 0.371627 0.469653 220 220 34
-0.0145909 0.308299 0.568247 253 253 1
0.301243 0.388657 0.465339 228 228 26
-0.00656354 0.0789263 0.683549 88 88 166
0.0320946 -0.208598 0.639356 143 143 111
0.193469 0.0894209 0.681437 0 0 255
0.559415 0.134209 0.564149 222 222 32
0.0409756 -0.148087 0.665651 88 88 166
-0.0123005 -0.128758 0.671306 89 89 165
0.303242 0.336952 0.537812 254 254 0
0.0292758 -0.115431 0.675492 0 0 255
-0.26795 -0.26632 0.603157 61 61 193
0.266039 -0.221035 0.632625 0 0 255
0.628885 -0.235802 0.393429 79 79 175
-0.352041 0.0561043 0.680734 229 229 25
-0.0723648 0.0479075 0.687958 70 70 184
-0.247097 -0.344338 0.529512 81 81 173
0.149439 -0.350643 0.522604 232 232 22
0.0446143 0.00783348 0.690536 0 0 255
0.166016 0.269277 0.601634 155 155 99
0.146878 -0.304046 0.571907 248 248 6
0.0231787 0.104155 0.678574 0 0 255
0.166916 -0.337039 0.538737 249 249 5
0.214048 0.27627 0.595769 165 165 89
-0.0103581 0.220995 0.632537 229 229 25
0.569128 0.198504 0.519761 253 253 1
0.341887 0.172384 0.651103 0 0 255
0.413134 0.119498 0.652766 0 0 255
0.389347 -0.0464097 0.674191 0 0 255
0.282525 -0.0824235 0.683197 0 0 255
0.350645 -0.305498 0.562367 243 243 11
0.115123 0.106297 0.677957 0 0 255
0.0601012 0.00719179 0.690272 0 0 255
0.248417 0.163719 0.659154 0 0 255
0.3524 0.0268976 0.683628 0 0 255
0.592399 0.00110367 0.56255 229 229 25
0.446289 -0.251597 0.573279 193 193 61
-0.154253 -0.0276648 0.689853 122 122 132
0.457934 0.128271 0.631966 43 43 211
0.19567 -0.153148 0.663721 0 0 255
-0.0814626 0.331974 0.543989 239 239 15
0.0756759 -0.326336 0.550288 235 235 19
0.250329 0.299611 0.576562 188 188 66
0.423811 0.231396 0.597663 217 217 37
-0.414099 0.082266 0.66127 101 101 153
0.213169 0.0336852 0.688874 0 0 255
0.423315 -0.186268 0.623795 107 107 147
0.0179958 0.125413 0.673099 0 0 255
0.361626 0.143908 0.658462 0 0 255
0.412743 -0.396931 0.404347 0 0 255
0.337407 0.00368696 0.686183 0 0 255
0.265929 0.191233 0.647803 0 0 255
0.318136 0.0585042 0.685091 0 0 255
0.0420887 -0.16781 0.658216 23 23 231
0.356724 0.186924 0.642602 26 26 228
0.595121 0.0479724 0.55583 249 249 5
0.246162 -0.360368 0.510235 254 254 0
0.336705 -0.0374585 0.685111 0 0 255
-0.303141 -0.206754 0.638857 81 81 173
0.295942 0.174711 0.655105 0 0 255
-0.08452 -0.165071 0.659433 145 145 109
0.16999 0.304564 0.571911 228 228 26
0.0200986 -0.349796 0.523616 180 180 74
0.11259 0.167611 0.658235 74 74 180
0.0248023 0.112009 0.67611 0 0 255
0.171792 0.127222 0.672048 0 0 255
0.360781 0.204844 0.632401 0 0 255
-0.11108 -0.279809 0.593379 225 225 29
0.207977 -0.0650117 0.685479 0 0 255
-0.0765711 -0.0973215 0.679666 46 46 208
0.112804 0.142241 0.667087 0 0 255
-0.271584 -0.318927 0.558562 85 85 169
0.217641 0.306993 0.569303 232 232 22
0.29711 -0.099783 0.67893 0 0 255
0.490425 -0.0379066 0.634644 0 0 255
0.126046 -0.0619285 0.686406 0 0 255
0.357513 -0.0587151 0.679937 0 0 255
0.560246 -0.256788 0.478765 197 197 57
-0.181484 -0.264678 0.604593 180 180 74
0.365061 -0.0971731 0.67081 0 0 255
0.425562 -0.161122 0.633763 0 0 255
0.0546894 -0.0544584 0.686989 0 0 255
-0.286993 0.129152 0.67112 237 237 17
-0.0172801 -0.0730913 0.684526 0 0 255
0.702678 -0.00445041 0.387481 96 96 158
0.0577456 0.13556 0.669664 0 0 255
0.18214 0.254614 0.611069 96 96 158
0.041553 0.350495 0.523126 164 164 90
-0.0189128 0.0984207 0.679481 0 0 255
-0.266678 -0.213078 0.637179 236 236 18
0.3602 -0.167245 0.650507 0 0 255
0.621538 0.111272 0.508574 240 240 14
0.379859 -0.176497 0.641865 51 51 203
0.530772 0.0901672 0.601733 169 169 85
0.122608 0.174502 0.655097 0 0 255
0.464158 0.029825 0.649258 0 0 255
-0.0832065 0.309159 0.567319 250 250 4
0.0445237 -0.0239768 0.689466 0 0 255
0.47012 0.162144 0.613457 126 126 128
-0.0487085 -0.400583 0.444793 8 8 246
0.12049 0.37363 0.49161 178 178 76
0.378552 -0.297566 0.561975 214 214 40
-0.117744 0.114034 0.675323 182 182 72
0.338146 0.40794 0.419364 98 98 156
0.497674 0.19719 0.579859 169 169 85
-0.0780399 0.0579637 0.686404 17 17 237
-0.397882 0.0495998 0.671065 42 42 212
0.333714 0.124669 0.668966 0 0 255
0.0656464 -0.157971 0.662227 65 65 189
0.119346 -0.0829084 0.682889 0 0 255
0.240347 0.0633745 0.686136 0 0 255
0.422125 0.198364 0.617471 120 120 134
0.262415 0.0723932 0.684457 0 0 255
0.19708 0.313065 0.563866 240 240 14
-0.146373 0.294236 0.581554 176 176 78
0.248495 -0.134933 0.669549 0 0 255
0.664401 0.0774625 0.457311 203 203 51
0.377736 0.348413 0.506303 254 254 0
0.191325 0.293988 0.581379 232 232 22
0.195458 0.272727 0.598905 164 164 90
0.263991 0.181466 0.652413 0 0 255
0.240632 -0.104728 0.678477 0 0 255
-0.284669 -0.166141 0.658772 207 207 47
0.421071 -0.0599241 0.662438 0 0 255
0.170285 0.358213 0.513279 249 249 5
0.232717 -0.17483 0.654805 0 0 255
0.352492 0.0479068 0.682099 0 0 255
0.362693 -0.0413099 0.680768 0 0 255
0.00416816 0.338513 0.536808 253 253 1
-0.0782275 -0.335205 0.540778 153 153 101
0.387195 0.105005 0.664618 0 0 255
0.487624 0.208102 0.579835 179 179 75
0.184336 0.177401 0.654495 0 0 255
0.316997 0.0160092 0.688009 0 0 255
0.0881642 0.136075 0.669202 0 0 255
0.332359 0.389115 0.459998 212 212 42
0.0890327 -0.108497 0.676969 0 0 255
-0.0472509 -0.114051 0.675433 0 0 255
0.00891613 0.0547595 0.686809 0 0 255
0.00345567 0.0906331 0.681159 0 0 255
0.056629 -0.363139 0.506176 150 150 104
0.428572 -0.356734 0.470233 214 214 40
0.265689 -0.0270579 0.689326 0 0 255
-0.117798 -0.12588 0.67302 152 152 102
0.201322 0.258094 0.609231 168 168 86
0.423015 0.00853385 0.666029 0 0 255
0.470639 0.0474189 0.644692 0 0 255
0.518954 0.0971839 0.607181 134 134 120
0.675472 -0.0759111 0.436259 84 84 170
0.490225 -0.057479 0.63288 0 0 255
0.564359 0.111456 0.569083 209 209 45
0.507135 -0.222664 0.55699 219 219 35
0.407232 0.158984 0.641095 0 0 255
0.568197 0.0110407 0.584264 239 239 15
0.366767 -0.119474 0.664603 0 0 255
-0.172299 -0.146764 0.665461 209 209 45
0.138966 0.206834 0.640487 0 0 255
-0.355513 0.167084 0.650464 63 63 191
0.0878622 0.173278 0.655597 0 0 255
0.428246 0.135106 0.642248 35 35 219
0.455385 -0.131199 0.632965 42 42 212
0.568556 -0.29164 0.420626 19 19 235
0.388637 -0.110531 0.662405 0 0 255
-0.0869635 0.0574763 0.686349 73 73 181
-0.12756 0.0878951 0.681427 127 127 127
-0.10503 -0.0281212 0.689721 97 97 157
0.5246 0.105605 0.601857 112 112 142
-0.136671 0.0687577 0.685328 152 152 102
0.497855 -0.351824 0.413988 96 96 158
-0.0181355 0.280153 0.59244 247 247 7
0.335675 0.266327 0.598905 115 115 139
0.0479221 -0.0219185 0.689544 0 0 255
0.0333902 -0.0337924 0.689456 0 0 255
0.153066 0.123497 0.673129 0 0 255
0.519103 -0.00615609 0.620154 103 103 151
0.119525 0.0582923 0.687055 0 0 255
-0.161703 -0.129518 0.671799 246 246 8
0.306914 -0.0804248 0.682612 0 0 255
0.420233 0.190537 0.621818 167 167 87
0.336848 -0.270443 0.594757 116 116 138
0.374211 0.0425933 0.677673 0 0 255
-0.0697808 0.188559 0.648864 165 165 89
0.279939 0.00603831 0.690158 0 0 255
0.478651 0.104303 0.629618 0 0 255
-0.0385383 -0.0465978 0.688345 0 0 255
0.300973 -0.333959 0.541348 253 253 1
0.495996 -0.203988 0.57721 204 204 50
-0.0667818 -0.116867 0.675371 125 125 129
0.302457 0.00641111 0.68981 0 0 255
-0.181742 0.133077 0.670318 250 250 4
0.573482 0.168119 0.535332 248 248 6
0.323609 0.328437 0.545198 246 246 8
0.106148 -0.330207 0.546504 242 242 12
0.406871 0.0443783 0.668949 0 0 255
0.36413 -0.142174 0.659003 0 0 255
-0.0125606 0.180853 0.65282 178 178 76
0.44752 -0.1093 0.643113 0 0 255
-0.160207 -0.0229243 0.689698 174 174 80
0.0754001 0.401603 0.44257 0 0 255
0.131484 0.0526512 0.686924 0 0 255
0.24039 -0.0966269 0.680344 0 0 255
-0.274019 -0.135477 0.669325 254 254 0
0.195281 -0.177041 0.654145 0 0 255
0.320693 -0.276739 0.593254 125 125 129
0.503648 -0.0764146 0.622585 136 136 118
0.104516 -0.0469044 0.688465 0 0 255
0.0292389 0.0508492 0.687858 0 0 255
0.267325 -0.0606644 0.686088 0 0 255
0.291234 0.238271 0.621862 92 92 162
0.150816 -0.308368 0.568176 206 206 48
0.399587 -0.122533 0.656012 0 0 255
0.320267 -0.0842865 0.680426 0 0 255
0.364806 -0.0693269 0.67641 0 0 255
0.172177 0.195457 0.64615 0 0 255
0.121546 -0.262605 0.606493 133 133 121
0.323925 0.304784 0.568542 215 215 39
0.562599 0.169373 0.544328 231 231 23
0.0426758 0.0748529 0.684685 0 0 255
0.460645 -0.00230244 0.651794 0 0 255
0.538511 -0.0712577 0.600323 112 112 142
-0.166941 0.203231 0.642319 253 253 1
0.390157 0.00447783 0.676612 0 0 255
0.568344 0.0721765 0.575762 195 195 59
0.198317 0.140628 0.668434 0 0 255
0.0424537 0.230209 0.626829 210 210 44
0.0339419 0.154736 0.663205 106 106 148
-0.313349 0.0353132 0.688148 248 248 6
0.0158254 0.0612281 0.686362 0 0 255
0.272134 -0.306025 0.570425 202 202 52
0.152638 0.0781022 0.683362 0 0 255
0.146028 0.256573 0.610452 90 90 164
-0.196043 -0.093248 0.680973 213 213 41
0.406385 -0.35022 0.491681 223 223 31
0.345355 0.254689 0.604913 182 182 72
0.567174 0.0128736 0.584451 242 242 12
-0.074933 0.40438 0.438739 38 38 216
-0.149185 -0.221629 0.632131 246 246 8
-0.279566 0.217148 0.634906 229 229 25
0.390108 0.149484 0.649323 0 0 255
0.178114 0.161972 0.660164 0 0 255
0.17275 -0.401587 0.443933 191 191 63
0.403172 0.289349 0.56131 208 208 46
-0.289167 0.212182 0.637194 233 233 21
0.301009 -0.0640487 0.685073 0 0 255
0.027621 -0.288453 0.586061 253 253 1
0.115373 0.0266007 0.689364 0 0 255
0.554785 -0.0300849 0.593434 135 135 119
-0.00465099 -0.241755 0.620476 172 172 82
-0.190075 0.248767 0.615609 243 243 11
0.612697 0.120826 0.515631 254 254 0
0.196166 0.176171 0.654192 0 0 255
0.0771819 0.0307685 0.689945 0 0 255
0.537467 0.00581996 0.607588 94 94 160
0.588652 -0.00208731 0.566275 202 202 52
0.358777 -0.115019 0.667817 0 0 255
0.446146 -0.392383 0.381989 62 62 192
0.041936 0.112257 0.676038 0 0 255
0.0720167 -0.190466 0.647919 109 109 145
0.405185 0.137935 0.649381 0 0 255
0.056045 0.0470036 0.687952 0 0 255
0.0739671 0.123281 0.673228 0 0 255
-0.0113353 -0.131286 0.670559 105 105 149
0.50128 -0.161674 0.595302 211 211 43
0.156296 0.0522849 0.687519 0 0 255
0.556639 0.222747 0.514349 227 227 27
0.1759 0.0750583 0.683993 0 0 255
0.125055 -0.105809 0.678005 0 0 255
0.213057 0.42725 0.381047 64 64 190
0.467413 0.165377 0.612924 154 154 100
0.137962 -0.0781036 0.683948 0 0 255
0.361167 -0.108445 0.669683 0 0 255
0.055046 -0.120792 0.673551 45 45 209
0.335885 -0.00369561 0.686651 0 0 255
0.573972 0.131564 0.552471 247 247 7
-0.206835 -0.0986029 0.679822 235 235 19
-0.267313 -0.253546 0.612275 179 179 75
0.254135 -0.206863 0.640683 0 0 255
0.0525881 0.00533115 0.690408 0 0 255
0.150347 0.104689 0.67797 0 0 255
0.048814 -0.11542 0.67556 0 0 255
0.488068 -0.165257 0.601702 218 218 36
0.0922049 0.0730967 0.684128 0 0 255
0.464474 0.369912 0.416193 0 0 255
0.170365 -0.295821 0.579184 229 229 25
0.238423 0.0427116 0.688095 0 0 255
-0.00452451 0.0592466 0.686451 0 0 255
-0.27424 0.164331 0.659559 252 252 2
0.594614 -0.0587225 0.554235 232 232 22
-0.434734 0.1463 0.636524 0 0 255
0.461785 0.0390693 0.649681 0 0 255
-0.332615 -0.0441104 0.684638 243 243 11
0.20384 0.101751 0.679339 0 0 255
0.16828 -0.391887 0.462096 207 207 47
0.0424091 -0.198998 0.644319 39 39 215
0.374314 0.207311 0.627813 0 0 255
-0.0306894 -0.208511 0.639586 209 209 45
0.481451 0.242235 0.560478 254 254 0
-0.191308 0.161825 0.660295 251 251 3
-0.308689 0.148642 0.664506 226 226 28
0.546721 0.0274572 0.600373 183 183 71
0.374603 -0.166363 0.647654 0 0 255
0.430163 0.0214622 0.66374 0 0 255
-0.42804 -0.239089 0.590212 0 0 255
-0.0271359 -0.0206001 0.690517 0 0 255
0.291033 -0.0207257 0.689689 0 0 255
-0.298868 -0.127304 0.671152 248 248 6
-0.0567724 -0.00769055 0.690883 0 0 255
0.156639 -0.218097 0.634105 44 44 210
0.0148345 0.080728 0.683601 0 0 255
-0.217405 -0.250817 0.614717 232 232 22
-0.417583 0.294513 0.550497 0 0 255
-0.165004 0.0643692 0.685776 216 216 38
0.00416018 0.0928865 0.680746 0 0 255
-0.394925 0.14929 0.648599 104 104 150
-0.229037 0.143995 0.667025 242 242 12
0.102285 0.294713 0.580161 221 221 33
-0.0152441 0.290078 0.584979 254 254 0
0.35986 -0.0986669 0.671637 0 0 255
0.0237865 0.2097 0.638631 105 105 149
0.152462 -0.152126 0.663874 0 0 255
0.407168 -0.0101244 0.671575 0 0 255
-0.342424 0.283134 0.58468 0 0 255
-0.367648 0.327893 0.534866 0 0 255
-0.108593 -0.242604 0.619942 249 249 5
0.190993 0.111234 0.676855 0 0 255
0.464285 0.164844 0.614844 50 50 204
-0.122423 -0.0936485 0.68101 129 129 125
0.58625 -0.162396 0.524291 254 254 0
0.270843 0.213713 0.636013 18 18 236
0.239519 -0.0495191 0.687847 0 0 255
-0.268851 0.0170012 0.689971 238 238 16
-0.369662 -0.00109659 0.680923 75 75 179
0.102719 -0.345321 0.528313 235 235 19
-0.0557366 -0.109526 0.67664 176 176 78
0.335861 -0.288326 0.580741 236 236 18
0.108008 0.0836643 0.682177 0 0 255
0.494034 0.139726 0.609792 51 51 203
-0.104578 0.027967 0.689455 43 43 211
-0.315082 -0.0503262 0.685662 250 250 4
-0.00116702 0.0371597 0.689303 26 26 228
0.583041 0.080803 0.561087 220 220 34
0.263174 0.00715225 0.690601 0 0 255
0.00440949 -0.169444 0.657913 188 188 66
0.562636 0.295436 0.424632 156 156 98
0.304524 -0.360931 0.508061 254 254 0
0.168869 -0.365883 0.501716 217 217 37
0.0739115 -0.156981 0.661967 39 39 215
0.364304 -0.0866377 0.67378 0 0 255
0.513194 -0.155791 0.591148 150 150 104
0.140456 -0.095096 0.680045 0 0 255
-0.252149 -0.173149 0.656224 254 254 0
-0.148136 -0.0976925 0.679621 197 197 57
-0.0407382 0.383625 0.475917 136 136 118
0.180037 -0.0556856 0.687362 0 0 255
0.289399 0.366754 0.500154 249 249 5
0.216044 -0.152801 0.664209 0 0 255
0.0928167 0.145216 0.666771 0 0 255
0.642451 -0.0154644 0.503549 249 249 5
0.522627 0.011989 0.617573 78 78 176
0.0466283 -0.0317934 0.689688 0 0 255
-0.310927 0.084481 0.681437 252 252 2
0.401609 -0.00753797 0.673316 0 0 255
0.387962 -0.0463241 0.673823 0 0 255
0.61463 0.0856927 0.526699 250 250 4
0.466979 -0.354611 0.443133 192 192 62
0.318239 0.205448 0.638345 83 83 171
0.0181574 0.0417489 0.688398 0 0 255
0.23189 0.0746074 0.684749 0 0 255
0.0991828 0.24641 0.616491 141 141 113
0.684754 -0.0220946 0.432035 184 184 70
0.303024 -0.0388961 0.688444 0 0 255
-0.367625 -0.00200738 0.681612 107 107 147
0.216213 -0.171864 0.656202 0 0 255
0.349093 -0.01233 0.684461 0 0 255
0.338085 0.133626 0.666103 0 0 255
-0.192325 0.110017 0.676804 254 254 0
0.297375 -0.28692 0.586077 153 153 101
-0.162451 -0.0769699 0.683974 228 228 26
0.431371 0.00737449 0.66283 0 0 255
-0.376763 -0.253801 0.598454 0 0 255
0.618221 0.145998 0.496623 240 240 14
-0.0900291 -0.0492929 0.687617 83 83 171
-0.0510775 0.212551 0.637591 168 168 86
0.161995 -0.0639245 0.685863 0 0 255
-0.37207 0.0596618 0.676055 25 25 229
-0.232193 -0.0265537 0.689864 245 245 9
0.309121 -0.234133 0.62341 58 58 196
0.042522 0.0692431 0.684846 0 0 255
0.486926 0.136688 0.614928 26 26 228
0.383675 0.0221314 0.676908 0 0 255
0.333517 0.187306 0.645777 0 0 255
0.440127 -0.314152 0.518408 254 254 0
0.564364 0.182747 0.534802 254 254 0
0.311117 -0.2452 0.616229 83 83 171
0.267491 -0.345828 0.528066 252 252 2
0.396879 0.245439 0.598329 178 178 76
0.516267 -0.256668 0.522078 241 241 13
-0.0237078 0.0265473 0.690172 0 0 255
0.286373 0.0971084 0.679989 0 0 255
0.412573 0.0486195 0.666775 0 0 255
0.318696 0.0230015 0.688482 0 0 255
0.0861752 -0.136189 0.669436 0 0 255
0.131974 0.296588 0.57951 212 212 42
0.275983 -0.329088 0.547115 238 238 16
0.491048 -0.105697 0.622229 0 0 255
0.121956 -0.296458 0.578415 208 208 46
0.498213 -0.051543 0.629606 0 0 255
0.0997508 0.130953 0.671347 0 0 255
0.207521 -0.242048 0.619375 54 54 200
0.18052 -0.0951183 0.680059 0 0 255
0.0484865 -0.125524 0.672136 0 0 255
0.0553975 -0.0333076 0.689561 0 0 255
0.454086 -0.0912764 0.64478 0 0 255
0.416275 0.0560266 0.665248 0 0 255
0.526222 0.148234 0.584431 223 223 31
0.102824 0.183869 0.651575 0 0 255
-0.0160602 0.000467055 0.690031 0 0 255
0.327822 0.0759224 0.680832 0 0 255
-0.364275 -0.237758 0.612605 96 96 158
-0.107973 0.237981 0.622021 245 245 9
0.180471 0.346837 0.527064 252 252 2
0.102723 0.0140227 0.690562 0 0 255
0.243368 -0.19289 0.647219 0 0 255
0.170474 -0.00602007 0.690706 0 0 255
0.371799 0.0173072 0.680145 0 0 255
-0.143427 0.104035 0.67847 200 200 54
0.295596 -0.190006 0.647887 0 0 255
0.232998 -0.0836418 0.682935 0 0 255
0.00196472 0.195406 0.645957 93 93 161
0.137574 -0.0690778 0.685455 0 0 255
-0.343353 -0.334927 0.534389 0 0 255
0.336575 0.116479 0.671345 0 0 255
0.0658455 0.188356 0.649117 21 21 233
0.241531 0.179287 0.653664 0 0 255
-0.0110645 -0.11362 0.675906 0 0 255
-0.0497222 0.093038 0.680652 0 0 255
-0.313214 -0.233614 0.623896 180 180 74
-0.036743 -0.206455 0.640007 207 207 47
0.390839 0.210986 0.622059 16 16 238
0.436892 -0.0749779 0.654736 0 0 255
0.501938 0.33324 0.444302 154 154 100
0.251307 -0.266527 0.602461 105 105 149
0.0779832 0.224601 0.630724 187 187 67
0.201442 0.207529 0.639353 0 0 255
0.46389 -0.124612 0.630569 0 0 255
0.389586 0.165913 0.643231 0 0 255
0.0419682 -0.139872 0.667865 0 0 255
-0.134056 -0.265469 0.604272 254 254 0
-0.130766 0.0720437 0.685161 211 211 43
-0.297105 -0.168993 0.657247 199 199 55
0.0437389 -0.189143 0.648823 0 0 254
0.133607 0.130382 0.671477 0 0 255
-0.428011 0.0264284 0.664315 0 0 255
0.407502 0.199269 0.623044 161 161 93
0.396695 -0.133484 0.653054 0 0 255
0.27871 0.135963 0.669012 0 0 255
0.485621 -0.204084 0.58403 202 202 52
0.281571 -0.274425 0.597552 119 119 135
0.346422 -0.102417 0.673215 0 0 255
-0.0360735 0.101539 0.679034 0 0 255
0.0158688 0.0490324 0.687378 0 0 255
-0.0126806 0.0772598 0.684045 44 44 210
0.126917 -0.120992 0.674207 0 0 255
0.2248 -0.208479 0.63962 61 61 193
0.19816 -0.290095 0.584319 171 171 83
0.292619 -0.246638 0.61632 32 32 222
0.443797 -0.114817 0.642727 0 0 255
0.385465 -0.0391066 0.675204 0 0 255
0.0221456 0.11749 0.674962 0 0 255
0.619427 -0.0176531 0.531912 248 248 6
0.618352 0.20174 0.454234 176 176 78
0.163264 -0.0815359 0.683083 0 0 255
-0.306615 0.0243089 0.689334 253 253 1
0.144509 0.108282 0.67683 0 0 255
0.157527 0.0806743 0.682705 0 0 255
0.240833 -0.0175738 0.690204 0 0 255
0.495049 0.0880294 0.624955 54 54 200
0.0994398 -0.101739 0.678465 0 0 255
0.447616 -0.113057 0.641077 0 0 255
0.262049 0.43937 0.335793 0 0 255
0.343564 0.265072 0.597523 117 117 137
0.139214 -0.0570452 0.686888 0 0 255
0.271035 0.0019234 0.690458 0 0 255
0.292203 0.137339 0.668807 0 0 255
0.239394 -0.170122 0.656746 0 0 255
0.285939 0.0455687 0.687892 0 0 255
0.0672456 0.0233432 0.689664 0 0 255
0.472516 0.146174 0.618907 58 58 196
0.183403 0.385983 0.471654 219 219 35
-0.405228 -0.300118 0.55078 0 0 255
-0.0910924 -0.154432 0.66324 225 225 29
0.399496 0.161155 0.64226 0 0 255
-0.0228979 0.314949 0.562237 254 254 0
0.485818 0.0426013 0.636712 2 2 252
0.611832 0.166964 0.492169 198 198 56
0.27868 0.140735 0.667755 0 0 255
0.31552 0.296317 0.577513 175 175 79
0.375953 0.105305 0.667051 0 0 255
-0.0694387 0.085017 0.682676 113 113 141
0.495116 0.189835 0.585149 204 204 50
0.254427 0.253485 0.611798 34 34 220
0.124698 -0.17553 0.655186 0 0 255
0.443145 -0.040939 0.657316 0 0 255
-0.459954 -0.110741 0.636905 0 0 255
0.648688 -0.122338 0.464615 216 216 38
0.167724 0.218844 0.633219 0 0 255
0.187966 0.222418 0.631571 0 0 255
0.115462 -0.0994513 0.679302 0 0 255
-0.254875 0.233923 0.625407 220 220 34
-0.0256142 -0.388036 0.46851 0 0 255
0.457267 -0.00829329 0.653485 0 0 255
-0.144532 0.27657 0.594999 226 226 28
0.468055 0.173123 0.610213 168 168 86
-0.0730212 -0.105896 0.677969 72 72 182
0.368166 -0.401342 0.423974 160 160 94
0.360604 -0.141797 0.658988 0 0 255
0.353377 0.0947657 0.673505 0 0 255
0.446265 -0.266013 0.56239 217 217 37
0.471559 -0.237481 0.569799 249 249 5
0.124516 0.167347 0.65822 0 0 255
0.416463 0.154262 0.639281 0 0 255
0.0501362 0.310008 0.566177 254 254 0
-0.0763648 0.0220241 0.689815 34 34 220
0.036215 -0.24273 0.619657 137 137 117
0.0516671 0.243038 0.619792 233 233 21
-0.0848032 0.148257 0.665011 127 127 127
0.499909 0.14107 0.605302 58 58 196
0.106681 0.380767 0.480764 216 216 38
0.0301749 0.183816 0.65097 39 39 215
0.409512 -0.0989175 0.659022 0 0 255
0.532515 -0.139796 0.583841 168 168 86
-0.0347592 -0.0394588 0.689117 0 0 255
0.397207 -0.0873121 0.665878 0 0 255
-0.0367051 -0.152142 0.664516 139 139 115
0.159372 -0.355859 0.515447 240 240 14
-0.177321 -0.204597 0.641839 254 254 0
0.486981 -0.196285 0.587238 141 141 113
0.477765 0.26646 0.542878 241 241 13
-0.342056 -0.283833 0.583459 0 0 255
-0.0944058 -0.164044 0.659629 243 243 11
-0.0998238 -0.163539 0.659909 180 180 74
0.128921 -0.330348 0.546555 251 251 3
0.683624 0.112998 0.398736 118 118 136
-0.127526 0.143222 0.667533 228 228 26
0.445663 -0.0675376 0.65236 0 0 255
0.448873 0.167832 0.62155 31 31 223
0.232501 -0.126358 0.672762 0 0 255
-0.0180622 -0.123885 0.673623 0 0 255
0.205687 0.0623131 0.686165 0 0 255
0.327436 -0.186071 0.647101 0 0 255
0.275552 0.347618 0.5255 251 251 3
-0.201517 -0.381608 0.479226 5 5 249
0.0776871 -0.305626 0.57095 252 252 2
0.358608 -0.391378 0.447576 205 205 49
0.592724 0.0173781 0.560766 233 233 21
-0.356932 -0.261653 0.598505 0 0 255
-0.255352 0.189634 0.648761 249 249 5
-0.129016 -0.200481 0.64295 227 227 27
0.166439 0.111134 0.67694 0 0 255
-0.349084 0.077522 0.677954 212 212 42
0.222117 -0.0132927 0.690252 0 0 255
-0.275495 0.226414 0.6298 184 184 70
0.156911 0.190606 0.648183 0 0 255
0.349096 -0.124841 0.66648 0 0 255
0.313327 -0.218126 0.632628 0 0 255
-0.346296 -0.0746445 0.679154 226 226 28
0.0708461 0.224788 0.629976 118 118 136
0.519705 -0.077968 0.612323 46 46 208
0.236286 -0.0617218 0.686397 0 0 255
-0.294136 -0.0569844 0.686709 223 223 31
0.24095 0.161026 0.66044 0 0 255
0.563001 -0.12143 0.566468 251 251 3
0.425852 0.131857 0.644518 41 41 213
-0.188296 -0.17669 0.654213 242 242 12
0.0166193 0.00955766 0.690687 0 0 255
0.0526263 0.133347 0.670257 42 42 212
0.360449 0.0767087 0.676293 0 0 255
-0.199953 -0.132881 0.670125 243 243 11
-0.373929 -0.0362684 0.678585 123 123 131
-0.00271908 0.0151093 0.690131 0 0 255
0.615503 0.0386846 0.535274 246 246 8
0.461142 -0.120438 0.633584 0 0 255
0.0741468 0.271486 0.599266 220 220 34
-0.442396 0.211653 0.602336 0 0 255
-0.0769498 -0.119204 0.674602 80 80 174
0.482442 -0.0163386 0.641196 0 0 255
-0.186951 -0.12218 0.673481 246 246 8
0.150136 0.187069 0.650236 37 37 217
0.320262 0.249795 0.61274 48 48 206
0.0145572 -0.210718 0.637758 84 84 170
0.461285 0.0473899 0.648199 0 0 255
0.153978 0.140045 0.668126 0 0 255
0.157451 0.185268 0.650092 0 0 255
0.0912797 0.159021 0.661977 0 0 255
0.508931 0.0794154 0.618594 167 167 87
0.393587 -0.162653 0.643263 0 0 255
0.397812 -0.106181 0.661022 0 0 255
0.399652 -0.188719 0.62983 0 0 255
-0.205109 -0.362445 0.507531 0 0 255
0.315408 -0.0691449 0.683879 0 0 255
0.23943 -0.328581 0.547596 248 248 6
0.265273 0.120529 0.674118 0 0 255
-0.0711598 -0.027924 0.689623 0 0 255
0.447308 -0.107929 0.642872 0 0 255
0.424707 0.0571228 0.66143 0 0 255
0.500505 0.197595 0.578279 243 243 11
-0.0256648 -0.0067745 0.690355 0 0 255
-0.0260692 -0.140389 0.668298 44 44 210
0.461085 -0.274178 0.547085 252 252 2
0.411965 0.301467 0.545974 254 254 0
0.0139633 -0.147334 0.666053 0 0 255
-0.300121 -0.219714 0.632643 131 131 123
-0.00212279 0.248495 0.616131 181 181 73
0.189477 0.138907 0.668469 0 0 255
0.179708 0.382355 0.477417 226 226 28
0.406166 -0.247826 0.59299 188 188 66
-0.0961534 -0.192302 0.647826 254 254 0
0.0171129 0.22532 0.629554 198 198 56
0.109457 0.0868125 0.682249 0 0 255
0.0651872 0.0601366 0.686708 0 0 255
-0.269722 -0.327434 0.549612 24 24 230
0.0225692 -0.0929388 0.680948 0 0 255
0.256527 0.122959 0.673144 0 0 255
0.382943 -0.151849 0.651129 0 0 255
-0.169707 0.0141122 0.690658 166 166 88
-0.517153 0.0102756 0.621274 0 0 255
0.351221 -0.13328 0.66343 0 0 255
-0.175759 -0.319972 0.557438 211 211 43
0.293042 0.0189047 0.690097 0 0 255
0.105186 -0.106781 0.67739 0 0 255
0.210739 0.301681 0.574964 253 253 1
0.377024 0.0310148 0.678035 0 0 255
0.272361 0.103443 0.67817 0 0 255
-0.141201 0.0315431 0.689323 223 223 31
0.374817 0.0213287 0.679251 0 0 255
0.21285 -0.170732 0.656777 0 0 255
0.319615 0.260359 0.605079 80 80 174
0.502598 -0.125858 0.608987 77 77 177
0.648716 -0.206708 0.389148 52 52 202
0.487968 -0.130058 0.616377 30 30 224
0.215742 -0.308944 0.567393 226 226 28
0.0717644 -0.150789 0.664638 0 0 255
0.602632 -0.0652147 0.544171 246 246 8
0.437264 -0.089067 0.65185 0 0 255
0.385495 -0.143808 0.65277 0 0 255
0.460246 0.0713344 0.64586 43 43 211
-0.0341837 0.151197 0.664006 93 93 161
0.157789 -0.359761 0.511559 245 245 9
0.0565335 0.0725912 0.68433 0 0 255
-0.334344 0.169056 0.653223 166 166 88
-0.156015 -0.295005 0.57984 244 244 10
-0.127553 0.0145924 0.690365 86 86 168
0.0792244 -0.122025 0.673424 0 0 255
-0.154589 0.114681 0.675982 177 177 77
0.439487 -0.30439 0.530159 251 251 3
0.0845833 -0.161739 0.660317 0 0 255
0.473894 0.202515 0.59173 162 162 92
-0.314591 -0.029388 0.688228 186 186 68
-0.396171 -0.264865 0.584203 0 0 255
0.0455738 -0.0834527 0.682784 0 0 255
0.483363 -0.175534 0.599612 143 143 111
0.324092 -0.0183244 0.687726 0 0 255
0.00826604 -0.395457 0.455214 57 57 197
0.359885 -0.216899 0.625636 0 0 254
0.439395 -0.0505246 0.656864 0 0 255
0.182867 0.167196 0.658051 0 0 255
-0.128945 0.285059 0.588765 185 185 69
-0.100387 0.110082 0.676541 93 93 161
0.477653 0.180254 0.600827 104 104 150
0.124388 0.0430418 0.688085 0 0 255
0.256368 -0.129212 0.671478 0 0 255
0.480922 0.145551 0.615231 50 50 204
0.414638 -0.150281 0.642227 60 60 194
0.638079 -0.115059 0.484967 178 178 76
-0.249876 0.117728 0.674866 240 240 14
0.121931 -0.248116 0.616147 76 76 178
0.124954 0.101953 0.679275 0 0 255
0.550802 0.100626 0.583715 174 174 80
0.460198 0.131041 0.629794 144 144 110
0.616964 0.118184 0.511658 254 254 0
0.218598 0.234976 0.624301 0 0 255
-0.128502 -0.123354 0.673726 215 215 39
-0.0101376 -0.140689 0.667584 90 90 164
0.327772 0.0870476 0.679128 0 0 255
-0.215678 0.317355 0.559771 106 106 148
0.389349 0.00340272 0.676234 0 0 255
0.372436 0.0262349 0.679363 0 0 255
-0.0465573 0.138786 0.668106 115 115 139
0.484613 -0.370531 0.388736 0 0 255
0.573595 -0.0594365 0.574473 204 204 50
0.149964 0.107844 0.677783 0 0 255
0.174991 0.288908 0.585509 185 185 69
0.430443 -0.199766 0.613391 53 53 201
0.0354497 -0.153594 0.663934 0 0 255
0.116909 0.0326222 0.68919 0 0 255
0.219126 -0.209901 0.638154 0 0 255
-0.405434 -0.109989 0.657624 60 60 194
0.135188 -0.289039 0.584874 196 196 58
-0.0303631 0.33877 0.537154 246 246 8
-0.397558 0.0723727 0.668095 80 80 174
0.538139 0.0927382 0.594863 203 203 51
0.276068 -0.19402 0.647014 0 0 255
-0.0849464 -0.315127 0.562024 239 239 15
-0.297388 0.232907 0.624938 171 171 83
-0.137742 -0.16912 0.657611 236 236 18
0.42488 0.300947 0.54042 250 250 4
0.463737 -0.00727035 0.65026 0 0 255
0.505545 -0.244766 0.541477 242 242 12
0.103534 0.0233115 0.690244 0 0 255
0.432649 -0.288901 0.548028 250 250 4
-0.0966892 -0.3025 0.573523 251 251 3
0.530361 0.259803 0.506456 249 249 5
0.398217 -0.357085 0.486348 239 239 15
0.446035 -0.121865 0.639085 59 59 195
0.39066 0.0701601 0.670057 0 0 255
0.556929 0.069841 0.58661 204 204 50
0.425331 -0.146985 0.638897 0 0 255
0.433753 0.251751 0.578597 193 193 61
0.280404 0.0880237 0.682251 0 0 255
0.606903 -0.0979462 0.530749 252 252 2
-0.231646 0.323581 0.553135 109 109 145
-0.166429 0.0589014 0.68662 225 225 29
-0.0628477 -0.269135 0.601346 247 247 7
0.139325 -0.137958 0.6689 0 0 255
0.0724825 -0.148698 0.665049 0 0 254
-0.159368 -0.155664 0.66222 211 211 43
0.0422327 -0.0909211 0.680852 0 0 255
-0.0419488 -0.071667 0.685139 19 19 235
0.618977 -0.0701862 0.524517 233 233 21
-0.13087 0.188232 0.649068 220 220 34
0.45079 0.138209 0.632652 9 9 245
0.0467642 0.186399 0.650624 166 166 88
0.407132 0.137578 0.648457 0 0 255
0.602654 -0.0890967 0.538923 250 250 4
0.556107 0.0826755 0.583705 221 221 33
0.281315 0.131535 0.670322 0 0 255
0.00380577 0.0847268 0.682433 0 0 255
0.448729 0.0785666 0.649495 0 0 255
0.516986 0.126627 0.600188 181 181 73
0.307276 -0.0757365 0.683264 0 0 255
0.240686 0.188134 0.648976 0 0 255
0.373882 0.110187 0.666413 0 0 255
0.370719 -0.0293885 0.679334 0 0 255
0.297124 0.032144 0.689246 0 0 255
0.453701 -0.011238 0.654158 0 0 255
0.273853 0.186568 0.649649 0 0 255
0.251542 0.230549 0.627472 33 33 221
0.166059 -0.149126 0.664549 0 0 255
-0.102378 -0.104317 0.678262 92 92 162
0.000718116 -0.0287006 0.689929 0 0 255
0.554544 0.275038 0.463969 184 184 70
0.277803 0.116992 0.674905 0 0 255
-0.0723051 0.265112 0.60443 240 240 14
-0.0507011 -0.0014458 0.690631 0 0 255
0.224902 0.396844 0.452903 210 210 44
0.0877765 0.386839 0.470456 181 181 73
0.107103 0.115289 0.675748 0 0 255
0.191386 0.0613104 0.686644 0 0 255
0.56134 -0.035773 0.587766 200 200 54
0.044407 0.219189 0.633006 146 146 108
-0.162914 -0.140769 0.66832 204 204 50
-0.317602 0.153521 0.661111 203 203 51
0.26181 -0.178608 0.653293 0 0 255
0.0852774 0.0293571 0.689992 0 0 255
0.301627 -0.0039267 0.689502 0 0 255
0.341503 0.0564245 0.682525 0 0 255
0.0450822 0.0193612 0.68995 0 0 255
0.308509 -0.246389 0.61588 76 76 178
0.365736 0.309506 0.555181 231 231 23
0.15025 -0.197837 0.644928 0 0 255
-0.0411618 -0.0458045 0.687785 0 0 255
-0.0814026 0.00330835 0.690283 41 41 213
-0.00699313 -0.0961809 0.67969 26 26 228
0.703551 -0.0660365 0.370087 26 26 228
-0.0670091 0.188851 0.649237 152 152 102
0.486105 -0.220331 0.572374 230 230 24
-0.0288921 0.118412 0.674552 0 0 255
-0.394263 -0.0776062 0.668179 161 161 93
0.0447201 0.171334 0.65694 63 63 191
0.371304 0.0470365 0.678464 0 0 255
0.239276 0.411064 0.42325 45 45 209
0.307646 -0.330467 0.545165 237 237 17
-0.446889 0.225081 0.591489 0 0 255
0.192458 0.400967 0.444857 197 197 57
-0.380353 -0.242679 0.605027 33 33 221
0.458152 -0.040091 0.650816 0 0 255
0.279514 -0.351441 0.521266 254 254 0
0.171791 0.0440638 0.688352 0 0 255
0.072495 0.319407 0.557978 250 250 4
0.176307 0.162657 0.660335 0 0 255
0.118287 -0.117838 0.67526 0 0 255
0.0516123 0.125344 0.672842 2 2 252
0.161431 -0.0911913 0.681034 0 0 255
0.199473 0.228615 0.628613 32 32 222
0.28716 -0.0293023 0.689092 0 0 255
-0.111891 0.154866 0.663408 198 198 56
0.508126 -0.196502 0.572679 250 250 4
-0.396027 0.0200343 0.674586 31 31 223
0.271549 -0.279955 0.592517 147 147 107
-0.341305 -0.174221 0.650354 186 186 68
0.100789 0.337077 0.539193 236 236 18
0.249163 -0.0690773 0.68558 0 0 255
-0.315499 -0.0300396 0.688334 245 245 9
-0.112662 -0.0426823 0.688531 57 57 197
0.47305 -0.15359 0.616018 31 31 223
0.471999 -0.178887 0.604936 137 137 117
0.379881 -0.178355 0.640249 0 0 255
-0.323075 -0.214448 0.633132 172 172 82
0.463892 0.0968549 0.638292 0 0 255
-0.220503 0.240516 0.621206 243 243 11
0.184484 -0.324823 0.551371 249 249 5
-0.118117 0.105326 0.677543 163 163 91
0.0944281 -0.0795796 0.683075 0 0 255
-0.149021 -0.0263331 0.689553 150 150 104
0.230513 0.291038 0.583424 162 162 92
0.0648856 -0.242649 0.619282 173 173 81
0.447091 -0.130867 0.636546 0 0 255
0.0941157 0.188463 0.64886 0 0 255
0.00926302 0.089021 0.682024 0 0 255
0.0697616 -0.140051 0.668247 0 0 255
-0.231731 0.209753 0.638676 254 254 0
0.408205 -0.149222 0.643976 0 0 255
-0.266736 0.116626 0.674767 229 229 25
-0.305367 -0.0933351 0.679541 251 251 3
0.159497 -0.0760261 0.683747 0 0 255
0.437823 0.0993296 0.649528 0 0 255
0.0857925 0.301587 0.574638 254 254 0
0.112466 -0.354744 0.516745 225 225 29
-0.201452 -0.106507 0.677754 244 244 10
0.66884 0.142536 0.411754 0 0 255
-0.230466 -0.368101 0.499474 32 32 222
-0.203019 0.271383 0.598969 203 203 51
0.392897 0.154564 0.647455 0 0 255
0.432837 -0.269257 0.565478 215 215 39
0.256654 0.168535 0.657768 0 0 255
0.198169 0.408247 0.430347 175 175 79
-0.00224892 0.134368 0.669566 22 22 232
-0.462539 0.178519 0.610267 0 0 255
-0.0756234 -0.123824 0.672626 61 61 193
0.117936 -0.239315 0.621089 153 153 101
-0.163741 0.0593371 0.686433 186 186 68
0.363186 -0.360029 0.49637 242 242 12
-0.324466 -0.24855 0.612194 35 35 219
-0.145198 -0.0285605 0.689468 130 130 124
0.365898 0.152487 0.65453 0 0 255
0.180874 0.102187 0.678478 0 0 255
0.478159 0.186721 0.597819 135 135 119
0.0381975 -0.00175669 0.69067 0 0 255
0.0572637 0.129851 0.670999 0 0 255
0.10657 -0.356199 0.515946 249 249 5
0.190997 0.375612 0.487759 188 188 66
0.0739258 0.0645874 0.685437 0 0 255
0.1134 0.0591108 0.687001 0 0 255
-0.0465759 0.321745 0.555508 197 197 57
0.26672 0.0344772 0.688758 0 0 255
0.554742 0.0731076 0.587044 156 156 98
0.267594 -0.180743 0.652349 0 0 255
0.00692191 -0.0852831 0.682042 0 0 255
0.304914 0.233672 0.624192 154 154 100
-0.00100145 0.147423 0.665857 72 72 182
0.381816 -0.118077 0.662116 0 0 255
0.00558997 -0.149902 0.664348 0 0 255
-0.124892 -0.10346 0.678088 129 129 125
-0.0691834 -0.0881492 0.681635 68 68 186
0.511552 0.136881 0.599145 123 123 131
-0.232643 0.0685703 0.685414 239 239 15
0.502793 0.0200619 0.629787 0 0 255
0.267647 0.0169498 0.690523 0 0 255
0.146754 0.0526499 0.687471 0 0 255
0.291111 -0.305658 0.571058 218 218 36
0.0319823 0.0479065 0.687554 0 0 255
0.459712 0.122473 0.633322 0 0 255
-0.03325 -0.155601 0.662951 32 32 222
0.320597 0.0722644 0.682705 0 0 255
0.30191 0.417077 0.406826 0 0 255
-0.127583 -0.0650642 0.685802 156 156 98
0.4649 0.384684 0.38141 0 0 255
0.330985 0.168647 0.654014 0 0 255
-0.0837813 0.199488 0.644255 224 224 30
-0.268758 0.0667514 0.685237 251 251 3
0.294925 0.0864289 0.682175 0 0 255
0.382992 -0.216269 0.621347 48 48 206
0.395601 0.0807633 0.667243 0 0 255
0.338456 -0.239838 0.616545 197 197 57
0.15422 -0.0117606 0.690494 0 0 255
0.289227 0.249573 0.614193 52 52 202
-0.0132673 0.0105667 0.690345 0 0 255
-0.131356 -0.0489896 0.68829 139 139 115
0.669414 -0.0126888 0.461544 171 171 83
0.173251 -0.196881 0.645463 0 0 255
0.168924 -0.237811 0.622221 171 171 83
0.104477 0.127553 0.671682 0 0 255
0.425814 -0.207369 0.611142 161 161 93
0.252215 -0.0587356 0.686313 0 0 255
0.236017 0.21745 0.634259 0 0 255
0.512215 0.158229 0.590211 224 224 30
0.455351 -0.144443 0.628003 123 123 131
0.535544 -0.131933 0.584494 184 184 70
0.247135 -0.130206 0.671224 0 0 255
0.0189894 0.061738 0.686262 0 0 255
0.324829 -0.0967295 0.677599 0 0 255
0.369252 0.00460218 0.680728 0 0 255
0.479947 -0.100075 0.629718 64 64 190
0.296459 0.352001 0.520898 254 254 0
0.318963 -0.0989313 0.677889 0 0 255
0.129065 0.0710862 0.684364 0 0 255
-0.000977556 -0.0779649 0.683331 0 0 255
0.083438 0.141955 0.667605 0 0 255
0.300537 0.105621 0.677363 0 0 255
-0.271101 0.0502116 0.687491 226 226 28
-0.00338044 -0.00730212 0.690154 0 0 255
0.161218 0.360178 0.510039 244 244 10
0.131173 -0.242064 0.620182 100 100 154
0.111033 -0.0906766 0.681015 0 0 255
-0.0733646 -0.262028 0.606212 239 239 15
-0.0039222 -0.214057 0.635995 164 164 90
0.363292 -0.009497 0.681666 0 0 255
0.0950667 -0.0518494 0.687399 0 0 255
0.374771 -0.338559 0.521102 218 218 36
0.291599 -0.108952 0.676865 0 0 255
0.371186 0.145888 0.656098 0 0 255
0.160341 -0.0913491 0.680775 0 0 255
-0.299782 0.0479 0.68773 254 254 0
-0.178578 0.0449372 0.688725 220 220 34
-0.243135 -0.162546 0.660255 254 254 0
0.400431 0.0472037 0.671146 0 0 255
-0.304288 0.276472 0.595115 31 31 223
-0.0189541 0.302326 0.57446 254 254 0
0.335195 -0.276928 0.590553 163 163 91
0.474296 -0.092149 0.634772 0 0 255
-0.04351 0.205113 0.640622 203 203 51
0.368839 -0.0606227 0.677079 0 0 255
0.113374 -0.0621315 0.686543 0 0 255
-0.19351 -0.105846 0.677623 218 218 36
0.343983 0.146481 0.660907 0 0 255
0.0309943 -0.0758535 0.684024 0 0 255
0.114508 -0.0812083 0.683231 0 0 255
0.482965 -0.0156849 0.64051 0 0 255
-0.18143 -0.266151 0.603146 249 249 5
0.0278136 -0.0315296 0.688962 0 0 255
0.252582 0.266807 0.602827 132 132 122
0.103405 -0.301651 0.57418 237 237 17
0.308461 0.0623292 0.684961 0 0 255
0.13336 -0.0526321 0.687128 0 0 255
0.0822694 -0.0703958 0.685035 0 0 255
0.423345 0.205535 0.613122 74 74 180
-0.342444 0.225318 0.624424 60 60 194
-0.469061 -0.0828679 0.638832 0 0 255
0.0539402 0.0714747 0.685057 0 0 255
-0.332655 0.164552 0.65621 154 154 100
0.39292 -0.225483 0.612489 61 61 193
0.381186 0.0885721 0.669331 0 0 255
0.529304 -0.323617 0.425537 43 43 211
-0.285813 -0.0642574 0.68589 254 254 0
0.219109 0.000882934 0.690828 0 0 255
0.332947 -0.0125321 0.686881 0 0 255
0.00785872 0.357814 0.514012 211 211 43
-0.153586 -0.184335 0.650757 251 251 3
0.165853 -0.193394 0.647117 0 0 255
0.201693 -0.0781304 0.683795 0 0 255
0.431409 -0.0903435 0.653521 0 0 255
0.558158 -0.130808 0.567683 241 241 13
0.353765 0.155169 0.655973 0 0 255
0.344039 -0.000140559 0.685899 0 0 255
0.08698 0.0251427 0.69004 0 0 255
0.092458 0.13044 0.671655 0 0 255
0.339254 0.125606 0.668225 0 0 255
-0.0971709 -0.203567 0.641267 189 189 65
0.097853 0.022561 0.690406 0 0 255
0.265092 0.220369 0.63286 98 98 156
0.266185 -0.336406 0.539376 244 244 10
0.127065 -0.188898 0.649092 84 84 170
0.337053 0.207907 0.635159 0 0 255
-0.0857362 -0.0641226 0.685922 73 73 181
0.554079 -0.00336515 0.595295 156 156 98
0.128147 0.180279 0.652409 1 1 253
-0.0206774 0.289663 0.585498 251 251 3
0.0827354 0.177774 0.653576 0 0 255
0.0846037 0.0483208 0.688196 0 0 255
-0.162607 0.327216 0.549517 203 203 51
-0.176005 -0.346472 0.527994 151 151 103
0.0343409 0.136981 0.668954 0 0 255
-0.472555 0.197503 0.594169 0 0 255
0.192362 0.22661 0.629793 17 17 237
0.514688 -0.126606 0.601679 77 77 177
0.622382 -0.0323535 0.527529 252 252 2
0.0907542 -0.149651 0.664909 0 0 255
0.334712 0.0985155 0.676105 0 0 255
-0.409871 -0.270419 0.574318 0 0 255
0.107051 -0.197786 0.64479 17 17 237
-0.228102 0.14034 0.667829 251 251 3
0.15722 -0.350822 0.522301 219 219 35
-0.134433 0.0789009 0.683489 212 212 42
-0.239612 -0.0322882 0.689051 235 235 19
0.505193 0.200243 0.573058 253 253 1
0.206715 -0.434721 0.356534 1 1 253
0.293303 -0.0706045 0.685137 0 0 255
0.025475 0.40507 0.436091 76 76 178
0.423469 0.00388524 0.665732 0 0 255
-0.0479315 -0.0935662 0.680753 143 143 111
0.113008 0.309071 0.567477 234 234 20
0.608579 0.0980075 0.529678 239 239 15
0.168681 0.163856 0.659927 0 0 255
0.113993 0.199791 0.644114 0 0 255
0.158042 -0.132319 0.670613 0 0 255
0.386788 0.119426 0.660694 0 0 255
0.353557 -0.0324209 0.683178 0 0 255
0.546507 0.117612 0.581013 180 180 74
0.108635 0.103093 0.67903 0 0 255
0.398092 0.156457 0.644862 0 0 255
0.087644 -0.233529 0.624999 72 72 182
-0.175611 0.297325 0.578797 237 237 17
0.373221 -0.223088 0.619747 19 19 235
-0.371095 -0.25213 0.600996 41 41 213
0.374896 -0.248054 0.603454 107 107 147
0.600949 -0.210615 0.471908 178 178 76
0.287119 0.36487 0.503349 240 240 14
0.323389 0.272314 0.596438 128 128 126
0.0267191 -0.244158 0.618694 200 200 54
0.40994 0.00129464 0.670173 0 0 255
0.462287 -0.195685 0.600851 132 132 122
0.410559 -0.220301 0.610192 169 169 85
-0.426397 -0.168177 0.630811 23 23 231
0.339855 0.123839 0.669132 0 0 255
0.334829 0.0782996 0.680096 0 0 255
-0.262809 -0.338594 0.53658 0 0 255
0.269108 0.121301 0.673711 0 0 255
0.0793626 -0.214285 0.636047 43 43 211
0.271646 -0.0310399 0.689575 0 0 255
0.462685 0.214769 0.590597 207 207 47
0.0861014 0.0942419 0.680499 0 0 255
0.234624 0.164134 0.659899 0 0 255
0.380325 0.0802526 0.671417 0 0 255
0.38725 -0.0865532 0.66812 0 0 255
0.342832 -0.189975 0.643305 38 38 216
0.522009 0.144934 0.589003 130 130 124
0.432766 0.21806 0.601832 154 154 100
-0.219797 0.302278 0.573945 39 39 215
0.389034 -0.0263986 0.675966 0 0 255
0.067576 0.0441099 0.688231 0 0 255
0.436691 0.150779 0.633557 49 49 205
0.395252 -0.339321 0.511398 254 254 0
0.442493 -0.00617855 0.659534 0 0 255
0.200136 0.14401 0.667063 0 0 255
0.52686 -0.186067 0.565752 254 254 0
-0.0268891 -0.34658 0.52821 233 233 21
-0.243755 0.269625 0.600419 141 141 113
0.179158 0.127485 0.672327 0 0 255
0.0765262 0.00506448 0.690042 0 0 255
0.146695 -0.212181 0.637741 128 128 126
0.308155 0.357942 0.511367 254 254 0
0.178306 -0.0909011 0.681473 0 0 255
-0.0743095 0.26421 0.605069 248 248 6
0.388202 0.186968 0.635103 0 0 255
0.397583 0.0766454 0.667256 0 0 255
-0.169313 -0.00688319 0.690403 233 233 21
0.415717 -0.230456 0.601754 104 104 150
0.563156 0.0813313 0.578285 178 178 76
0.393755 0.387265 0.438426 14 14 240
0.23212 0.338787 0.536508 250 250 4
0.318527 0.120227 0.672705 0 0 255
-0.0958523 -0.0582279 0.686439 79 79 175
-0.0785034 0.160163 0.661467 174 174 80
-0.153183 0.115979 0.675324 199 199 55
0.354885 0.153584 0.656204 0 0 255
0.196547 -0.156985 0.662718 0 0 255
-0.0300916 -0.188897 0.649244 163 163 91
-0.0401574 -0.0113266 0.690256 63 63 191
0.498619 0.0570927 0.628449 0 0 255
0.1694 -0.245075 0.618348 103 103 151
0.333193 0.134083 0.665937 0 0 255
0.388074 -0.216036 0.619999 110 110 144
0.179737 0.202919 0.641602 0 0 255
0.299793 0.132447 0.669953 0 0 255
0.353783 0.0103576 0.683749 0 0 255
0.359066 0.12759 0.66387 0 0 255
0.619272 0.222667 0.430102 176 176 78
0.363265 -0.3249 0.539652 249 249 5
0.13927 -0.00965532 0.690811 0 0 255
-0.316982 -0.268975 0.599304 16 16 238
0.302051 0.0820913 0.681995 0 0 255
0.473122 0.0438932 0.643401 0 0 255
0.13245 -0.0673021 0.684992 0 0 255
0.335897 -0.227019 0.624467 101 101 153
0.406836 -0.155984 0.641808 0 0 255
0.028728 0.34884 0.524952 248 248 6
-0.318084 -0.259834 0.605977 48 48 206
0.483144 -0.318402 0.483958 181 181 73
0.00560413 -0.305882 0.571037 253 253 1
0.0657681 -0.0757129 0.684498 0 0 255
-0.0617976 0.181633 0.65233 161 161 93
0.00468721 -0.249508 0.614665 212 212 42
-0.404373 0.0292078 0.671239 0 0 255
0.404734 0.170469 0.637521 10 10 244
0.503451 0.221911 0.56057 224 224 30
0.0948418 -0.146034 0.666135 0 0 255
0.500758 0.184546 0.585215 243 243 11
0.147796 -0.166618 0.65832 0 0 255
0.527109 0.201617 0.556025 226 226 28
0.650829 -0.208013 0.382795 80 80 174
0.587018 -0.0560955 0.56266 254 254 0
-0.387431 0.0702061 0.671068 126 126 128
0.0932229 -0.0333658 0.689748 0 0 255
0.455078 0.312061 0.512432 254 254 0
0.324606 0.131363 0.668585 0 0 255
-0.359657 0.217275 0.625458 81 81 173
0.381858 0.210324 0.624787 0 0 255
0.107699 0.264137 0.604335 130 130 124
0.359442 -0.114982 0.667478 0 0 255
-0.117399 -0.120593 0.673556 210 210 44
-0.0296205 0.0506117 0.687188 0 0 255
-0.190461 -0.145097 0.666348 254 254 0
-0.094581 0.309738 0.566446 246 246 8
0.584908 -0.102649 0.552207 254 254 0
0.0832558 -0.235935 0.623912 89 89 165
0.587305 -0.228592 0.472705 231 231 23
0.516278 0.215372 0.554844 230 230 24
0.448271 0.161224 0.624474 111 111 143
0.299468 0.185737 0.649753 0 0 255
-0.0908766 0.0441655 0.687912 37 37 217
0.664718 0.165712 0.400121 60 60 194
0.576993 -0.197899 0.511707 252 252 2
-0.032126 0.122932 0.673884 93 93 161
0.131082 0.163229 0.660314 0 0 255
-0.396286 0.0958402 0.663707 95 95 159
0.705405 0.0098986 0.378677 57 57 197
0.264143 -0.123727 0.673268 0 0 255
-0.178504 -0.23938 0.62158 219 219 35
0.435854 -0.177088 0.622389 7 7 247
-0.204376 0.140626 0.667939 249 249 5
0.0193682 0.117418 0.674502 59 59 195
0.371672 -0.232337 0.614268 116 116 138
0.64953 -0.0363754 0.490984 198 198 56
0.583036 -0.0213687 0.569939 254 254 0
-0.296502 -0.302909 0.57229 0 0 255
0.333828 0.0844709 0.678677 0 0 255
-0.238593 -0.229082 0.628391 247 247 7
0.109459 -0.109606 0.67704 0 0 255
0.222256 0.347628 0.526691 250 250 4
-0.122635 -0.200635 0.643703 254 254 0
0.0192322 0.142185 0.667535 0 0 255
-0.175673 -0.367944 0.500392 0 0 255
0.00675643 0.15624 0.662651 1 1 253
0.121817 0.0362932 0.689396 0 0 255
-0.168575 0.134189 0.669864 248 248 6
-0.308933 0.147643 0.664381 207 207 47
0.512063 0.0395853 0.622785 7 7 247
0.444844 0.140017 0.634434 0 0 255
-0.192472 -0.253466 0.61217 245 245 9
0.0807232 0.0862371 0.682017 0 0 255
0.491872 -0.0871888 0.626369 99 99 155
0.482917 -0.127709 0.61959 24 24 230
-0.188058 -0.0508602 0.68788 194 194 60
0.176449 -0.0605588 0.68681 0 0 255
-0.209982 0.228888 0.627896 252 252 2
0.664264 -0.142713 0.422331 103 103 151
0.556747 0.0966087 0.580326 214 214 40
0.323517 0.155932 0.659725 0 0 255
0.590448 0.0362572 0.561355 234 234 20
0.269864 -0.0246933 0.690132 0 0 255
0.478421 0.133463 0.620218 20 20 234
0.252237 0.184696 0.650421 0 0 255
-0.0362081 -0.0540774 0.68742 0 0 255
0.425287 -0.0156862 0.665796 0 0 255
0.318074 0.0299467 0.687325 0 0 255
0.244504 -0.101429 0.679414 0 0 255
0.300769 0.342692 0.531353 245 245 9
0.309327 -0.0891171 0.680505 0 0 255
-0.200209 0.334257 0.5413 89 89 165
0.111334 0.117068 0.674689 0 0 255
0.0864008 -0.151961 0.663561 0 0 255
0.258642 0.107903 0.6778 0 0 255
0.246893 0.158369 0.661548 0 0 255
0.526484 -0.000365393 0.615855 10 10 244
-0.10004 -0.152215 0.664282 188 188 66
0.353824 0.175279 0.648295 0 0 255
0.442488 -0.238742 0.58413 173 173 81
-0.0679842 0.227248 0.628984 194 194 60
0.250172 0.0946779 0.680758 0 0 255
0.0990183 -0.0206698 0.689995 0 0 255
0.483551 -0.262808 0.541737 239 239 15
0.106195 0.411298 0.422348 25 25 229
0.22886 -0.105379 0.677879 0 0 255
0.493318 -0.290441 0.508473 251 251 3
0.265722 0.0518089 0.687888 0 0 255
0.443596 0.371194 0.434433 25 25 229
-0.0926807 0.130373 0.671146 117 117 137
0.210098 -0.364698 0.504778 252 252 2
-0.00602159 0.300489 0.575501 240 240 14
0.270986 -0.40621 0.434775 115 115 139
0.497923 -0.169852 0.594118 150 150 104
0.49705 0.092273 0.622108 0 0 255
0.0917753 0.319873 0.557255 254 254 0
0.540578 0.302346 0.445364 105 105 149
-0.0765453 -0.102787 0.678155 86 86 168
0.406501 0.103394 0.658833 0 0 255
0.290525 0.368458 0.49923 252 252 2
-0.219798 0.0725787 0.684679 244 244 10
-0.298763 -0.191907 0.647043 233 233 21
0.117108 0.0508168 0.687551 0 0 255
-0.261398 -0.343371 0.531618 0 0 255
0.46688 -0.258966 0.555965 226 226 28
0.645371 -0.111421 0.473799 234 234 20
-0.453532 0.0396636 0.652666 24 24 230
-0.122831 0.109111 0.677226 173 173 81
0.0791119 -0.0178343 0.690294 0 0 255
0.454202 0.0969793 0.643255 0 0 255
-0.0774135 0.288967 0.586084 251 251 3
-0.0141072 -0.0290728 0.689615 0 0 255
0.421526 0.117799 0.649826 0 0 255
0.0224075 -0.0452667 0.687919 0 0 255
0.215906 -0.154812 0.663511 0 0 255
-0.242189 -0.0127028 0.689907 254 254 0
-0.131641 -0.351759 0.521626 144 144 110
-0.389069 -0.0199064 0.67572 67 67 187
0.590645 0.155433 0.524598 254 254 0
0.147901 -0.171688 0.656359 0 0 255
-0.290522 0.230646 0.627242 173 173 81
0.304695 -0.268783 0.600194 103 103 151
-0.0482733 -0.279622 0.593195 244 244 10
0.00260038 0.115701 0.675114 0 0 255
0.134696 0.0877251 0.681534 0 0 255
0.143061 -0.199184 0.644331 0 0 255
-0.142898 -0.272068 0.598628 252 252 2
0.537739 0.0113751 0.607542 84 84 170
-0.130935 -0.269892 0.600154 254 254 0
0.429658 0.104078 0.651523 0 0 255
-0.42317 -0.147593 0.639805 0 0 255
0.311134 0.0248974 0.688991 0 0 255
-0.114786 0.15266 0.663914 220 220 34
-0.330181 -0.202843 0.638484 167 167 87
0.136593 -0.198866 0.644415 19 19 235
-0.333754 0.347344 0.521346 0 0 255
0.483389 -0.0858675 0.630991 0 0 255
-0.00696587 -0.127318 0.67209 0 0 255
-0.214518 -0.102182 0.679029 232 232 22
0.40655 -0.0041783 0.671372 0 0 255
0.161927 -0.192333 0.647344 25 25 229
-0.31155 0.287879 0.584645 0 0 255
0.111096 0.133362 0.670504 0 0 255
0.549729 0.0798403 0.589516 169 169 85
-0.161985 0.217227 0.63476 254 254 0
0.567645 0.076039 0.575419 204 204 50
0.0402255 0.0714802 0.684351 0 0 255
-0.132846 -0.128159 0.671957 171 171 83
-0.0188939 -0.107392 0.677943 19 19 235
0.0196926 -0.188495 0.649063 66 66 188
0.402033 0.189804 0.628851 0 0 255
0.0945404 -0.257973 0.608713 221 221 33
0.337766 0.138425 0.664077 0 0 255
0.463802 -0.12439 0.630538 0 0 255
0.0193952 -0.0677508 0.685318 0 0 255
-0.279887 -0.256182 0.610825 199 199 55
0.315317 0.21883 0.631437 0 0 255
0.287053 0.0353084 0.68893 0 0 255
0.532966 0.0400976 0.609326 110 110 144
0.173632 0.243022 0.619667 35 35 219
0.0300847 -0.0909727 0.680746 0 0 255
0.249823 0.375837 0.488177 224 224 30
0.486559 0.0780901 0.63165 0 0 255
0.273027 -0.113378 0.676484 0 0 255
-0.0418749 -0.414409 0.415694 0 0 255
0.0608438 0.153271 0.663142 0 0 255
0.426108 0.0681775 0.659817 0 0 255
0.193109 0.280273 0.59224 159 159 95
-0.0452607 -0.26669 0.603387 229 229 25
0.520346 -0.0261002 0.618154 184 184 70
0.414812 -0.114977 0.653814 21 21 233
0.376348 0.359955 0.491991 248 248 6
0.302125 -0.238525 0.620961 154 154 100
0.0570452 0.119469 0.674264 0 0 255
0.56751 0.286905 0.430185 139 139 115
0.235492 0.35386 0.518081 254 254 0
0.0840439 -0.0357301 0.688648 0 0 255
0.502537 0.0979182 0.617305 75 75 179
-0.360695 0.219021 0.625046 0 0 255
-0.104476 0.0419138 0.688508 74 74 180
0.0572935 0.239308 0.621804 150 150 104
0.460908 -0.102154 0.638068 0 0 255
0.157331 0.0300198 0.689518 0 0 255
-0.133944 -0.118489 0.67452 228 228 26
0.235868 0.285297 0.588634 128 128 126
-0.170574 0.134819 0.670002 249 249 5
0.0175485 -0.149982 0.664884 0 0 255
0.145118 0.150392 0.66499 0 0 255
0.0799288 0.0844409 0.682036 0 0 255
0.0271776 0.233525 0.625073 154 154 100
-0.19697 -0.309551 0.567366 187 187 67
0.26164 -0.0138934 0.690576 0 0 255
0.0982059 -0.0692122 0.685494 0 0 255
0.209685 0.358525 0.511881 206 206 48
0.0891762 0.0998553 0.67907 0 0 255
-0.123935 -0.112438 0.675761 191 191 63
0.285661 -0.338543 0.537318 251 251 3
0.179514 0.041489 0.688543 0 0 255
0.0527104 0.0558162 0.687006 0 0 255
0.309176 -0.357957 0.512174 254 254 0
0.0544159 0.043769 0.687916 0 0 255
0.218663 0.113476 0.676258 0 0 255
0.153175 0.0476235 0.688158 0 0 255
0.0306862 0.36908 0.497355 143 143 111
0.427799 -0.12511 0.645303 0 0 255
0.0591417 -0.349826 0.523276 249 249 5
0.453796 -0.1634 0.620692 130 130 124
0.397957 -0.00301077 0.674149 0 0 255
-0.232141 0.235946 0.624135 156 156 98
-0.0233733 -0.0645078 0.685798 0 0 255
0.687774 0.086341 0.404528 93 93 161
0.198435 -0.0151415 0.690514 0 0 255
0.613552 0.231498 0.430528 168 168 86
0.349268 0.103952 0.672593 0 0 255
-0.24313 -0.355871 0.515699 35 35 219
0.325533 0.18642 0.647245 0 0 255
0.0286487 -0.314197 0.563325 254 254 0
0.248754 0.235957 0.623744 0 0 255
0.150846 0.0361613 0.688864 0 0 255
0.259075 -0.140701 0.667704 0 0 255
0.128972 -0.200107 0.643506 32 32 222
-0.231942 0.0326059 0.689191 254 254 0
0.172198 -0.157417 0.66197 0 0 255
0.0698152 0.107102 0.677654 0 0 255
0.298316 0.321267 0.554462 229 229 25
0.671138 0.14454 0.40491 24 24 230
-0.356952 -0.272675 0.589013 43 43 211
0.0157724 0.106405 0.677334 0 0 255
0.450414 0.00475295 0.65578 0 0 255
-0.0896006 0.241061 0.620518 252 252 2
0.1641 -0.0500429 0.687923 0 0 255
0.205097 0.287904 0.586504 142 142 112
0.233722 0.109683 0.676662 0 0 255
-0.143693 -0.236978 0.623602 251 251 3
0.216536 -0.381941 0.477774 237 237 17
0.494948 -0.107207 0.619286 68 68 186
-0.0724513 0.108242 0.677363 122 122 132
0.342205 0.139615 0.663871 0 0 255
0.279259 0.24979 0.614203 39 39 215
0.208901 -0.339347 0.536545 254 254 0
0.376802 0.166923 0.646173 0 0 255
0.251912 0.225074 0.630422 100 100 154
-0.31302 0.00945377 0.689038 250 250 4
-0.0744301 -0.0917618 0.681203 120 120 134
0.148087 -0.181338 0.652702 0 0 255
0.599814 0.0622179 0.549121 251 251 3
0.488444 -0.259344 0.54155 247 247 7
0.465415 -0.129854 0.62799 27 27 227
-0.0339186 0.295494 0.580052 248 248 6
0.192144 -0.0651506 0.685702 0 0 255
0.407336 0.119774 0.65459 0 0 255
0.34695 0.0367911 0.683924 0 0 255
0.212361 -0.0653956 0.685422 0 0 255
0.0852607 0.03912 0.688372 0 0 255
-0.19396 -0.308725 0.5679 116 116 138
0.647915 -0.187534 0.415222 85 85 169
-0.235535 -0.307944 0.568618 158 158 96
-0.0550495 -0.173807 0.655918 129 129 125
0.436009 0.184423 0.619633 7 7 247
0.411818 -0.186372 0.627967 0 0 255
0.260823 -0.221311 0.632824 55 55 199
0.147814 -0.191051 0.64764 0 0 255
0.070982 -0.352779 0.519137 247 247 7
0.641553 -0.0807638 0.49252 222 222 32
0.236387 0.0126519 0.690494 0 0 255
0.358233 -0.234189 0.616714 27 27 227
0.372914 -0.0037837 0.68057 0 0 255
0.244281 0.0184664 0.689982 0 0 255
0.0376412 0.13204 0.671039 0 0 255
-0.0856018 0.0373923 0.68903 181 181 73
0.436301 -0.1547 0.632323 0 0 255
0.377085 -0.0811441 0.671818 0 0 255
0.42324 -0.24599 0.588554 138 138 116
0.138671 0.308409 0.568611 246 246 8
0.192262 0.11044 0.677093 0 0 255
-0.0245492 -0.323807 0.552812 253 253 1
-0.00573228 -0.184813 0.651007 125 125 129
-0.265138 -0.254099 0.612287 207 207 47
0.501444 -0.108157 0.61527 73 73 181
0.573565 0.256841 0.461792 226 226 28
-0.163722 -0.375826 0.487546 76 76 178
0.190599 -0.138021 0.668782 0 0 255
0.308314 -0.297032 0.577658 234 234 20
0.39168 0.0871731 0.667185 0 0 255
0.0980882 0.121647 0.673435 0 0 255
0.140478 -0.10383 0.678558 0 0 255
-0.12851 -0.0241528 0.689726 108 108 146
0.588482 0.190203 0.505269 243 243 11
0.237889 -0.0389046 0.689249 0 0 255
0.285338 0.081147 0.683185 0 0 255
-0.22748 -0.368513 0.499489 0 0 255
0.177092 -0.174085 0.655684 0 0 255
0.302531 -0.0256329 0.688709 0 0 255
0.448812 -0.0877646 0.647005 0 0 255
0.484008 0.128294 0.618912 32 32 222
0.427845 -0.0187236 0.664567 0 0 255
0.187239 0.355281 0.516044 254 254 0
0.152274 -0.128977 0.671613 0 0 255
0.108741 0.043776 0.688357 0 0 255
0.225714 -0.195329 0.645378 0 0 255
0.480633 -0.078964 0.634588 0 0 255
0.267921 -0.170046 0.657272 0 0 255
0.0918542 -0.142051 0.667507 0 0 255
0.119215 -0.114686 0.675226 0 0 255
0.385975 0.133441 0.656127 0 0 255
0.59907 -0.121826 0.530897 251 251 3
-0.159378 -0.235271 0.624169 251 251 3
0.355777 0.173345 0.648837 0 0 255
0.494726 -0.148475 0.60572 74 74 180
0.569522 0.243246 0.480858 173 173 81
0.159044 0.0914339 0.681424 0 0 255
0.0719869 -0.245195 0.618207 100 100 154
0.275173 -0.149433 0.664922 0 0 255
0.176591 0.376481 0.486423 148 148 106
0.471909 -0.0388061 0.644251 0 0 255
0.338253 0.0240197 0.686032 0 0 255
0.104519 0.131073 0.671198 0 0 255
0.225618 -0.291047 0.583137 175 175 79
-0.0403283 -0.346896 0.527656 229 229 25
0.00715501 -0.211325 0.638319 158 158 96
0.551745 -0.232757 0.511595 238 238 16
0.364737 0.0719962 0.676369 0 0 255
0.511683 -0.0853286 0.615 76 76 178
0.367263 0.0158872 0.680735 0 0 255
0.157015 0.0493269 0.687735 0 0 255
-0.130746 -0.286947 0.587035 249 249 5
0.356289 0.303809 0.563625 222 222 32
0.627287 0.100872 0.505483 240 240 14
0.532841 0.110423 0.593678 214 214 40
0.204823 -0.182861 0.651981 0 0 255
0.165768 0.128118 0.672175 0 0 255
0.0876085 0.109696 0.677256 0 0 255
0.229612 0.232765 0.625505 0 0 255
0.0203632 0.142706 0.66775 0 0 255
0.174024 -0.0595905 0.686584 0 0 255
-0.0704736 0.306068 0.569833 251 251 3
0.118808 0.240736 0.620424 71 71 183
0.194193 0.0725591 0.684346 0 0 255
-0.000370559 -0.0182092 0.690456 0 0 255
0.185006 -0.0579467 0.686845 0 0 255
0.102785 -0.196242 0.645807 0 0 255
-0.0361045 -0.0263001 0.689732 42 42 212
-0.406873 -0.124645 0.653119 0 0 255
0.284515 0.405376 0.43626 180 180 74
-0.372472 -0.301188 0.561408 0 0 255
0.366277 0.1218 0.664441 0 0 255
-0.175886 0.0815431 0.683281 250 250 4
-0.101511 0.153266 0.663079 210 210 44
0.427963 -0.0172016 0.663924 0 0 255
0.207404 -0.159106 0.661047 0 0 255
0.708218 -0.0571226 0.358054 0 0 254
-0.0257381 0.0730929 0.684787 0 0 255
0.449362 -0.113748 0.640962 0 0 255
0.461745 0.00365089 0.650836 0 0 255
-0.0348678 0.10134 0.678727 0 0 255
0.291444 0.0742436 0.684316 0 0 255
0.00100638 0.0059155 0.690554 0 0 255
0.367081 -0.114312 0.665916 0 0 255
0.0434608 -0.262743 0.605819 224 224 30
0.57169 -0.191108 0.521883 250 250 4
0.224353 0.28227 0.591147 164 164 90
0.187525 -0.076246 0.684409 0 0 255
0.258071 -0.112828 0.676092 0 0 255
0.5192 0.278166 0.498483 254 254 0
0.328645 0.201768 0.639882 0 0 255
0.0498646 0.120493 0.674129 0 0 255
0.496145 0.0526806 0.630269 0 0 255
-0.328735 -0.168771 0.654109 123 123 131
-0.406632 0.251796 0.589924 0 0 255
0.0659617 0.0789706 0.683913 0 0 255
-0.0971618 -0.18999 0.648524 254 254 0
-0.063289 0.0717803 0.685095 0 0 255
0.276248 0.215725 0.635682 0 0 255
0.396665 0.0206052 0.673733 0 0 255
0.137555 0.115456 0.675745 0 0 255
0.00591086 0.167335 0.657739 0 0 255
4.85419e-05 0.264688 0.6044 196 196 58
0.177096 0.173706 0.655087 0 0 255
0.376059 0.238761 0.609357 80 80 174
0.0118759 0.00201648 0.690105 0 0 255
0.0169539 -0.105563 0.677729 0 0 255
0.534513 0.190472 0.556944 237 237 17
-0.0151143 -0.0874163 0.682118 0 0 255
0.144913 0.268172 0.601907 156 156 98
0.0271084 0.0268937 0.689237 0 0 255
0.47211 -0.0415743 0.643635 3 3 251
0.498524 -0.101475 0.619246 153 153 101
-0.382714 0.198775 0.630338 0 0 255
0.289477 0.310676 0.565924 216 216 38
0.415712 0.375836 0.444878 140 140 114
-0.0343718 0.0788459 0.683211 0 0 255
-0.0353447 0.223855 0.630746 162 162 92
0.408047 0.0762768 0.664475 0 0 255
0.14681 -0.287929 0.586334 194 194 60
0.581138 0.0336937 0.570607 203 203 51
0.601889 -0.225098 0.455522 206 206 48
0.16093 0.111195 0.676273 0 0 255
-0.20714 -0.122056 0.673497 233 233 21
0.422248 -0.0900977 0.657404 0 0 255
0.261168 0.319478 0.557105 229 229 25
-0.229595 0.113342 0.676439 244 244 10
0.356442 -0.223436 0.62258 101 101 153
0.482175 -0.127696 0.619946 20 20 234
0.0359301 0.0778086 0.683354 0 0 255
-0.165482 -0.0326138 0.688865 176 176 78
-0.430648 -0.0155512 0.663751 12 12 242
0.422689 0.0749253 0.660209 0 0 255
0.0502396 0.0454314 0.688226 0 0 255
-0.0299473 0.209439 0.638827 158 158 96
0.457702 0.176215 0.613932 66 66 188
0.363713 0.153705 0.654247 0 0 255
0.0522575 -0.369677 0.496545 165 165 89
0.028062 -0.0950171 0.680138 0 0 255
0.509047 0.132097 0.603352 84 84 170
0.181781 0.0752653 0.684442 0 0 255
0.569442 0.12864 0.558025 228 228 26
-0.16608 0.237812 0.622037 247 247 7
-0.295211 -0.160867 0.660635 193 193 61
0.220944 -0.274462 0.597728 200 200 54
0.187248 0.242645 0.619044 30 30 224
0.334253 0.108321 0.673695 0 0 255
-0.182068 -0.0678413 0.685817 204 204 50
0.33862 0.02299 0.685777 0 0 255
-0.352543 0.13081 0.664641 51 51 203
0.418312 -0.0233184 0.667383 0 0 255
-0.256605 -0.0245374 0.689605 246 246 8
0.552701 0.0123815 0.596399 126 126 128
0.522067 0.0473171 0.615312 11 11 243
0.448518 -0.00295137 0.657046 0 0 255
0.271834 0.126678 0.672748 0 0 255
0.262241 -0.186935 0.650178 0 0 255
0.495006 -0.0421813 0.632589 50 50 204
0.413636 -0.141447 0.645389 0 0 255
0.594159 -0.00313243 0.559926 233 233 21
-0.0991864 0.157408 0.662202 239 239 15
0.464607 0.179038 0.608072 55 55 199
0.353446 0.200497 0.636294 0 0 255
-0.279756 -0.138704 0.668947 214 214 40
-0.355989 0.0977054 0.672199 63 63 191
0.38278 -0.193078 0.632763 89 89 165
-0.171629 -0.0627639 0.686471 180 180 74
-0.134192 0.0921798 0.680982 152 152 102
-0.0670621 -0.223951 0.63074 254 254 0
0.130144 -0.119381 0.674155 0 0 255
0.116593 0.023534 0.689746 0 0 255
-0.37282 0.131655 0.659805 173 173 81
0.420741 -0.0326371 0.665969 0 0 255
-0.198392 0.094685 0.680851 221 221 33
0.368136 -0.147729 0.655547 0 0 255
-0.356694 0.117105 0.667711 204 204 50
0.0840107 0.345618 0.528666 246 246 8
0.564788 -0.218286 0.509541 254 254 0
0.00605078 -0.0987491 0.679201 0 0 255
0.377971 0.0626672 0.675043 0 0 255
-0.235584 0.14978 0.665069 234 234 20
0.0449106 -0.047459 0.68845 0 0 255
0.220619 -0.170811 0.656766 0 0 255
0.293832 -0.249608 0.614298 48 48 206
0.0270897 0.159861 0.660625 0 0 255
-0.0342344 0.276786 0.595503 247 247 7
0.0585428 -0.0447226 0.687912 0 0 255
0.464644 -0.0163195 0.649324 0 0 255
0.168457 -0.0664776 0.685253 0 0 255
-0.323662 -0.0798142 0.680484 210 210 44
0.358365 -0.0664897 0.678462 0 0 255
0.0112302 -0.197576 0.644789 167 167 87
0.543246 -0.201288 0.542524 254 254 0
-0.113858 0.29432 0.580693 223 223 31
-0.00158389 0.00471015 0.690648 0 0 255
0.248169 0.218641 0.634221 41 41 213
0.454605 0.250986 0.569989 223 223 31
0.220065 -0.133029 0.67007 0 0 255
-0.506179 0.00706191 0.628543 0 0 255
0.310011 0.0663983 0.684502 0 0 255
0.399719 -0.28789 0.563887 249 249 5
0.04026 -0.07056 0.684949 0 0 255
-0.135444 0.201084 0.643563 233 233 21
0.136123 0.0477761 0.687613 0 0 255
0.212949 -0.0804242 0.68282 0 0 255
-0.0449574 -0.0702624 0.685136 81 81 173
0.16285 0.166995 0.658603 0 0 255
0.089744 0.370641 0.496033 239 239 15
0.0256014 -0.093519 0.68117 0 0 255
-0.145375 -0.0903172 0.680846 161 161 93
0.246243 0.320204 0.557067 223 223 31
0.420517 0.108775 0.652676 0 0 255
0.154431 -0.126292 0.672443 0 0 255
0.104487 -0.0659446 0.685939 0 0 255
0.179673 0.00284044 0.690177 0 0 255
0.474867 0.167155 0.608467 178 178 76
0.455957 0.192232 0.60578 81 81 173
0.107476 -0.31493 0.561554 238 238 16
0.0777574 -0.0875958 0.681826 0 0 255
-0.121665 -0.106816 0.677177 187 187 67
-0.00106085 -0.250886 0.6139 190 190 64
0.156308 0.43545 0.355683 0 0 255
-0.24541 0.16021 0.660773 254 254 0
-0.133134 0.0308774 0.689632 176 176 78
0.472648 -0.0767056 0.638437 50 50 204
0.152773 -0.103485 0.678619 0 0 255
-0.036058 -0.00442439 0.69075 0 0 255
0.0467111 -0.1557 0.66284 0 0 255
0.185862 0.0339845 0.689468 0 0 255
-0.353472 0.23728 0.615656 37 37 217
0.441871 0.129155 0.638481 65 65 189
-0.00753845 -0.302781 0.574067 232 232 22
-0.15303 -0.13028 0.671695 252 252 2
0.387135 0.206102 0.625471 164 164 90
0.149494 0.11192 0.676396 0 0 255
0.293149 0.0190519 0.68957 0 0 255
0.408841 -0.105018 0.657628 0 0 255
0.284941 -0.357161 0.514871 217 217 37
0.0241299 0.100262 0.67892 0 0 255
0.332475 -0.0534142 0.683733 0 0 255
0.676116 -0.117137 0.413964 148 148 106
0.431687 0.0120492 0.662672 0 0 255
0.155419 -0.0669476 0.68559 0 0 255
0.519926 -0.0983644 0.60718 66 66 188
0.200393 0.223287 0.63087 65 65 189
-0.039188 0.398701 0.449028 0 0 255
0.390591 0.11886 0.659149 0 0 255
-0.287771 0.242935 0.619477 197 197 57
-0.116901 -0.243651 0.618816 254 254 0
0.27652 0.285568 0.588438 137 137 117
0.380145 0.0959657 0.667656 0 0 255
0.210991 -0.383834 0.475187 175 175 79
0.070334 -0.19127 0.647904 0 0 255
-0.266322 -0.293323 0.581831 152 152 102
0.473578 0.111417 0.63027 33 33 221
0.38339 -0.180218 0.639221 0 0 255
-0.126988 0.0640288 0.68543 122 122 132
-0.297092 -0.0608458 0.685951 196 196 58
0.392837 -0.171596 0.640726 0 0 255
-0.012056 0.0434829 0.688092 0 0 255
0.31274 -0.110656 0.675349 0 0 255
0.0576637 -0.313982 0.562665 254 254 0
-0.00430673 0.395444 0.455959 7 7 247
0.448477 0.255547 0.569047 231 231 23
0.386327 0.155596 0.648739 0 0 255
0.607053 0.0718617 0.538003 251 251 3
0.303299 -0.115719 0.675054 0 0 255
0.316678 0.327613 0.546742 253 253 1
0.327091 -0.0470192 0.685295 0 0 255
0.423107 -0.124923 0.647211 0 0 255
0.220912 -0.0831713 0.682733 0 0 255
0.595845 0.0434656 0.555104 252 252 2
0.0771834 0.0906358 0.68121 0 0 255
0.218104 0.0412613 0.689093 0 0 255
0.0708331 0.0865416 0.682128 0 0 255
0.440339 0.173765 0.622726 39 39 215
0.600848 0.182592 0.495284 192 192 62
-0.106217 0.206191 0.640682 254 254 0
0.437876 -0.366028 0.448469 204 204 50
-0.121799 -0.243561 0.618516 248 248 6
0.575683 -0.0152762 0.5777 236 236 18
0.28725 -0.021445 0.689937 0 0 255
0.234962 0.194363 0.646499 4 4 250
0.160465 -0.028614 0.689695 0 0 255
0.463551 -0.0785813 0.643117 0 0 255
-0.372726 -0.0902785 0.671158 171 171 83
-0.0330202 -0.162006 0.659929 145 145 109
0.0604497 0.0625934 0.686012 0 0 255
0.355288 0.344006 0.520446 251 251 3
0.379153 -0.314162 0.545972 233 233 21
-0.0747631 -0.10306 0.678892 28 28 226
0.423547 -0.0701327 0.660088 0 0 255
0.207476 -0.283638 0.58927 165 165 89
0.32457 -0.12582 0.670095 0 0 255
-0.298055 -0.379864 0.481304 0 0 255
0.0720989 0.140287 0.667649 0 0 255
-0.0381502 -0.169456 0.65745 107 107 147
0.273195 0.123472 0.673673 0 0 255
0.454219 0.238006 0.578773 203 203 51
-0.338158 0.0754295 0.680161 145 145 109
0.480373 0.098514 0.630254 0 0 255
0.198091 -0.18313 0.651372 0 0 255
0.454131 -0.0950986 0.643874 0 0 255
0.180838 -0.148562 0.664961 0 0 255
-0.182048 -0.0560204 0.687295 230 230 24
-0.35874 -0.126845 0.664714 176 176 78
-0.242446 -0.107092 0.677448 251 251 3
0.0936794 -0.156018 0.663033 0 0 255
0.351367 -0.234356 0.617475 82 82 172
0.349297 0.247649 0.609859 64 64 190
-0.115947 -0.303513 0.573109 230 230 24
0.20054 0.188961 0.649153 0 0 255
0.0525352 0.0895551 0.681642 0 0 255
-0.125864 0.0900744 0.68091 148 148 106
0.217259 -0.174677 0.655416 0 0 255
0.350023 -0.0655833 0.67994 0 0 255
0.0616262 0.026209 0.690156 0 0 255
-0.0308999 0.0993685 0.67934 9 9 245
0.017471 0.0447518 0.688557 0 0 255
-0.022405 -0.0941579 0.68043 7 7 247
0.23831 0.161826 0.660859 0 0 255
0.626224 -0.124071 0.495965 244 244 10
0.577234 -0.0391005 0.574435 192 192 62
0.337891 -0.0843437 0.678706 0 0 255
-0.225139 0.0602166 0.686319 237 237 17
0.376857 -0.111674 0.664698 0 0 255
-0.0382134 -0.397272 0.452469 109 109 145
-0.0750513 -0.371947 0.494489 103 103 151
0.10667 -0.0156586 0.690264 0 0 255
0.108656 -0.0135962 0.690352 0 0 255
0.287203 0.167974 0.65755 0 0 255
0.597298 0.253511 0.430846 0 0 255
-0.239027 0.129117 0.671644 254 254 0
0.0219603 -0.0225824 0.689986 0 0 255
-0.27528 -0.139267 0.668249 234 234 20
0.408688 -0.1772 0.633223 49 49 205
0.210103 -0.0213834 0.6899 0 0 255
0.523833 0.161596 0.580079 231 231 23
0.210939 -0.0821099 0.683274 0 0 255
0.524023 -0.168295 0.57706 200 200 54
-0.0396933 0.0863449 0.68211 67 67 187
-0.035399 -0.243705 0.618868 236 236 18
0.292537 -0.0951806 0.680553 0 0 255
0.137077 -0.183895 0.650893 0 0 255
0.460602 0.344312 0.465191 193 193 61
0.493832 -0.136904 0.610775 103 103 151
-0.0300034 -0.089013 0.681234 5 5 249
0.124935 0.0486518 0.687954 0 0 255
-0.10958 -0.287961 0.585881 254 254 0
0.223426 0.0256907 0.689604 0 0 255
0.512986 0.319207 0.452667 178 178 76
0.121975 -0.0863538 0.682045 0 0 255
0.30977 0.406135 0.431363 141 141 113
0.0620728 0.00515123 0.690736 0 0 255
0.111097 0.259751 0.60817 224 224 30
-0.170661 0.382213 0.478447 30 30 224
0.210996 -0.327763 0.548879 247 247 7
0.238893 -0.311541 0.564612 224 224 30
0.196558 -0.113668 0.675852 0 0 255
0.0829401 0.0227733 0.68947 0 0 255
0.18117 0.0893078 0.681916 0 0 255
0.0444457 0.0764811 0.683475 0 0 255
-0.334386 0.132806 0.666992 154 154 100
0.331958 0.121828 0.670732 0 0 255
0.244882 0.215468 0.63511 0 0 255
0.433308 -0.126183 0.643236 0 0 255
0.133754 -0.0661324 0.685919 0 0 255
-0.183751 -0.33258 0.544183 167 167 87
0.00269367 -0.021375 0.690447 0 0 255
0.352781 0.192342 0.639966 8 8 246
0.0646677 0.0622874 0.686436 0 0 255
-0.37392 0.080797 0.672859 8 8 246
0.040918 0.111338 0.676257 32 32 222
0.398459 0.389555 0.430354 88 88 166
0.223438 0.43278 0.365125 0 0 255
0.468813 0.0615495 0.643229 0 0 255
0.130846 -0.174159 0.65566 0 0 255
0.457262 0.112916 0.637669 0 0 255
0.210536 -0.11598 0.675478 0 0 255
-0.408119 -0.00887254 0.671436 110 110 144
0.126079 0.147309 0.665866 0 0 255
0.372929 -0.109683 0.666874 0 0 255
0.161354 0.285982 0.587306 205 205 49
-0.432549 -0.231978 0.593973 0 0 255
0.465333 -0.186552 0.604807 122 122 132
0.182027 0.0410596 0.688689 0 0 255
0.163214 -0.0185876 0.690089 0 0 255
0.0770757 0.038913 0.688724 0 0 255
-0.0247072 -0.0628364 0.685787 0 0 255
0.232071 0.237686 0.622888 29 29 225
-0.02778 -0.016168 0.690037 80 80 174
0.17757 -0.0842869 0.682258 0 0 255
-0.409488 -0.200186 0.621584 0 0 255
-0.344272 0.143561 0.66153 176 176 78
0.0691323 0.0257168 0.690165 0 0 255
0.0996378 -0.192622 0.647708 81 81 173
0.397467 0.0444598 0.671651 0 0 255
0.543793 -0.0996253 0.589087 156 156 98
0.649974 -0.041516 0.489793 158 158 96
0.386787 -0.323268 0.533165 241 241 13
-0.118335 0.170013 0.657457 201 201 53
0.367403 0.110411 0.66698 0 0 255
0.411992 -0.38054 0.438756 125 125 129
0.27212 0.27949 0.593409 154 154 100
0.183774 -0.275077 0.596336 215 215 39
0.160297 0.165425 0.65865 0 0 255
0.324922 0.0918681 0.678396 0 0 255
0.202947 -0.218802 0.634183 33 33 221
0.0853572 0.205021 0.641083 29 29 225
0.208151 -0.130943 0.670992 0 0 255
0.361115 -0.166321 0.650647 0 0 255
-0.181975 -0.0423868 0.688317 221 221 33
0.259353 0.318666 0.558341 216 216 38
0.0988254 -0.222847 0.631595 30 30 224
-0.0872055 0.154556 0.663658 150 150 104
0.0511626 -0.0136984 0.690004 0 0 255
-0.302143 0.136224 0.668646 185 185 69
-0.273451 0.119334 0.674468 211 211 43
-0.183318 0.194792 0.646209 252 252 2
0.414838 -0.0759778 0.662612 0 0 255
0.334941 0.0238471 0.686271 0 0 255
-0.287176 -0.214514 0.635878 223 223 31
0.19021 0.132885 0.670754 0 0 255
0.00709195 0.0783689 0.683875 14 14 240
0.19374 -0.0190906 0.690121 0 0 255
0.34393 0.334712 0.533363 251 251 3
0.351464 -0.365997 0.491573 187 187 67
0.402387 -0.322162 0.528453 252 252 2
0.0574512 0.0800626 0.683825 0 0 255
-0.0359094 0.290814 0.583508 253 253 1
-0.00581935 0.0265167 0.690176 0 0 255
-0.0451069 -0.229827 0.62792 186 186 68
0.13889 0.231621 0.62614 70 70 184
0.0261877 0.0307608 0.689822 0 0 255
0.467222 -0.0437119 0.645861 67 67 187
-0.185642 0.0509568 0.687145 223 223 31
0.210228 0.0333399 0.689601 0 0 255
-0.322293 0.158708 0.659173 213 213 41
0.457788 0.0828112 0.644799 0 0 255
0.299708 -0.212224 0.637204 2 2 252
0.299436 0.209281 0.63806 0 0 255
0.334888 -0.00779188 0.6869 0 0 255
-0.36033 0.000849471 0.68333 121 121 133
0.498852 -0.194456 0.581285 175 175 79
0.412165 -0.219462 0.609383 138 138 116
0.526608 0.0772351 0.607682 102 102 152
0.16407 0.109469 0.677347 0 0 255
0.241759 -0.304223 0.572289 206 206 48
0.401745 -0.0590394 0.668497 0 0 255
0.223031 -0.0319174 0.688901 0 0 255
0.264772 0.124242 0.673434 0 0 255
0.198392 0.0576138 0.687134 0 0 255
0.345765 -0.151816 0.658721 0 0 255
-0.250259 0.0680482 0.685341 249 249 5
0.0107256 -0.109921 0.676527 17 17 237
0.143439 0.176983 0.653788 0 0 255
0.262414 -0.272136 0.599314 183 183 71
0.613366 -0.192686 0.470251 210 210 44
0.137533 0.00486459 0.690676 0 0 255
0.128114 0.0637829 0.685999 0 0 255
-0.0205561 0.372681 0.491952 154 154 100
0.525005 -0.22765 0.540132 250 250 4
-0.136564 -0.17081 0.656571 211 211 43
-0.130729 0.122994 0.673527 191 191 63
0.0767473 0.0137749 0.690105 0 0 255
0.111872 0.196706 0.645352 0 0 255
0.671815 -0.0483924 0.451746 136 136 118
-0.224955 0.0134509 0.690402 232 232 22
-0.0711827 0.17257 0.656312 188 188 66
0.103881 -0.0682922 0.685421 0 0 255
0.678478 0.0971464 0.419552 0 0 255
-0.510061 0.0544164 0.621543 0 0 255
-0.160696 0.285212 0.588591 170 170 84
0.0667351 -0.047492 0.688429 0 0 255
0.0320338 0.151396 0.664385 0 0 255
0.0616563 0.213685 0.636954 82 82 172
0.416773 0.103164 0.655557 0 0 255
0.267552 -0.0701668 0.684666 0 0 255
-0.290432 0.177657 0.653745 243 243 11
0.48133 0.290348 0.516993 253 253 1
0.0233062 -0.0110183 0.690146 0 0 255
0.340713 0.104212 0.673701 0 0 255
0.20942 0.0496814 0.687612 0 0 255
-0.252557 0.0652184 0.686187 246 246 8
-0.220818 0.256008 0.61023 243 243 11
0.0822196 -0.162874 0.660313 0 0 255
-0.0386284 0.0369545 0.688561 0 0 255
0.310346 -0.184349 0.649257 0 0 255
0.277011 0.174806 0.655258 0 0 255
-0.293825 -0.018944 0.690302 254 254 0
-0.111527 -0.0303526 0.689922 189 189 65
-0.0149906 -0.292923 0.582409 248 248 6
-0.0757151 0.310135 0.56716 250 250 4
0.0986735 -0.265465 0.604261 245 245 9
0.0634582 -0.311099 0.565987 234 234 20
0.129382 -0.29776 0.577851 210 210 44
0.122203 0.349655 0.523575 253 253 1
0.50721 0.0158429 0.626813 11 11 243
0.00267487 -0.223174 0.630875 128 128 126
0.666605 -0.156667 0.404278 42 42 212
0.391135 0.014579 0.675289 0 0 255
0.441873 0.327124 0.502737 253 253 1
-0.177928 -0.280604 0.592426 220 220 34
-0.0168038 -0.221336 0.632708 147 147 107
-0.373667 -0.237648 0.610154 63 63 191
-0.079707 -0.112324 0.676307 96 96 158
0.357413 -0.13778 0.661622 0 0 255
0.433959 -0.274056 0.560839 254 254 0
0.499924 0.0915674 0.62136 32 32 222
0.0906621 -0.0238218 0.690222 0 0 255
0.472795 -0.300539 0.513308 249 249 5
0.478197 -0.0541057 0.639872 28 28 226
0.275025 0.029454 0.689918 0 0 255
0.455363 -0.0178106 0.653009 0 0 255
0.444617 -0.0997235 0.646165 48 48 206
0.324312 0.232778 0.62242 20 20 234
0.361741 0.105461 0.670287 0 0 255
0.00104256 0.0488447 0.687932 55 55 199
-0.123899 -0.18954 0.64896 254 254 0
0.448013 -0.0551429 0.653415 0 0 255
0.429287 0.401182 0.375221 58 58 196
0.34217 0.123328 0.668285 0 0 255
0.0782044 -0.0141181 0.69018 0 0 255
0.145719 -0.407852 0.429741 126 126 128
0.288284 -0.128676 0.671194 0 0 255
0.418357 0.0229899 0.667821 0 0 255
0.446656 0.0769347 0.650527 0 0 255
0.347919 0.106352 0.671775 0 0 255
-0.300595 -0.253611 0.611871 175 175 79
-0.111783 -0.288623 0.586043 246 246 8
0.0202223 0.217675 0.634154 136 136 118
-0.287938 0.113566 0.675877 244 244 10
0.519914 0.0292192 0.619096 44 44 210
-0.382561 -0.0282335 0.677108 139 139 115
0.134131 0.160688 0.661361 0 0 255
0.0641013 -0.347337 0.526854 230 230 24
-0.0972559 0.0181127 0.689769 131 131 123
0.439119 -0.0256961 0.65923 0 0 255
0.351432 -0.16651 0.652135 0 0 255
0.580413 -0.0763675 0.565157 236 236 18
-0.0111789 -0.230502 0.627033 184 184 70
0.161003 0.161206 0.661001 0 0 255
0.182745 0.337371 0.538749 251 251 3
-0.203917 0.0349864 0.689158 215 215 39
-0.412981 0.148192 0.64315 68 68 186
0.341844 -0.015761 0.685416 0 0 255
0.44391 -0.046824 0.655934 0 0 255
0.486309 -0.254131 0.54797 254 254 0
0.554258 -0.0373909 0.593751 194 194 60
-0.265015 -0.0649662 0.686137 248 248 6
0.456288 0.109652 0.638116 66 66 188
0.187593 -0.177241 0.654143 20 20 234
-0.0248644 0.406299 0.432976 89 89 165
0.236629 0.29448 0.580642 192 192 62
0.189219 0.173948 0.65563 0 0 255
-0.239902 0.359093 0.511479 47 47 207
0.293816 -0.165422 0.658491 0 0 255
0.484035 0.220747 0.573428 205 205 49
0.0277845 -0.0989502 0.679613 0 0 255
0.313781 -0.0628706 0.684213 0 0 255
0.363451 0.153697 0.654612 0 0 255
0.383039 -0.035459 0.676586 0 0 255
0.152047 0.173332 0.655539 0 0 255
0.132581 0.0254579 0.689337 0 0 255
-0.00191144 -0.0218996 0.689631 1 1 253
0.508928 0.218592 0.558583 223 223 31
-0.101329 -0.202625 0.642354 210 210 44
0.108506 0.271733 0.599549 241 241 13
0.438911 -0.0228132 0.659911 0 0 255
0.00539294 -0.320376 0.556624 254 254 0
0.276292 -0.3451 0.528585 240 240 14
-0.19739 -0.0630563 0.686238 210 210 44
-0.0139175 0.03306 0.688936 9 9 245
0.19812 -0.104089 0.678553 0 0 255
0.470906 -0.173335 0.607526 156 156 98
0.0379719 -0.303288 0.572402 253 253 1
0.473747 -0.083612 0.637051 4 4 250
-0.0910314 0.0690794 0.685195 51 51 203
0.314483 -0.20861 0.637199 67 67 187
0.250012 0.274489 0.597014 181 181 73
0.161043 0.19341 0.646932 32 32 222
0.0363595 0.215841 0.635629 66 66 188
0.165389 -0.137659 0.668662 0 0 255
-0.0532513 -0.227166 0.629459 182 182 72
-0.406868 -0.0342616 0.670319 51 51 203
0.224496 -0.0848229 0.682001 0 0 255
-0.112489 -0.150281 0.664728 173 173 81
0.114183 0.29548 0.580034 225 225 29
0.322567 -0.126693 0.669794 0 0 255
0.696095 -0.00452826 0.406048 128 128 126
0.308981 -0.125669 0.671334 0 0 255
0.0129865 0.0270605 0.689436 0 0 255
-0.181164 -0.217136 0.634954 254 254 0
0.133919 -0.195259 0.645916 0 0 255
0.0402547 0.0852149 0.682474 0 0 255
-0.371054 -0.221306 0.620671 0 0 255
-0.0251185 -0.340838 0.53485 242 242 12
0.274758 -0.422134 0.39778 40 40 214
-0.00710447 -0.0158989 0.689774 0 0 255
-0.146829 -0.226835 0.629392 254 254 0
0.313944 0.374501 0.487427 241 241 13
0.404649 -0.258761 0.585494 200 200 54
-0.361878 -0.224888 0.621332 100 100 154
0.439755 0.148297 0.632944 0 0 255
0.2965 0.0897463 0.681409 0 0 255
0.00230656 -0.143864 0.666716 139 139 115
0.0679888 -0.138249 0.668875 26 26 228
0.401789 0.305767 0.54702 254 254 0
0.305321 -0.287555 0.586054 167 167 87
0.00847593 -0.350195 0.522895 238 238 16
0.0194433 -0.0122562 0.690809 0 0 255
0.523584 0.228946 0.539884 244 244 10
0.236508 -0.149012 0.664849 0 0 255
0.318028 0.362595 0.504137 247 247 7
0.253474 -0.302086 0.573486 211 211 43
0.488374 -0.0796801 0.630481 89 89 165
0.355841 -0.183686 0.643801 0 0 255
0.178727 -0.0905016 0.680885 0 0 255
0.667703 -0.0127251 0.463825 137 137 117
0.287484 -0.0205094 0.689641 0 0 255
-0.0102282 0.25769 0.609406 214 214 40
0.561868 -0.196705 0.529002 252 252 2
0.11822 -0.210036 0.638558 0 0 255
0.306133 0.011746 0.689617 0 0 255
0.401529 0.00766278 0.672684 0 0 255
0.321122 -0.4071 0.427124 127 127 127
0.145199 -0.0470314 0.688272 0 0 255
0.137721 0.199994 0.643311 0 0 255
0.111649 0.100462 0.679215 0 0 255
-0.068762 0.0544151 0.68746 105 105 149
0.374061 -0.174917 0.643946 0 0 255
-0.033213 -0.033379 0.689298 0 0 255
0.271516 0.138599 0.668835 0 0 255
0.508041 0.134325 0.602629 80 80 174
0.39498 -0.180023 0.635881 30 30 224
0.262501 0.147404 0.665231 0 0 255
0.134488 -0.390765 0.464099 219 219 35
0.205421 -0.0273282 0.690052 0 0 255
0.530643 -0.00114321 0.612455 77 77 177
0.284383 0.213678 0.636311 66 66 188
0.464219 0.192783 0.601704 118 118 136
0.110042 -0.0298426 0.689412 0 0 255
0.0236618 -0.0486866 0.687444 0 0 255
0.142267 -0.00980084 0.690666 0 0 255
0.0452676 0.30893 0.568307 254 254 0
0.571425 0.0897578 0.569757 182 182 72
0.0819922 -0.19285 0.646813 0 0 255
0.177997 0.303669 0.571959 223 223 31
0.0364132 -0.0924482 0.681304 37 37 217
0.478598 0.286783 0.523607 250 250 4
0.109961 -0.389832 0.464635 152 152 102
0.363403 0.0759218 0.675837 0 0 255
-0.169351 -0.233473 0.625438 237 237 17
0.0864007 -0.00237429 0.690382 0 0 255
0.458659 0.267005 0.554898 245 245 9
0.235622 -0.263466 0.604972 172 172 82
0.357166 -0.164183 0.651609 3 3 251
0.481596 -0.0132925 0.641686 26 26 228
0.120187 -0.244604 0.617745 96 96 158
0.409822 0.187669 0.62801 28 28 226
0.230922 0.227808 0.629049 40 40 214
0.0956203 -0.146735 0.665859 0 0 255
0.0289609 -0.344003 0.530655 251 251 3
0.372282 0.255881 0.598359 132 132 122
0.312502 -0.139354 0.666846 0 0 255
0.499032 -0.198747 0.578031 243 243 11
0.282616 -0.0365701 0.689004 0 0 255
0.0374195 -0.0441131 0.688827 0 0 255
0.485939 -0.140703 0.613464 87 87 167
-0.107749 0.152938 0.663963 150 150 104
-0.309435 -0.208793 0.637646 65 65 189
0.5047 0.184003 0.582415 191 191 63
0.121202 -0.0182001 0.690422 0 0 255
0.258263 -0.0866721 0.681568 0 0 255
0.327888 -0.143407 0.663914 0 0 255
0.307115 0.305993 0.569518 202 202 52
0.582102 -0.275735 0.423453 81 81 173
0.28906 0.108458 0.677207 0 0 255
-0.117349 -0.393714 0.459402 65 65 189
0.566373 -0.0430354 0.582981 219 219 35
0.057812 0.388588 0.467831 194 194 60
0.249045 0.022182 0.689767 0 0 255
-0.190719 0.0587002 0.686791 227 227 27
0.337017 0.118205 0.670455 0 0 255
0.259246 -0.352091 0.520235 254 254 0
0.562545 -0.17537 0.541035 235 235 19
-0.335418 -0.159554 0.656811 196 196 58
0.497337 -0.0176378 0.633019 17 17 237
0.184173 -0.364864 0.503562 253 253 1
0.317381 -0.165054 0.657129 0 0 255
0.41631 -0.212998 0.612138 48 48 206
0.285843 -0.313266 0.563024 228 228 26
0.217361 -0.305514 0.570631 194 194 60
0.281219 0.184169 0.651593 0 0 255
0.448547 -0.104455 0.643159 0 0 255
-0.0066308 0.0174416 0.689976 46 46 208
0.236284 0.311574 0.565042 211 211 43
-0.0568119 -0.0588191 0.686266 76 76 178
0.662864 0.00704733 0.472324 193 193 61
0.103793 -0.248874 0.615658 139 139 115
0.0641578 -0.353574 0.519364 252 252 2
0.431648 0.130483 0.64287 0 0 255
0.365923 -0.252878 0.602556 151 151 103
-0.446959 0.147021 0.630797 0 0 255
0.459359 0.155383 0.621307 44 44 210
-0.068524 -0.344667 0.529581 207 207 47
0.356444 -0.269556 0.591773 148 148 106
0.0446575 0.345622 0.529215 248 248 6
0.293518 -0.411525 0.421438 107 107 147
0.000337381 0.00102348 0.690152 0 0 255
0.165765 -0.0429251 0.688092 0 0 255
0.438804 -0.00307927 0.66033 0 0 255
0.478568 0.199341 0.590363 170 170 84
0.468691 -0.129036 0.62692 82 82 172
0.468533 -0.0319147 0.646886 0 0 255
-0.258846 -0.0723169 0.685146 247 247 7
0.316087 -0.096318 0.678714 0 0 255
-0.368238 0.00204897 0.68149 191 191 63
0.094543 -0.0561102 0.686529 0 0 255
-0.0436341 -0.043165 0.688191 41 41 213
-0.0150475 0.0937117 0.680227 17 17 237
0.066947 -0.115537 0.675556 0 0 255
0.283286 0.206167 0.640906 44 44 210
0.326272 0.0426203 0.685804 0 0 255
-0.0154334 -0.0495259 0.687537 0 0 255
0.174676 0.192667 0.647022 11 11 243
0.482186 0.0184326 0.641274 93 93 161
-0.0245214 0.2118 0.637809 144 144 110
0.0456465 -0.0202632 0.690265 0 0 255
0.370062 -0.182022 0.641938 0 0 255
0.401473 -0.297931 0.554859 234 234 20
0.15026 -0.132311 0.670384 0 0 255
0.0305128 0.0839623 0.682505 0 0 255
0.434383 0.117846 0.646019 0 0 255
0.365245 0.224668 0.619917 7 7 247
0.287658 0.0603608 0.685888 0 0 255
0.44239 0.286271 0.545657 252 252 2
-0.241521 0.109037 0.677162 249 249 5
0.291889 -0.0100891 0.690064 0 0 255
0.361969 -0.333874 0.530429 254 254 0
0.312649 0.0876952 0.680432 0 0 255
0.412508 0.394182 0.411855 151 151 103
0.477402 0.157711 0.611145 53 53 201
-0.147115 0.175915 0.654957 210 210 44
0.555407 0.00447605 0.594445 217 217 37
0.464688 0.067129 0.64394 15 15 239
-0.301422 -0.00462105 0.689941 254 254 0
0.607015 0.221062 0.452379 86 86 168
0.402698 0.0916338 0.662609 0 0 255
-0.0234738 0.0324922 0.689668 0 0 255
0.182154 0.20687 0.639862 0 0 255
0.572663 0.0103056 0.580041 196 196 58
0.576996 -0.0262569 0.575726 252 252 2
0.300121 0.278217 0.593247 181 181 73
0.108822 0.192895 0.647208 0 0 255
0.278758 -0.167848 0.658004 0 0 255
0.432888 0.146035 0.636451 0 0 255
0.315291 0.0613207 0.684948 0 0 255
0.313199 -0.116391 0.6733 0 0 255
0.235535 0.00216961 0.690924 0 0 255
0.393912 -0.120844 0.65769 0 0 255
0.455763 -0.101678 0.64115 0 0 255
0.201715 0.0170253 0.690567 0 0 255
0.0704562 0.230306 0.62685 136 136 118
0.300559 0.276261 0.594594 164 164 90
0.0250213 -0.0251893 0.689412 0 0 255
0.0860101 0.124727 0.673136 0 0 255
0.0445225 -0.256462 0.609749 188 188 66
0.0111212 -0.0119694 0.690752 0 0 255
-0.308739 0.0905215 0.680125 245 245 9
-0.335306 0.122807 0.669138 180 180 74
0.145068 0.144121 0.666272 0 0 255
0.0518546 0.295827 0.5794 229 229 25
-0.0863258 0.0325679 0.688987 96 96 158
0.0555024 0.0197735 0.690059 0 0 255
0.333773 -0.0694898 0.681768 0 0 255
0.00308005 -0.350875 0.521457 209 209 45
0.488846 -0.0680711 0.631808 20 20 234
0.175199 0.0600077 0.686639 0 0 255
-0.224111 -0.207132 0.64011 241 241 13
-0.0177875 -0.084125 0.682536 17 17 237
0.270508 -0.312944 0.563368 202 202 52
-0.129401 -0.00669074 0.690228 116 116 138
0.22184 0.172422 0.65586 13 13 241
0.152913 0.0430148 0.688871 0 0 255
0.0209848 0.0136637 0.690747 0 0 255
0.147404 0.207378 0.639597 0 0 255
0.341331 0.214383 0.630628 32 32 222
-0.103045 0.333927 0.542808 167 167 87
0.0785572 0.0358424 0.688572 0 0 255
0.553863 0.0108894 0.595592 140 140 114
0.0417481 -0.0963828 0.680522 38 38 216
-0.084174 0.205951 0.640847 230 230 24
0.465076 -0.0598969 0.645308 0 0 255
0.449155 0.0911284 0.646173 0 0 255
0.450447 0.0893665 0.645871 0 0 255
0.147974 0.399441 0.448153 168 168 86
0.128745 0.143705 0.666593 0 0 255
0.137953 -0.31124 0.565168 242 242 12
0.337915 -0.25491 0.606301 161 161 93
-0.104385 -0.0391582 0.689155 187 187 67
0.370056 -0.257478 0.597633 153 153 101
0.282677 0.215642 0.635973 0 0 255
0.0517229 0.27554 0.596512 197 197 57
-0.0386541 -0.0898738 0.681766 0 0 255
0.139759 0.132936 0.670034 0 0 255
-0.320366 0.292952 0.579043 74 74 180
0.607329 -0.045718 0.543114 253 253 1
0.463406 -0.133364 0.628155 0 0 255
-0.448469 0.0719604 0.650125 23 23 231
-0.166607 -0.223002 0.631614 254 254 0
0.13581 0.044967 0.688697 0 0 255
0.517815 0.121003 0.601055 198 198 56
0.362354 0.166646 0.649498 0 0 255
0.164349 0.0641575 0.686239 0 0 255
0.269565 -0.365465 0.502962 219 219 35
0.541825 -0.258692 0.49681 190 190 64
0.316402 -0.107296 0.67536 0 0 255
0.20927 -0.0654314 0.685457 0 0 255
0.234607 -0.363351 0.506781 207 207 47
0.0244468 0.148401 0.665087 0 0 255
0.258923 -0.189409 0.648244 35 35 219
-0.0830972 -0.103225 0.678091 85 85 169
0.631779 -0.00168737 0.517367 253 253 1
0.664605 -0.0590257 0.461814 217 217 37
-0.15858 0.000966285 0.690455 168 168 86
-0.285029 -0.110326 0.677184 253 253 1
0.280028 -0.108895 0.677304 0 0 255
0.502797 -0.0117987 0.630187 36 36 218
0.230205 0.410615 0.424343 163 163 91
0.669627 -0.0690601 0.450556 143 143 111
-0.493017 0.0107273 0.635145 0 0 255
0.0812393 -0.166221 0.658484 0 0 255
-0.0120006 -0.317216 0.559398 233 233 21
-0.0846716 -0.268413 0.601967 254 254 0
0.366568 -0.17362 0.646118 0 0 255
0.204565 -0.0118134 0.690541 0 0 255
-0.207347 -0.319629 0.557005 169 169 85
0.429536 0.244738 0.585567 229 229 25
-0.233765 -0.333469 0.541969 0 0 255
-0.0257172 -0.318112 0.559007 252 252 2
0.429855 -0.117611 0.646915 0 0 255
0.473101 0.135748 0.62187 30 30 224
0.0410608 -0.0475031 0.688223 0 0 255
0.0526029 -0.0637384 0.686291 0 0 255
0.274622 -0.140653 0.667796 0 0 255
0.453562 0.00521793 0.654618 0 0 255
-0.0940373 -0.000869432 0.690223 116 116 138
0.00130428 0.0373629 0.689007 0 0 255
-0.225643 -0.16321 0.659863 252 252 2
0.0944623 0.069112 0.685547 0 0 255
0.417591 0.0612959 0.663326 0 0 255
0.382164 0.115449 0.663168 0 0 255
0.0930028 0.251161 0.613602 155 155 99
0.441035 -0.361227 0.453184 215 215 39
0.544048 0.332109 0.385742 2 2 252
0.667282 -0.00771568 0.4649 105 105 149
-0.0942614 0.0462395 0.688226 16 16 238
0.556304 0.092278 0.581286 210 210 44
0.00689375 -0.169613 0.656863 63 63 191
0.477542 -0.29766 0.512263 244 244 10
-0.0674174 -0.360367 0.509505 204 204 50
0.186638 0.34129 0.533511 254 254 0
0.490057 -0.365958 0.394273 101 101 153
0.139914 0.039768 0.689172 0 0 255
0.279849 0.184612 0.650437 0 0 255
-0.207561 -0.0952438 0.680342 254 254 0
0.199904 0.10199 0.678933 0 0 255
0.205163 0.147995 0.665641 0 0 255
0.201532 0.0815891 0.683314 0 0 255
-0.167168 0.374664 0.489212 0 0 255
-0.264718 -0.336129 0.540074 36 36 218
-0.343002 0.0142041 0.685775 235 235 19
-0.0234071 -0.0759794 0.683925 0 0 255
0.293851 0.141765 0.66745 0 0 255
0.427835 -0.108198 0.650921 0 0 255
0.0699272 0.0154708 0.690483 0 0 255
-0.156003 -0.157693 0.662221 209 209 45
0.124218 -0.233311 0.625389 140 140 114
0.447672 -0.0266748 0.656518 0 0 255
0.0107427 0.127639 0.672532 0 0 255
-0.287913 -0.075741 0.683684 254 254 0
0.184801 0.124127 0.673148 0 0 255
0.1919 -0.0502067 0.687399 0 0 255
0.178524 0.107329 0.677179 0 0 255
-0.00648894 0.148825 0.664694 122 122 132
0.186604 0.020745 0.690193 0 0 255
-0.116513 -0.0903873 0.68177 176 176 78
0.00846567 0.104244 0.677849 0 0 255
0.479521 -0.140906 0.616695 31 31 223
-0.125826 0.211961 0.637603 225 225 29
0.0668978 -0.00591437 0.690938 0 0 255
0.408843 0.256588 0.586501 139 139 115
0.12425 -0.0488426 0.688066 0 0 255
-0.0234581 -0.0319171 0.689385 0 0 255
0.488978 -0.137049 0.613961 59 59 195
0.0374342 0.33038 0.546394 249 249 5
0.010612 0.00275076 0.690068 0 0 255
0.491262 0.26937 0.530768 249 249 5
-0.206706 -0.0297795 0.689762 211 211 43
-0.114887 0.150357 0.664999 167 167 87
-0.180034 -0.127532 0.671799 244 244 10
0.452699 -0.0826706 0.646711 0 0 255
-0.0115198 -0.0540021 0.687631 0 0 255
-0.256304 0.140432 0.668182 254 254 0
0.503659 -0.115274 0.612258 51 51 203
0.0922727 -0.00562354 0.690272 0 0 255
0.169705 -0.109242 0.677474 0 0 255
0.0583839 -0.108699 0.676725 0 0 255
0.015695 0.0167594 0.689927 0 0 255
0.302825 0.177384 0.653747 0 0 255
0.0214836 -0.0602418 0.686268 0 0 255
0.365221 -0.0972828 0.670657 0 0 255
0.00174801 0.175626 0.6544 46 46 208
0.38959 -0.0893106 0.667009 0 0 255
0.252229 -0.230719 0.626533 0 0 255
0.355539 0.0210337 0.683595 0 0 255
-0.0270719 -0.16953 0.656811 171 171 83
0.516731 -0.0617443 0.61616 78 78 176
-0.0347547 0.0961803 0.67964 0 0 255
0.370377 -0.253321 0.600988 109 109 145
0.474472 0.127102 0.624913 125 125 129
0.605957 -0.173364 0.495346 214 214 40
-0.191881 -0.288474 0.585473 228 228 26
0.554017 -0.198968 0.53505 254 254 0
0.534244 -0.0529496 0.606794 78 78 176
0.473061 -0.225108 0.577281 226 226 28
0.440714 -0.0714339 0.653374 0 0 255
0.0883873 0.0500522 0.687249 0 0 255
0.329878 0.234535 0.62117 27 27 227
0.504421 -0.110976 0.61323 68 68 186
0.135142 -0.253441 0.612427 188 188 66
0.359068 0.149086 0.657719 0 0 255
0.360886 0.00599715 0.682564 0 0 255
0.077013 -0.037759 0.688509 0 0 255
0.35338 0.203256 0.63484 0 0 255
-0.0489097 0.112912 0.676178 5 5 249
0.345687 0.4182 0.392161 0 0 255
0.282994 -0.232999 0.625767 0 0 255
-0.0348226 -0.211201 0.637478 214 214 40
0.384232 -0.127498 0.658172 0 0 255
0.463844 -0.0850334 0.641315 0 0 255
0.143436 -0.0184012 0.690574 0 0 255
0.515826 0.104839 0.607875 115 115 139
-0.022608 0.131624 0.670848 139 139 115
0.287932 -0.379048 0.483125 242 242 12
-0.375822 -0.155064 0.651294 0 0 255
0.372962 0.114079 0.665004 0 0 255
0.157868 0.259539 0.607773 169 169 85
0.308851 0.128302 0.670953 0 0 255
0.11709 0.0993668 0.67936 0 0 255
-0.260036 0.0586674 0.686557 251 251 3
0.313673 0.208365 0.6373 0 0 255
0.129985 0.0807955 0.68313 0 0 255
-0.203262 -0.0726642 0.684588 221 221 33
0.323102 -0.086121 0.679547 0 0 255
-0.349568 -0.278867 0.586604 0 0 255
0.647855 0.034418 0.494433 235 235 19
-0.112035 -0.0934322 0.681 129 129 125
0.388261 0.130422 0.656997 0 0 255
0.106359 -0.080119 0.683419 0 0 255
0.674928 -0.0621636 0.441777 126 126 128
-0.107958 -0.0137582 0.690493 115 115 139
0.103836 0.158037 0.661483 0 0 255
0.112772 -0.153287 0.664033 0 0 255
-0.107742 0.0370114 0.689037 75 75 179
0.376002 0.0162375 0.679359 0 0 255
0.373218 0.0918877 0.6707 0 0 255
0.196443 0.209193 0.63874 0 0 255
0.538519 -0.186137 0.555722 235 235 19
0.4847 0.0131554 0.640158 0 0 255
0.27832 0.229597 0.627425 18 18 236
0.451412 -0.107984 0.641703 0 0 255
-0.188239 -0.107443 0.677039 244 244 10
0.518135 -0.0305661 0.619356 32 32 222
0.0612639 -0.163643 0.659909 104 104 150
0.00588525 -0.112453 0.67599 0 0 255
0.0982204 0.279922 0.593216 249 249 5
0.315253 0.183777 0.649562 0 0 255
0.442414 0.145197 0.633554 79 79 175
0.336322 -0.102865 0.674615 0 0 255
-0.360875 -0.0140285 0.682463 223 223 31
-0.194994 -0.0185042 0.6902 218 218 36
-0.359271 -0.209296 0.630729 124 124 130
-0.132028 -0.292776 0.581686 250 250 4
-0.0298687 -0.284949 0.588383 251 251 3
0.476069 0.297512 0.512823 246 246 8
0.480223 0.180301 0.599847 127 127 127
-0.4092 -0.0225877 0.670472 35 35 219
0.532188 0.0924002 0.599609 221 221 33
0.325159 -0.0194855 0.687082 0 0 255
0.441566 0.343284 0.481728 230 230 24
0.507386 -0.0211992 0.626966 32 32 222
-0.335056 -0.140603 0.664042 200 200 54
0.0743166 -0.0961395 0.680182 0 0 255
0.325105 0.371885 0.489033 243 243 11
-0.379742 -0.0162584 0.678888 79 79 175
0.422294 0.163896 0.633853 0 0 255
0.408597 0.114805 0.655434 0 0 255
-0.381545 -0.111904 0.663623 131 131 123
-0.2845 -0.0324601 0.689404 244 244 10
-0.127612 0.162864 0.660181 222 222 32
-0.116958 -0.107652 0.677371 146 146 108
0.350305 0.0795109 0.676928 0 0 255
0.28339 -0.126483 0.672811 0 0 255
0.357271 0.0455508 0.680707 0 0 255
-0.0545161 0.0706869 0.684931 62 62 192
0.504112 0.343452 0.422536 0 0 255
0.142406 0.0813194 0.682801 0 0 255
0.103641 0.144073 0.66635 0 0 255
-0.0701659 0.0507735 0.687636 32 32 222
0.240382 -0.235371 0.624202 110 110 144
-0.106413 0.1006 0.679016 173 173 81
0.226431 0.0543089 0.687066 0 0 255
0.0279665 -0.274922 0.596786 229 229 25
0.19096 0.155866 0.662856 0 0 255
0.460482 -0.143611 0.625611 0 0 255
0.00259823 0.0254269 0.689519 0 0 255
0.381434 0.0806236 0.670943 0 0 255
0.411503 -0.223188 0.60719 101 101 153
0.433894 0.00709457 0.66204 0 0 255
0.31783 0.00549982 0.688198 0 0 255
-0.066115 -0.207117 0.639967 186 186 68
0.201711 0.0624213 0.686513 0 0 255
0.443749 -0.0386874 0.65642 0 0 255
0.219604 0.168742 0.657914 0 0 255
0.252859 0.180926 0.652821 0 0 255
0.0267594 -0.219577 0.632726 138 138 116
0.0678522 -0.112068 0.676331 0 0 255
0.196483 -0.0593419 0.686958 0 0 255
0.155374 -0.17585 0.654933 0 0 255
0.286711 -0.253135 0.611888 137 137 117
0.356362 0.293773 0.572414 216 216 38
-0.223538 0.14078 0.668309 242 242 12
0.0914533 0.102448 0.678453 0 0 255
0.191371 -0.0634064 0.686452 0 0 255
-0.368376 0.269625 0.588702 0 0 255
0.231345 0.0753419 0.683662 0 0 255
0.145425 -0.0849308 0.682515 0 0 255
0.257679 -0.149406 0.664835 0 0 255
-0.0626303 0.260166 0.607672 243 243 11
0.650027 -0.142912 0.447781 206 206 48
0.0930303 0.189313 0.649111 76 76 178
-0.380749 -0.246545 0.601958 0 0 255
0.575998 0.190941 0.517247 253 253 1
0.602445 -0.178347 0.495483 248 248 6
-0.0264166 0.1289 0.672158 51 51 203
-0.424728 0.0447019 0.662911 0 0 255
0.373753 -0.15725 0.651151 0 0 255
0.547742 -0.139668 0.57169 189 189 65
0.400258 0.122789 0.655621 0 0 255
0.479388 0.164979 0.60677 91 91 163
0.0104585 -0.0664938 0.685525 0 0 255
0.595887 0.00539254 0.558872 222 222 32
0.390475 -0.411564 0.382008 0 0 255
-0.0979124 -0.372661 0.49267 153 153 101
0.14114 0.380361 0.481488 226 226 28
-0.0493344 -0.0323968 0.68936 0 0 255
0.194972 -0.186876 0.649359 0 0 255
0.149126 -0.16568 0.658951 5 5 249
0.398641 -0.160919 0.642979 0 0 255
-0.235636 -0.0557862 0.687271 243 243 11
0.597408 0.221002 0.467794 228 228 26
0.170571 0.145058 0.666479 0 0 255
0.247346 0.397043 0.451356 194 194 60
0.335795 0.261211 0.602484 117 117 137
0.309861 0.00658236 0.689768 0 0 255
0.381596 -0.142826 0.654091 0 0 255
0.114583 -0.185025 0.650189 0 0 255
0.406525 -0.293257 0.556652 252 252 2
0.064089 0.0298081 0.689038 0 0 255
0.46793 -0.0242424 0.648033 0 0 255
0.099277 0.311311 0.565213 228 228 26
0.406963 0.0236498 0.671057 0 0 255
0.392734 0.303399 0.551633 251 251 3
0.52148 0.125294 0.596839 222 222 32
0.0818107 0.0232507 0.690359 0 0 255
-0.0819309 -0.0317835 0.689086 82 82 172
0.540737 0.131803 0.580714 210 210 44
0.507309 -0.141542 0.600074 123 123 131
-0.142626 0.370359 0.495622 7 7 247
0.355044 -0.226212 0.621641 58 58 196
0.0567808 0.0338505 0.688959 0 0 255
0.122169 0.142037 0.66743 0 0 255
-0.0143957 -0.155756 0.663006 44 44 210
0.296136 -0.309253 0.566465 203 203 51
-0.113717 0.245596 0.617043 243 243 11
0.114507 0.0588693 0.686889 0 0 255
0.534205 0.225751 0.533115 254 254 0
0.381394 -0.0694758 0.672744 0 0 255
0.562631 0.0464333 0.585821 176 176 78
0.424881 -0.0176601 0.665216 0 0 255
0.24649 0.0128153 0.690572 0 0 255
0.381261 0.189838 0.635552 0 0 255
0.440607 0.384179 0.408424 0 0 255
-0.0256419 -0.302364 0.573357 251 251 3
0.185461 0.0125305 0.689857 0 0 255
0.0317704 0.0635033 0.686111 0 0 255
0.275227 0.207747 0.639421 0 0 255
0.2287 -0.162771 0.660419 0 0 255
0.416692 -0.369791 0.455676 115 115 139
0.315575 -0.351557 0.518178 253 253 1
0.316623 0.174091 0.653728 13 13 241
-0.0974234 -0.0266321 0.689943 65 65 189
-0.239508 0.00461746 0.690623 231 231 23
0.0840422 -0.0390177 0.6889 0 0 255
0.570551 -0.0496869 0.578327 203 203 51
0.462132 -0.325883 0.490734 174 174 80
-0.0416112 0.0350388 0.689457 0 0 255
0.594714 -0.100731 0.543317 241 241 13
0.437471 0.0236202 0.660975 0 0 255
0.167896 -0.0995942 0.679836 0 0 255
0.0203107 -0.0193581 0.690371 0 0 255
0.366453 0.0766334 0.674568 0 0 255
-0.162983 0.19926 0.643718 252 252 2
0.377868 -0.101927 0.667179 0 0 255
0.365151 0.143425 0.657866 0 0 255
0.126816 -0.0892845 0.681687 0 0 255
-0.162241 -0.234589 0.624591 241 241 13
0.457438 0.0479807 0.650038 0 0 255
0.0403079 -0.11853 0.6751 0 0 255
-0.1082 0.073348 0.684639 115 115 139
0.346011 -0.215369 0.629598 45 45 209
-0.278581 -0.127779 0.67163 242 242 12
0.426413 0.20574 0.612383 74 74 180
-0.218684 0.176069 0.654272 251 251 3
0.371943 -0.113664 0.66565 0 0 255
0.223091 0.17983 0.652497 0 0 255
0.273785 0.241893 0.619777 80 80 174
0.515237 -0.155254 0.589393 181 181 73
0.441368 -0.12496 0.640199 0 0 255
-0.00118412 -0.0471999 0.688167 0 0 255
-0.0561147 0.114706 0.676136 181 181 73
0.313914 0.0547565 0.685537 0 0 255
0.405281 0.0194637 0.671291 0 0 255
0.266178 0.140019 0.668563 0 0 255
0.47807 -0.0524589 0.640492 0 0 255
0.30011 -0.200101 0.643146 41 41 213
-0.26089 0.146353 0.665606 252 252 2
0.496577 -0.0463423 0.631336 25 25 229
0.467204 0.00384268 0.648977 0 0 255
0.281396 -0.361519 0.508965 223 223 31
0.0942626 -0.358936 0.511559 219 219 35
0.26077 0.111107 0.676875 0 0 255
0.336041 -0.0642601 0.68183 0 0 255
0.461987 -0.122578 0.632492 0 0 255
0.0188206 0.191558 0.648084 186 186 68
0.020606 -0.148666 0.664779 53 53 201
0.41318 0.226957 0.605261 73 73 181
0.400137 0.0271786 0.672758 0 0 255
-0.130069 0.128339 0.671646 177 177 77
0.398397 -0.154355 0.645791 0 0 255
0.0893995 0.147623 0.665165 0 0 255
0.437884 -0.0635252 0.656431 0 0 255
-0.337075 -0.0145792 0.686683 241 241 13
-0.0632773 0.0968246 0.680071 21 21 233
-0.124808 0.355885 0.516697 0 0 255
0.432918 -0.0109548 0.66259 0 0 255
-0.190634 -0.0185471 0.690121 184 184 70
-0.113958 0.205681 0.640274 247 247 7
-0.163761 -0.0374403 0.688992 200 200 54
-0.126742 -0.017795 0.689917 106 106 148
0.0151037 -0.290835 0.584131 230 230 24
-0.0614868 -0.296836 0.578777 254 254 0
0.468722 0.0690095 0.64194 0 0 255
0.403341 0.0104435 0.672272 0 0 255
-0.0981079 -0.299819 0.575486 251 251 3
-0.0985609 0.00380297 0.690338 20 20 234
0.294562 -0.221958 0.632024 0 0 255
0.522536 -0.00713322 0.618257 171 171 83
-0.00386758 -0.305068 0.571635 246 246 8
0.0200007 0.174928 0.654762 55 55 199
0.43139 -0.359302 0.464222 214 214 40
0.116692 0.20292 0.642058 0 0 255
0.418096 -0.132955 0.646496 0 0 255
0.123961 -0.195703 0.645971 85 85 169
0.322204 -0.221057 0.630219 5 5 249
0.379053 -0.319353 0.541525 249 249 5
-0.0677804 0.160079 0.660864 212 212 42
0.395478 0.301741 0.55251 237 237 17
0.475253 0.17449 0.605403 191 191 63
0.328806 -0.120093 0.671289 0 0 255
0.0553936 -0.264926 0.604174 189 189 65
-0.10705 0.131223 0.670607 199 199 55
0.531198 -0.0254574 0.610882 31 31 223
0.00349222 -0.118884 0.674641 0 0 255
0.198809 0.118889 0.674835 0 0 255
0.441407 -0.109536 0.645469 0 0 255
0.323038 0.232049 0.62297 125 125 129
0.299015 0.355609 0.515852 254 254 0
-0.154031 -0.061802 0.685764 208 208 46
0.408895 0.172231 0.634424 0 0 255
0.437619 0.109561 0.646024 66 66 188
0.460599 -0.356225 0.444875 171 171 83
0.198588 0.154061 0.663111 0 0 255
-0.0351061 0.14397 0.666429 160 160 94
0.266676 0.0762491 0.683548 0 0 255
0.509234 0.0942346 0.614032 32 32 222
0.545721 0.103971 0.586295 186 186 68
0.526223 -0.0797816 0.607231 186 186 68
0.589691 0.015893 0.564532 233 233 21
0.521941 0.101519 0.604279 96 96 158
0.313799 -0.0313565 0.68832 0 0 255
-0.143858 -0.327359 0.549587 217 217 37
-0.125682 0.381619 0.478761 32 32 222
0.037137 -0.0661599 0.685775 0 0 255
0.331373 -0.0915752 0.677898 0 0 255
0.0686552 -0.0937119 0.680645 0 0 255
0.52697 -0.0267768 0.614072 161 161 93
-0.314518 -0.297231 0.576258 81 81 173
0.162575 -0.228509 0.628215 108 108 146
-0.0168872 0.122435 0.673883 0 0 255
0.572317 0.0746782 0.571638 254 254 0
0.379751 -0.28648 0.572776 252 252 2
0.578918 0.0427992 0.571841 208 208 46
-0.232358 0.172571 0.655638 251 251 3
0.342185 0.12091 0.669366 0 0 255
-0.214986 0.388461 0.467041 0 0 255
-0.0589029 -0.254509 0.611465 223 223 31
0.401643 -0.204392 0.622006 19 19 235
0.407929 -0.00848522 0.670659 0 0 255
0.288333 0.176243 0.654757 0 0 255
0.23774 -0.423731 0.391125 100 100 154
0.368885 0.0710519 0.675139 0 0 255
-0.141105 -0.26261 0.605674 254 254 0
0.427205 -0.1932 0.618725 28 28 226
0.0924508 -0.231188 0.626121 81 81 173
0.616424 0.151281 0.495939 248 248 6
-0.0444811 0.175487 0.655083 122 122 132
0.441377 -0.157297 0.628497 0 0 255
0.383306 -0.199177 0.629507 0 0 255
0.510249 0.264313 0.520037 246 246 8
-0.154499 0.259774 0.608044 254 254 0
0.0610116 0.0235405 0.689756 0 0 255
-0.178006 -0.319514 0.55772 205 205 49
0.380934 -0.0482409 0.675491 0 0 255
-0.0617178 0.090079 0.681712 0 0 255
0.0332842 -0.0827164 0.682932 0 0 255
-0.184975 -0.210604 0.638332 253 253 1
0.477023 -0.047327 0.641386 0 0 255
0.40405 -0.391932 0.422687 137 137 117
-0.304485 -0.257824 0.608739 95 95 159
-0.0767444 0.0623382 0.686054 105 105 149
0.0202361 0.166764 0.658666 1 1 253
0.563712 -0.271482 0.456345 181 181 73
0.415548 0.192689 0.622502 27 27 227
0.188963 -0.0143736 0.690502 0 0 255
0.217198 0.197354 0.644955 0 0 255
0.489965 0.0624751 0.632145 51 51 203
0.102725 -0.0245719 0.690108 0 0 255
0.14655 -0.264176 0.60446 190 190 64
-0.0308578 -0.166933 0.657961 164 164 90
-0.0992137 -0.205624 0.641148 195 195 59
0.303868 -0.11595 0.675005 0 0 255
-0.299144 0.199154 0.643033 217 217 37
0.460004 0.0554125 0.648047 0 0 255
0.36504 0.223069 0.621074 0 0 255
0.373807 -0.111225 0.665328 0 0 255
0.413113 -0.141914 0.64539 43 43 211
0.480826 0.27209 0.536304 249 249 5
0.465324 -0.11716 0.631839 0 0 255
-0.187366 0.327075 0.549014 0 0 255
-0.346649 0.0294371 0.684671 220 220 34
0.0739496 -0.0409947 0.688326 0 0 255
0.175507 -0.141304 0.667834 0 0 255
0.503874 -0.307819 0.477871 242 242 12
0.104963 -0.114656 0.675675 0 0 255
0.0808799 -0.176052 0.654807 0 0 255
-0.056958 0.130902 0.670891 70 70 184
-0.22745 -0.282433 0.591199 66 66 188
0.129523 -0.130291 0.671695 0 0 255
0.320882 0.324296 0.549561 230 230 24
0.041701 0.288574 0.585988 228 228 26
0.0631125 0.126422 0.672118 0 0 255
0.275456 0.0843849 0.682398 0 0 255
0.139008 0.290555 0.584628 239 239 15
0.378102 -0.107092 0.665561 0 0 255
0.526932 0.170822 0.57334 171 171 83
0.154823 0.267321 0.60284 157 157 97
0.602297 0.232177 0.449234 196 196 58
0.524062 0.0877437 0.60688 141 141 113
0.659146 0.0152798 0.479257 240 240 14
0.383402 0.0766509 0.67082 0 0 255
0.326688 -0.137314 0.666644 0 0 255
0.148374 0.395255 0.455431 42 42 212
0.483494 0.0790579 0.632174 116 116 138
0.148669 0.0603816 0.685959 0 0 255
0.48106 0.044017 0.639716 0 0 255
0.290567 0.337118 0.53863 248 248 6
0.177398 -0.286581 0.587744 185 185 69
0.449527 -0.0767063 0.649565 0 0 255
0.225913 -0.182526 0.651869 0 0 255
-0.0405897 0.154094 0.663189 118 118 136
0.273643 0.222968 0.631592 0 0 255
0.147509 -0.102911 0.678779 0 0 255
-0.0999693 0.371747 0.49325 0 0 255
0.445639 -0.293664 0.53774 251 251 3
0.40449 -0.0230073 0.671203 0 0 255
0.148306 -0.0503197 0.687726 0 0 255
0.225633 -0.269244 0.60112 109 109 145
-0.0856078 0.121477 0.673381 170 170 84
0.04374 -0.161973 0.660134 81 81 173
-0.126285 0.0987493 0.679932 183 183 71
-0.051451 0.00962416 0.690414 0 0 255
0.0503122 -0.231863 0.62655 227 227 27
-0.197954 -0.0250768 0.689362 225 225 29
0.0596511 -0.196289 0.645402 24 24 230
-0.0700285 0.128792 0.671849 89 89 165
0.303217 -0.0832669 0.681606 0 0 255
0.417946 0.134675 0.646465 0 0 255
0.44225 0.240344 0.583776 247 247 7
0.430936 -0.145075 0.638091 0 0 255
-0.196545 -0.204556 0.641407 253 253 1
0.560723 0.00381834 0.589684 183 183 71
-0.00185775 0.0750472 0.684112 0 0 255
0.227845 -0.170781 0.657228 0 0 255
0.215148 -0.12991 0.671667 0 0 255
-0.205483 -0.310488 0.566291 95 95 159
0.0480417 0.311163 0.565586 254 254 0
0.370327 -0.166966 0.647958 0 0 255
0.0577769 -0.136098 0.669719 0 0 255
-0.200018 -0.111691 0.67651 232 232 22
0.249709 0.141283 0.667864 0 0 255
-0.0779652 0.217843 0.634476 221 221 33
0.0735157 -0.0387905 0.688349 0 0 255
-0.0551244 -0.23969 0.621672 254 254 0
-0.0721894 -0.267262 0.602655 243 243 11
0.247237 -0.0816493 0.682743 0 0 255
-0.391748 -0.063496 0.670978 156 156 98
0.128987 -0.0876489 0.682014 0 0 255
0.390874 0.208057 0.623145 32 32 222
0.235424 0.0783156 0.683865 0 0 255
-0.227147 0.208745 0.639648 254 254 0
0.43897 0.306781 0.527857 234 234 20
0.526821 0.221248 0.5426 249 249 5
-0.0435029 0.303121 0.572974 254 254 0
0.447502 0.0254554 0.656356 0 0 255
-0.288744 0.0622612 0.686025 254 254 0
-0.0619747 -0.236067 0.623855 228 228 26
0.356334 0.179416 0.645498 0 0 255
0.00732588 -0.0413311 0.688113 0 0 255
0.183696 -0.0425458 0.688599 0 0 255
0.278332 -0.132665 0.670227 0 0 255
0.00483857 0.0611885 0.686661 0 0 255
0.228647 -0.0560876 0.686872 0 0 255
0.134208 -0.274881 0.597167 231 231 23
0.379162 0.0646405 0.673871 0 0 255
0.0522736 -0.138205 0.668553 0 0 255
0.0851564 -0.150412 0.6646 0 0 255
-0.24094 -0.2655 0.603666 225 225 29
0.328409 0.0969186 0.676629 0 0 255
-0.362584 0.0134325 0.68174 195 195 59
0.180901 0.205231 0.640721 0 0 255
0.276684 -0.0274014 0.68965 0 0 255
0.485654 0.245355 0.555036 222 222 32
0.45598 0.0650659 0.648934 0 0 255
-0.211446 0.23115 0.627052 253 253 1
0.011695 0.0683286 0.684824 0 0 255
0.186332 -0.0785923 0.68386 0 0 255
0.158885 0.216942 0.63507 0 0 255
0.235652 0.154045 0.663602 0 0 255
-0.104109 0.27017 0.600339 253 253 1
0.385484 0.132854 0.657091 0 0 255
0.0107624 0.125843 0.672083 57 57 197
0.297163 0.0723643 0.683884 0 0 255
0.11945 0.131214 0.670452 0 0 255
-0.0224861 -0.0230553 0.690294 0 0 255
-0.124103 -0.00788773 0.690465 176 176 78
-0.229591 0.226865 0.629629 249 249 5
-0.0714325 -0.09154 0.681545 38 38 216
0.484726 0.0031434 0.639776 0 0 255
0.103854 -0.0490318 0.687353 0 0 255
0.043378 0.000331676 0.690835 0 0 255
0.151034 0.163522 0.660085 0 0 255
0.252034 -0.0479671 0.687987 0 0 255
0.646612 0.00574917 0.497554 229 229 25
0.309048 -0.334786 0.539133 253 253 1
0.376284 -0.0642655 0.674835 0 0 255
0.13825 0.173372 0.655822 0 0 255
-0.193221 -0.00587247 0.690728 230 230 24
0.0938822 -0.299309 0.576217 236 236 18
0.228886 0.0907295 0.681253 0 0 255
-0.18437 -0.160041 0.660641 232 232 22
0.344867 -0.218512 0.627812 35 35 219
0.0594823 -0.180976 0.652153 26 26 228
0.503023 -0.0031471 0.629584 107 107 147
0.166516 -0.230008 0.627838 152 152 102
-0.0644943 0.304601 0.571519 216 216 38
-0.235039 -0.230215 0.627183 249 249 5
0.333989 -0.206087 0.636685 0 0 255
-0.0341082 0.00250511 0.69038 0 0 255
0.42872 -0.0767089 0.657384 0 0 255
0.0839267 0.0912059 0.681481 0 0 255
0.272538 0.153786 0.663565 0 0 255
0.216985 -0.102174 0.678567 0 0 255
0.168607 0.188369 0.648971 0 0 255
-0.100505 0.0876406 0.681837 92 92 162
-0.138459 -0.250116 0.614836 240 240 14
-0.0618007 0.0840684 0.682878 22 22 232
0.176519 0.369019 0.498826 240 240 14
-0.0258283 0.423297 0.392211 0 0 255
0.345528 -0.351985 0.512428 241 241 13
0.230748 0.197043 0.64498 0 0 255
0.09432 0.0903029 0.680947 0 0 255
0.193511 -0.14956 0.664521 0 0 255
0.24559 -0.258842 0.609009 50 50 204
-0.152809 0.35532 0.51695 134 134 120
0.00319005 -0.0676948 0.685222 22 22 232
-0.00559674 0.0329919 0.689315 0 0 255
0.122661 0.392602 0.460637 53 53 201
0.14147 -0.0761793 0.683842 0 0 255
0.382896 -0.129508 0.658217 0 0 255
0.40822 0.140142 0.648211 0 0 255
0.418629 -0.307685 0.537328 238 238 16
0.402527 -0.114587 0.65718 0 0 255
0.358055 -0.142162 0.659554 0 0 255
0.466625 0.0454916 0.645987 0 0 255
0.630118 -0.0212451 0.518637 254 254 0
0.0975911 0.0660173 0.685794 0 0 255
0.525843 -0.341395 0.396759 113 113 141
0.477163 -0.110688 0.628184 138 138 116
0.439869 0.00457785 0.659858 0 0 255
0.436002 0.191018 0.61637 72 72 182
0.0296795 0.0562348 0.687094 0 0 255
0.109737 -0.0412668 0.688955 0 0 255
0.089901 0.156228 0.662792 0 0 255
-0.240313 -0.0888753 0.681617 254 254 0
0.28413 0.0276523 0.689606 0 0 255
-0.0970811 -0.0593396 0.686246 70 70 184
0.0493775 -0.0366886 0.688666 0 0 255
0.507306 -0.333261 0.437887 193 193 61
0.307842 -0.198942 0.643376 0 0 255
-0.16487 0.388046 0.468061 0 0 255
0.420941 -0.0167541 0.667113 0 0 255
-0.273514 -0.0836573 0.68257 252 252 2
0.0970083 -0.140143 0.6676 0 0 255
0.450144 -0.0922475 0.645838 50 50 204
-0.0183605 0.0289738 0.689636 8 8 246
-0.258575 -0.0269886 0.68986 249 249 5
0.543775 -0.200144 0.543274 254 254 0
0.313136 -0.358335 0.510289 247 247 7
0.255412 0.371739 0.493721 210 210 44
-0.113434 0.0632594 0.685819 151 151 103
0.435893 -0.299469 0.537166 254 254 0
-0.0162009 -0.113712 0.676341 0 0 255
0.322713 0.122866 0.670914 0 0 255
0.570917 -0.0285387 0.580937 241 241 13
0.329625 -0.150907 0.661643 0 0 255
-0.0750751 0.153771 0.663824 160 160 94
0.408645 0.0995988 0.659027 0 0 255
0.0340417 0.27754 0.594605 225 225 29
-0.0827017 -0.0119065 0.690791 77 77 177
0.465478 0.110207 0.634774 39 39 215
0.299951 0.183196 0.651019 0 0 255
0.0657457 -0.0919292 0.68108 0 0 255
0.466832 0.189699 0.601783 126 126 128
0.438255 -0.140754 0.636495 0 0 255
0.316317 -0.0654418 0.684212 0 0 255
-0.0269597 -0.30986 0.567166 226 226 28
0.0893783 0.252631 0.613382 192 192 62
0.0590763 0.135499 0.669456 0 0 255
0.4281 -0.13711 0.64215 0 0 255
0.414702 0.19944 0.620194 71 71 183
0.489223 -0.101204 0.624944 3 3 251
0.273664 -0.0961061 0.67991 0 0 255
-0.12602 -0.266404 0.603727 253 253 1
0.193657 0.000904987 0.690892 0 0 255
0.490372 0.0567042 0.632856 0 0 255
0.192695 0.250013 0.614673 170 170 84
-0.346397 0.237574 0.616176 81 81 173
0.345332 0.0227077 0.6848 0 0 255
0.461129 0.143673 0.625891 11 11 243
0.114973 0.236562 0.62334 154 154 100
0.445134 -0.342189 0.480173 152 152 102
0.526586 -0.314486 0.443958 196 196 58
0.47654 0.118081 0.626409 0 0 255
0.215175 0.156983 0.662315 0 0 255
0.00150085 0.0750671 0.684191 0 0 255
0.296226 0.152377 0.663222 0 0 255
-0.215183 -0.132862 0.670299 246 246 8
0.0332335 -0.0413234 0.688527 0 0 255
0.366749 -0.247442 0.605448 84 84 170
0.571078 0.0329395 0.580146 218 218 36
0.233017 -0.00117922 0.690756 0 0 255
0.45562 0.111682 0.638254 33 33 221
0.0954774 0.25641 0.610284 161 161 93
0.430902 0.168825 0.628983 0 0 255
0.248624 -0.279104 0.593285 146 146 108
0.295373 -0.173281 0.654907 0 0 255
0.0924775 0.0154766 0.690247 0 0 255
0.0167611 0.104847 0.678411 0 0 255
-0.316162 0.254945 0.609594 153 153 101
-0.220824 0.0892659 0.681141 252 252 2
-0.294075 0.329649 0.546404 49 49 205
0.42186 0.0378689 0.665291 0 0 255
0.495498 0.142793 0.607853 160 160 94
-0.0587407 0.0354872 0.689492 58 58 196
0.442295 -0.0687695 0.654079 0 0 255
0.43247 0.22868 0.595601 120 120 134
0.154393 -0.0891843 0.681235 0 0 255
0.523422 -0.294837 0.474487 216 216 38
0.351012 -0.183783 0.645026 0 0 255
0.202015 -0.0276589 0.689869 0 0 255
-0.0282503 -0.0265974 0.689312 61 61 193
0.463718 0.075012 0.643112 0 0 255
-0.0951475 -0.206109 0.640656 240 240 14
-0.400617 -0.295279 0.556548 0 0 255
0.645184 0.0588761 0.494186 219 219 35
0.457445 0.264105 0.557906 215 215 39
0.698796 -0.0653437 0.383953 15 15 239
0.54175 -0.298294 0.448733 174 174 80
-0.341142 0.268107 0.595936 73 73 181
0.613449 -0.0297741 0.538857 251 251 3
-0.145942 -0.365133 0.504337 145 145 109
0.349434 -0.0769419 0.6777 0 0 255
0.238002 0.154212 0.663571 0 0 255
0.556678 -0.0263754 0.592965 235 235 19
0.353192 -0.163573 0.652713 0 0 255
0.448495 0.0996087 0.64467 0 0 255
0.506488 0.0891418 0.617317 60 60 194
0.401674 0.0956204 0.662437 0 0 255
0.376484 0.105519 0.666784 0 0 255
-0.122489 -0.157927 0.662296 217 217 37
0.469412 0.173519 0.609007 83 83 171
0.569169 0.0577152 0.577881 177 177 77
-0.177972 0.0292957 0.689918 201 201 53
0.517759 -0.0577075 0.616538 22 22 232
0.163004 -0.10737 0.677086 0 0 255
0.129553 0.0669459 0.685589 0 0 255
-0.241662 -0.151015 0.664667 224 224 30
0.124934 0.294051 0.58159 254 254 0
-0.0742549 0.10937 0.676872 202 202 52
0.114259 -0.11197 0.676553 0 0 255
0.237214 -0.145666 0.666563 0 0 255
0.245786 0.282265 0.590359 139 139 115
-0.24077 0.218659 0.633717 247 247 7
0.241516 0.229143 0.627689 0 0 255
0.182739 0.105733 0.677856 0 0 255
0.161469 0.183913 0.651269 0 0 255
0.140829 0.228842 0.627847 191 191 63
-0.270031 0.227918 0.629008 127 127 127
0.231865 -0.139062 0.668848 0 0 255
0.439855 -0.128058 0.640419 0 0 255
0.226088 0.155282 0.662872 0 0 255
0.460564 0.173372 0.613733 121 121 133
-0.0309239 0.00858593 0.690632 0 0 255
0.254623 -0.166132 0.658822 0 0 255
0.0646569 0.10097 0.678733 0 0 255
0.476023 0.0881256 0.634645 0 0 255
-0.182879 0.0770827 0.684122 221 221 33
0.278229 0.302667 0.573217 248 248 6
0.181576 0.223692 0.630391 66 66 188
0.566141 0.0809584 0.576257 215 215 39
0.418738 0.166926 0.633277 0 0 255
0.0603055 -0.100606 0.679454 0 0 255
-0.0265321 -0.0264089 0.689567 0 0 255
0.269194 0.249719 0.614355 75 75 179
0.396762 0.385185 0.439408 188 188 66
0.241504 0.154159 0.663132 0 0 255
0.492538 0.0227825 0.634866 0 0 255
-0.153727 -0.15794 0.661842 222 222 32
0.0690225 0.231741 0.625979 83 83 171
0.283599 -0.000265188 0.690372 0 0 255
0.129299 -0.137329 0.669091 0 0 255
0.386597 0.180649 0.638202 0 0 255
0.0540834 -0.0252708 0.690032 0 0 255
0.387935 -0.0102415 0.676165 0 0 255
-0.290556 -0.0385289 0.689091 227 227 27
-0.391324 -0.188441 0.632933 73 73 181
0.00140693 -0.161426 0.660429 68 68 186
-0.159813 -0.032924 0.689256 163 163 91
0.164507 0.108732 0.677375 0 0 255
0.00920161 0.00105932 0.690313 0 0 255
0.445892 -0.145815 0.631053 0 0 255
0.397103 0.139889 0.651679 0 0 255
0.128839 0.379224 0.481849 230 230 24
0.143286 -0.104408 0.677848 0 0 255
0.462391 0.0459586 0.648421 8 8 246
0.401768 -0.348928 0.496277 195 195 59
0.0413706 0.0983107 0.679395 0 0 255
0.368097 -0.0151545 0.681001 0 0 255
-0.361439 0.11131 0.667989 181 181 73
0.44452 -0.0477897 0.65608 0 0 255
0.130082 0.255146 0.61156 173 173 81
0.228227 -0.423061 0.393298 77 77 177
-0.2471 -0.0946998 0.68055 245 245 9
0.00157551 -0.0924875 0.680644 0 0 255
-0.28625 -0.201416 0.643359 234 234 20
-0.277878 0.260157 0.607154 196 196 58
0.321896 0.187604 0.647528 0 0 255
0.0292566 0.0715165 0.684554 0 0 255
0.344429 0.154483 0.657414 0 0 255
0.24397 0.216949 0.634872 113 113 141
0.251805 -0.275431 0.596804 148 148 106
-0.0708233 -0.136721 0.66877 151 151 103
0.182412 0.314941 0.561755 250 250 4
0.138999 -0.0489378 0.687491 0 0 255
0.117661 -0.00992135 0.690214 0 0 255
0.382677 -0.0190297 0.677316 0 0 255
0.182402 -0.182443 0.651687 0 0 255
-0.230802 0.177882 0.653323 237 237 17
-0.117937 0.283503 0.58938 228 228 26
0.30364 -0.197852 0.644283 0 0 255
0.136624 -0.0715226 0.685128 0 0 255
0.0480775 -0.00301398 0.690602 0 0 255
0.334352 0.0761727 0.680675 0 0 255
0.468154 0.0977025 0.635792 0 0 255
-0.178387 -0.265848 0.60383 213 213 41
-0.184228 0.154246 0.66308 236 236 18
-0.0048656 -0.059455 0.686066 0 0 255
0.0580491 -0.00043998 0.690704 0 0 255
-0.0451406 0.105673 0.678018 0 0 255
0.426326 -0.0532147 0.662171 0 0 255
-0.0072751 -0.350634 0.522387 237 237 17
0.324391 -0.303774 0.569791 200 200 54
0.0641014 -0.35422 0.518277 188 188 66
0.00864948 0.0668534 0.685081 0 0 255
0.520568 -0.271646 0.505048 248 248 6
0.337207 -0.159421 0.656758 0 0 255
0.155209 -0.277947 0.594178 200 200 54
0.474782 0.0487128 0.641941 44 44 210
0.179839 -0.104333 0.678393 0 0 255
0.312613 -0.251094 0.611989 136 136 118
0.0508027 0.099935 0.678981 0 0 255
0.0762799 0.372848 0.493336 215 215 39
0.290441 -0.136196 0.66871 0 0 255
-0.0239403 0.0392366 0.688844 0 0 255
-0.153909 -0.0163797 0.689986 215 215 39
-0.113932 0.234071 0.624983 252 252 2
-0.0344814 0.0105583 0.690028 0 0 255
-0.117628 -0.0231225 0.689484 81 81 173
-0.0964629 -0.0864154 0.682631 149 149 105
-0.154658 -0.0905853 0.681 230 230 24
0.279365 0.11005 0.676654 0 0 255
0.535904 -0.183985 0.559966 225 225 29
0.52017 -0.0818764 0.610398 196 196 58
-0.237069 -0.207 0.640619 252 252 2
0.348883 -0.183105 0.645451 58 58 196
0.509632 -0.167614 0.587611 176 176 78
0.665419 0.118841 0.434857 137 137 117
-0.0273789 0.012145 0.690125 0 0 255
0.0207492 -0.174759 0.655152 39 39 215
-0.160765 0.0789913 0.683702 216 216 38
0.343904 0.026808 0.684963 0 0 255
-0.352134 0.0436723 0.681765 227 227 27
0.378761 -0.171761 0.64364 0 0 255
-0.138381 -0.0769882 0.684207 125 125 129
0.27279 -0.152928 0.663453 0 0 255
0.218248 0.0576745 0.686805 0 0 255
0.450655 0.0541691 0.652628 0 0 255
0.388108 -0.338654 0.516061 254 254 0
0.164966 -0.140796 0.668237 0 0 255
0.109323 -0.156847 0.661897 0 0 255
0.160586 -0.17666 0.654 0 0 255
-0.131691 0.0162821 0.6905 120 120 134
-0.148139 -0.319315 0.55735 179 179 75
0.246994 0.043675 0.688019 0 0 255
0.36194 -0.346797 0.515282 254 254 0
0.527625 0.114113 0.59736 215 215 39
0.0411577 -0.422569 0.396126 0 0 255
0.0128957 0.0347543 0.689645 0 0 255
0.576621 0.0502751 0.573575 249 249 5
0.159482 0.265003 0.60401 173 173 81
-0.176049 0.0367027 0.689395 195 195 59
-0.164234 -0.203619 0.642106 251 251 3
-0.171081 0.00923761 0.690681 216 216 38
-0.322778 0.0339733 0.687281 251 251 3
0.00698876 0.170178 0.657167 21 21 233
0.377629 0.315939 0.545646 242 242 12
0.127908 0.381793 0.47776 182 182 72
0.567052 -0.0267602 0.583789 197 197 57
0.246469 -0.316515 0.560161 254 254 0
0.477121 0.0611921 0.63929 0 0 255
0.445607 -0.31292 0.516297 217 217 37
-0.0576488 0.257215 0.610333 235 235 19
0.167112 -0.103614 0.678665 0 0 255
0.530848 0.0485613 0.609649 150 150 104
0.142212 0.303806 0.572625 247 247 7
0.601691 0.108867 0.532897 246 246 8
0.305632 0.046902 0.686717 0 0 255
0.494917 0.163237 0.599443 148 148 106
0.460293 0.248188 0.568704 249 249 5
0.0108498 0.154725 0.662844 88 88 166
-0.155917 -0.0230042 0.690347 169 169 85
0.488808 0.0121364 0.63739 0 0 255
-0.324593 0.278123 0.591663 0 0 255
0.486535 0.213225 0.576584 184 184 70
0.0224532 0.214379 0.636256 90 90 164
0.180236 -0.172641 0.655704 0 0 255
-0.0385606 0.189056 0.648399 219 219 35
0.0871559 0.0444028 0.687908 0 0 255
0.00967718 -0.0864942 0.682378 0 0 255
0.136328 0.234058 0.625219 178 178 76
0.0419081 -0.147336 0.665715 0 0 255
-0.208162 0.0199053 0.69053 232 232 22
0.268036 -0.175718 0.654891 0 0 255
0.29166 -0.357134 0.513644 235 235 19
0.0361022 -0.0631246 0.6856 0 0 255
0.473895 -0.218389 0.581899 173 173 81
0.335831 -0.108919 0.672717 0 0 255
0.424448 0.0286763 0.66523 0 0 255
0.362185 -0.214883 0.626318 118 118 136
0.471268 0.114762 0.630491 44 44 210
-0.289184 -0.315775 0.56062 0 0 255
0.139809 -0.215328 0.63545 1 1 253
0.100104 0.0432853 0.688199 0 0 255
0.0288624 0.137349 0.669111 0 0 255
0.655117 -0.148222 0.434549 176 176 78
-0.0555279 0.318595 0.557637 253 253 1
0.246488 0.336995 0.538703 249 249 5
0.320847 0.0433005 0.686464 0 0 255
-0.00240785 0.0278084 0.69003 0 0 255
0.0801766 0.204987 0.640965 7 7 247
0.0561061 0.02488 0.690279 0 0 255
0.065897 0.00490612 0.690588 0 0 255
0.628034 0.218433 0.418097 165 165 89
0.517769 0.0620288 0.616234 44 44 210
0.351073 -0.00241741 0.684833 0 0 255
0.38063 0.367516 0.478787 170 170 84
-0.0253654 -0.191673 0.64773 112 112 142
0.0764031 -0.00982381 0.690045 0 0 255
0.356833 0.112118 0.669034 0 0 255
0.297348 -0.182581 0.651052 0 0 255
0.225779 -0.0312501 0.689401 0 0 255
0.0607492 -0.105228 0.677695 0 0 255
0.0756916 0.256474 0.610465 149 149 105
0.138918 -0.200636 0.642801 0 0 255
0.164919 -0.0839975 0.682215 0 0 255
0.325052 -0.085212 0.680275 0 0 255
0.291507 0.131491 0.670594 0 0 255
0.0206194 -0.00126427 0.69044 0 0 255
-0.0560548 0.00246403 0.690588 8 8 246
0.0284721 0.043268 0.688406 0 0 255
0.242285 -0.270206 0.60023 211 211 43
-0.323335 0.331269 0.540879 0 0 255
-0.32693 -0.0641614 0.683083 245 245 9
-0.332992 0.0393305 0.685206 176 176 78
0.457596 -0.0630028 0.64835 0 0 255
0.0263334 0.0498413 0.688022 0 0 255
0.0791227 -0.0447251 0.68832 0 0 255
-0.167779 -0.0814885 0.682979 185 185 69
-0.0521805 -0.103036 0.678402 145 145 109
0.440738 0.112903 0.644322 0 0 255
0.0955317 0.0982019 0.679985 0 0 255
0.501454 -0.0486166 0.627648 93 93 161
0.367196 -0.0748231 0.67499 0 0 255
0.476901 -0.197158 0.592765 146 146 108
0.0891276 -0.0122821 0.69083 0 0 255
0.261156 -0.242304 0.619846 48 48 206
-0.0114005 -0.146967 0.665683 38 38 216
0.159098 0.0145973 0.690019 0 0 255
-0.156464 0.32249 0.55501 208 208 46
0.457445 0.124097 0.634124 0 0 255
0.419035 -0.0108722 0.668011 0 0 255
0.101087 -0.237347 0.622637 93 93 161
0.06129 0.213896 0.636069 50 50 204
0.390393 0.227674 0.612407 102 102 152
-0.0722661 -0.0931593 0.680997 49 49 205
-0.240667 -0.0602117 0.686112 243 243 11
0.0771582 -0.262229 0.6062 144 144 110
-0.0793835 0.108337 0.676858 111 111 143
0.132475 0.30252 0.574173 253 253 1
0.407965 0.28207 0.565754 241 241 13
0.321246 0.202685 0.640153 0 0 255
0.169889 -0.0519594 0.687922 0 0 255
0.0580261 0.018785 0.690545 0 0 255
0.215268 -0.0963611 0.679796 0 0 255
0.0399088 -0.118283 0.67488 3 3 251
0.320244 -0.0335727 0.686879 0 0 255
0.467368 -0.118725 0.630797 73 73 181
-0.0106381 0.0525324 0.687834 0 0 255
0.0769533 -0.0271793 0.689922 0 0 255
0.161717 -0.181773 0.652377 0 0 255
0.267456 -0.0939836 0.68054 0 0 255
0.42402 -0.126834 0.646713 0 0 255
0.198994 0.265762 0.603192 210 210 44
0.179353 0.164167 0.659978 0 0 255
0.546785 0.0233203 0.599739 130 130 124
0.104372 -0.223086 0.63151 29 29 225
0.074614 0.237672 0.622916 107 107 147
-0.291592 -0.0520214 0.686934 251 251 3
0.425545 -0.159392 0.63474 0 0 255
-0.0145485 -0.339702 0.535318 158 158 96
0.423891 0.0512256 0.663118 0 0 255
0.518686 0.12285 0.600494 140 140 114
0.0238052 -0.284927 0.588505 242 242 12
0.0513854 -0.00877275 0.690871 0 0 255
0.519278 0.0239051 0.619678 11 11 243
0.127312 -0.200061 0.644122 0 0 255
0.207364 0.303076 0.572488 254 254 0
0.297824 -0.169682 0.656271 0 0 255
-0.0443024 -0.206438 0.639978 200 200 54
0.321595 -0.0244357 0.687482 0 0 255
0.310579 0.0110632 0.689482 0 0 255
0.032668 -0.0808128 0.682998 0 0 255
0.361935 -0.0383064 0.680862 0 0 255
0.12796 -0.00163641 0.690975 0 0 255
0.379911 -0.113465 0.66373 0 0 255
-0.215096 -0.358044 0.5137 24 24 230
-0.177447 0.341257 0.534232 125 125 129
0.32528 -0.132951 0.667853 0 0 255
0.473211 -0.03879 0.644164 32 32 222
0.123349 -0.187227 0.649501 0 0 255
0.480786 -0.068473 0.635699 0 0 255
0.452697 0.0761516 0.647612 0 0 255
0.382476 0.389748 0.438518 190 190 64
-0.130301 -0.194302 0.646502 223 223 31
-0.317932 -0.233495 0.623443 3 3 251
0.320028 -0.199049 0.64204 0 0 255
0.580615 -0.00311739 0.573669 212 212 42
0.236743 -0.0323173 0.689068 0 0 255
0.501345 -0.0556314 0.626857 0 0 255
0.273028 0.222854 0.631245 42 42 212
0.321929 -0.0922701 0.678716 0 0 255
0.0453108 0.168154 0.657978 0 0 255
0.200476 0.349399 0.524666 254 254 0
0.293691 0.0212819 0.689767 0 0 255
0.670706 -0.0846315 0.443447 159 159 95
0.281298 0.389534 0.466199 120 120 134
0.609549 -0.0230045 0.543998 253 253 1
-0.124275 0.185534 0.65045 214 214 40
0.47534 0.340354 0.458499 218 218 36
0.524338 0.0211815 0.615798 106 106 148
-0.0566111 0.363468 0.505393 193 193 61
0.258081 -0.152005 0.664483 0 0 255
0.433736 0.266057 0.568397 232 232 22
0.550243 0.00096072 0.597936 106 106 148
0.0755718 0.110613 0.676998 0 0 255
0.204641 0.102251 0.679139 0 0 255
0.659233 -0.047221 0.473806 203 203 51
0.121723 -0.078296 0.684008 0 0 255
0.220297 0.323455 0.553938 254 254 0
0.259677 -0.271362 0.599036 117 117 137
0.374859 -0.0692455 0.673981 0 0 255
-0.143206 0.0624052 0.68648 236 236 18
0.448534 -0.058475 0.652274 0 0 255
-0.24579 -0.109447 0.677329 254 254 0
0.433855 -0.0827912 0.654627 0 0 255
0.0605724 0.000542109 0.690448 0 0 255
0.0412258 0.0884529 0.681909 0 0 255
-0.158477 -0.0763924 0.683513 189 189 65
-0.429418 0.0516269 0.66057 87 87 167
0.103711 -0.070142 0.685184 0 0 255
0.176108 -0.186132 0.649973 0 0 255
0.410155 -0.277525 0.569504 202 202 52
0.203113 -0.2669 0.602424 159 159 95
0.548769 -0.0992771 0.585404 229 229 25
0.0897382 -0.061357 0.686522 0 0 255
0.436437 0.218139 0.601215 159 159 95
0.631135 0.052904 0.513914 254 254 0
0.00320712 -0.0529319 0.687828 0 0 255
0.195178 -0.0113672 0.690185 0 0 255
0.669783 0.0329916 0.459701 149 149 105
-0.210143 -0.0211009 0.690419 248 248 6
0.616449 0.16803 0.483864 232 232 22
0.100249 0.0445032 0.688495 0 0 255
0.390861 0.341435 0.511321 252 252 2
-0.053423 -0.00153182 0.690936 69 69 185
0.32469 0.0223827 0.687814 0 0 255
0.097747 -0.0133264 0.690355 0 0 255
-0.229324 0.374937 0.489915 0 0 255
-0.265331 -0.380594 0.479663 0 0 255
-0.335907 0.262192 0.601398 0 0 255
-0.114962 0.00374296 0.690853 124 124 130
0.516343 0.0561793 0.618295 28 28 226
0.256784 -0.342265 0.533289 250 250 4
0.483315 0.137389 0.615987 73 73 181
0.29529 -0.334666 0.541205 250 250 4
0.571033 0.168714 0.537143 246 246 8
0.280444 0.0450404 0.688386 0 0 255
0.153908 -0.0645673 0.686043 0 0 255
0.336134 -0.353093 0.514033 221 221 33
-0.00673242 -0.123984 0.673234 11 11 243
-0.169021 -0.0304285 0.689828 156 156 98
0.400421 0.035638 0.671736 0 0 255
-0.11992 0.0745029 0.684275 125 125 129
0.583524 0.203437 0.500247 243 243 11
0.332904 -0.130598 0.667235 0 0 255
0.254346 -0.0743866 0.684139 0 0 255
-0.0491063 0.23683 0.623555 229 229 25
-0.0226279 -0.0343913 0.688702 0 0 255
0.242698 0.394307 0.45824 192 192 62
0.570022 -0.305088 0.393944 6 6 248
-0.181879 -0.15768 0.662394 251 251 3
0.320056 -0.136585 0.667328 0 0 255
0.299729 0.342171 0.531312 254 254 0
0.432744 -0.0915682 0.652589 0 0 255
0.112749 0.314536 0.56179 249 249 5
4.89286e-05 0.288038 0.586083 252 252 2
0.308155 -0.254205 0.610725 50 50 204
0.0463348 0.0802726 0.683235 0 0 255
-0.146426 -0.147322 0.666209 199 199 55
0.183288 -0.139053 0.668297 0 0 255
0.165356 -0.254643 0.611032 117 117 137
0.577055 0.110571 0.557529 253 253 1
-0.31973 0.117938 0.67233 220 220 34
-0.0265624 0.325129 0.550973 243 243 11
0.604678 -0.287269 0.356429 2 2 252
0.654819 -0.186333 0.400567 63 63 191
-0.178095 0.0376265 0.688963 179 179 75
0.474983 0.048014 0.642438 0 0 255
0.610549 -0.263469 0.389683 0 0 255
0.173597 -0.144033 0.667292 0 0 255
-0.113173 0.114221 0.675775 158 158 96
0.378 -0.321273 0.539236 241 241 13
-0.0489066 -0.398872 0.44859 93 93 161
0.107539 0.185477 0.650412 26 26 228
0.198093 -0.381669 0.478443 121 121 133
0.0585084 -0.0340473 0.689355 0 0 255
0.546139 0.105417 0.585436 163 163 91
0.401502 -0.0715531 0.667509 0 0 255
0.448536 -0.0665851 0.651724 0 0 255
0.346734 -0.157659 0.656026 0 0 255
0.0580893 0.248371 0.615945 166 166 88
0.156976 0.175699 0.654345 0 0 255
0.441706 0.191647 0.613387 35 35 219
-0.230365 0.305363 0.571234 3 3 251
0.0421885 -0.0664817 0.685448 0 0 255
-0.175167 0.0581334 0.686656 167 167 87
0.341993 0.118517 0.669692 0 0 255
0.192982 0.154797 0.662517 0 0 255
0.162146 0.133268 0.670498 0 0 255
0.286084 0.141923 0.667479 0 0 255
0.433612 0.15967 0.631313 0 0 255
0.036801 -0.123715 0.673613 34 34 220
0.442793 0.0958891 0.648119 0 0 255
-0.0997951 -0.0439883 0.688095 92 92 162
-0.0584742 0.175094 0.654947 137 137 117
-0.121403 0.243978 0.618227 242 242 12
-0.0167586 0.309053 0.567128 252 252 2
0.0271414 0.358741 0.512949 205 205 49
0.494719 -0.0813111 0.626342 0 0 255
-0.207053 -0.270157 0.60003 157 157 97
-0.0106531 -0.0939092 0.680256 0 0 255
0.318989 -0.159005 0.65993 0 0 255
-0.32812 0.0246483 0.687339 238 238 16
0.422431 -0.0220816 0.66648 0 0 255
-0.309157 0.135944 0.668275 149 149 105
0.261908 -0.0735301 0.684686 0 0 255
0.0061564 -0.00977689 0.690448 0 0 255
0.170316 -0.110648 0.676508 0 0 255
-0.0669182 -0.226329 0.629311 207 207 47
0.497018 -0.101819 0.619677 40 40 214
-0.33277 0.235423 0.619535 150 150 104
0.561002 -0.189592 0.533557 254 254 0
-0.105893 -0.156527 0.662841 162 162 92
0.34027 -0.380443 0.47157 118 118 136
-0.168594 -0.295199 0.580305 140 140 114
0.488734 0.00309557 0.637545 98 98 156
0.255133 0.182341 0.652293 0 0 255
0.187766 -0.323684 0.553542 246 246 8
-0.347959 -0.314323 0.554744 0 0 255
0.165883 -0.151598 0.664724 0 0 255
0.551541 -0.0439185 0.594778 124 124 130
-0.109296 0.0317841 0.688909 130 130 124
0.369936 0.151287 0.65464 0 0 255
0.231416 0.200324 0.64291 0 0 255
0.333491 -0.367615 0.494714 250 250 4
-0.0311189 0.147165 0.665873 56 56 198
0.253298 0.149754 0.664586 0 0 255
-0.326573 -0.141795 0.665155 211 211 43
0.57166 -0.205836 0.511537 251 251 3
-0.365833 0.101231 0.669677 175 175 79
0.00853859 -0.0669754 0.685944 0 0 255
0.23589 0.0796634 0.683134 0 0 255
-0.355773 -0.182202 0.644545 64 64 190
0.434953 -0.0928575 0.652165 0 0 255
0.20889 -0.167348 0.657834 0 0 255
0.500242 0.215082 0.567493 198 198 56
0.404867 -0.223783 0.610154 74 74 180
0.546452 0.199782 0.540806 254 254 0
-0.25938 0.347898 0.526304 4 4 250
0.0771334 0.298895 0.577435 223 223 31
0.0304392 -0.025386 0.690161 0 0 255
0.26355 0.190403 0.648025 0 0 255
0.305488 0.0305616 0.689014 0 0 255
0.0960481 0.190218 0.648611 0 0 255
0.364464 -0.188628 0.63977 0 0 255
0.119018 -0.0154109 0.690377 0 0 255
0.446715 0.12333 0.639402 0 0 255
0.206345 0.335188 0.54109 249 249 5
-0.0494946 0.0318301 0.689789 16 16 238
0.313765 0.270178 0.598424 106 106 148
-0.161633 0.235769 0.623541 220 220 34
0.156072 -0.161155 0.660974 0 0 255
0.336259 0.169745 0.652947 0 0 255
-0.0846282 -0.356905 0.514536 149 149 105
0.063338 0.385682 0.472094 196 196 58
0.36245 0.167338 0.649121 0 0 255
-0.0545825 -0.0257655 0.689838 0 0 255
-0.248985 0.10577 0.678368 252 252 2
0.464239 -0.169185 0.613324 19 19 235
0.0846014 -0.0218512 0.689945 0 0 255
0.00939825 0.0982783 0.67958 65 65 189
0.407309 0.0152118 0.670758 0 0 255
0.125047 -0.230608 0.626764 51 51 203
0.372913 -0.0225293 0.679884 0 0 255
0.591833 0.101186 0.547043 241 241 13
-0.012535 -0.0618802 0.686233 0 0 255
0.0744073 -0.0439035 0.688173 0 0 255
0.2977 0.264688 0.604189 159 159 95
0.0928381 0.077439 0.683429 0 0 255
0.0475113 0.0707451 0.684496 0 0 255
0.303737 -0.166378 0.657315 0 0 255
0.0855703 -0.142111 0.667722 0 0 255
0.450293 -0.179049 0.616048 122 122 132
0.521012 -0.143219 0.590412 179 179 75
0.446624 -0.0944831 0.646844 0 0 255
0.0841063 0.424819 0.390079 0 0 255
0.207176 0.264776 0.60375 211 211 43
-0.00899133 0.00924002 0.690795 0 0 255
0.271376 -0.0486993 0.687571 0 0 255
0.27484 0.30458 0.571311 179 179 75
0.37799 0.10601 0.665959 0 0 255
0.448938 -0.177944 0.617063 136 136 118
-0.1713 0.257346 0.609057 254 254 0
0.107582 0.0807008 0.68319 0 0 255
0.4937 -0.158497 0.602574 212 212 42
0.248728 -0.189546 0.64904 0 0 255
0.077065 0.157939 0.661574 0 0 255
0.374455 0.0528309 0.67681 0 0 255
0.104422 0.332148 0.543654 254 254 0
0.36917 0.225428 0.618854 167 167 87
0.265236 -0.188984 0.648804 0 0 255
0.0281858 -0.0707591 0.684629 0 0 255
0.0741289 0.128483 0.671711 0 0 255
0.197456 0.015149 0.690172 0 0 255
-0.288365 -0.126012 0.672647 253 253 1
0.404221 -0.0285589 0.671869 0 0 255
0.391706 -0.0792026 0.669042 0 0 255
0.493102 0.0380121 0.633632 48 48 206
-0.311077 0.099138 0.677969 242 242 12
-0.0838993 -0.094965 0.679979 73 73 181
0.319653 0.169891 0.655091 0 0 255
0.372658 -0.219425 0.621399 53 53 201
0.295639 0.0712957 0.684034 0 0 255
0.382527 -0.0764116 0.671161 0 0 255
-0.155974 0.0981614 0.679454 190 190 64
0.17408 0.145664 0.666455 0 0 255
0.502025 -0.244891 0.544455 254 254 0
-0.216843 -0.158262 0.661251 243 243 11
0.359598 0.183659 0.643473 0 0 255
0.106187 0.0773425 0.684018 0 0 255
0.0577671 -0.325868 0.551417 239 239 15
-0.373669 -0.157919 0.650523 124 124 130
0.541162 0.18577 0.5542 228 228 26
0.177722 0.184339 0.650519 48 48 206
-0.284142 -0.22489 0.630633 90 90 164
0.539778 0.26922 0.488454 249 249 5
0.299809 0.15241 0.663675 0 0 255
0.160847 -0.1486 0.665448 0 0 255
0.134847 0.310038 0.566023 237 237 17
0.0187542 0.37037 0.496859 205 205 49
0.131028 0.011466 0.690135 0 0 255
-0.176539 0.179216 0.652804 239 239 15
0.419172 0.0585168 0.664026 0 0 255
0.10854 0.411275 0.42286 0 0 255
0.0588364 0.137891 0.668517 0 0 254
-0.0498642 -0.261686 0.60712 243 243 11
0.596996 -0.0236036 0.556762 227 227 27
0.300672 -0.0862304 0.681271 0 0 255
-0.272002 0.239908 0.621146 218 218 36
-0.0609964 0.0333733 0.689197 51 51 203
-0.295106 -0.186228 0.649525 138 138 116
0.3939 -0.262131 0.587073 161 161 93
-0.0613898 0.255546 0.610745 254 254 0
-0.166832 -0.3164 0.560597 219 219 35
0.106163 -0.0422662 0.688626 0 0 255
0.198413 -0.363256 0.505337 247 247 7
-0.0982312 -0.176117 0.654137 178 178 76
-0.00101066 0.264732 0.603888 206 206 48
0.286216 -0.305577 0.570301 253 253 1
-0.0680763 0.226652 0.629218 253 253 1
0.276996 0.0138412 0.69023 0 0 255
0.428988 0.201723 0.612871 113 113 141
0.00695784 0.0651508 0.685492 0 0 255
0.15408 -0.124206 0.673326 0 0 255
0.540099 0.270459 0.486227 245 245 9
0.0900291 0.0212255 0.689969 0 0 255
-0.0420301 0.153414 0.663079 144 144 110
0.452005 0.0725366 0.649413 0 0 255
0.118071 -0.120463 0.67427 0 0 255
0.214255 0.0783932 0.683937 0 0 255
0.0849738 0.35537 0.516238 224 224 30
-0.0933586 0.399645 0.448087 0 0 255
0.447675 0.0569881 0.652849 0 0 255
0.379161 -0.165874 0.646175 0 0 255
0.455498 0.180266 0.612618 52 52 202
-0.0931811 -0.125425 0.672991 119 119 135
0.495561 -0.32995 0.45592 151 151 103
0.458044 -0.21011 0.595707 113 113 141
0.287103 0.070156 0.684521 0 0 255
-0.197677 -0.326722 0.549419 186 186 68
0.160888 -0.0631772 0.686516 0 0 255
-0.467057 0.0615074 0.644042 0 0 255
0.438064 0.151144 0.632783 0 0 255
0.101621 0.232708 0.626 140 140 114
0.35717 -0.354517 0.506799 255 255 0
-0.0759898 0.396767 0.452546 23 23 231
-0.268343 -0.373469 0.490661 0 0 255
-0.164148 0.195078 0.646496 238 238 16
0.366007 0.102049 0.66996 0 0 255
0.104692 0.0825308 0.682491 0 0 255
-0.0906125 0.0246452 0.690122 16 16 238
0.483772 0.095845 0.628958 0 0 255
0.216799 0.15001 0.665205 0 0 255
0.0465931 0.126718 0.67202 0 0 255
0.320579 0.189275 0.646269 0 0 255
-0.235852 -0.16423 0.659372 227 227 27
0.383826 -0.0149209 0.677913 0 0 255
-0.0203303 -0.33126 0.545122 235 235 19
0.525495 -0.236236 0.531837 252 252 2
0.090422 0.0733218 0.68429 0 0 255
0.439841 -0.039878 0.658052 0 0 255
0.394842 -0.0995535 0.662994 0 0 255
0.293171 0.0671685 0.685647 0 0 255
0.371476 -0.0613593 0.676766 0 0 255
0.254621 0.12726 0.671945 0 0 255
-0.219037 -0.171284 0.656492 253 253 1
0.0474035 -0.0295148 0.690031 0 0 255
0.442416 0.00292571 0.659423 0 0 255
0.0536476 -0.000966165 0.69085 0 0 255
0.403428 0.177059 0.635018 0 0 255
-0.252135 -0.318716 0.558363 143 143 111
0.254924 -0.234492 0.625081 140 140 114
0.629863 0.141093 0.48244 164 164 90
0.185348 -0.267578 0.602385 141 141 113
-0.304758 0.122254 0.672587 216 216 38
-0.290244 -0.000242318 0.690402 222 222 32
0.459968 0.0253285 0.651466 0 0 255
0.0551322 0.00461746 0.690646 0 0 255
0.344672 0.122698 0.668451 0 0 255
-0.266409 -0.16898 0.657083 254 254 0
0.101954 0.33283 0.543918 253 253 1
0.495523 -0.034372 0.633034 54 54 200
0.279355 -0.0162974 0.690697 0 0 255
0.0653249 -0.0076595 0.69012 0 0 255
-0.365244 -0.229514 0.616937 22 22 232
0.0915822 -0.338507 0.536637 249 249 5
-0.078131 0.19615 0.645182 250 250 4
-0.241665 -0.299482 0.576698 140 140 114
-0.141259 -0.274014 0.598001 226 226 28
0.205257 -0.088053 0.681658 0 0 255
0.0400596 -0.340946 0.533792 190 190 64
0.694987 0.114544 0.36531 30 30 224
0.0928629 -0.112511 0.676321 0 0 255
0.363442 0.133528 0.66167 0 0 255
-0.0850912 0.0600101 0.686206 137 137 117
0.461799 -0.182972 0.607888 111 111 143
0.278721 -0.209406 0.638331 41 41 213
0.0662034 -0.147444 0.666096 0 0 255
0.352011 -0.186505 0.643415 0 0 255
-0.0922115 -0.0894129 0.681714 56 56 198
0.223111 -0.0500244 0.687526 0 0 255
0.194165 -0.126753 0.672236 0 0 255
0.247722 0.436935 0.349639 0 0 255
0.352106 0.249495 0.60696 66 66 188
0.283314 -0.349387 0.524816 251 251 3
0.195526 -0.219911 0.633408 80 80 174
-0.0456358 0.0669298 0.685106 0 0 255
0.145377 0.200304 0.643417 0 0 255
-0.293661 0.126042 0.672342 253 253 1
-0.0864303 0.0302259 0.688999 21 21 233
0.365766 0.219104 0.624043 139 139 115
0.141085 -0.0100604 0.690825 0 0 255
0.485246 0.139939 0.614391 32 32 222
0.337875 0.385193 0.464723 226 226 28
0.302325 -0.0830217 0.682029 0 0 255
0.336577 -0.0201344 0.685743 0 0 255
0.410897 0.0387266 0.66843 0 0 255
-0.0815934 0.177766 0.653931 214 214 40
0.473197 0.201297 0.592597 169 169 85
0.466997 0.25489 0.559164 238 238 16
0.323783 -0.0508428 0.684957 0 0 255
0.514456 0.0916026 0.612059 63 63 191
0.319618 0.187677 0.647114 0 0 255
0.0634079 -0.16295 0.660401 0 0 255
0.254213 0.088855 0.681538 0 0 255
0.0588708 -0.278303 0.594664 246 246 8
0.129538 -0.0476352 0.688052 0 0 255
-0.441105 -0.00261267 0.659468 21 21 233
0.065905 0.264539 0.604542 171 171 83
0.120781 0.094276 0.680367 0 0 255
-0.197769 0.121461 0.67377 217 217 37
0.415771 0.0446916 0.666327 0 0 255
0.118049 0.0939682 0.680695 0 0 255
0.354817 -0.159217 0.654557 4 4 250
0.481057 -0.0489163 0.63869 0 0 255
0.325065 0.134327 0.667179 0 0 255
-0.129859 0.153698 0.663736 183 183 71
0.191769 0.0865531 0.681913 0 0 255
0.398634 0.0946625 0.663113 0 0 255
0.637255 -0.0444129 0.506641 254 254 0
0.545365 -0.172764 0.558842 249 249 5
0.0594436 0.0533549 0.687302 0 0 255
0.160925 0.372898 0.493201 182 182 72
0.586318 0.136793 0.537553 236 236 18
-0.108717 0.207577 0.63967 228 228 26
0.437977 0.230376 0.591594 226 226 28
0.0932719 -0.216482 0.635074 40 40 214
0.371518 0.222363 0.620359 31 31 223
-0.038716 0.182662 0.651368 147 147 107
-0.138494 0.0511447 0.687422 127 127 127
-0.303752 -0.159713 0.659891 207 207 47
0.430466 -0.068717 0.658399 0 0 255
0.480541 0.150659 0.613298 172 172 82
0.121381 -0.0964875 0.680405 0 0 255
0.355857 0.0598496 0.679302 0 0 255
0.350598 -0.00377039 0.684541 0 0 255
0.273029 -0.350848 0.522552 252 252 2
0.130536 -0.377718 0.485591 241 241 13
-0.0682299 0.0342043 0.689242 5 5 249
-0.135378 0.306005 0.570012 206 206 48
-0.0520447 -0.0700518 0.685258 1 1 253
-0.101642 -0.317795 0.559132 211 211 43
-0.0108274 -0.0809816 0.683397 0 0 255
0.273264 0.0733892 0.683982 0 0 255
0.23514 0.000817413 0.690333 0 0 255
0.250119 0.0653559 0.685659 0 0 255
-0.377844 0.175455 0.642873 51 51 203
0.318174 -0.109488 0.67465 0 0 255
-0.0114924 -0.137373 0.669037 0 0 255
0.233146 0.245554 0.617249 109 109 145
0.309202 -0.291114 0.582783 175 175 79
0.0298411 -0.0717952 0.684279 0 0 255
0.189235 -0.0772316 0.683868 0 0 255
0.210904 0.125453 0.672432 0 0 255
0.532809 -0.119668 0.591737 151 151 103
0.200569 -0.162031 0.660142 0 0 255
0.148851 0.0414238 0.688428 0 0 255
-0.022518 0.0273356 0.689508 0 0 255
0.202211 -0.165003 0.659407 0 0 255
0.251161 -0.0606864 0.6866 0 0 255
-0.418035 -0.0133453 0.667937 113 113 141
0.0484191 -0.406363 0.434189 0 0 255
0.312557 0.351385 0.519291 252 252 2
0.461852 -0.00709948 0.650471 0 0 255
0.277881 -0.0471615 0.687969 0 0 255
0.211696 0.214361 0.636354 80 80 174
0.37079 -0.181695 0.641135 34 34 220
0.248745 -0.206152 0.640017 69 69 185
0.542232 0.0955297 0.591972 167 167 87
0.319971 -0.0590133 0.684456 0 0 255
0.475898 -0.02537 0.643381 0 0 255
0.0996031 -0.0147529 0.690372 0 0 255
0.474456 0.152598 0.615362 30 30 224
0.0736931 0.103434 0.678091 0 0 255
0.370073 -0.118642 0.664436 0 0 255
0.388491 0.196622 0.629788 97 97 157
0.301882 -0.0980881 0.679477 0 0 255
-0.420417 0.120152 0.650139 0 0 255
-0.00378776 0.0868701 0.681648 67 67 187
0.0124624 -0.0929601 0.680712 0 0 255
0.298568 0.110261 0.676665 0 0 255
-0.143908 0.0493501 0.688077 134 134 120
0.294661 -0.122129 0.673671 0 0 255
0.0478548 0.0474021 0.688306 0 0 255
0.362866 -0.153839 0.655225 0 0 255
0.591347 0.271395 0.415442 153 153 101
-0.264542 -0.16897 0.657886 253 253 1
0.535516 0.293485 0.464752 224 224 30
0.288208 -0.111995 0.676036 0 0 255
0.436698 -0.363091 0.453491 211 211 43
-0.135808 0.108226 0.677602 149 149 105
0.280526 -0.224501 0.630427 5 5 249
0.370005 -0.0175706 0.680399 0 0 255
0.0522918 -0.116149 0.675373 0 0 255
0.352464 0.350463 0.512875 254 254 0
0.0755752 0.326611 0.549884 254 254 0
0.51842 -0.0427236 0.618008 65 65 189
0.190976 0.0905713 0.681692 0 0 255
0.32836 -0.0461582 0.685306 0 0 255
0.301359 -0.134751 0.669241 0 0 255
0.196096 -0.220581 0.632989 21 21 233
0.510307 -0.0635014 0.620149 157 157 97
0.290364 -0.125218 0.672025 0 0 255
0.583329 0.164549 0.527219 252 252 2
0.237236 -0.41276 0.420504 127 127 127
0.00997723 -0.275747 0.595508 227 227 27
0.33468 0.355655 0.509827 254 254 0
-0.170767 0.0571043 0.686715 159 159 95
0.551283 -0.0305621 0.595777 157 157 97
0.246573 0.154986 0.663039 0 0 255
0.135287 0.0812479 0.68317 0 0 255
-0.0172912 0.0224984 0.690063 0 0 255
0.552865 0.112961 0.578738 179 179 75
0.0840206 0.163079 0.660001 0 0 255
0.495067 -0.0221359 0.633955 0 0 255
0.0621687 -0.10783 0.676932 0 0 255
0.393938 -0.227909 0.61101 66 66 188
0.542087 -0.276612 0.477268 200 200 54
0.498908 -0.254065 0.538107 254 254 0
0.519899 -0.117418 0.601223 147 147 107
0.34078 -0.0211307 0.685921 0 0 255
0.23486 -0.0604317 0.686518 0 0 255
-0.0938511 0.155933 0.663107 183 183 71
0.517896 -0.271694 0.506662 254 254 0
0.387309 0.141011 0.653193 0 0 255
0.0836681 0.0553645 0.686757 0 0 255
0.397469 -0.197577 0.626081 0 0 255
0.304088 0.164505 0.658094 0 0 255
0.0585233 -0.240851 0.620612 133 133 121
0.230436 -0.186459 0.649819 0 0 255
-0.284366 -0.334205 0.541845 0 0 255
0.304416 0.349599 0.522945 254 254 0
0.427536 0.117199 0.647866 0 0 255
0.337768 0.369653 0.490175 250 250 4
0.245416 -0.0347567 0.689647 0 0 255
0.0943412 0.010767 0.690005 0 0 255
0.120916 0.169375 0.657229 0 0 255
0.144457 0.146853 0.666181 0 0 255
0.0641322 -0.112332 0.676449 0 0 255
0.0303065 0.0781254 0.684019 0 0 255
-0.0562084 -0.133264 0.670545 199 199 55
-0.164884 -0.0294223 0.689604 170 170 84
0.198627 -0.0900503 0.681285 0 0 255
0.064701 0.222323 0.631835 98 98 156
0.371749 -0.243059 0.606736 118 118 136
-0.391936 0.089067 0.666146 137 137 117
0.0822475 -0.125662 0.672598 21 21 233
-0.0129723 -0.195339 0.64619 199 199 55
0.0174423 -0.0412175 0.688929 0 0 255
0.197057 0.209072 0.638623 0 0 255
0.258908 0.387819 0.46859 155 155 99
0.0154207 -0.175705 0.655211 63 63 191
0.152733 0.129763 0.671175 0 0 255
-0.297839 0.236898 0.622141 118 118 136
-0.0613278 -0.156666 0.662155 102 102 152
0.337664 -0.16394 0.655613 0 0 255
0.337631 0.317872 0.553599 224 224 30
0.43424 -0.175606 0.624472 169 169 85
-0.372212 0.0838149 0.672459 23 23 231
0.248906 -0.176671 0.654277 0 0 255
0.705875 0.0732508 0.35884 0 0 255
0.287368 0.178047 0.653247 0 0 255
-0.0809684 0.391266 0.463707 66 66 188
0.477664 -0.0182833 0.642824 0 0 254
0.203308 -0.136683 0.669435 0 0 255
-0.372863 -0.253887 0.599983 39 39 215
0.557357 0.24488 0.493645 202 202 52
0.161482 0.402618 0.441654 192 192 62
0.0390748 -0.194858 0.645905 21 21 233
0.115801 -0.0124669 0.690732 0 0 255
0.0284819 -0.0517575 0.68749 0 0 255
-0.108567 0.344941 0.529396 207 207 47
0.225471 0.195634 0.645761 0 0 255
0.0790823 0.114738 0.675214 0 0 255
0.308143 0.252717 0.611832 123 123 131
-0.132511 0.317817 0.558953 237 237 17
0.302168 -0.350069 0.522849 254 254 0
0.0720101 -0.0903073 0.681628 0 0 255
0.302759 0.0251696 0.689146 0 0 255
0.181267 -0.127059 0.6725 0 0 255
-0.327827 0.311509 0.561528 0 0 255
0.351991 -0.323843 0.543927 240 240 14
0.452192 -0.157776 0.624154 3 3 251
-0.319454 0.0442169 0.686767 249 249 5
-0.36996 -0.114053 0.666293 152 152 102
0.495968 0.11503 0.617356 16 16 238
0.254987 -0.0552122 0.686918 0 0 255
-0.300363 0.284894 0.587901 128 128 126
0.385815 0.110275 0.663322 0 0 255
0.555772 -0.229659 0.508845 205 205 49
-0.105805 -0.0853125 0.68243 99 99 155
0.449206 -0.335109 0.487726 230 230 24
0.316671 0.0432915 0.68712 0 0 255
0.277749 0.32428 0.552856 232 232 22
0.346375 0.0300383 0.683809 0 0 255
0.0879727 -0.223543 0.630614 127 127 127
0.661655 -0.210231 0.343672 0 0 255
0.400044 0.22666 0.608882 109 109 145
0.228323 0.189901 0.648663 0 0 255
0.039258 0.102367 0.678492 0 0 255
-0.148799 0.0598648 0.686679 195 195 59
0.315379 -0.42677 0.379232 15 15 239
0.0322709 -0.108533 0.67721 0 0 255
0.453387 -0.337214 0.480488 237 237 17
0.319077 -0.18957 0.646033 0 0 255
0.147853 -0.105251 0.677626 0 0 255
0.424788 -0.00435491 0.665893 0 0 255
0.326286 0.0909887 0.678084 0 0 255
-0.0906639 -0.115544 0.674903 76 76 178
0.154334 0.343834 0.531426 223 223 31
-0.131854 0.0738028 0.684056 116 116 138
-0.235511 0.153555 0.663955 246 246 8
0.687776 -0.030401 0.422673 0 0 255
0.389023 0.0416627 0.674653 0 0 255
0.00306835 -0.0756749 0.683701 0 0 255
0.325312 -0.185224 0.64728 0 0 255
0.0467303 -0.259554 0.608259 241 241 13
0.492362 0.0670458 0.630051 0 0 255
-0.0278336 0.000951019 0.690853 0 0 255
0.131942 -0.238201 0.621879 100 100 154
-0.116519 0.277219 0.595268 254 254 0
0.170956 0.180542 0.653125 0 0 255
0.0113944 -0.278941 0.594218 226 226 28
0.554536 0.104995 0.579651 237 237 17
-0.0535649 0.0274013 0.689605 0 0 255
-0.0965184 0.0797641 0.683013 58 58 196
-0.293128 -0.0238368 0.68947 241 241 13
0.149037 0.140394 0.667675 0 0 255
0.0336862 0.117555 0.674817 0 0 255
0.401626 0.0981222 0.661826 0 0 255
0.505795 -0.0638902 0.6231 0 0 255
-0.239909 -0.243473 0.618491 187 187 67
-0.188171 -0.123802 0.673445 237 237 17
0.588764 0.160513 0.523981 251 251 3
0.290816 0.083095 0.682906 0 0 255
0.318574 0.0596564 0.685053 0 0 255
0.148506 0.174579 0.655365 66 66 188
0.186924 -0.233369 0.624905 19 19 235
0.446054 -0.0965438 0.646648 0 0 255
-0.0874097 0.102673 0.679083 126 126 128
0.352834 0.131948 0.663587 0 0 255
0.474595 -0.0535056 0.64158 0 0 255
0.136871 0.163004 0.659518 0 0 255
0.284881 -0.0776188 0.684097 0 0 255
0.35199 0.045373 0.682394 0 0 255
0.277119 0.0886144 0.681593 0 0 255
-0.0924999 0.0344632 0.689442 72 72 182
0.182002 -0.0405127 0.688346 0 0 255
0.210164 0.123857 0.672742 0 0 255
0.0689448 -0.261342 0.606407 188 188 66
-0.217331 -0.283585 0.590216 210 210 44
0.366796 -0.375273 0.472517 155 155 99
0.169365 0.250984 0.613603 47 47 207
0.316476 -0.211876 0.635183 0 0 255
0.331114 -0.132403 0.667453 0 0 255
0.174717 0.240332 0.621492 42 42 212
0.0589651 -0.091876 0.681365 0 0 255
-0.211628 0.0328359 0.689005 252 252 2
0.320586 0.402172 0.438128 135 135 119
0.219063 -0.229136 0.627281 158 158 96
0.369285 -0.0693244 0.675652 0 0 255
-0.0873526 0.077428 0.683989 65 65 189
0.145527 -0.301502 0.575104 207 207 47
0.574692 -0.11036 0.559811 208 208 46
-0.11776 0.119286 0.674514 164 164 90
0.351233 0.105897 0.671974 0 0 255
0.390274 -0.217546 0.618072 75 75 179
0.0779732 -0.311844 0.565588 239 239 15
0.47937 -0.138862 0.61841 44 44 210
0.103115 0.098215 0.679857 0 0 255
0.128378 0.0074065 0.690091 0 0 255
0.458823 -0.131967 0.63104 63 63 191
0.268524 -0.00722392 0.690586 0 0 255
0.44318 -0.100515 0.646522 0 0 255
0.351811 0.00333793 0.68407 0 0 255
0.0717712 -0.182467 0.651884 0 0 255
0.500453 0.0215833 0.631242 0 0 255
-0.15904 -0.102677 0.678971 234 234 20
0.0227953 0.23226 0.625575 119 119 135
0.581001 0.00980581 0.573167 193 193 61
-0.274608 -0.264116 0.604931 192 192 62
0.367241 0.0878318 0.672166 0 0 255
0.289169 0.15249 0.664193 0 0 255
-0.303983 0.141443 0.666802 245 245 9
0.104179 0.202725 0.642721 29 29 225
-0.0568067 0.109503 0.677364 71 71 183
0.00639021 0.18457 0.650894 131 131 123
-0.240462 -0.0201003 0.69037 254 254 0
0.11723 0.138821 0.668563 0 0 255
0.449229 0.0675507 0.65075 0 0 255
-0.206161 0.322798 0.554234 111 111 143
0.116181 -0.381442 0.478773 209 209 45
0.0148891 -0.0770657 0.684094 0 0 255
-0.429552 -0.0319775 0.662615 0 0 255
0.10154 -0.0962663 0.680254 0 0 255
0.421479 0.0700338 0.661613 0 0 255
0.470789 0.0374699 0.645184 0 0 255
0.144393 0.227594 0.628846 60 60 194
-0.450785 0.183805 0.613305 0 0 255
0.598876 -0.296511 0.34605 0 0 255
0.45478 -0.236071 0.580312 191 191 63
-0.0234866 -0.222187 0.631585 221 221 33
0.416585 0.0706027 0.662718 0 0 255
0.339206 0.0348805 0.684728 0 0 255
0.276369 0.127208 0.672376 0 0 255
-0.0158516 -0.0803791 0.682998 105 105 149
0.461031 -0.027509 0.649983 0 0 255
0.139479 0.141975 0.667478 0 0 255
0.51233 0.054609 0.620711 144 144 110
0.44427 0.0715156 0.65227 0 0 255
0.371216 0.124745 0.662926 0 0 255
0.393287 -0.139772 0.651968 0 0 255
-0.0579793 0.14436 0.666912 200 200 54
0.0185511 -0.10889 0.677601 0 0 255
-0.070275 0.198229 0.644718 183 183 71
0.0377597 -0.101914 0.67831 0 0 255
0.0692537 -0.0628199 0.686307 0 0 255
0.474225 0.332936 0.4703 122 122 132
-0.0716944 -0.050381 0.687346 49 49 205
-0.313392 0.211017 0.635848 201 201 53
0.127735 0.16249 0.66064 0 0 255
-0.152062 -0.0400825 0.688448 216 216 38
-0.0565156 -0.148046 0.665603 90 90 164
-0.122562 0.280886 0.592132 238 238 16
-0.0856919 0.0676161 0.685587 55 55 199
0.483194 -0.05479 0.63692 0 0 255
0.229034 0.142244 0.666932 0 0 255
-0.0491594 -0.00193455 0.690431 0 0 255
-0.29272 -0.154642 0.662748 240 240 14
0.0941309 -0.176932 0.654256 0 0 255
0.268756 -0.144625 0.667006 0 0 255
0.324373 -0.100509 0.676366 0 0 255
-0.250795 0.117216 0.674498 253 253 1
0.132345 -0.158667 0.662091 0 0 255
0.1804 -0.259871 0.607537 94 94 160
0.160939 -0.317351 0.559432 239 239 15
0.405671 -0.129741 0.651675 0 0 255
-0.184593 0.0409652 0.688495 238 238 16
-0.0636313 -0.126039 0.672314 183 183 71
0.133894 0.166447 0.658225 0 0 255
-0.0275846 0.180616 0.653111 130 130 124
0.363725 0.244102 0.608068 94 94 160
0.0087805 0.0252427 0.68945 0 0 255
0.57216 -0.114368 0.560353 234 234 20
0.216142 0.0479646 0.687818 0 0 255
-0.232565 -0.0962429 0.679756 244 244 10
0.202818 0.0352746 0.689603 0 0 255
0.344352 0.0268985 0.684416 0 0 255
0.522664 -0.085635 0.607881 72 72 182
0.120721 0.207011 0.639722 14 14 240
-0.112903 0.0685973 0.685312 83 83 171
-0.403254 0.09069 0.662666 119 119 135
0.498955 0.04598 0.629398 0 0 255
-0.0715608 0.0479515 0.687659 0 0 255
0.448329 -0.0094909 0.656882 0 0 255
-0.230162 -0.344753 0.529332 0 0 255
-0.0475515 -0.0635875 0.685799 103 103 151
-0.026548 0.0433622 0.688486 0 0 255
0.0232449 0.0601977 0.686749 0 0 255
0.103333 0.161789 0.660732 0 0 255
-0.292927 0.0426894 0.68861 254 254 0
0.0448931 -0.309604 0.566761 239 239 15
0.281027 0.127888 0.672157 0 0 255
0.113181 -0.37788 0.484544 228 228 26
-0.349337 -0.208543 0.632244 0 0 255
0.338799 -0.259271 0.603583 86 86 168
0.113577 -0.275124 0.597195 153 153 101
0.672506 -0.176998 0.363125 28 28 226
0.499448 -0.0958238 0.620405 40 40 214
0.317217 0.153015 0.661395 0 0 255
0.00589334 -0.202163 0.643069 100 100 154
0.340588 -0.41489 0.404325 100 100 154
-0.258553 -0.106707 0.677838 254 254 0
0.459623 0.243717 0.572174 183 183 71
0.213744 -0.0533754 0.687111 0 0 255
-0.279548 0.0553834 0.687511 254 254 0
-0.220961 0.0539721 0.687711 219 219 35
0.409639 -0.0169943 0.669891 0 0 255
0.200295 -0.178753 0.653083 12 12 242
0.381152 -0.212283 0.623282 0 0 255
-0.00805447 -0.0587557 0.686821 0 0 255
0.667287 -0.134369 0.422212 82 82 172
-0.0880663 0.0996647 0.678852 64 64 190
-0.0439149 0.0493154 0.68783 0 0 255
0.0597076 -0.155485 0.662671 0 0 255
0.0526945 0.0709246 0.685328 0 0 255
0.146381 0.123529 0.672883 0 0 255
0.246878 0.023542 0.689487 0 0 255
0.376921 0.165257 0.646956 0 0 255
-0.215275 0.00606667 0.690831 252 252 2
-0.0587146 -0.178321 0.653828 200 200 54
-0.38716 0.116868 0.66102 161 161 93
0.190234 0.176994 0.654182 0 0 255
0.310898 -0.028865 0.68792 0 0 255
0.127812 -0.0409333 0.688662 0 0 255
-0.0873414 0.230994 0.626112 235 235 19
-0.0860189 0.254423 0.611335 239 239 15
0.225312 0.24307 0.619449 123 123 131
0.236323 0.246284 0.617179 10 10 244
0.607101 0.0589286 0.540545 254 254 0
0.325281 -0.389042 0.460637 162 162 92
0.0968546 0.154934 0.662499 0 0 255
0.282455 -0.192779 0.647481 11 11 243
0.393107 -0.0643653 0.67102 0 0 255
-0.170467 0.294437 0.580477 241 241 13
0.423461 -0.139991 0.64302 0 0 255
0.42042 -0.150529 0.64014 5 5 249
-0.142798 -0.160849 0.661186 219 219 35
0.537904 -0.240775 0.51744 253 253 1
-0.029928 0.0769287 0.684182 41 41 213
0.413614 0.305318 0.541659 254 254 0
0.390081 0.10512 0.66358 0 0 255
-0.140148 0.325779 0.551196 85 85 169
0.450818 0.109068 0.641577 0 0 255
0.449123 0.0940562 0.645909 25 25 229
-0.242908 -0.141779 0.667942 254 254 0
0.0394936 0.030111 0.689746 0 0 255
0.464077 0.0536801 0.646608 0 0 255
-0.0446173 -0.378737 0.484139 170 170 84
-0.26507 0.0264703 0.689596 246 246 8
0.366963 0.277439 0.583887 245 245 9
0.156999 -0.0326706 0.689649 0 0 255
0.599881 -0.0780625 0.544973 245 245 9
-0.0744136 -0.236654 0.623048 243 243 11
0.0147948 0.140933 0.667568 0 0 255
0.595027 0.0127343 0.558918 231 231 23
-0.133437 -0.361717 0.508655 98 98 156
0.57044 -0.15802 0.54397 254 254 0
-0.164595 -0.0710884 0.685169 229 229 25
0.0587315 0.123669 0.673639 0 0 255
0.215594 0.314413 0.562638 228 228 26
-0.0130632 0.00026752 0.690167 0 0 255
0.219329 0.148814 0.664765 0 0 255
0.284941 0.407826 0.43052 131 131 123
0.337741 0.161087 0.655968 0 0 255
0.537236 0.00109133 0.608619 134 134 120
0.382602 -0.0530992 0.675137 0 0 255
0.172975 0.279977 0.592448 226 226 28
0.426471 0.0996394 0.653012 0 0 255
0.514051 0.000246439 0.623455 0 0 255
0.50718 -0.259173 0.528689 248 248 6
0.313149 -0.195162 0.644337 0 0 255
0.560216 0.208404 0.521421 254 254 0
-0.33125 0.172129 0.652605 45 45 209
0.202571 0.0678968 0.684928 0 0 255
0.275783 -0.0126881 0.690598 0 0 255
0.303507 0.000616015 0.689819 0 0 255
-0.098825 0.377095 0.485732 143 143 111
0.287717 -0.111411 0.676612 0 0 255
0.104895 0.0204261 0.689592 0 0 255
0.131936 0.208878 0.639342 0 0 255
0.427887 -0.11337 0.649534 0 0 255
0.509479 -0.0437823 0.623869 0 0 255
0.161024 -0.0135648 0.689948 0 0 255
-0.124088 0.234034 0.62475 253 253 1
0.0250039 0.0942121 0.68057 0 0 255
0.536577 -0.0340915 0.606732 125 125 129
0.35555 0.130582 0.663999 0 0 255
0.0387164 -0.127812 0.672319 0 0 255
0.575194 0.125524 0.553469 254 254 0
0.0259589 -0.210023 0.638477 214 214 40
0.522333 0.0957795 0.605807 113 113 141
0.0612167 0.130216 0.670972 0 0 255
0.0218444 0.15737 0.661621 0 0 255
0.315417 -0.00238914 0.689254 0 0 255
0.306277 0.26053 0.605889 78 78 176
-0.00441545 -0.111968 0.676231 67 67 187
0.117196 0.404851 0.437975 164 164 90
-0.289208 0.00093124 0.690094 245 245 9
0.118707 0.165937 0.658365 0 0 255
0.00602513 -0.0401785 0.688346 0 0 255
0.197992 0.00172718 0.690657 0 0 255
0.0150833 -0.346354 0.528468 230 230 24
0.0616208 -0.209329 0.639146 144 144 110
-0.0166571 0.126701 0.672407 0 0 255
-0.468301 -0.00652259 0.647972 0 0 255
0.13422 -0.0309576 0.689458 0 0 255
0.364228 0.312901 0.551867 223 223 31
-0.0212208 0.268707 0.601841 220 220 34
0.400013 0.0828266 0.665828 0 0 255
-0.120505 0.166092 0.65899 195 195 59
-0.0908589 -0.0846507 0.682401 75 75 179
0.327073 -0.243008 0.616586 117 117 137
0.468636 0.245599 0.565599 211 211 43
-0.157204 -0.104046 0.678075 178 178 76
-0.197159 -0.086962 0.68222 219 219 35
0.243833 0.225803 0.62977 34 34 220
0.591975 -0.0703587 0.555288 247 247 7
0.327867 -0.176889 0.651452 0 0 255
-0.301626 0.245968 0.616782 179 179 75
0.593899 -0.219634 0.473377 150 150 104
0.141725 0.358951 0.51159 254 254 0
0.40972 0.319052 0.528638 254 254 0
0.160505 0.140671 0.667474 0 0 255
-0.226709 -0.320423 0.556606 156 156 98
0.0667788 0.199779 0.643629 35 35 219
0.190505 0.272669 0.597994 114 114 140
0.301072 0.299443 0.575908 193 193 61
0.0375984 0.0850137 0.682364 0 0 255
0.392613 0.0490825 0.67312 0 0 255
0.569491 0.0114237 0.582831 205 205 49
0.169095 0.39374 0.458579 213 213 41
0.518846 0.0966663 0.607876 139 139 115
0.0681804 0.255795 0.610657 166 166 88
0.190364 -0.367562 0.500186 228 228 26
0.202782 -0.375341 0.488958 217 217 37
0.0350117 -0.089419 0.681161 0 0 255
0.319078 0.0475924 0.68582 0 0 255
-0.424928 0.027478 0.66524 0 0 255
-0.131709 0.128455 0.671743 176 176 78
0.378579 -0.234513 0.611265 152 152 102
0.16172 -0.127212 0.672523 0 0 255
0.546446 -0.00947719 0.600836 82 82 172
0.154439 0.0504097 0.68763 0 0 255
0.522678 -0.289482 0.483031 197 197 57
-0.421386 -0.159756 0.635699 0 0 255
-0.283835 0.375067 0.48901 0 0 255
0.212582 -0.107106 0.677276 0 0 255
0.139896 -0.31783 0.559675 254 254 0
-0.385296 -0.0616719 0.673264 188 188 66
0.37576 0.0919312 0.670007 0 0 255
0.00618687 0.0836006 0.682479 0 0 255
0.388718 -0.232269 0.609145 185 185 69
0.259207 -0.145938 0.666311 0 0 255
0.396435 -0.178924 0.636337 0 0 255
0.489823 -0.111721 0.620991 10 10 244
-0.253736 0.0427795 0.688929 251 251 3
0.148746 -0.0971901 0.68036 0 0 255
0.409539 0.155749 0.641182 0 0 255
-0.308614 0.183331 0.650673 221 221 33
0.279137 0.400877 0.445912 87 87 167
-0.16293 0.191091 0.647544 232 232 22
0.17415 0.362486 0.507681 216 216 38
-0.314609 -0.0648748 0.683817 201 201 53
-0.0801234 -0.124976 0.672726 123 123 131
0.0477521 -0.0116241 0.690213 0 0 255
-0.0988616 0.163341 0.659384 160 160 94
-0.364317 0.0734484 0.675942 204 204 50
0.229011 -0.191157 0.648163 0 0 255
0.0920966 -0.244765 0.618385 150 150 104
0.17034 -0.245359 0.617836 131 131 123
0.369408 -0.082535 0.672795 0 0 255
0.309249 0.181138 0.651658 0 0 255
0.297672 -0.241558 0.619151 155 155 99
0.22094 0.234598 0.624671 47 47 207
-0.0108939 0.208931 0.639409 137 137 117
-0.341735 -0.0644084 0.680758 238 238 16
-0.349013 -0.188209 0.643377 110 110 144
0.232614 -0.133053 0.670207 0 0 255
-0.0524537 0.0628269 0.686102 51 51 203
-0.110154 0.134712 0.670185 158 158 96
0.336968 0.0158828 0.686326 0 0 255
0.439731 -0.0568388 0.655988 0 0 255
0.569302 -0.120399 0.561728 213 213 41
-0.00974528 0.140907 0.66767 38 38 216
0.287543 -0.0428735 0.687894 0 0 255
0.496108 0.136569 0.608947 49 49 205
-0.00441772 0.395856 0.454939 0 0 255
0.0301746 -0.0842062 0.682508 0 0 255
-0.00555822 0.219944 0.633261 216 216 38
0.0231017 -0.0862038 0.682371 0 0 255
0.282117 -0.187646 0.64913 0 0 255
0.15528 0.317039 0.559665 254 254 0
0.184931 0.20144 0.642437 0 0 255
-0.0543084 -0.0148022 0.690459 63 63 191
0.0338329 0.291325 0.583445 247 247 7
0.0173281 -0.00452656 0.690392 0 0 255
-0.329669 -0.0693283 0.681926 133 133 121
0.479238 -0.302154 0.505956 254 254 0
0.592734 -0.121352 0.537456 238 238 16
-0.131163 0.0539185 0.687735 127 127 127
-0.129473 -0.263077 0.605476 254 254 0
0.0520114 -0.0106284 0.689927 0 0 255
0.0704211 -0.0149652 0.689813 0 0 255
0.394798 0.258784 0.590062 179 179 75
-0.397828 0.289703 0.562962 0 0 255
0.22819 -0.271527 0.5989 164 164 90
0.515539 -0.0543096 0.618667 93 93 161
0.169839 -0.378911 0.483995 188 188 66
0.355308 0.295486 0.570207 254 254 0
0.349526 0.14838 0.659329 0 0 255
-0.230606 0.0471853 0.687888 247 247 7
-0.044061 -0.0596141 0.686944 0 0 255
0.110724 0.23587 0.623467 68 68 186
-0.196368 0.0333518 0.689597 203 203 51
0.398236 0.176837 0.636208 0 0 255
0.345006 -0.229339 0.621261 19 19 235
0.425983 -0.167522 0.630657 112 112 142
-0.0606317 0.0564465 0.687376 0 0 255
0.00600693 -0.197802 0.644709 95 95 159
0.366809 0.340485 0.520865 251 251 3
0.361978 -0.185565 0.64179 0 0 255
0.161847 0.00973037 0.690001 0 0 255
0.345641 -0.038303 0.683506 0 0 255
-0.105632 -0.370477 0.49587 85 85 169
0.320456 0.208319 0.636576 0 0 255
0.312596 -0.0662881 0.684216 0 0 255
0.312963 -0.407068 0.42842 139 139 115
0.0284964 -0.146829 0.665721 0 0 255
0.334892 0.165776 0.654828 0 0 255
0.166702 -0.24297 0.619821 119 119 135
0.482375 0.0652254 0.635767 0 0 255
0.588479 -0.189729 0.505449 253 253 1
0.389545 0.107236 0.663048 0 0 255
0.0694672 -0.166772 0.658356 50 50 204
-0.0687479 0.154598 0.663069 224 224 30
-0.34196 -0.0499995 0.682736 240 240 14
-0.422541 0.165183 0.63345 30 30 224
0.0217208 0.0443149 0.688709 0 0 255
0.510247 -0.353105 0.394367 109 109 145
-0.0221627 0.0571255 0.686754 0 0 255
0.414359 -0.172746 0.633006 0 0 255
-0.237204 0.0674351 0.68517 246 246 8
0.487169 0.0956853 0.627191 0 0 255
0.0379063 -0.167226 0.657833 122 122 132
0.168159 0.134683 0.669519 0 0 255
-0.194974 -0.240999 0.620885 254 254 0
0.370229 0.0322836 0.679171 0 0 255
-0.0939861 -0.228191 0.628022 216 216 38
0.358309 -0.0796473 0.675671 0 0 255
0.40632 0.214216 0.614352 16 16 238
0.228328 0.0434342 0.688888 0 0 255
0.110967 -0.318601 0.558698 230 230 24
0.590829 -0.217925 0.479091 194 194 60
0.0207168 -0.394772 0.45744 11 11 243
0.362649 -0.118917 0.665766 0 0 255
0.262747 -0.12515 0.672328 0 0 255
-0.101665 -0.38192 0.479086 0 0 255
-0.104293 0.33815 0.537505 187 187 67
0.0532245 -0.119227 0.674779 0 0 255
0.468145 0.224004 0.580757 222 222 32
-0.302405 0.335276 0.540107 0 0 255
0.0255267 0.206262 0.640192 212 212 42
0.549315 -0.139122 0.571005 192 192 62
0.0287603 -0.0144184 0.690412 0 0 255
0.0531092 0.13913 0.668926 0 0 255
0.164254 -0.11738 0.675361 0 0 255
0.347421 0.0249481 0.684149 0 0 255
0.691777 -0.0719638 0.401018 106 106 148
0.20226 -0.000733059 0.690976 0 0 255
0.511796 -0.145083 0.595738 126 126 128
0.160815 -0.13201 0.671212 0 0 255
0.340955 -0.00865995 0.685609 0 0 255
-0.168047 -0.307764 0.568423 220 220 34
0.293428 -0.18101 0.652569 0 0 255
0.140614 -0.398636 0.450226 70 70 184
0.352918 -0.156698 0.655948 0 0 255
0.149112 0.00300457 0.690903 0 0 255
0.300419 0.144838 0.665717 0 0 255
-0.191798 -0.193089 0.647043 250 250 4
-0.101771 0.285554 0.588363 254 254 0
-0.208916 -0.304138 0.57249 52 52 202
0.572182 -0.260339 0.459809 212 212 42
0.416431 0.146045 0.64236 0 0 255
0.28034 0.263928 0.604943 164 164 90
0.515535 0.00726437 0.622025 64 64 190
0.340866 -0.290233 0.578079 209 209 45
0.207857 0.192265 0.647546 0 0 255
0.277282 -0.052908 0.687158 0 0 255
0.287 0.161762 0.659893 0 0 255
0.415821 -0.050746 0.665738 0 0 255
0.508027 -0.129043 0.604717 190 190 64
0.344142 -0.317202 0.552072 247 247 7
0.123192 0.193518 0.64659 0 0 255
0.104435 -0.157063 0.662159 0 0 254
0.489496 0.307186 0.49185 248 248 6
0.301221 0.157762 0.66121 0 0 255
0.315148 -0.0223621 0.688076 0 0 255
0.00549222 0.0630956 0.68653 0 0 255
-0.242281 -0.0701187 0.68486 248 248 6
0.626301 -0.218118 0.424156 128 128 126
0.0334894 -0.0170131 0.690005 0 0 255
0.0585419 0.148344 0.665745 0 0 255
0.17552 0.188014 0.6494 0 0 255
-0.0941943 -0.0167259 0.690011 7 7 247
0.320978 0.231455 0.624032 39 39 215
-0.0469078 0.327664 0.549211 223 223 31
0.505983 0.218027 0.560975 221 221 33
0.209682 -0.373293 0.492221 223 223 31
0.199493 0.12985 0.671278 0 0 255
0.704045 0.0593623 0.37153 54 54 200
0.249659 -0.171279 0.656601 0 0 255
-0.184987 0.358795 0.51223 26 26 228
0.0283504 -0.140744 0.667784 0 0 255
-0.0876483 0.0229269 0.689612 35 35 219
-0.169106 0.362214 0.508315 82 82 172
-0.218795 0.154484 0.663194 254 254 0
0.206526 -0.167453 0.657727 0 0 255
-0.340409 -0.257933 0.604384 44 44 210
0.288631 -0.156267 0.662759 0 0 255
0.0195373 -0.385375 0.472389 182 182 72
0.051912 0.0308714 0.689493 0 0 255
-0.00935917 -0.129089 0.671344 0 0 255
0.28249 -0.157039 0.662186 0 0 255
-0.284426 -0.18111 0.652844 212 212 42
0.319045 -0.179563 0.650994 0 0 255
-0.147614 0.116992 0.675375 244 244 10
0.213764 0.233738 0.625232 132 132 122
0.505482 -0.179567 0.584311 245 245 9
0.196754 0.397981 0.450258 109 109 145
0.379712 0.141265 0.655812 0 0 255
0.518659 0.233703 0.539705 246 246 8
0.405458 0.123561 0.653461 0 0 255
-0.380438 0.285129 0.573396 0 0 255
0.361115 -0.00901283 0.682414 0 0 255
0.335276 -0.0905147 0.677299 0 0 255
-0.0680793 -0.0426647 0.688637 0 0 255
0.165919 0.159618 0.661077 0 0 255
-0.0645535 0.0303047 0.689946 0 0 255
-0.0667276 0.0805093 0.683231 35 35 219
0.438932 0.204905 0.60665 212 212 42
0.264822 0.120757 0.673925 0 0 255
0.0926243 -0.186371 0.650175 0 0 255
-0.0267695 0.387207 0.469977 0 0 255
0.206683 0.374948 0.489391 216 216 38
0.129791 -0.0840143 0.682577 0 0 255
0.573002 -0.117797 0.559157 227 227 27
0.307463 0.237582 0.621394 2 2 252
-0.160981 -0.11485 0.675569 248 248 6
0.514544 0.339298 0.416197 131 131 123
-0.0849622 0.0527286 0.687323 68 68 186
0.575599 -0.111214 0.558352 242 242 12
-0.220389 -0.147469 0.665545 250 250 4
-0.0478447 0.198459 0.644925 198 198 56
0.283341 -0.0445024 0.688621 0 0 255
0.203192 0.134566 0.669439 0 0 255
0.146546 0.105386 0.678385 0 0 255
0.421557 -0.038128 0.665614 0 0 255
0.396928 0.100835 0.662635 0 0 255
-0.0355277 -0.181941 0.651639 92 92 162
0.274222 -0.392339 0.460407 104 104 150
0.589872 -0.185356 0.506216 198 198 56
0.220548 0.193785 0.646788 0 0 255
-0.0599215 0.274378 0.5972 247 247 7
0.303277 -0.274074 0.596929 167 167 87
0.257527 0.0493634 0.687817 0 0 255
-0.325339 -0.0525005 0.684623 219 219 35
0.502277 0.142885 0.602833 105 105 149
0.143684 0.123937 0.673261 0 0 255
-0.277792 -0.223367 0.630745 221 221 33
0.193557 -0.33499 0.54167 252 252 2
0.297775 0.109668 0.676678 0 0 255
0.0670286 0.237511 0.623053 93 93 161
0.400123 0.0303371 0.672578 0 0 255
0.446735 -0.0210148 0.656808 0 0 255
0.0731806 -0.326329 0.550281 251 251 3
0.363966 0.105628 0.669385 0 0 255
0.165113 0.0279083 0.68937 0 0 255
0.290289 0.327051 0.549576 241 241 13
0.0810366 0.255301 0.611414 192 192 62
-0.00273604 0.0113325 0.690795 0 0 255
0.158695 -0.0988696 0.679254 0 0 255
0.435496 0.167853 0.627273 47 47 207
-0.440488 -0.167862 0.62517 0 0 255
0.424999 -0.248292 0.585612 191 191 63
0.543793 -0.0119419 0.603625 107 107 147
0.285006 -0.331183 0.544992 243 243 11
0.341439 -0.0349146 0.684091 0 0 255
0.506328 -0.21327 0.563886 254 254 0
0.218591 -0.160171 0.660844 0 0 255
0.566314 0.0578806 0.580723 194 194 60
0.135335 -0.191282 0.647874 54 54 200
0.0263355 -0.0460839 0.687852 0 0 255
0.082739 0.0898169 0.6813 0 0 255
0.353558 0.244628 0.609964 120 120 134
0.0329349 0.0487059 0.687436 0 0 255
0.0817111 -0.0264979 0.689314 0 0 255
0.291009 0.191442 0.647818 25 25 229
0.407622 -0.273741 0.573301 251 251 3
0.341052 -0.370518 0.488235 197 197 57
0.374006 -0.160968 0.64921 0 0 255
-0.332488 -0.0826982 0.679142 184 184 70
0.209218 0.243107 0.619415 4 4 250
0.0715246 -0.203218 0.641859 52 52 202
0.316952 -0.00674791 0.68912 0 0 255
0.527719 -0.16624 0.575071 226 226 28
0.387001 0.0899044 0.667217 0 0 255
0.359219 0.40483 0.420471 137 137 117
0.362716 -0.0828405 0.674136 0 0 255
0.391528 -0.0167938 0.675883 0 0 255
-0.0257544 0.213838 0.636725 239 239 15
-0.0728875 0.287408 0.586788 251 251 3
-0.247602 -0.18985 0.648496 185 185 69
-0.111601 -0.0899945 0.6815 85 85 169
0.111947 -0.0626402 0.686091 0 0 255
0.611751 -0.0558978 0.536971 242 242 12
0.255515 -0.219699 0.633062 121 121 133
0.379883 -0.145872 0.653415 0 0 255
0.233049 0.195464 0.645526 0 0 255
-0.281179 0.111683 0.676153 254 254 0
0.489238 -0.000823873 0.637662 98 98 156
0.23513 -0.0755682 0.684088 0 0 255
-0.201142 -0.00655969 0.690252 208 208 46
0.352147 0.0853342 0.675672 0 0 255
0.310733 -0.176677 0.652552 0 0 255
0.430032 0.144504 0.63847 0 0 255
0.455299 -0.362302 0.440142 196 196 58
0.21513 -0.0277333 0.689181 0 0 255
0.443155 -0.128282 0.639043 0 0 255
0.164706 -0.354434 0.517708 254 254 0
-0.237852 -0.20635 0.640151 252 252 2
0.158164 -0.074071 0.684573 0 0 255
0.539914 -0.046063 0.603025 151 151 103
0.358958 -0.236644 0.614792 34 34 220
-0.0443795 -0.102628 0.678279 16 16 238
0.4029 0.390012 0.425694 158 158 96
0.417503 -0.159844 0.637585 0 0 255
0.375618 -0.16777 0.64653 0 0 255
0.431172 0.0969346 0.652081 0 0 255
0.419753 -0.0937851 0.656793 0 0 255
-0.198974 0.26107 0.607183 149 149 105
0.280967 0.325503 0.551763 253 253 1
-0.0942681 -0.0429202 0.688647 48 48 206
0.205977 -0.0824353 0.683084 0 0 255
0.271797 0.0735986 0.684304 0 0 255
0.3454 0.151527 0.659299 0 0 255
0.397094 -0.274272 0.577264 241 241 13
0.00977096 -0.207603 0.64001 139 139 115
0.374567 -0.057158 0.676273 0 0 255
0.22058 0.10534 0.678084 0 0 255
0.316162 0.208351 0.637099 0 0 255
0.338148 -0.0794433 0.679356 0 0 255
0.135901 0.185211 0.650728 34 34 220
0.283879 -0.237439 0.622561 50 50 204
0.338695 0.304111 0.565991 219 219 35
-0.0279259 -0.208654 0.639323 173 173 81
0.256353 0.176785 0.654562 0 0 255
-0.0677144 -0.177315 0.654255 221 221 33
0.517055 0.0793482 0.612573 59 59 195
-0.0945449 -0.163491 0.659819 140 140 114
-0.278809 -0.204992 0.640636 151 151 103
0.622055 0.0818997 0.517781 244 244 10
0.50494 -0.227275 0.556011 238 238 16
-0.298859 -0.000787763 0.68952 246 246 8
0.444359 -0.281472 0.550086 228 228 26
0.431371 -0.109403 0.648978 0 0 255
0.111242 0.426635 0.382862 0 0 255
0.0397005 0.0204024 0.689818 0 0 255
0.411125 -0.256917 0.58551 167 167 87
-0.321306 -0.0575604 0.685112 247 247 7
0.526218 -0.185221 0.566483 254 254 0
0.396445 -0.0631368 0.670313 0 0 255
0.384264 0.126095 0.659537 0 0 255
0.400536 -0.146904 0.647739 0 0 255
0.382273 -0.0246314 0.67795 0 0 255
0.34044 0.304179 0.566625 251 251 3
0.215513 0.328952 0.547982 254 254 0
0.461929 0.106111 0.636897 0 0 255
0.428664 -0.0367162 0.662873 0 0 255
0.225951 0.0639745 0.68578 0 0 255
0.243411 -0.0786299 0.683106 0 0 255
-0.0732499 0.244407 0.618165 234 234 20
0.476058 -0.258146 0.551209 225 225 29
-0.341612 -0.28534 0.583126 0 0 255
-0.0644021 0.062834 0.685835 0 0 255
0.465383 0.0911435 0.639254 0 0 255
0.601325 0.082504 0.541803 244 244 10
0.0412675 0.102282 0.679163 0 0 255
0.364919 0.0816384 0.674201 0 0 255
0.427376 0.123904 0.646058 56 56 198
0.1053 0.295056 0.580257 254 254 0
0.547337 0.0629044 0.594573 221 221 33
0.182723 0.151249 0.664305 0 0 255
0.249045 -0.112362 0.67655 0 0 255
-0.0343477 0.215211 0.636238 180 180 74
-0.142545 -0.194144 0.64625 230 230 24
0.0258432 0.00852958 0.690581 0 0 255
0.269956 0.280458 0.592789 234 234 20
0.3246 -0.30184 0.571408 228 228 26
0.0121806 0.17878 0.653688 25 25 229
-0.178314 0.0092502 0.69006 187 187 67
-0.13303 0.0424809 0.688244 124 124 130
0.148105 -0.110811 0.676594 0 0 255
-0.307693 0.101475 0.678073 242 242 12
0.471515 -0.0791681 0.639002 0 0 255
-0.478703 -0.011128 0.642619 0 0 255
0.0623641 0.140898 0.667485 0 0 255
0.388742 -0.209541 0.623482 59 59 195
0.191685 0.0170428 0.690668 0 0 255
0.476552 0.0913449 0.633861 22 22 232
0.328004 -0.141623 0.664994 0 0 255
0.13034 0.261575 0.606353 191 191 63
-0.175157 -0.0141729 0.690288 189 189 65
0.107145 0.317764 0.559045 245 245 9
-0.290533 0.211981 0.636949 170 170 84
0.334663 0.298182 0.573005 230 230 24
0.205269 -0.30884 0.567127 211 211 43
0.321903 0.317236 0.557164 234 234 20
0.340794 0.427622 0.365507 0 0 255
0.491563 -0.300887 0.498343 229 229 25
0.00344416 0.0873289 0.681794 21 21 233
0.225214 0.0677318 0.685186 0 0 255
0.434076 0.0730822 0.65603 0 0 255
0.208375 -0.322418 0.55376 229 229 25
0.412158 0.122473 0.651657 0 0 255
-0.02667 -0.115676 0.675186 0 0 255
-0.413317 0.209831 0.614596 0 0 254
0.0863241 0.0160824 0.689931 0 0 255
0.45848 0.194097 0.603612 199 199 55
-0.321846 0.12152 0.671551 177 177 77
0.51089 -0.053865 0.621891 15 15 239
0.370738 -0.177982 0.64336 0 0 255
-0.140962 0.345372 0.52871 160 160 94
-0.0866067 -0.195422 0.645458 200 200 54
-0.0516973 -0.125486 0.673108 109 109 145
-0.441226 -0.000407847 0.659971 29 29 225
-0.20067 0.0878533 0.681977 253 253 1
-0.358386 0.10863 0.669515 197 197 57
0.638135 -0.0353449 0.508002 250 250 4
0.332682 0.097966 0.675743 0 0 255
0.585381 -0.060399 0.563555 220 220 34
0.472925 0.0786538 0.637768 0 0 255
0.588538 0.149135 0.529463 251 251 3
0.521729 0.295235 0.476292 218 218 36
-0.16668 -0.287303 0.586514 181 181 73
0.342542 0.223519 0.625942 28 28 226
0.160939 0.139641 0.66793 0 0 255
0.387691 0.366104 0.478719 236 236 18
0.354871 -0.188437 0.641609 0 0 255
0.308462 0.130273 0.670003 0 0 255
0.533274 -0.169947 0.569313 202 202 52
0.288337 0.0218294 0.689445 0 0 255
0.0514735 -0.0680797 0.68569 0 0 255
-0.0679981 0.132205 0.670582 178 178 76
0.0140865 -0.032625 0.689806 0 0 255
0.0532782 0.0034549 0.690366 0 0 255
0.44796 0.292815 0.536745 243 243 11
0.434418 -0.0628755 0.657872 0 0 255
-0.296481 0.212332 0.636695 226 226 28
0.440803 -0.205709 0.606074 197 197 57
0.424196 -0.376865 0.437748 98 98 156
0.4453 -0.158863 0.626448 0 0 255
0.548637 0.0550953 0.595594 125 125 129
0.494682 -0.152739 0.603613 111 111 143
0.0490811 -0.14254 0.667115 0 0 255
0.43805 -0.168034 0.62623 130 130 124
0.281802 -0.273381 0.598357 101 101 153
0.358932 0.294115 0.571858 212 212 42
-0.220863 -0.0349798 0.689112 254 254 0
0.191179 -0.0262283 0.689483 0 0 255
0.651897 0.069318 0.48014 237 237 17
0.381279 -0.0810803 0.670341 0 0 255
-0.0861793 0.00687985 0.690192 43 43 211
0.335073 -0.0277239 0.685635 0 0 255
0.181333 -0.109593 0.677309 0 0 255
0.467424 0.334732 0.474071 218 218 36
0.610347 -0.16968 0.491593 158 158 96
-0.18923 0.0507157 0.687302 251 251 3
0.550967 0.229201 0.515274 247 247 7
