# .PCD v0.7 - Point Cloud Data file format
VERSION 0.7
FIELDS x y z rgb
SIZE 4 4 4 4
TYPE F F F U
COUNT 1 1 1 1
WIDTH 10000
HEIGHT 1
VIEWPOINT 0 0 0 1 0 0 0
POINTS 10000
DATA ascii
0.25468901 -0.29838201 0.57770801 4288914267
0.33275399 0.0358794 0.68530703 4278190335
0.42116699 0.17651901 0.62865102 4281019347
0.300944 -0.30224001 0.57287598 4291611698
0.45846 0.344475 0.46753499 4286348418
0.053771399 -0.000145171 0.69068402 4278190335
0.372098 0.068613999 0.67485797 4278190335
0.38324699 -0.052772701 0.67461902 4278190335
0.00091890502 0.121845 0.67407298 4278190335
0.495323 0.064943001 0.628865 4278190335
0.435588 -0.136575 0.63942599 4278190335
0.33123001 -0.184231 0.64801002 4278190335
-0.070721902 0.070298702 0.68512601 4278190335
0.00208353 -0.15865199 0.66159201 4278190335
-0.28953201 -0.073205501 0.68419498 4293585428
0.276373 -0.129912 0.67179602 4278190335
-0.20333301 0.31002799 0.566064 4283979942
-0.040750299 0.14623 0.66629601 4281479884
0.14293399 0.156258 0.66251397 4278190335
-0.080481 -0.12093 0.67415601 4283650987
0.48633301 0.159426 0.60529298 4285493135
0.58119297 0.17326701 0.524427 4294901248
0.24738801 -0.13888399 0.66830403 4278190335
0.37919101 -0.103071 0.66631401 4278190335
0.101268 0.10197 0.67902797 4278190335
0.085989803 -0.131138 0.67077601 4278190335
0.22954901 0.22403701 0.63077098 4278190335
0.473896 0.018676501 0.64465803 4278190335
0.255014 -0.39741901 0.45111999 4287006328
0.0108214 -0.19367801 0.646294 4285229971
0.29935199 -0.189587 0.64812899 4279440363
0.297236 0.42981401 0.37294799 4281940421
-0.240776 0.27249399 0.59824198 4292203817
-0.159012 -0.12649301 0.67268801 4291348534
0.127039 -0.0285041 0.68995798 4278190335
-0.22168601 -0.105831 0.67743999 4293519637
-0.021791199 -0.094343401 0.68022299 4281743048
-0.0144926 -0.017231099 0.68973899 4278190335
0.062131599 -0.12154 0.674043 4278190335
0.301034 0.111497 0.675816 4278190335
0.13591599 -0.27875599 0.59396899 4294243338
0.50665402 0.18653101 0.57931399 4288585312
-0.061204001 0.085578397 0.68254 4282927286
0.497127 0.066033997 0.62754899 4287664238
0.52381003 -0.20641901 0.55612898 4293585428
0.039944801 -0.0138814 0.690386 4278190335
0.53760099 -0.246365 0.51260102 4294703875
0.145468 -6.6004803e-05 0.69088501 4278190335
-0.307652 0.059227001 0.68589699 4294309129
0.282213 -0.0596525 0.68685299 4278190335
0.40406299 0.035206702 0.670959 4278190335
0.254008 0.129796 0.67127001 4278190335
-0.0202378 -0.379682 0.48252499 4283190450
0.14392 -0.0421707 0.68817401 4278190335
0.109857 -0.16921499 0.65753299 4278190335
-0.042541701 -0.263978 0.60527802 4294703875
0.401517 0.0264541 0.67185199 4278190335
0.074532002 -0.191027 0.647802 4278190335
0.449828 0.0090209497 0.65648198 4278190335
0.116334 0.19183999 0.64734 4281348302
-0.143177 -0.14925499 0.664698 4292072235
0.17582101 0.061821099 0.68651301 4278190335
-0.0036067399 -0.213816 0.63603801 4289506386
0.32544699 -0.055364899 0.68474799 4278190335
0.394723 -0.322061 0.53285301 4294638084
0.302035 0.075661898 0.682998 4278190335
0.34773299 0.27655399 0.58876997 4291743280
0.57678503 0.0127679 0.57702899 4289572177
0.41281301 0.30357099 0.543984 4294769666
0.141895 -0.067082398 0.68512702 4278190335
0.493002 0.100744 0.62263203 4282729913
0.386352 0.14918999 0.65069199 4278190335
-0.343366 -0.15816601 0.65631402 4284703643
0.37246099 -0.116281 0.66525698 4278190335
-0.120188 0.045236599 0.68813401 4288387939
0.69537199 -0.018323701 0.40684301 4286940537
0.13846099 -0.032212298 0.68972403 4278190335
-0.21317901 -0.037011102 0.688609 4293059100
0.092844702 -0.133361 0.66995299 4278190335
0.33566701 -0.091907002 0.67722899 4278190335
0.26029101 -0.101811 0.67866701 4278190335
0.54508501 0.028013101 0.60187602 4286545791
-0.399023 0.22978701 0.60791498 4278782453
-0.063216403 -0.0113503 0.69077599 4278190335
0.055303302 0.077351898 0.68362999 4278190335
-0.121183 0.078976899 0.68345499 4285229971
-0.15638401 0.0297374 0.68963498 4288058984
0.14396501 -0.017025299 0.69016802 4278190335
0.40023401 0.300466 0.552885 4293782801
0.357097 -0.27146 0.59094602 4287335283
0.52982801 0.23345099 0.531596 4294374920
0.065578401 -0.19713999 0.644849 4282664122
0.066878602 0.228853 0.62806797 4284177315
-0.23236801 -0.233981 0.62450898 4294572293
0.30484599 -0.157461 0.66116601 4278190335
0.150243 -0.40458599 0.43784201 4285558926
-0.115044 0.098741204 0.679281 4287466865
0.295486 0.105617 0.67805398 4278190335
-0.204806 0.0057528 0.69067901 4291874862
0.100693 0.39499101 0.45653099 4291414325
0.66544998 0.061981801 0.46075401 4292927518
0.309919 0.212626 0.63578802 4278190335
0.288683 -0.107524 0.67743701 4278190335
0.593077 -0.214587 0.47827101 4292532772
0.066930503 0.125847 0.672355 4278190335
0.49282601 0.216464 0.571594 4294769666
0.310379 0.165151 0.65762401 4278190335
0.202766 -0.33054501 0.54544401 4294243338
-0.0135967 -0.073982701 0.68391001 4278190335
0.0128012 -0.0092023304 0.69037902 4278190335
-0.116435 0.312628 0.56371999 4293980174
-0.31489801 -0.067556098 0.68340802 4294440711
0.52405798 -0.191788 0.56392998 4291677489
0.27415201 0.153605 0.66320997 4278190335
0.088610001 0.100993 0.679353 4278190335
0.21264701 -0.330782 0.54631901 4293453846
0.35074499 -0.17656 0.64831501 4278190335
0.080113202 0.27744901 0.59512401 4293782801
0.163883 -0.095038198 0.68015897 4278190335
-0.069157101 0.20130201 0.64297199 4289637968
0.444177 0.017529201 0.65804797 4278190335
-0.0139781 -0.180914 0.65251499 4283585196
0.31371799 0.34022799 0.53265399 4294835457
-0.430538 0.067957602 0.65854597 4283848360
0.59964401 0.122293 0.53049302 4294638084
0.040124498 0.16732199 0.657897 4278190335
-0.241951 0.11537 0.675107 4294440711
0.16280299 0.25637501 0.61071301 4288519521
0.30966499 0.038558401 0.68768501 4278190335
-0.41986901 -0.16741 0.63369697 4278190335
0.21296699 0.214155 0.63671798 4278190335
0.25598401 -0.31480601 0.56143099 4294901248
-0.078199103 -0.097121097 0.67965102 4281808839
-0.161929 -0.103253 0.67867702 4290493251
0.20676801 0.23325001 0.624892 4278914035
0.21679799 -0.19704901 0.64505702 4278190335
0.450526 -0.235394 0.58270597 4293322264
0.138569 0.091582 0.680691 4278190335
0.25718901 -0.0881951 0.68212301 4278190335
0.50392801 0.103775 0.61580801 4280558810
0.0117874 0.0247309 0.69028902 4278190335
0.0934892 -0.17126 0.65684998 4280164064
0.39245799 -0.157157 0.64661098 4278190335
0.414821 -0.26670301 0.57532501 4291151161
-0.17602301 -0.367998 0.50032598 4278190335
0.275796 -0.017138099 0.68973601 4278190335
0.360715 -0.0150017 0.68286401 4278190335
-0.072334103 0.316082 0.56065297 4289572177
0.0343052 0.31142199 0.56587702 4294243338
0.27684999 0.418432 0.40613401 4286611582
-0.33884299 -0.260649 0.60174203 4283387823
-0.0648624 0.17150199 0.65662599 4292664354
0.49892399 0.066244602 0.62678301 4282269376
-0.055158202 -0.196935 0.64517301 4290887997
0.39554101 -0.062418301 0.67063898 4278190335
-0.227469 -0.36349499 0.50602198 4278190335
0.52984101 0.023280401 0.61270303 4286808955
0.33166 -0.250193 0.61006302 4290164296
0.36645201 0.12720899 0.66319001 4278190335
0.13105799 -0.0998253 0.67911702 4278190335
-0.13032299 -0.336097 0.53932899 4291940653
0.32271299 -0.1195 0.67149502 4278190335
-0.298127 0.28054199 0.59185499 4284835225
0.0282706 -0.173777 0.655451 4289572177
0.223244 -0.16595601 0.65868098 4278190335
0.163908 0.109896 0.67738497 4278190335
0.231419 0.28555301 0.58836102 4292269608
0.47722399 0.29478401 0.515131 4294703875
0.065815702 0.12794501 0.67242599 4278190335
-0.225049 -0.242277 0.61988997 4289243222
0.588624 0.0599332 0.56078202 4292138026
0.336674 0.112054 0.67191899 4278190335
-0.030129099 -0.0085545704 0.69062001 4278190335
0.37734401 -0.018265599 0.678545 4278190335
-0.0057028998 -0.208462 0.63892901 4289243222
0.133948 0.015921401 0.69018799 4278190335
0.59539002 -0.084552497 0.54727399 4294835457
-0.323939 0.218124 0.63089198 4287137910
-0.086055398 -0.33245099 0.54330897 4293848592
0.45227399 0.25461501 0.56782299 4292927518
-0.217305 -0.15706301 0.66239297 4294506502
0.68500102 -0.074936099 0.416278 4287598447
0.183321 -0.0400979 0.68914598 4278190335
-0.221637 -0.14098801 0.66780901 4294374920
0.052116599 0.030087899 0.68908697 4278190335
0.23857699 0.22327299 0.63089901 4278190335
0.42839801 -0.073503599 0.65765798 4278190335
0.374365 -0.19580901 0.63427502 4278190335
0.51805598 -0.152812 0.58834398 4288058984
0.401878 0.151958 0.64502102 4278190335
0.495314 0.181188 0.59010899 4286414209
0.098144099 -0.302892 0.57313699 4294572293
0.37236199 -0.108876 0.66670001 4278190335
0.0302212 0.032606602 0.68931597 4278190335
0.38119501 0.224197 0.61652702 4280361437
0.53892201 -0.103303 0.59259999 4287730029
0.42362601 0.13063601 0.64578801 4278190335
-0.32402501 0.199485 0.64063001 4291414325
0.56514698 0.0062337299 0.58636099 4293256473
0.49742001 0.194517 0.58115703 4290559042
-0.105865 0.27631801 0.59586698 4292598563
0.0129235 -0.175285 0.65515399 4284901016
0.145026 -0.163867 0.65982902 4278190335
0.39598799 -0.010798 0.67447197 4278190335
0.051778801 0.25739101 0.60945898 4293782801
0.203353 -0.17749099 0.65401697 4278190335
0.31521499 0.043994699 0.68712401 4278190335
-0.034619398 0.066809602 0.68589401 4278190335
-0.0125142 0.30542099 0.57110697 4294901248
-0.37836599 0.00249982 0.679097 4286151045
-0.0160954 0.234198 0.624659 4290032714
0.374686 -0.117752 0.663688 4278190335
0.098272704 0.100216 0.67939401 4278190335
0.35578501 0.28585801 0.578601 4292927518
0.62889898 0.0291763 0.51966298 4294901248
0.173821 0.223538 0.63118899 4278190335
-0.34043401 -0.0146008 0.68571502 4286677373
-0.016744399 -0.035929501 0.68942899 4278190335
0.29927799 -0.163164 0.65953201 4278190335
0.320539 0.35359401 0.51620501 4294901248
0.38606501 0.191064 0.63329101 4278190335
-0.270758 -0.082056597 0.68291003 4294703875
-0.176035 -0.101004 0.67884499 4292335399
-0.022910699 -0.339073 0.53703898 4294703875
0.416004 0.042054601 0.66648501 4278190335
0.124996 0.11062 0.67682499 4278190335
-0.13474201 -0.254917 0.61161298 4294835457
-0.0055294302 0.116164 0.67536402 4278190335
0.340572 0.144085 0.66245902 4278190335
-0.084780797 -0.156929 0.66180199 4289374804
0.122021 0.073264197 0.68410599 4278190335
0.28313199 0.202528 0.642362 4278190335
-0.024181001 0.29995999 0.57601303 4294901248
0.55438697 0.191594 0.53945601 4293980174
-0.090337701 -0.246658 0.61639202 4293256473
0.15626501 -0.13876399 0.668338 4278190335
0.183274 -0.27695099 0.59573799 4288980058
-0.19576199 0.12806 0.67146599 4293585428
-0.0281152 -0.0063985102 0.69004101 4280229855
0.25203699 -0.018871401 0.68973702 4278190335
0.0289772 -0.148855 0.66467899 4281348302
-0.42756101 -0.13865399 0.640975 4281150929
0.28117201 0.096233703 0.68056601 4278190335
-0.0478236 0.078228503 0.68325299 4278190335
-0.40763599 0.0235427 0.670277 4287664238
-0.062633403 0.00120764 0.69041598 4278190335
0.032382201 0.079977199 0.68352503 4278190335
-0.20847601 0.21839701 0.63361001 4294901248
0.36406499 -0.16444901 0.65048999 4278190335
0.55783302 -0.034157999 0.59065098 4290098505
-0.0115071 0.316486 0.560054 4294835457
0.040227499 0.00258346 0.69052398 4278190335
0.47667399 -0.090193599 0.63388598 4278190335
0.072264098 -0.27041101 0.59963202 4291874862
0.442155 0.00611021 0.65918797 4278190335
0.059069298 -0.12678701 0.67199802 4278190335
0.27828401 0.24305101 0.61913002 4282664122
0.31222701 0.037199002 0.68810201 4278190335
0.60861301 0.18433499 0.482757 4293848592
0.238242 0.078171499 0.68368 4278190335
0.49638501 0.144218 0.60682398 4289045849
0.351129 0.099431299 0.672988 4278190335
0.321049 0.224526 0.62802899 4282729913
0.51757097 -0.215055 0.55475497 4294769666
-0.041792698 -0.111445 0.67622697 4280295646
0.138724 0.389972 0.464131 4283848360
0.244435 -0.0293398 0.68963599 4278190335
0.30460101 0.179911 0.65261197 4278190335
0.26460201 0.125122 0.67316401 4278190335
0.155898 0.15053201 0.66482598 4278190335
0.56114501 0.162993 0.549326 4294638084
0.45524299 -0.0605857 0.649167 4278190335
0.28645599 0.098505199 0.679079 4278190335
0.35275501 -0.17219999 0.64920402 4278190335
-0.059226599 -0.40441701 0.43671 4278190335
-0.068299703 0.36716601 0.50130099 4290230087
0.56012899 0.046766799 0.58761901 4289966923
0.0382891 -0.024726201 0.69024402 4278190335
0.404107 0.0100635 0.67202002 4278190335
0.32853201 0.081328802 0.68031198 4278190335
0.439491 0.23062301 0.59086299 4291282743
0.00133294 -0.080483802 0.68328202 4278190335
0.24429201 -0.074703902 0.68406099 4278190335
0.565907 -0.16750599 0.54272503 4294506502
-0.191302 -0.039291501 0.68846101 4290559042
0.58215398 0.040147699 0.56991702 4290295878
0.52584702 -0.211972 0.550237 4294572293
0.41735199 -0.0507553 0.665075 4278190335
0.301965 -0.065444499 0.68549597 4278190335
0.28219801 0.042201001 0.68839902 4278190335
0.51742202 -0.104049 0.60641301 4292466981
0.36473 -0.303653 0.56128901 4292795936
0.215652 0.163809 0.65932798 4278190335
-0.0221799 0.33822301 0.53687102 4289901132
0.099278003 0.043180998 0.688335 4278190335
0.27542099 0.25139701 0.61410999 4280887765
0.38813701 0.21418899 0.62031001 4278782453
0.46425399 -0.042497899 0.64781499 4278190335
0.037710201 -0.11286 0.67635101 4278190335
0.0062931799 -0.149811 0.66517299 4278190335
0.53986502 -0.153281 0.57184201 4290690624
0.479323 -0.163312 0.60816002 4282466749
0.55008501 0.036488701 0.59701902 4285164180
0.32013801 -0.134847 0.66807801 4278190335
-0.21910299 -0.24744201 0.61597902 4290756415
0.35437199 0.33152699 0.53561097 4294703875
-0.23613299 -0.32657301 0.54937702 4284835225
0.039622098 -0.0135485 0.69072199 4278190335
0.465579 -0.167797 0.61308801 4285756299
0.54538703 -0.259103 0.493521 4291348534
0.37495399 -0.304104 0.55695498 4293453846
0.132139 -0.1991 0.64417797 4278190335
0.54133099 -0.103947 0.58938801 4288651103
0.32887101 -0.067923397 0.68208498 4278190335
0.31687 0.17708901 0.65200502 4278190335
0.49438301 0.0083921598 0.63461298 4278190335
0.109025 0.21741401 0.63403898 4284308897
0.266947 0.238783 0.62200302 4279966691
0.074910499 -0.16851 0.65787297 4278190335
0.54332697 -0.135493 0.57787502 4289703759
-0.0118824 0.30950001 0.56757098 4294901248
0.34881699 -0.109583 0.67116499 4278190335
0.072189197 0.097251803 0.679555 4278190335
0.108053 0.38063499 0.480474 4285493135
0.398698 0.30730301 0.54675698 4293914383
0.61065698 0.169118 0.49228999 4294111756
0.39915499 0.042487498 0.67156601 4278190335
-0.29435599 0.00104694 0.69010502 4292664354
0.480032 -0.059528701 0.63833302 4278190335
0.146456 -0.33741099 0.53821498 4293651219
0.194655 -0.167138 0.65786397 4278190335
0.46603 0.10855 0.63409299 4278190335
0.37288499 0.0057714698 0.68039 4278190335
0.49049899 0.146506 0.60849899 4282335167
0.41328299 -0.064975403 0.66420001 4278190335
0.35883501 -0.35071301 0.51028103 4293322264
-0.154397 -0.27189901 0.59967399 4291743280
0.499511 0.044409402 0.629623 4278190334
0.070795901 0.138852 0.66845202 4278190335
0.585702 0.14734 0.53391701 4294309129
0.0372595 -0.151142 0.66467398 4283256241
0.60483098 0.131218 0.51938301 4294901248
0.031079501 0.32778201 0.54880399 4294901248
0.55406302 -0.00950542 0.59483498 4292401190
0.239373 0.043001398 0.68843102 4278190335
0.383632 0.094038598 0.66759199 4278190335
0.57371902 0.0404673 0.57697099 4294572293
0.48372 -0.26485401 0.54015201 4294309129
0.17632399 -0.159261 0.66165501 4278190335
0.62610602 0.090694398 0.51005697 4294374920
-0.242323 -0.211192 0.63820702 4294769666
0.51848501 -0.13866501 0.59400803 4286545791
-0.34622401 -0.0110899 0.68460602 4289637968
0.44578201 -0.145366 0.631257 4278190335
0.170523 -0.090418801 0.68175799 4278190335
0.294191 0.24632899 0.61623597 4283058868
0.14081401 0.21240699 0.63706797 4278190335
0.40504599 -0.053177901 0.66846901 4278190335
0.58011103 0.065498397 0.56761098 4293256473
0.467953 -0.055591799 0.64497602 4278190335
0.16687 -0.0447242 0.68801701 4278190335
-0.317628 -0.108332 0.67543 4294309129
0.082682699 -0.159777 0.66070402 4278190335
0.43816701 0.068088397 0.65494502 4278190335
0.32233301 0.30506599 0.56781501 4292795936
0.528355 0.0075034602 0.61437899 4280493019
0.304061 -0.073964298 0.68406498 4278190335
0.071815103 -0.075514898 0.68407899 4278190335
0.52630103 -0.267349 0.503474 4292072235
0.313416 -0.089386299 0.68048698 4278190335
0.145473 0.070611402 0.68447697 4278190335
0.115783 -0.071160302 0.68447399 4278190335
0.199911 -0.27211899 0.59912997 4288782685
0.28592801 -0.1761 0.65416098 4278190335
-0.110261 0.21001001 0.638919 4292532772
0.21297801 -0.036002699 0.68898398 4278190335
0.52644402 -0.082648702 0.60674697 4285032598
0.47036499 -0.146456 0.61993098 4278190335
-0.087004997 -0.15384699 0.66290098 4292006444
0.123624 -0.106142 0.677921 4278190335
0.43475801 -0.230905 0.59388101 4289177431
0.51823002 -0.15045001 0.59033501 4289374804
0.296134 -0.213218 0.63619298 4278190335
0.31844699 -0.161768 0.65845799 4278190335
-0.34182799 0.048055399 0.682881 4292664354
0.043205701 0.0081900703 0.69030499 4278190335
0.39341301 0.166494 0.64174199 4278190335
-0.41589299 0.106512 0.654778 4279571945
0.50809401 0.00197052 0.62712598 4278190335
-0.30997401 -0.068419002 0.68385398 4290361669
0.0305799 0.20219401 0.64286101 4284572061
-0.30278799 0.193803 0.645531 4284835225
-0.18340001 0.0270389 0.68958598 4293519637
0.121913 0.17979001 0.65306199 4282993077
0.49134901 0.066871896 0.631015 4278190335
0.064854801 -0.158475 0.66165298 4278190334
0.64418101 -0.0034616699 0.50160497 4292993309
-0.24279501 0.170681 0.65638 4294901248
0.29076901 0.30055401 0.57545298 4291874862
0.50721598 0.0553293 0.62353802 4278190335
0.49005401 0.163341 0.60207599 4286677373
0.56386602 0.0140713 0.58693802 4288585312
-0.00482903 -0.208499 0.63964897 4285032598
0.20858601 -0.181632 0.65261799 4278190335
0.20389199 -0.090754502 0.68094701 4278190335
-0.111781 -0.225903 0.62944299 4293980174
-0.27233201 -0.130215 0.67167199 4294769666
0.47908401 -0.335291 0.46362501 4287664238
0.44454899 0.142766 0.63307202 4286874746
0.30454901 -0.087719798 0.68140602 4278190335
-0.30131701 0.363713 0.50414097 4278190335
-0.26587299 -0.24663299 0.61682397 4292138026
-0.0626771 -0.177619 0.65380001 4292203817
0.13817701 -0.14745399 0.66531801 4278190335
0.42762199 0.0926276 0.653983 4278190335
-0.25232899 -0.043046899 0.68844402 4294703875
0.0135482 0.128096 0.67197597 4278190335
0.0369034 -0.211897 0.63757199 4290559042
0.230858 0.23293599 0.62499201 4283914151
-0.25209099 0.083597399 0.682989 4294374920
-0.206139 -0.33772701 0.53811902 4287993193
0.16368499 0.162377 0.66034698 4278190335
0.21933299 -0.205723 0.64072901 4279308781
0.57988697 0.16020299 0.53327501 4294638084
0.50538301 -0.279084 0.51097101 4294769666
-0.18005501 0.079613097 0.68308598 4289901132
-0.38842699 0.13321599 0.65573502 4285098389
0.47664699 -0.059875902 0.639503 4278190335
0.227984 0.15776201 0.66155702 4278190335
0.021586901 -0.19254699 0.64668399 4285229971
0.30215099 0.137126 0.66890198 4278190335
0.14944901 0.25369501 0.61224699 4292335399
-0.18953601 -0.17786101 0.65390998 4294506502
-0.24988601 -0.31515399 0.56111997 4283058868
0.43513 -0.24474099 0.584225 4288453730
0.118104 0.0797626 0.68295199 4278190335
0.200453 -0.28441399 0.58859599 4289901132
0.48840699 0.11628 0.62015402 4280427228
0.234412 -0.232972 0.62550497 4279045617
0.35275599 0.023092 0.683294 4278190335
0.174034 0.0883196 0.68179399 4278190335
0.37383899 0.116687 0.66424 4278190335
0.54788399 0.17285199 0.55572599 4294901248
-0.055718999 0.226859 0.6293 4291282743
0.24577899 0.186382 0.65023899 4278190335
-0.052534301 -0.032557499 0.689762 4278190335
-0.0335683 0.40825999 0.429728 4281940421
0.41101101 0.148929 0.64392501 4278979826
-0.091137603 -0.0917558 0.68104702 4284243106
0.106576 -0.24894901 0.61587101 4288058984
0.28942099 0.38165799 0.47809899 4290098505
0.124309 -0.331303 0.54435199 4294901248
0.114024 0.21183801 0.63726699 4287072119
0.33645999 0.0127048 0.68614101 4278190335
0.23847 -0.20807201 0.63964897 4278190335
0.30207101 -0.142612 0.66666299 4278190335
-0.034004599 0.088866301 0.68212402 4278190335
0.207672 0.054499201 0.68671501 4278190335
0.15185 0.035843801 0.68905401 4278190335
0.32611299 0.17465299 0.65275401 4278190335
-0.26884699 -0.0153569 0.69035798 4294506502
-0.223362 -0.284334 0.588651 4290032714
0.30310899 0.16712999 0.65779698 4278190335
0.369986 0.35679999 0.499484 4294769666
0.072758801 -0.169772 0.65748101 4278190335
0.15007301 0.057157401 0.686894 4278190335
-0.195417 -0.233703 0.625058 4294901248
-0.29908699 0.174183 0.654908 4293717010
-0.386356 -0.175677 0.640535 4285032598
0.245895 0.231013 0.62682599 4279571945
-0.40053701 -0.052757099 0.66981798 4287137910
0.50085801 0.092517503 0.62060499 4287927402
0.45793599 -0.020988399 0.65252298 4278190335
0.632249 0.126506 0.487324 4290822206
0.18309 0.14239 0.667292 4278190335
0.40373799 0.169145 0.63783401 4283585196
0.33027801 -0.198616 0.64072597 4278190335
0.64922398 0.218299 0.36848801 4279900900
0.63049001 0.105923 0.49924001 4294572293
-0.42342401 -0.15486901 0.63650697 4278782453
0.61704701 0.090973899 0.52228498 4294901248
-0.0096574901 -0.0178787 0.68974799 4278190335
-0.156157 0.093481503 0.68018103 4293256473
0.41179499 -0.0084177898 0.67000699 4278190335
0.184589 -0.0080664596 0.69058198 4278190335
0.104006 -0.070331603 0.68485397 4278190335
0.31965801 0.056249902 0.68490899 4278190335
0.42221701 0.303303 0.53937101 4294835457
0.355667 0.31862101 0.548356 4294901248
0.4332 0.117706 0.64578998 4278190335
0.34858501 0.19224299 0.641316 4278190335
0.30987099 -0.154774 0.662305 4278190335
-7.1553899e-05 0.096605197 0.67995101 4278190335
0.664222 0.0135246 0.47068799 4292730145
-0.0868655 -0.331231 0.54571098 4292861727
-0.084271997 0.045100499 0.68801701 4282729913
0.448892 -0.33362299 0.48918599 4293322264
0.137447 -0.072001599 0.68449199 4278190335
0.025755299 -0.28971899 0.584876 4293059100
0.62374198 0.090647198 0.51321298 4294901248
0.095149003 -0.067625798 0.68529201 4278190335
0.38749099 0.242524 0.60274601 4291414325
0.640158 0.089419901 0.49133301 4289835341
0.059898499 0.098349698 0.67957902 4278190335
0.59787202 -0.108117 0.53693199 4294901248
0.346854 -0.177846 0.64849198 4278190335
0.018007999 0.043925099 0.68885201 4278190335
0.0866445 -0.41401899 0.41738999 4278190335
0.22200499 0.217493 0.63498199 4278190335
0.31241301 0.39469501 0.454299 4292072235
0.43684399 -0.055077702 0.65742803 4278190335
0.49451599 -0.227323 0.56317103 4291414325
0.543109 0.116855 0.58489901 4289440595
0.39014399 0.318297 0.53739202 4294835457
0.209116 0.170063 0.657664 4278190335
0.35040799 -0.084428303 0.67686498 4278190335
0.259105 -0.05525 0.687563 4278190335
0.19881099 -0.089855097 0.68108797 4278190335
-0.064880103 -0.15579399 0.66318601 4287006328
-0.29685801 0.0966786 0.67930198 4294901248
0.165686 0.071515001 0.68496102 4278190335
0.421195 -0.158035 0.636581 4278190335
0.45554799 0.147342 0.62693399 4283387823
0.032912001 -0.0541935 0.68724698 4278190335
0.68789601 0.039395701 0.42056799 4288848476
-0.039957099 0.092773303 0.681104 4281743048
-0.22401901 -0.12642901 0.67263597 4294572293
0.242884 0.088084199 0.68196899 4278190335
0.39586899 0.22332101 0.61304897 4285953672
0.36115 0.227181 0.61939299 4279966691
0.122565 -0.140902 0.66759902 4278190335
0.61311197 -0.129352 0.51063502 4294901248
-0.368698 0.155185 0.65266699 4282400958
0.334261 -0.32793301 0.54329002 4294572293
0.018645201 -0.079753503 0.68307501 4280295646
0.332118 0.310294 0.56114602 4291677489
0.116083 0.11168 0.67597997 4278190335
0.33748201 0.0235116 0.68541801 4278190335
0.38162401 0.29853499 0.560175 4292269608
0.110779 -0.0060606799 0.69000602 4278190335
0.0795146 -0.34436199 0.53045303 4294901248
-0.33503899 0.28443301 0.58456898 4282466749
0.375633 -0.23803601 0.60974002 4283519405
0.40030301 -0.31647101 0.53547901 4294506502
0.12562799 -0.18878201 0.64948601 4285690508
-0.035486601 -0.0347379 0.689215 4278190335
0.52454299 0.135544 0.591281 4288190566
0.224691 0.24616 0.61773199 4288058984
0.32229999 0.31919599 0.55466801 4292598563
-0.391119 0.080945402 0.66808701 4288256357
-0.37607399 0.14909799 0.65331602 4287795820
0.17021 -0.23659401 0.62350202 4282729913
0.49136299 -0.0799236 0.62839401 4282795704
0.195537 -0.107603 0.67729902 4278190335
0.497015 0.078364201 0.62604803 4278190335
0.45325699 0.207286 0.59881997 4286151045
0.048309699 -0.27202299 0.59947097 4291151161
0.056319799 -0.25808299 0.609317 4294506502
-0.019340901 -0.0572551 0.68671602 4279769318
0.38908899 0.371941 0.46728 4291151161
0.11118 0.25475499 0.611709 4284374688
0.50152701 0.189873 0.58138001 4294045965
0.58371103 -0.024204699 0.56991303 4292138026
0.377033 -0.31486899 0.546597 4293651219
0.484795 0.0113617 0.64014 4278190335
0.085902601 0.135047 0.66989398 4278190335
0.402542 -0.37975401 0.446955 4283650987
0.340489 0.061941002 0.681669 4278190335
0.44272801 -0.236844 0.585482 4292466981
-0.28095201 -0.045644399 0.68831098 4294769666
-0.45838299 0.210592 0.59452301 4278190335
0.45542201 0.0732181 0.647098 4278190335
0.0107209 0.0238564 0.68983901 4278190335
0.65433902 0.16418201 0.42402399 4283322032
-0.00093501399 -0.073375903 0.68426198 4278190335
-0.046519101 -0.113319 0.67606801 4279177199
0.090292998 0.20257901 0.64201897 4286545791
-0.0215427 0.26512501 0.60359597 4294243338
0.372444 -0.31850001 0.54453599 4294769666
0.59947598 -0.018252499 0.55398297 4293782801
0.54897797 0.0755243 0.59202099 4291743280
0.212662 0.0081808995 0.690014 4278190335
-0.0106788 0.0589673 0.68626302 4278190335
0.352328 -0.106378 0.67159402 4278190335
-0.17245699 0.096460298 0.679645 4289966923
0.27045301 0.090215601 0.68164498 4278190335
0.57312101 0.030270999 0.57880902 4289374804
0.33985099 0.231123 0.621719 4281611466
0.098100297 0.073003098 0.68412 4278190335
0.219983 0.080708399 0.68311203 4278190335
-0.130114 -0.150141 0.66454202 4290624833
0.35567799 0.300295 0.56582201 4292532772
0.112948 -0.103055 0.678213 4278190335
0.22685701 0.157672 0.66161102 4278190335
-0.093277201 -0.39436501 0.45693401 4278190335
0.066846199 0.061103299 0.68678999 4278190335
0.46845299 0.138528 0.62335199 4278190335
0.38969401 -0.026990499 0.67501801 4278190335
0.47618201 -0.276851 0.53439301 4294374920
-0.132367 0.059724402 0.68693602 4291743280
-0.17182399 0.28665701 0.58765203 4292861727
0.125411 0.0122939 0.69037098 4278190335
0.38600299 0.25529099 0.59490597 4287137910
0.40960801 0.34744099 0.49366301 4290164296
0.045340799 -0.0308377 0.68899101 4278190335
-0.44732401 0.21513 0.59757602 4278190335
0.62136197 0.050547101 0.527004 4294835457
-0.040155798 0.30261001 0.57337701 4294901248
-0.090780303 0.26223901 0.60606098 4294769666
0.30354199 0.233679 0.62445599 4285953672
0.37066099 -0.290723 0.57086498 4290624833
-0.40677899 -0.077489696 0.66475201 4287006328
0.0284843 0.18027 0.65310901 4279506154
-0.0164942 -0.27866799 0.59375697 4293914383
0.51743102 -0.037448298 0.61972702 4282861495
0.168806 -0.109057 0.677477 4278190335
0.36689201 -0.11381 0.66703898 4278190335
0.095045596 0.21050601 0.63825399 4282795704
0.36156601 -0.204207 0.63268697 4278190335
0.48371899 0.27459201 0.53127801 4294901248
-0.017439101 -0.051919799 0.68700802 4278190335
0.018029699 -0.033504501 0.68972403 4278190335
0.449099 -0.104073 0.64357501 4278190335
0.154332 -0.029066799 0.68996602 4278190335
0.134913 -0.0096928999 0.69005102 4278190335
0.32415399 0.18069801 0.65026897 4278190335
0.0285633 0.080025397 0.68320501 4278190335
0.45409 0.175074 0.61550498 4287861611
0.241263 -0.35978001 0.50999498 4294638084
0.277771 0.298188 0.57792097 4290361669
0.287377 0.208869 0.63906002 4282072003
-0.31626901 -0.093004599 0.67876297 4294374920
-0.058825102 0.39109999 0.46328899 4286348418
0.566347 -0.075912602 0.57700598 4291019579
0.020269301 0.025902299 0.689686 4278190335
0.208487 0.047147401 0.687837 4278190335
0.067954101 0.15634499 0.66229397 4282993077
0.10876 0.113672 0.67608398 4278190335
0.097464897 0.30397901 0.57175899 4294309129
0.29843801 0.29528901 0.57914603 4294703875
0.0048842998 -0.16308901 0.66005802 4282795704
-0.195113 0.137335 0.66908801 4294901248
0.334288 0.30568701 0.565368 4292269608
-0.23194399 -0.28569999 0.58863997 4288980058
0.48362401 -0.0333771 0.63972402 4283979942
0.17441399 -0.076627098 0.68346298 4278190335
-0.46483201 0.167942 0.61378002 4278190335
0.0531867 -0.050437801 0.68765599 4278190335
0.145731 0.27213299 0.598445 4293848592
0.28955999 -0.0268353 0.689255 4278190335
0.63179302 0.00189598 0.51880598 4292664354
0.408182 -0.055364501 0.66754597 4278190335
0.53576303 -0.069534801 0.60251898 4286282627
0.293881 0.17388 0.65553403 4278190335
0.244342 -0.054036699 0.687599 4278190335
0.1445 -0.121809 0.67403299 4278190335
0.42186499 -0.074360996 0.66016197 4278190335
0.445223 -0.35300699 0.46414 4287927402
-0.193042 0.365753 0.503048 4278190335
0.0147302 -0.0113849 0.69029701 4278190335
0.353322 -0.0155587 0.68402898 4278190335
0.124807 -0.110904 0.67634898 4278190335
0.63825202 0.19873101 0.42202601 4284177315
0.62855202 0.182785 0.454548 4292006444
0.0506083 -0.15116601 0.66449797 4282729913
0.069239698 -0.081905402 0.68316603 4278190335
0.54729998 0.22611301 0.52127302 4294769666
0.32569101 0.161153 0.658158 4278190335
0.133192 -0.000852186 0.69009101 4278190335
0.034127001 0.0119581 0.69042403 4278190335
-0.0210425 -0.13945 0.66805601 4280953556
0.28013399 0.103786 0.67824602 4278190335
-0.042858001 0.40322101 0.43999499 4278190335
0.45994699 0.0118921 0.65178698 4278190335
-0.34400401 -0.34200701 0.52506799 4278190335
-0.164711 0.00311784 0.69040698 4287203701
-0.059636101 -0.0409295 0.68840402 4278190335
0.433144 -0.22845399 0.59564102 4292006444
0.0213951 -0.17156 0.65683502 4285229971
-0.30710399 -0.038740899 0.68831903 4293585428
0.30160901 0.093217 0.68000299 4278190335
0.37344399 0.29681799 0.56430298 4292006444
-0.29571101 -0.099258102 0.67952102 4291414325
-0.50697398 -0.097628497 0.615731 4278190335
0.57746202 -0.167642 0.53153002 4294703875
-0.30465099 -0.25685 0.60941303 4287072119
0.69105297 -0.074871801 0.400195 4278190335
0.123856 -0.36287001 0.50638402 4294440711
-0.00177526 0.165507 0.65873599 4283979942
0.32400799 0.040611301 0.68618399 4278190335
0.669792 0.032970499 0.45914 4291216952
0.44975299 -0.047543202 0.65346402 4278190335
0.161165 0.14758401 0.66613901 4278190335
0.46661001 0.0132386 0.64877403 4278190335
0.42815399 -0.132192 0.64338201 4278190335
0.51831901 0.054648899 0.61686897 4286085254
0.18043099 0.165635 0.65854901 4278190335
0.207874 -0.201129 0.64249498 4279703527
0.060663301 -0.247225 0.616786 4288782685
0.377662 -0.199086 0.630961 4281216720
0.23683099 0.117537 0.67453498 4278190335
-0.080987297 -0.077507503 0.68402398 4285295762
0.52248502 0.20498601 0.55783498 4294769666
-0.109465 0.0100193 0.69065601 4281216720
0.073809803 -0.043540299 0.68808502 4278190335
0.370379 0.169862 0.646478 4278190335
-0.0140738 0.12427 0.67254502 4278190335
0.421415 -0.126468 0.64795101 4278190335
-0.058350299 -0.21241 0.637119 4292993309
0.380784 -0.15951601 0.64830899 4278190335
0.17871401 -0.30718601 0.56923902 4294440711
-0.024692301 -0.032887898 0.688833 4278190335
0.15273499 0.112696 0.67614001 4278190335
0.37187099 0.0301897 0.67922199 4278190335
0.50670898 0.20122001 0.57174301 4294374920
0.48234299 0.068595298 0.63563597 4278190335
0.090055697 0.152274 0.66417497 4278190335
0.38374799 -0.045567099 0.67591602 4278190335
0.58307099 -0.180535 0.51665503 4294901248
-0.307192 0.24267299 0.617975 4289111640
0.301442 -0.25473899 0.610201 4283256241
0.27873701 0.125393 0.67312199 4278190335
0.33579299 0.169718 0.65372801 4278190335
0.25240099 -0.156158 0.66268402 4278190335
-0.22218101 -0.226402 0.62943 4290887997
-0.097531997 0.0298665 0.68954802 4282532540
0.51287299 0.13743199 0.59879899 4287335283
0.35878599 0.281856 0.58146399 4293124891
-0.071678698 -0.142141 0.66768301 4284177315
0.46129301 0.187593 0.606444 4282269376
-0.46060601 0.072133601 0.64469498 4278190335
0.29921001 -0.056516401 0.68601203 4278190335
0.29734299 0.0192034 0.68974501 4278190335
0.47685301 0.294191 0.51659602 4292401190
0.31242701 0.141853 0.66606897 4278190335
0.0388344 -0.155046 0.663086 4278190335
-0.413194 -0.181472 0.629695 4278190335
-0.112174 0.146852 0.66630203 4289374804
-0.073240399 -0.14219099 0.66785097 4292861727
-0.14758 0.116638 0.67553699 4288848476
0.58371401 -0.196419 0.50607401 4294703875
0.55243701 0.175081 0.550304 4293717010
0.335224 -0.107431 0.673612 4278190335
0.27425501 -0.112432 0.67571199 4278190335
0.51814198 0.220667 0.55029601 4293059100
-0.122129 -0.163431 0.65928799 4289966923
0.034623701 -0.24799401 0.61593401 4292993309
-0.049596399 -0.0065713902 0.69002903 4278190335
-0.35524899 -0.037795 0.68196398 4291414325
0.488195 0.109145 0.62277102 4282795704
0.30757299 0.26756701 0.60137999 4293256473
-0.0502249 -0.084800601 0.68276298 4281611466
0.191222 0.31940299 0.55681401 4293059100
0.58806199 0.034963802 0.56414902 4294506502
0.058726799 -0.0509305 0.68767297 4278190335
0.32739401 -0.24659599 0.61356002 4280229855
0.0112676 0.106599 0.67758298 4278190335
-0.041487999 0.061326299 0.686158 4278650871
-0.019636801 0.160217 0.66147399 4279835109
0.482748 -0.243628 0.55793101 4293322264
-0.47934499 0.021007501 0.642084 4278190335
0.50023198 -0.038016099 0.62978703 4281874630
0.063694596 0.29419401 0.58102101 4292927518
0.144132 0.0178838 0.68989098 4278190335
-0.095401399 -0.0074368599 0.69042701 4281282511
0.129685 -0.37235099 0.49253699 4293980174
0.340662 -0.29902101 0.57061499 4291414325
-0.211017 -0.32651299 0.54951799 4288256357
0.11967 0.305428 0.57133102 4293124891
0.183036 0.067528203 0.68585098 4278190335
0.581222 0.070638798 0.564843 4293980174
0.69060999 -0.0269835 0.41637799 4286019463
0.350752 0.39661601 0.43915799 4285361553
0.27033401 -0.021343799 0.69024903 4278190335
-0.170903 -0.130711 0.67079502 4294440711
0.236003 0.0112995 0.69003397 4278190335
0.67677802 -0.023248 0.44656 4285887881
0.14056499 -0.071591198 0.685072 4278190335
0.57664698 -0.22199699 0.49313599 4294309129
-0.066344999 -0.074618399 0.68407702 4282795704
0.62777698 -0.076428004 0.51230597 4294309129
0.048751 0.39295799 0.46024901 4279177199
-0.28447399 -0.0303239 0.68944299 4294901248
0.50122702 -0.00027558199 0.63071799 4278190335
0.45969701 0.181917 0.61006099 4283979942
-0.34323201 -0.019138699 0.68544 4292861727
0.249405 0.0033475801 0.69047999 4278190335
0.48297799 -0.0384175 0.639503 4280821974
0.44986799 0.182844 0.61378002 4282006212
0.20885199 -0.14940199 0.66481 4278190335
0.398963 0.122291 0.65648597 4278190335
0.28102601 -0.0549936 0.68726802 4278190335
-0.29667401 -0.130014 0.67079997 4294572293
0.153533 -0.32615501 0.55075502 4294045965
-0.044086799 -0.212983 0.63661802 4289769550
0.298693 0.190099 0.648139 4278190335
0.35986701 -0.104829 0.67048597 4278190335
-0.24714699 -0.051219799 0.68725997 4294045965
-0.075789697 0.0886629 0.68148202 4285624717
0.214541 0.069233902 0.68514699 4278190335
-0.25796399 -0.168358 0.65741402 4294835457
0.400585 -0.076943599 0.66639298 4278190335
-0.154833 -0.173934 0.65558898 4292664354
0.50072998 0.22117101 0.56296301 4293190682
0.39353701 -0.150452 0.64815998 4278190335
0.36374 -0.22017699 0.62284398 4283848360
0.278799 0.107247 0.67703801 4278190335
-0.079414003 0.099048503 0.67978799 4287466865
0.39450499 -0.0369833 0.67321998 4278190335
0.32377201 -0.245867 0.61498398 4280295646
0.57398999 -0.20710599 0.50779998 4294703875
0.206108 -0.32718799 0.55010498 4294835457
0.220753 0.079315498 0.68359101 4278190335
0.165508 0.0767987 0.68352503 4278190335
-0.0127943 -0.097669996 0.679443 4278190335
0.307576 0.111323 0.67534798 4278190335
-0.00102106 -0.31501099 0.56188899 4294901248
0.15572301 0.0611085 0.68663502 4278190335
0.0179219 -0.0301916 0.68969399 4278190335
0.0023268501 0.19759201 0.64508498 4284506270
0.15782499 -0.204779 0.64129198 4278190335
0.0030142099 -0.018718701 0.68961298 4278190335
0.31310499 0.057337102 0.68575698 4278190335
-0.00837484 -0.019235499 0.68969899 4278190335
0.36809999 0.25562301 0.59987998 4284901016
-0.015890401 -0.261078 0.60678101 4292269608
-0.329115 0.29604 0.57493299 4281414093
-0.23902801 -0.080089897 0.68345302 4294769666
0.45024601 -0.19715799 0.605896 4284308897
-0.42640901 -0.016066199 0.66494298 4278190335
0.41284701 0.079722799 0.66250998 4278190335
0.56467402 -0.0292948 0.58594602 4294243338
0.0852805 -0.151948 0.66454798 4278190335
0.37797999 0.30509701 0.55570102 4293256473
-0.000152981 -0.17832901 0.65353799 4282400958
0.208729 -0.036381502 0.68892199 4278190335
0.61494797 0.041016702 0.53537703 4294243338
0.259159 0.27307799 0.59782898 4293190682
0.168492 -0.196523 0.645473 4278190335
-0.14607599 0.0872024 0.68229198 4291545907
-0.18788201 -0.353394 0.51967698 4278190335
0.0747035 0.0117085 0.69035703 4278190335
-0.0144936 0.082332 0.68334103 4278190335
0.0815005 0.129297 0.671386 4278190335
-0.18464801 0.0214525 0.69037497 4293980174
0.24338301 0.0396429 0.68857503 4278190335
0.44721699 -0.035792101 0.65595502 4278190335
0.40047401 -0.108811 0.659715 4278190335
0.38134 -0.32820901 0.53021801 4294506502
0.403467 -0.14558899 0.64711899 4278190335
0.35407999 -0.239161 0.613612 4282072003
0.109158 -0.218996 0.63309902 4280756183
0.114774 -0.22926401 0.62771899 4282927286
0.48605299 0.214279 0.57737702 4291019579
0.42391101 0.060894899 0.66172999 4278190335
0.23909 -0.163665 0.660182 4278190335
0.380144 -0.00116418 0.67874098 4278190335
0.0087922104 -0.13162801 0.67071599 4278190335
0.086968496 0.113904 0.67537397 4278190335
0.319116 -0.34787601 0.52363503 4292795936
0.40194899 0.041325901 0.67134303 4278190335
0.15135901 0.13883001 0.66833001 4278190335
0.46477401 -0.104151 0.635876 4284045733
0.172057 0.40871501 0.428516 4278782453
0.59265202 0.0092218202 0.561445 4294045965
0.0219278 -0.149497 0.66540003 4279374572
-0.038331799 0.0652228 0.68601501 4278190335
0.594598 -0.082240902 0.54864103 4294243338
-0.37984201 0.084113702 0.67048502 4289703759
0.17350499 -0.24615701 0.61740899 4285624717
0.041864298 -0.207073 0.64050698 4283585196
0.49996901 -0.074943401 0.62497097 4279242990
-0.0287748 -0.120309 0.67388701 4281019347
0.067868501 0.34577101 0.52836502 4294045965
0.496988 -0.29046899 0.50518 4292269608
-0.0027546401 -0.0119218 0.69059801 4278190335
0.61734402 0.199743 0.457932 4290493251
0.49514601 0.0556162 0.630934 4278190335
-0.202829 0.35570899 0.51543099 4278190335
0.496077 -0.16391499 0.59757799 4288256357
0.23164099 -0.0129842 0.68984401 4278190335
0.060023598 -0.26295501 0.60614502 4289769550
0.401043 -0.297775 0.55482799 4294703875
0.32510599 0.37816399 0.4795 4291348534
0.25347099 0.13484 0.670021 4278190335
0.050302099 0.25525799 0.61152798 4292072235
-0.022000801 0.034841198 0.68948603 4280229855
0.054593999 0.112566 0.67575097 4278190335
0.35844299 0.130017 0.663203 4278190335
0.28631699 -0.116557 0.67513299 4278190335
0.16528299 -0.130588 0.67078602 4278190335
0.57415903 -0.23467 0.48389599 4291216952
0.40182799 -0.0676452 0.66776502 4278190335
-0.102867 0.140976 0.668024 4286414209
0.564565 0.21013901 0.51663899 4294835457
0.43196201 -0.124512 0.64442402 4278190335
0.166513 0.181373 0.65241998 4278190335
0.227642 -0.043005802 0.68888003 4278190335
0.101248 -0.13029601 0.67076099 4278190335
0.28196999 0.113593 0.67601299 4278190335
0.51352298 -0.072138399 0.616777 4280953556
0.052545302 0.315476 0.56070602 4294638084
-0.00019040699 0.0147737 0.69038099 4278190335
0.317339 -0.0849251 0.68040502 4278190335
0.066316001 0.120932 0.67427701 4278190335
-0.103741 -0.172507 0.65649003 4292006444
0.51446003 -0.0220236 0.62261099 4288716894
0.00049148803 0.041198701 0.688115 4278848244
0.61681098 0.249704 0.39876899 4286085254
0.143797 0.32149899 0.55481702 4293256473
0.527161 0.031137001 0.61350203 4282006212
-0.168827 0.165603 0.65862399 4294769666
0.50761199 0.061152902 0.62286597 4278190335
0.0111953 0.404935 0.437792 4283322032
-0.094085097 -0.367598 0.50052398 4284177315
0.028594499 -0.254605 0.61113602 4289309013
-0.0215922 0.18688799 0.64996099 4284966807
-0.052024201 0.30542901 0.57045698 4294901248
0.60116601 -0.0537504 0.54835498 4294835457
0.44255999 0.114915 0.64256698 4278848244
0.44535601 0.101351 0.64574999 4278190335
0.214601 0.090939797 0.68169898 4278190335
0.25236401 -0.36074999 0.50911999 4294901248
-0.24895599 -0.0220985 0.68993402 4294045965
0.404971 0.0246426 0.671754 4278190335
0.0130342 -0.043988701 0.68871498 4278190335
0.28438801 0.0136946 0.68979198 4278190335
-0.019962801 0.12931301 0.67118597 4278190335
0.37304699 0.092093997 0.67037302 4278190335
-0.21013001 0.043649402 0.68819702 4292203817
-0.281461 0.22116201 0.63229299 4292203817
-0.158319 0.058398198 0.68653601 4288980058
0.62538999 -0.0129188 0.52537 4294901248
0.57532001 0.065816998 0.57155901 4293124891
0.324552 0.172828 0.65367597 4278519289
-0.127813 0.0481149 0.68792599 4284637852
0.503847 -0.048887599 0.626212 4288651103
0.69471699 0.0514847 0.401373 4280821974
0.39603099 0.25702301 0.59031802 4290361669
0.116966 -0.14442 0.666309 4278190335
0.29280701 0.19806799 0.64431 4278190335
0.54985702 -0.302342 0.43348199 4286808955
0.53761601 -0.12592401 0.58538002 4292861727
-0.256208 -0.045425799 0.68798202 4294572293
0.28166899 0.12308 0.673199 4278190335
0.631814 0.017977601 0.51711202 4294769666
0.18923099 -0.30140999 0.57528901 4292335399
0.55777103 0.196449 0.533445 4294638084
0.142489 0.303161 0.57272601 4292203817
0.46733001 0.0036981499 0.64895999 4278190335
0.30640501 -0.068105102 0.68412697 4278190335
0.111113 -0.13349099 0.669752 4278190335
0.63163602 -0.145123 0.47687101 4291809071
-0.0077405102 0.217014 0.63437402 4289966923
0.15678599 -0.167852 0.658418 4280756183
-0.026546899 -0.085595801 0.68276501 4280493019
0.141307 -0.21424 0.63634002 4284966807
0.31747401 -0.051934998 0.68597102 4278190335
-0.20146599 0.10202 0.67869598 4294243338
0.38888699 -0.285824 0.57035202 4294901248
-0.046667699 -0.069440298 0.68465102 4279571945
0.52017403 -0.0134276 0.61983597 4279900900
-0.117065 -0.090061501 0.68168402 4292138026
0.160596 -0.181794 0.65255803 4278190335
0.46007001 0.197597 0.601215 4283585196
0.49583501 -0.29760101 0.49784401 4294111756
0.50576198 -0.0042819702 0.62809902 4287203701
0.225486 -0.035696998 0.68951601 4278190335
0.412406 -0.078568101 0.66285199 4278190335
-0.154652 -0.0479711 0.68831599 4288848476
0.53906399 -0.22317301 0.53012699 4293651219
0.320728 -0.29680499 0.57573599 4293059100
-0.13130499 0.159282 0.66083401 4293782801
0.51875502 -0.113779 0.60315001 4286216836
0.137364 0.15478399 0.66314101 4278190335
0.180416 -0.24642 0.61655098 4291414325
0.0303916 -0.30119699 0.57511801 4293914383
0.210614 -0.104944 0.67858601 4278190335
0.187877 -0.28758201 0.58643401 4291809071
-0.150739 0.123491 0.67354298 4289901132
0.36501101 -0.115638 0.66650099 4278190335
0.140763 -0.114387 0.67615497 4278190335
-0.066117898 0.086405702 0.68242902 4287598447
0.25556901 0.0064392998 0.69072801 4278190335
0.181272 0.074715599 0.684569 4278190335
-0.164545 0.0820041 0.68340302 4294506502
-0.142508 -0.22668 0.62885702 4294243338
0.116052 0.17888799 0.653081 4284177315
0.39489299 0.0740266 0.66860402 4278190335
0.59453201 0.00036512301 0.560435 4292532772
-0.127279 0.158215 0.66167599 4290690624
-0.47946399 0.0102592 0.64212602 4278190335
0.53997499 0.018794499 0.60578799 4283256241
-0.48700401 0.010737 0.63885599 4278190335
0.294604 0.273799 0.59753698 4287006328
0.060343999 0.26873499 0.60192102 4291743280
0.12629101 -0.190539 0.64823502 4278190335
0.33585101 0.0094381804 0.68705601 4278190335
0.31940901 -0.142101 0.664895 4278190335
0.34522101 -0.041207701 0.68377298 4278190335
-0.26030499 -0.24830399 0.61539102 4286677373
-0.053785998 -0.093931504 0.68049502 4280361437
0.035840999 -0.0054718298 0.69094002 4278190335
0.50190699 -0.25158599 0.53855199 4293848592
-0.123608 -0.14686701 0.66599798 4291611698
0.166961 -0.083666101 0.68289399 4278190335
-0.130512 -0.00069723802 0.69091302 4290559042
0.045269899 -0.112776 0.676144 4278190335
0.38905299 0.171795 0.64176202 4278190335
0.133103 0.0122176 0.68987101 4278190335
0.352137 0.26823699 0.593436 4293519637
0.384166 0.32940501 0.52862197 4294769666
-0.041779999 0.153558 0.66328299 4285427344
0.65092403 -0.066920497 0.482831 4289506386
0.45724899 -0.087443799 0.64418203 4280032482
0.38681799 -0.22969601 0.61151803 4288980058
0.089925803 -0.197945 0.645006 4281545675
0.44893801 0.035261601 0.65522701 4278190335
-0.00172542 -0.12526 0.67221099 4281348302
-0.21007501 -0.305897 0.57121402 4290953788
0.0092300205 0.17544501 0.65435398 4285493135
-0.026450301 -0.055077098 0.68709099 4278256125
-0.23758601 0.104742 0.678644 4294769666
0.270502 -0.109253 0.67691302 4278190335
0.30254599 0.100651 0.67801201 4278190335
0.29378101 0.206597 0.63994199 4278190335
0.37047899 -0.296931 0.56625801 4294901248
0.48624399 0.246244 0.55479002 4293322264
0.62999701 0.22553299 0.40537199 4287006328
0.54457098 -0.212703 0.53307998 4294506502
0.44886801 -0.23534399 0.58360797 4292993309
-0.235816 -0.0549444 0.68674397 4294901248
0.208198 0.021656301 0.68956703 4278190335
0.334604 -0.36435199 0.497549 4293190682
0.41924399 0.034504998 0.66614902 4278190335
0.27858201 0.359602 0.51082802 4294901248
0.4102 -0.0093299896 0.67006803 4278190335
-0.0146092 0.109546 0.67731202 4278190335
0.47707099 -0.051627699 0.641029 4278190335
0.046440799 0.0028828899 0.69027799 4278190335
0.282915 -0.256309 0.60985303 4289637968
-0.22898901 0.31081301 0.56548297 4289374804
0.486597 -0.169715 0.60087401 4290098505
0.51058 -0.029448999 0.62413698 4278387707
0.36533901 0.035303101 0.68084598 4278190335
-0.0228708 0.186479 0.65007597 4285493135
0.41656899 -0.073861897 0.66212797 4278190335
-0.1364 0.086074203 0.68246001 4288322148
-0.116679 -0.212744 0.63718098 4293519637
-0.228892 0.029564099 0.68989098 4293782801
-0.0825532 -0.106538 0.67798197 4282795704
0.198081 -0.2906 0.584387 4291019579
0.68785501 0.016100399 0.425446 4288453730
0.067722 -0.274492 0.59742099 4291940653
0.065605097 0.0079406397 0.69051898 4278190335
0.357705 0.27067801 0.59035099 4287466865
-0.0222941 0.03105 0.68902498 4278190335
0.41150701 0.055643398 0.66626 4278190335
0.49097899 -0.31579399 0.47991601 4293453846
0.0984767 0.131237 0.67060101 4278190335
0.051518202 -0.246273 0.61751199 4289966923
0.130651 0.297831 0.57736498 4292532772
0.113539 0.14540499 0.66618502 4278190335
0.42949301 0.272376 0.56454301 4293782801
0.45928901 -0.109187 0.63709903 4283782569
0.26786 0.0032893401 0.69030201 4278190335
-0.164488 0.38512701 0.47301099 4278190335
0.235395 -0.173719 0.65607601 4278190335
0.21669801 -0.27811199 0.59403598 4291809071
0.431068 0.26903 0.56695801 4290887997
0.25091401 0.29185301 0.58314598 4288848476
0.38271099 0.134501 0.65714699 4278190335
-0.021366 0.25749099 0.609245 4294901248
0.531618 -0.099379599 0.598616 4287730029
-0.37056401 0.189761 0.63756901 4280887765
-0.044038501 -0.046961401 0.688034 4278190335
-0.068694703 -0.024206599 0.68998897 4278782453
0.15311299 -0.19868401 0.64447099 4278190335
0.25658101 0.122132 0.67347401 4278190335
0.35219699 -0.237488 0.61513799 4285098389
0.44740301 0.0838653 0.64849299 4278190335
0.0088188499 -0.017153099 0.68987602 4278190335
0.51190299 -0.132717 0.60145903 4284835225
0.297342 -0.205553 0.64058298 4281414093
0.46525601 0.069886602 0.64315099 4278190335
0.195573 -0.066634104 0.685247 4278190335
0.33009601 0.0070656398 0.68762302 4278190335
0.29137 0.198277 0.64414698 4278190335
0.0142854 0.211439 0.638026 4288914267
0.0037851301 0.15251499 0.66388601 4278585080
-0.20619901 -0.116882 0.67515302 4294111756
0.43448699 -0.18324 0.62072003 4279637736
0.18087301 -0.379904 0.481792 4290427460
-0.00062753499 -0.130266 0.67156398 4278716662
0.14990801 -0.154359 0.6631 4278190335
0.54407799 -0.049583599 0.599585 4287072119
0.078469701 -0.074866898 0.68418199 4278190335
0.202079 -0.30420899 0.57240403 4294769666
0.101879 -0.0180916 0.69057602 4278190335
0.59710002 -0.105467 0.53893697 4294177547
0.154917 -0.057032101 0.686454 4278190335
0.473786 0.10574 0.63151902 4278190335
-0.0368612 -0.0103991 0.69001698 4278190335
0.385483 -0.166301 0.64415401 4278190335
0.070033401 -0.052773099 0.68776202 4278190335
0.33961901 0.366292 0.494544 4294572293
0.307473 -0.068261601 0.68380398 4278190335
0.063854501 0.396754 0.45325401 4280295646
0.28439301 0.155727 0.66269398 4278190335
0.392703 0.033715699 0.67389297 4278190335
0.160762 0.10874 0.67739898 4278190335
0.45382699 -0.115133 0.63809901 4278190335
0.62961799 -0.039264102 0.51799202 4294506502
-0.0114949 0.131832 0.67057699 4278190335
0.13952599 0.372908 0.49279401 4288190566
0.31127101 -0.0413022 0.68714899 4278190335
0.18572199 0.146392 0.665618 4278190335
0.40947101 0.017625 0.670322 4278190335
0.45394301 0.26184601 0.56168699 4291940653
0.33335301 0.34956801 0.51909602 4294901248
0.28012899 0.26087001 0.60703403 4282400958
0.092576697 0.090598702 0.680785 4278190335
0.370208 -0.19142801 0.63681298 4278190335
0.14972401 -0.0765673 0.68381399 4278190335
0.627949 -0.196316 0.44260699 4291282743
0.10662 -0.034581099 0.68961298 4278190335
-0.191688 0.165076 0.65894997 4294835457
0.58026499 -0.157741 0.533077 4294374920
0.370101 0.035064001 0.67937201 4278190335
0.0124061 0.206819 0.64030898 4287664238
0.39087099 0.085173398 0.668006 4278190335
0.37833199 -0.050125498 0.67573398 4278190335
0.33969101 -0.0278676 0.68567902 4278190335
-0.060080301 0.261323 0.60744601 4294901248
0.38068399 0.0037636301 0.67897999 4278190335
0.277363 0.24987601 0.61428601 4281150929
0.020298799 0.241558 0.61960799 4290953788
0.679178 -0.067691401 0.43259099 4287401074
0.092812099 0.12538201 0.67252302 4278190335
0.36506701 0.202042 0.63302797 4278190335
0.36711499 0.202664 0.63208097 4283387823
0.107369 -0.156757 0.66239202 4278190335
-0.1077 0.048414901 0.688205 4286151045
0.41811901 0.00130225 0.66769701 4278190335
0.51666802 0.33137599 0.42855999 4278190334
0.181247 -0.14730801 0.66565299 4278190335
-0.39175099 -0.200764 0.62641698 4279242990
0.412523 0.053505201 0.66694301 4278190335
0.41584 0.16474 0.63565803 4278190335
0.25419199 -0.210859 0.63833803 4278190335
0.098100401 -0.309614 0.56649798 4293453846
0.413692 -0.262095 0.58027703 4289374804
-0.275242 -0.0190681 0.68977898 4294835457
0.0030533499 -0.072841398 0.68475503 4278190335
-0.054835301 0.040394101 0.68834603 4286414209
-0.32103401 0.068851501 0.68334401 4294243338
0.089000098 -0.140532 0.667521 4278190335
0.087800398 0.0506377 0.68735498 4278190335
0.2246 -0.298145 0.57808203 4294440711
0.124811 0.117143 0.674918 4278190335
-0.101687 0.053577598 0.68690902 4285427344
0.221378 -0.185268 0.65021402 4278190335
-0.29869899 -0.0886181 0.68071997 4294901248
0.034417499 0.038990699 0.68921298 4278190335
-0.074763402 0.188236 0.649055 4289835341
0.27046901 0.26409301 0.604761 4284506270
0.39599901 0.106641 0.66084599 4278190335
0.325111 -0.404062 0.43172699 4278453498
0.12751199 -0.136793 0.66945302 4278190335
0.200974 -0.25376099 0.61266601 4283322032
0.378925 -0.40123501 0.417788 4286348418
0.476136 0.192855 0.59555602 4286808955
-0.222453 0.299723 0.57678097 4286743164
0.159263 0.17863999 0.65387201 4278190335
0.25512499 0.214568 0.63597298 4278190335
0.388993 0.024863901 0.67545301 4278190335
0.232443 0.0033569101 0.69020301 4278190335
0.40085199 0.28029099 0.56978703 4293256473
0.10715 0.057493199 0.68708199 4278190335
0.41118699 0.211193 0.61479998 4282400958
-0.0082141897 0.048323099 0.68770498 4278190335
0.232949 0.148284 0.66529298 4278190335
0.031456899 0.080410004 0.68276 4278190335
0.40850401 -0.098744303 0.65956599 4278190335
0.426305 -0.075663403 0.65802503 4278190335
0.42194101 -0.111956 0.65143001 4278190335
-0.32631201 -0.085477397 0.67976898 4294177547
0.22260401 -0.089125097 0.68152201 4278190335
0.50520003 -0.295331 0.491595 4293980174
-0.127123 -0.30243301 0.57396197 4293717010
0.266193 0.30564699 0.57088602 4294901248
0.64789301 -0.051091202 0.49036199 4292466981
0.21823099 -0.360046 0.51112998 4294901248
0.58028603 0.17927399 0.52189398 4293651219
-0.016062099 0.409729 0.42771801 4278190335
0.49478999 0.085608102 0.62501502 4278256125
0.235414 0.32953301 0.54767603 4294901248
0.56718802 0.087425597 0.57358402 4292730145
0.38299599 -0.121659 0.66106898 4278190335
0.27685899 -0.13715 0.66908097 4278190335
-0.0282037 -0.35274699 0.51927799 4291282743
0.311755 -0.31693301 0.55803299 4294177547
-0.044937901 0.359494 0.51169699 4291874862
-0.21971899 -0.18264499 0.65139598 4293914383
-0.076064602 -0.257375 0.609519 4294638084
-0.0110708 0.187224 0.64962399 4285427344
-0.053499099 0.0066273799 0.69006902 4278716662
0.162011 0.090248898 0.68133801 4278190335
0.61544502 0.20447201 0.45630699 4292532772
0.50367802 0.15828399 0.59608197 4286085254
-0.00133187 0.073645502 0.68465698 4278190335
-0.140257 0.063656598 0.68614799 4292138026
-0.210831 -0.027879501 0.68971401 4293388055
-0.161366 0.29945001 0.57691401 4290427460
0.38499001 -0.23521601 0.60939598 4287269492
-0.32502499 -0.29760101 0.57419997 4278190335
0.28534499 -0.107467 0.67728901 4278190335
-0.120791 0.080679096 0.68314803 4286216836
0.130421 -0.38402101 0.47459599 4291874862
-0.342163 0.22921801 0.622549 4282466749
-0.22419199 -0.074673399 0.68407702 4292993309
0.25365001 0.048988201 0.68765801 4278190335
0.41088101 0.0047237501 0.67039901 4278190335
0.33943301 -0.24322701 0.61372799 4283782569
-0.18973599 -0.060551301 0.685987 4291085370
0.56748998 -0.32050899 0.367268 4279374572
0.25742999 -0.087412 0.68199903 4278190335
0.396662 0.34803101 0.50034797 4294440711
0.371218 0.194327 0.63551497 4278190335
-0.0085641099 -0.138045 0.66837001 4278190335
0.42827699 -0.210518 0.60865903 4286348418
0.075582303 0.173614 0.65551198 4278321916
0.0399069 -0.20061401 0.64350402 4289835341
-0.175841 0.214379 0.63602 4294901248
0.61295497 -0.123205 0.51430303 4294638084
-0.102877 -0.128672 0.67203897 4288453730
0.0056934501 0.16192199 0.660658 4289177431
0.338727 -0.0341914 0.68550998 4278190335
0.0088769495 -0.086878702 0.68177098 4278190335
0.37079501 -0.0383345 0.67922598 4278190335
0.50026703 0.0687785 0.62490201 4279637736
-0.224859 -0.122146 0.67332703 4294703875
-0.260454 0.15587801 0.6631 4292993309
-0.0365269 0.089631997 0.68142903 4278190335
0.301236 -0.29379901 0.580127 4293190682
-0.216868 -0.239668 0.621602 4294703875
0.104368 -0.16383199 0.65964401 4283322032
0.17586599 -0.109946 0.67667001 4278190335
0.610385 -0.071613804 0.53548199 4294901248
0.18826599 -0.0510423 0.68793797 4278190335
0.40658799 0.101829 0.65951598 4278190335
0.152311 0.0436837 0.68885398 4278190335
0.157717 0.175644 0.65528798 4280953556
0.30889699 0.23449899 0.623218 4283716778
-0.29441601 0.14211901 0.666821 4294506502
0.176212 0.091617897 0.68096399 4278190335
0.37726799 -0.27926001 0.579575 4290098505
-0.102464 -0.064975798 0.685592 4284440479
0.116778 0.042840902 0.688366 4278190335
-0.25100601 -0.128828 0.67182398 4294835457
-0.0179707 0.0158774 0.690476 4278190335
-0.0336821 0.096400298 0.68008298 4278190335
0.0294156 0.329649 0.54703403 4293848592
0.497217 -0.0947235 0.62173498 4278190335
0.16478699 0.0180867 0.68967801 4278190335
0.308846 0.15315001 0.66253501 4278190335
0.25544 0.19372199 0.64664203 4278190335
0.49410501 -0.0098812003 0.63472402 4278190335
-0.098898299 -0.035616498 0.68875802 4282137794
0.61159402 -0.079628401 0.53142399 4294901248
0.0044821198 -0.084513098 0.68201202 4278190335
0.58069301 0.077160798 0.564592 4294111756
0.474305 0.048347399 0.64210498 4278190335
0.414244 -0.20864201 0.61485499 4291019579
0.51189703 0.221867 0.55400801 4294835457
0.57393903 -0.24939799 0.46869099 4290427460
-0.0756137 -0.027383599 0.689767 4278190335
0.43817699 -0.050885402 0.65786201 4278190335
0.142836 -0.16408999 0.65937501 4278190335
0.28534999 0.189349 0.64871299 4278190335
0.418414 -0.033631999 0.66687602 4278190335
0.321174 -0.177614 0.65193099 4278190335
0.028617499 -0.39574301 0.45436901 4282335167
0.071125202 -0.213337 0.63706398 4281085138
0.411957 -0.128823 0.65065098 4278190335
0.217766 0.192044 0.64768499 4278190335
0.0247376 0.25285101 0.61310703 4290756415
0.454555 -0.000462564 0.65395403 4278190335
0.53842998 0.226052 0.52941501 4294703875
0.30393499 0.090966001 0.68007702 4278190335
0.4285 0.14263301 0.63954699 4278190335
0.52350903 0.00624832 0.61761498 4282795704
0.648673 0.077971198 0.48313501 4294045965
0.33981901 0.152972 0.658584 4278190335
0.275076 -0.40520799 0.43612701 4278782453
0.13306201 -0.046390701 0.68847799 4278190335
-0.449633 -0.083917297 0.648193 4278190335
0.54234701 0.20170601 0.54394299 4294638084
0.35857001 0.29272601 0.57316703 4291085370
0.383259 0.023376601 0.67710203 4278190335
-0.162653 0.155338 0.66244501 4293848592
-0.208435 -0.010748 0.69011098 4294638084
0.17106099 0.222115 0.63176298 4279769318
0.42823201 -0.056494001 0.66059798 4278190335
0.172013 0.18352 0.65151697 4278190335
0.345135 -0.19797 0.63866299 4284769434
0.0123169 0.25855899 0.60878801 4291414325
-0.17306601 0.038995601 0.68899 4290822206
0.419247 -0.229141 0.600618 4291085370
0.48907501 0.060107 0.63369697 4278190335
-0.099268802 0.040899199 0.68835002 4283979942
0.38820601 -0.179943 0.637806 4280493019
0.230046 -0.33194399 0.54460001 4294243338
-0.0364599 -0.17571101 0.65468001 4287598447
0.28290799 -0.041873001 0.68823999 4278190335
-0.382011 0.0602604 0.67445201 4289177431
0.27821201 -0.086401902 0.682414 4278190335
-0.15931199 -0.140606 0.66828501 4294111756
0.45049599 -0.15688001 0.62474698 4287861611
-0.179887 -0.301743 0.57443202 4292466981
0.445153 -0.29143301 0.53981501 4294374920
0.30592301 -0.15524 0.66166598 4278190335
0.28832 -0.29256999 0.58239901 4290230087
-0.080221102 -0.25319701 0.61235303 4294901248
0.654935 -0.110609 0.46008599 4289440595
-0.045902099 -0.0047598099 0.69029498 4278190335
0.131868 0.017033299 0.68979698 4278190335
0.49449801 0.021567101 0.63365698 4278190335
-0.039635301 0.240372 0.62134701 4294572293
-0.37166801 0.182234 0.64061099 4283848360
-0.195702 -0.123993 0.67320698 4293782801
0.0614262 0.0233813 0.68950599 4278190335
0.052400101 -0.116434 0.67543298 4278190335
0.110358 0.234852 0.62414402 4291282743
0.511958 0.066225499 0.61949402 4280887765
-0.131541 -0.13841499 0.66823298 4289901132
0.49152499 -0.153906 0.605784 4289111640
0.51854801 0.157663 0.58650303 4288322148
0.38954499 0.043106198 0.67385697 4278190335
-0.38147601 -0.182538 0.63849097 4279242990
0.061700799 -0.305666 0.57009798 4293980174
0.55408502 -0.023697 0.59507501 4286874746
0.45221701 0.14524201 0.62910599 4278190335
-0.0081173396 -0.038676798 0.68899697 4278190335
0.63839102 0.017056899 0.50939101 4293322264
-0.059489399 -0.0426053 0.688609 4282006212
-0.0091963997 -0.0789731 0.68330199 4278190335
0.139148 0.31108999 0.56506401 4292401190
0.67396599 -0.051544599 0.44704199 4287861611
0.268435 -0.11451 0.675331 4278190335
-0.128057 0.0673417 0.68523198 4287598447
0.144595 0.205457 0.64133 4284045733
0.33346999 0.32603201 0.54546899 4293717010
0.34522301 0.114046 0.67003399 4278190335
0.65650398 -0.050239701 0.47819501 4293585428
0.47794101 -0.0112948 0.643269 4278190335
0.52393401 0.153585 0.58498001 4288256357
0.363444 -0.15403099 0.65414703 4278190335
0.112886 -0.28125101 0.59148699 4294572293
0.45087501 0.053380001 0.65233201 4278190335
0.25441 0.064079598 0.686019 4278190335
-0.025324 -0.051676001 0.687029 4278190335
0.112317 -0.365172 0.50318098 4289901132
0.33903801 0.099714696 0.67462498 4278190335
0.14877801 -0.083969101 0.68223202 4278190335
0.097083598 -0.048386399 0.68769401 4278190335
-0.40888399 0.087331697 0.66198999 4281348302
-0.269025 -0.042754099 0.68852699 4294638084
-0.453868 0.157717 0.62365198 4278190335
-0.38675901 0.184534 0.63614798 4278190335
0.19416501 -0.107503 0.67726898 4278190335
0.473061 0.120637 0.62799698 4278190335
-0.215984 0.074626498 0.68450898 4294901248
0.0143659 -0.111753 0.67667699 4278190335
0.072251797 0.0131407 0.69042599 4278190335
0.45600301 -0.30817401 0.51537699 4294901248
-0.32315999 0.031557199 0.68658203 4294440711
0.16806801 0.062106099 0.68620402 4278190335
0.183952 -0.058210999 0.686472 4278190335
0.390001 0.13110401 0.65636402 4278190335
0.38388199 0.25138 0.59831703 4287401074
0.140266 -0.118333 0.67474699 4278190335
0.19571701 0.103429 0.67895502 4278190335
0.623393 0.0123538 0.52771699 4294835457
-0.15196601 0.137852 0.669209 4293717010
0.094578497 -0.0046281498 0.69033998 4278190335
0.125773 0.27231801 0.59886599 4290295878
0.322768 0.0063902098 0.687805 4278190335
0.099623598 -0.0291843 0.68922299 4278190335
0.539563 -0.181289 0.558254 4294243338
0.50049001 0.24635901 0.54402399 4294901248
0.235043 -0.068679601 0.68517703 4278190335
0.070132002 -0.062482201 0.68614399 4278190335
0.181877 -0.122963 0.67292702 4278190335
0.308043 -0.176228 0.653956 4278190335
0.39241701 0.41087899 0.38345799 4281019347
0.66284901 -0.051339701 0.467572 4287993193
0.466764 -0.258701 0.55569297 4294111756
0.61056 0.111747 0.52138901 4294901248
0.22915401 -0.037476201 0.68903899 4278190335
0.299283 0.23229501 0.62532997 4278453498
0.366528 0.241294 0.609429 4289835341
0.25746 0.264074 0.605259 4292006444
0.50673801 -0.12754001 0.60638797 4281808839
0.189311 0.12502401 0.67278397 4278190335
0.42205 -0.19374301 0.62015098 4283716778
0.090631597 -0.13317899 0.66998202 4278190335
0.53543699 0.28371 0.47660699 4292861727
0.38721201 0.266188 0.586927 4287137910
0.484869 0.065860398 0.63497502 4282269376
0.44024801 -0.105456 0.64644402 4278190335
0.41578501 -0.0273997 0.66780198 4278190335
0.0570147 0.045653101 0.68798602 4278190335
0.258867 0.31450701 0.56297398 4294506502
0.20733701 0.417027 0.408829 4278190335
0.0106314 -0.16767 0.65772498 4278716662
0.49848801 0.10864 0.61698502 4280887765
-0.118575 0.101104 0.679268 4293519637
0.034443401 -0.065443099 0.68584901 4278190335
-0.27850401 0.21815699 0.63392901 4292532772
0.296601 -0.33809599 0.537368 4294769666
0.111443 0.32588801 0.55081499 4293914383
0.58414102 -0.0255384 0.56959099 4294177547
-0.187149 -0.054020099 0.68758601 4290822206
0.0298106 -0.205617 0.64099401 4284374688
-0.182335 0.0385218 0.68917203 4289243222
0.29640201 0.164693 0.65869898 4278190335
-0.042213399 0.098820403 0.67988199 4281479884
0.050299998 -0.0077933702 0.69060999 4278190335
-0.342325 0.19870999 0.63912302 4288387939
0.160649 0.218826 0.63388801 4287466865
0.39201799 0.0238254 0.67545903 4278190335
0.27146199 0.381179 0.480041 4293848592
0.45848501 0.088335097 0.64349401 4278256125
0.32911399 -0.00501857 0.68710601 4278190335
-0.030747199 0.0143878 0.690238 4278190335
0.41909 -0.32356301 0.51972198 4294901248
0.106177 -0.145697 0.666453 4278190335
-0.100661 0.000210192 0.69019002 4283387823
0.113527 -0.350061 0.52352899 4294835457
-0.174089 0.38981801 0.46444499 4278190335
0.45780301 -0.0527458 0.64931601 4278585080
0.605932 -0.0148252 0.547535 4293124891
0.35879299 -0.0095073096 0.68310302 4278190335
0.487932 0.0138864 0.63805598 4278190335
-0.48696399 -0.024524501 0.63787103 4278190335
-0.30208999 0.12393 0.67201799 4293124891
0.215002 0.019701499 0.68983102 4278190335
0.482741 0.217127 0.576819 4291611698
0.38533401 -0.40328699 0.409141 4278190335
-0.0393507 -0.14444099 0.66716599 4282269376
-0.0560879 -0.19948401 0.643704 4293190682
0.036695 -0.34623101 0.52830499 4292598563
-0.30434299 0.231655 0.62559003 4286545791
-0.026776601 -0.0567878 0.68701202 4278190335
0.195898 0.0048466101 0.69014901 4278190335
0.59521103 -0.29245701 0.368756 4278190335
0.44376701 0.17749301 0.61881399 4283650987
0.24623001 0.099461898 0.67931002 4278190335
0.62745899 -0.028132301 0.52172798 4294177547
-0.040633801 -0.120379 0.67358398 4281085138
0.43924701 -0.14243899 0.63606101 4284045733
0.65331298 0.035853799 0.48589301 4293059100
0.476601 0.071151704 0.637254 4284045733
0.309937 -0.39299801 0.457468 4288716894
0.45228499 0.017872 0.654544 4278190335
0.32624501 -0.18738601 0.64686698 4278190335
0.483091 0.0085167903 0.64116597 4278190335
0.33892101 -0.327562 0.54257703 4294901248
0.33273399 0.103899 0.67473 4278190335
0.058971401 0.041051701 0.68870401 4278190335
0.43612701 0.0129521 0.661394 4278190335
-0.14569201 0.11381 0.67569602 4289966923
0.31113899 0.358327 0.51128203 4294901248
0.34448001 0.099511497 0.674272 4278190335
0.46911299 0.086502902 0.63884002 4278190335
-0.246389 -0.161972 0.65993202 4294901248
-0.025516501 -0.371732 0.493377 4288914267
0.22686701 0.0395751 0.68883198 4278190335
0.58105999 0.068653204 0.56586498 4294835457
0.36154401 0.129054 0.66330898 4278190335
0.396144 0.126552 0.65535402 4278190335
-0.33901 -0.29859 0.57167602 4278190335
0.41930801 -0.026096901 0.66666901 4278190335
0.0485829 -0.00702149 0.69079 4278190335
0.164747 0.107117 0.67805099 4278190335
0.39673501 -0.033282802 0.67342699 4278190335
0.187837 0.26144001 0.60674798 4284901016
0.555758 -0.088609897 0.58285999 4293124891
0.00191359 0.0103781 0.69075799 4278190335
0.308716 0.22621199 0.62876999 4278190335
-0.057914101 -0.32918701 0.54711998 4293256473
0.29489601 0.40912199 0.42730799 4289901132
0.062105399 0.194161 0.64699298 4278190335
-0.101099 -0.123348 0.67290097 4289440595
-0.159274 -0.174753 0.65545601 4294572293
0.47722799 -0.067829303 0.63830698 4278190335
0.28729001 0.091920502 0.68046403 4278190335
0.59622401 -0.21137901 0.477348 4290361669
-0.25801101 -0.31501099 0.56241798 4287730029
0.258984 -0.0239214 0.68966001 4278190335
-0.067446098 0.162756 0.659863 4289045849
0.303844 -0.0102861 0.68911803 4278190335
0.59619802 0.0180494 0.55741602 4293848592
-0.068634003 0.269968 0.60050797 4294440711
-0.193266 0.158813 0.66158998 4294045965
0.0075187199 -0.219036 0.63372701 4286743164
0.192398 -0.133999 0.66985101 4278190335
0.135721 -0.118703 0.67490298 4278190335
0.34257799 -0.064684503 0.68119299 4278190335
-0.102804 0.287525 0.58717 4294901248
0.336061 -0.232935 0.62089902 4278914035
0.49842799 0.141073 0.60626602 4284243106
0.0148497 -0.13485099 0.669698 4283519405
-0.37562901 -0.0112871 0.67916298 4291611698
-0.023931401 -0.113921 0.67535001 4285361553
0.48208499 -0.065515898 0.63552701 4280164064
0.33938399 0.41991299 0.39090499 4278190335
0.196088 -0.202162 0.64296103 4278190335
0.050081901 0.033970699 0.68957698 4278190335
0.29527 -0.047169302 0.68775201 4278190335
-0.360356 0.052840199 0.679515 4288716894
0.063298799 0.12552901 0.67221802 4278190335
0.38663301 -0.212466 0.62186402 4278190335
0.29829699 0.146658 0.66573203 4278190335
0.139154 -0.0118365 0.68999702 4278190335
0.223967 0.148753 0.66570997 4278190335
0.462183 -0.345447 0.461748 4287137910
0.38258001 -0.135515 0.65702403 4278190335
0.106973 0.25708401 0.60955602 4293453846
0.194277 0.0041576098 0.690934 4278190335
0.38317499 0.040322199 0.67622101 4278190335
-0.25228101 -0.351457 0.52085102 4278190335
0.13399699 -0.36601201 0.50312603 4293651219
0.349684 -0.062684096 0.67985302 4278190335
0.086403899 0.089372098 0.68149102 4278190335
-0.224107 0.0409576 0.6882 4293322264
0.31999299 0.33057299 0.542983 4294572293
0.088913903 -0.098556802 0.67919397 4278190335
-0.26484001 -0.13733301 0.66927302 4294835457
0.052854002 0.0075350502 0.69088298 4278190335
0.189713 -0.029620299 0.68950099 4278190335
-0.0536227 -0.0113786 0.69008398 4278190335
0.39849401 -0.29127201 0.56181997 4293585428
0.38050601 -0.31301701 0.547203 4294769666
-0.349603 -0.032343801 0.68347102 4291282743
0.17040101 0.075974099 0.68367702 4278190335
0.174917 -0.175063 0.65546203 4278190335
-0.082007103 -0.0299474 0.68917298 4278190335
-0.18720099 0.231337 0.62686801 4291874862
0.064392596 0.025362801 0.689852 4278190335
0.099424601 0.17184401 0.65649498 4278190335
0.167105 0.37470701 0.48889801 4287532656
-0.150436 0.095581003 0.68000698 4289637968
0.050051101 -0.257465 0.60933203 4293717010
0.0120916 -0.267189 0.603001 4294901248
-0.270987 -0.168603 0.65811503 4294835457
0.43963099 0.320025 0.51203197 4293651219
0.26332399 0.30282101 0.57334501 4290887997
0.12623399 -0.20491 0.64064699 4284374688
-0.129186 -0.064690404 0.685606 4287072119
-0.23982 0.058629099 0.68634599 4294374920
0.156654 -0.135309 0.66959202 4278190335
0.41867 -0.18747 0.62448198 4278190335
-0.023216501 -0.17166799 0.656596 4284440479
0.208349 0.060685899 0.68648797 4278190335
0.186611 -0.35672 0.514108 4293124891
0.253411 0.19358 0.64705098 4278190335
0.128565 0.051107898 0.687738 4278190335
0.31855199 -0.213241 0.634305 4278190335
0.26404101 -0.17426801 0.65554601 4278190335
0.29887 0.194226 0.64546001 4279703527
0.19493701 -0.0721898 0.684376 4278190335
0.042201601 -0.0270273 0.68983299 4278190335
0.60835898 -0.13984101 0.51164502 4294901248
0.34957999 0.20818999 0.632613 4278190335
-0.336595 -0.0241942 0.68646401 4291874862
-0.28542101 0.35938001 0.51139599 4278190335
0.31589299 -0.42982 0.36921901 4280953556
0.13257501 0.081148803 0.68310797 4278190335
0.37396199 0.237332 0.61028498 4287598447
-0.00930773 -0.179735 0.65358502 4283124659
0.381089 -0.22998001 0.61353803 4282861495
-0.053273998 0.145394 0.66609597 4284045733
0.0326262 0.389705 0.46452001 4288453730
0.31830499 -0.174868 0.65361899 4278190335
-0.043749899 -0.0122468 0.69064403 4279242990
0.41996899 0.057229701 0.663643 4278190335
0.038535502 -0.0069049601 0.69081599 4278190335
0.65954399 0.030884201 0.47650301 4288716894
0.54684103 -0.049184799 0.59795702 4285295762
0.43590701 -0.212476 0.60466802 4292401190
0.070225999 -0.022505 0.69006902 4278190335
0.44146001 0.177706 0.62028199 4284440479
0.34622601 -0.082018703 0.67741197 4278190335
0.062318601 0.126854 0.67193598 4278190335
-0.064440504 -0.035502601 0.68861502 4279111408
0.359539 -0.038883999 0.68133402 4278190335
0.58389503 0.016658301 0.56945699 4293717010
0.42904601 -0.23586901 0.59199601 4287006328
0.144281 -0.267701 0.60255098 4288782685
0.288436 -0.39091501 0.46335101 4291743280
0.42487401 -0.147718 0.63909 4280624601
0.38121501 -0.04961 0.67548198 4278190335
0.37523201 0.22495399 0.61789203 4279571945
-0.316293 -0.26371101 0.60258502 4279571945
0.45247701 -0.093247898 0.644391 4278190335
-0.37112999 0.055053301 0.67751098 4291348534
0.45699501 -0.19600099 0.60343301 4285164180
0.291024 0.056485798 0.686297 4278190335
0.44807899 0.30482101 0.52355701 4294572293
0.357467 0.198351 0.63590801 4278190335
0.159329 0.0920441 0.68073797 4278190335
0.41227499 0.073888801 0.66381103 4278190335
0.0115833 0.175 0.65493101 4279966691
0.315249 0.0305741 0.688227 4278190335
0.36671001 0.128821 0.66206503 4278190335
0.32216901 -0.0293606 0.687298 4278190335
-0.0901381 0.051637702 0.68753999 4281479884
0.178633 0.097332299 0.67968398 4278190335
0.23070499 0.334429 0.54094398 4294901248
-0.171681 -0.20446999 0.64166099 4294703875
0.113777 -0.107811 0.67705399 4278190335
0.29003599 0.107777 0.67745203 4278190335
0.30098 0.307592 0.56777 4292466981
0.38137701 -0.147101 0.652381 4278190334
-0.276842 -0.17316601 0.655747 4294572293
0.46159399 -0.024889899 0.65010297 4280493019
0.28960001 0.143884 0.66718102 4278190335
0.206598 0.25476301 0.612023 4288848476
0.48912701 0.036421701 0.63648099 4278190335
0.237525 0.219908 0.63283402 4279506154
0.45457599 -0.19311 0.606547 4287532656
0.44240099 -0.177503 0.619528 4279769318
0.31457001 -0.24865 0.614268 4279703527
0.17295299 -0.061666001 0.68586898 4278190335
0.245902 0.1382 0.66922897 4278190335
0.64074099 -0.0295146 0.50454599 4294638084
0.46574101 -0.123033 0.63060498 4287598447
-0.26714501 0.10375 0.67855501 4294835457
0.46689999 -0.28099301 0.53719401 4294901248
0.200666 0.16874699 0.65721899 4278190335
0.47549301 0.22400901 0.57750797 4293059100
0.0021631999 0.32409099 0.55244899 4292466981
0.39508 -0.244736 0.59905797 4284637852
0.293239 0.35880801 0.51195103 4294901248
-0.135666 0.30481699 0.57100499 4293782801
0.29688001 -0.113611 0.67509502 4278190335
0.40679899 -0.103546 0.658678 4278190335
0.31497401 0.083929703 0.681077 4278190335
-0.0879521 0.199193 0.644458 4293322264
0.083880201 -0.157472 0.66224998 4278190335
-0.216232 0.383219 0.47722501 4278190335
-0.059985701 0.129403 0.67196298 4284835225
0.339261 -0.363911 0.498088 4291216952
-0.379888 -0.16377901 0.64693898 4278190335
0.62238902 0.0367718 0.52790099 4294901248
0.18117499 0.232144 0.62600797 4278190335
0.29265499 0.151195 0.66412801 4278190335
0.314711 -0.10926 0.67541403 4278190335
0.33307299 -0.0283911 0.68643898 4278190335
0.153263 0.082227796 0.68247801 4278190335
0.042107899 -0.200697 0.64373302 4287993193
0.32593501 -0.334755 0.53683603 4293848592
0.232894 -0.15496901 0.66256398 4278190335
0.57889599 0.0161631 0.57447201 4294045965
0.31184101 -0.13612901 0.66756499 4278190335
0.025051201 -0.20811699 0.63906503 4286611582
-0.146772 0.046116501 0.68845499 4288058984
0.30665001 -0.347276 0.52537102 4294835457
-0.230922 0.079510503 0.68304002 4294506502
-0.16648699 0.043475501 0.68838799 4288124775
0.13025901 0.116966 0.67479402 4278190335
-0.071862601 -0.020490499 0.69036603 4278190335
0.18485101 0.13578901 0.67003798 4278190335
0.21342 0.191223 0.64783603 4278190335
0.25251999 0.23426799 0.62523597 4281150929
0.163333 0.12989999 0.67087102 4278190335
0.36110201 -0.13884 0.66002601 4278190335
0.130564 0.113282 0.675704 4278190335
0.50748998 -0.028573399 0.626513 4278190335
0.085898899 0.072450504 0.68473798 4278190335
0.50583601 0.021335401 0.62804502 4280690392
0.352229 0.142883 0.66027701 4278190335
-0.26536599 -0.26725999 0.60221398 4290295878
0.21635 0.416206 0.41241601 4287269492
0.0078135002 -0.14834601 0.66547501 4278190335
0.36772099 -0.171395 0.64649701 4278190335
-0.245939 0.38088301 0.480501 4278190335
0.30908501 -0.222454 0.63057601 4282598331
0.25223401 -0.41235599 0.420086 4288716894
0.0254396 0.0114412 0.69015002 4278190335
0.36449701 0.28476501 0.57825899 4291677489
0.16651 0.122702 0.67295599 4278190335
0.25479299 -0.25472 0.61130798 4291677489
0.566773 0.26085499 0.46587601 4292072235
0.32942799 0.150135 0.661479 4278190335
-0.093555599 0.106333 0.67771697 4284374688
0.40179399 0.033128601 0.67180401 4278190335
0.277181 0.207572 0.63964897 4278190335
0.26173499 0.242559 0.61973399 4286940537
0.28451499 0.159041 0.66134298 4278190335
0.22941799 -0.26536199 0.60361397 4286216836
0.44867101 0.15454599 0.62638497 4280032482
0.095274404 0.12600499 0.67275703 4278190335
0.20331 0.26759499 0.60209399 4289045849
0.186554 -0.129665 0.67139399 4278190335
0.327647 -0.410043 0.41799501 4288585312
0.53468698 0.051102299 0.60646099 4288256357
0.037427999 0.0744619 0.684389 4278190335
0.098002501 -0.27983901 0.59283501 4292138026
0.465368 0.097812898 0.63795298 4278190335
0.51702201 -0.035433602 0.61978197 4278519289
0.362654 -0.0057801399 0.682603 4278190335
0.13504601 -0.17620701 0.654504 4278190335
0.52984297 -0.037375499 0.61160898 4283124659
-0.110801 0.403124 0.44002599 4278190335
-0.225499 -0.197754 0.64466798 4294901248
0.46872601 0.19046199 0.600447 4290032714
0.122769 -0.0475927 0.68792802 4278190335
0.38262001 -0.116714 0.66183299 4278190335
0.50805497 0.158351 0.59346497 4285427344
0.0108075 -0.067368202 0.685646 4278190335
0.383733 0.236277 0.60864699 4287137910
0.371299 0.061950501 0.67612201 4278190335
0.38181999 0.13704 0.65645701 4278190335
0.059110101 -0.099148899 0.67933702 4278190335
0.081354603 -0.29281199 0.58246702 4294638084
0.326188 0.0391078 0.68590099 4278190335
0.334851 -0.123144 0.66926301 4278190335
0.58786702 -0.045069199 0.56342602 4291874862
0.39207801 0.208552 0.62197399 4288980058
0.033594001 0.0799025 0.68289602 4278190335
0.217234 -0.0505847 0.687931 4278190335
-0.41903201 -0.072013699 0.66159302 4283848360
0.63898098 -0.110202 0.485726 4289901132
0.23600601 0.00715059 0.69057602 4278190335
0.39616799 0.184627 0.63382101 4279900900
-0.16343001 -0.32281199 0.553886 4291940653
0.106938 0.071833201 0.685233 4278190335
0.12582099 -0.026715901 0.68979901 4278190335
0.30374601 0.416724 0.40708101 4286677373
0.62060899 -0.089642301 0.518121 4294835457
0.12681 0.230813 0.62660903 4280690392
0.41623101 -0.29629901 0.550219 4294769666
-0.15790001 -0.41450101 0.415535 4278190335
0.124936 0.321749 0.55528098 4294901248
0.182502 -0.154274 0.66297799 4278190335
0.34996501 0.033372801 0.68350601 4278190335
0.37451699 -0.188501 0.63742203 4283782569
-0.079508401 0.153118 0.66334301 4285690508
0.4188 0.362919 0.46614799 4287993193
0.37699801 0.27559799 0.58223897 4290230087
-0.25395399 -0.18167201 0.65200299 4294835457
0.41481 -0.098267697 0.65780002 4278190335
-0.347406 -0.074451298 0.67857897 4292927518
0.257891 0.0258436 0.68974298 4278190335
-0.00112551 0.131732 0.67034501 4278848244
-0.183709 0.32696599 0.54929501 4290887997
-0.144685 0.33674601 0.53917998 4290822206
0.42075399 0.17029899 0.63211501 4282466749
-0.104814 -0.302991 0.57343602 4294703875
0.41438499 0.028294099 0.66801298 4278190335
-0.25561601 -0.0240153 0.69001597 4294440711
-0.377222 0.14879499 0.65290201 4285558926
0.047564302 -0.110463 0.67689103 4278190335
0.409233 -0.0023787401 0.67050499 4278190335
0.35902801 0.14168 0.65983301 4278190335
0.148485 -0.075354002 0.684636 4278190335
0.51588702 0.043975599 0.61967897 4278716662
-0.18355 0.19010501 0.64797997 4294769666
-0.068290196 -0.42109901 0.39969501 4278190335
0.252875 -0.0557587 0.68747401 4278190335
0.0212484 0.279356 0.59302998 4294440711
0.102557 -0.0141183 0.68995398 4278190335
0.63491797 -0.16743401 0.45644 4286282627
0.285413 -0.073426597 0.68469203 4278190335
0.227604 -0.310067 0.56615603 4293914383
-0.19045 0.18162601 0.65213901 4294638084
0.54821002 -0.0717545 0.59254998 4287072119
0.61065799 0.19918001 0.46832901 4293651219
-0.119263 -0.236049 0.62350899 4293782801
0.158043 0.0062543899 0.69015402 4278190335
0.19224399 -0.127877 0.67162198 4278190335
0.57666099 0.017897399 0.57629901 4294045965
0.195462 0.26409301 0.60438597 4286874746
0.418883 0.071544699 0.661623 4278190335
0.54404598 0.112182 0.58517498 4293585428
0.0244898 -0.27205601 0.598885 4292138026
0.170986 0.22220799 0.63170999 4282927286
0.252258 -0.193776 0.646586 4278190335
-0.17447101 -0.035974301 0.68940401 4290098505
0.21018501 0.133287 0.67077202 4278190335
0.065266602 0.16522799 0.65934598 4278190335
0.62535 -0.153622 0.48109201 4293388055
-0.25561899 0.304818 0.570921 4281019347
0.31200299 0.37032899 0.493581 4292006444
0.29580501 -0.035014901 0.68853098 4278190335
-0.037258402 -0.122142 0.67319602 4285558926
0.32192501 0.43025199 0.365949 4278190335
-0.0106046 -0.101405 0.67844999 4278190335
0.446549 0.18826 0.61229599 4287927402
-0.085259303 0.051716398 0.68742102 4280821974
0.0142886 -0.28538099 0.58823103 4292795936
0.159155 -0.090418003 0.681831 4278190335
0.359267 -0.00123013 0.68269598 4278190335
-0.020600099 0.055440601 0.686809 4279571945
0.16703799 -0.24392299 0.618815 4279769318
0.243324 0.097677298 0.67964399 4278190335
0.30884501 -0.0221231 0.68868798 4278190335
0.118524 0.18998501 0.64822602 4279506154
0.27677199 0.028199701 0.68936002 4278190335
0.233089 0.071280196 0.68489802 4278190335
0.34181499 -0.117885 0.67007798 4278190335
0.066656299 -0.22468001 0.62992603 4283782569
-0.0044389199 0.21114799 0.637694 4292598563
0.32983601 0.018264299 0.68745601 4278190335
0.087645799 0.061726201 0.68579799 4278190335
0.13900299 0.138613 0.66894799 4278190335
-0.17771 -0.26978999 0.60019898 4291677489
0.421592 0.25332499 0.58339101 4288585312
-0.156885 0.14390901 0.66728997 4290887997
0.230315 0.305796 0.57113302 4292401190
0.056172598 0.105367 0.678258 4278190335
0.030027101 -0.0312302 0.68975401 4278190335
0.362602 -0.140672 0.65957701 4278190335
-0.301976 -0.115495 0.67492598 4294572293
0.462347 0.022319799 0.65048802 4278190335
0.53940803 0.180243 0.55898201 4292466981
0.44825801 -0.169992 0.620498 4283387823
0.167117 0.15609001 0.66283 4278190335
-0.38141 -0.187521 0.63635099 4278190335
-0.185197 -0.079098202 0.683348 4292466981
0.421437 0.0665152 0.66158599 4278190335
0.49877101 -0.247768 0.54486102 4294901248
0.215101 0.070317999 0.68478298 4278190335
-0.0015611399 0.16448601 0.65895802 4284506270
0.484557 -0.084740601 0.63154203 4278387707
0.44811901 0.085523002 0.64782602 4278190335
0.27710801 0.28493699 0.58940399 4286677373
0.48681399 -0.34437501 0.43989399 4290493251
-0.100213 0.108978 0.677607 4288716894
0.396492 -0.0045942198 0.67485797 4278190335
-0.0543079 -0.126283 0.67264301 4279374572
0.18530101 0.17336801 0.65616 4278190335
0.21781901 -0.106989 0.67779899 4278190335
0.13010401 0.197404 0.64460403 4285032598
0.43702701 -0.022057099 0.66108799 4278190335
-0.077409402 0.156838 0.66245699 4289637968
0.30482799 -0.165361 0.65764499 4278190335
0.446832 0.044421501 0.65511501 4279111408
0.017242501 -0.077684999 0.68412697 4278190335
-0.295991 0.00653286 0.69016802 4294901248
0.61311799 0.168624 0.48864001 4292269608
-0.109924 0.13484301 0.670178 4294111756
-0.129739 -0.35964701 0.51041901 4289703759
0.42510399 -0.15942299 0.63492501 4278190335
0.50903898 -0.16535699 0.58954 4293585428
0.175842 0.158329 0.66206402 4278190335
-0.31795999 -0.116486 0.67281902 4293914383
0.24094 0.145082 0.66634899 4278190335
-0.0049993601 0.225439 0.630283 4289243222
0.37100801 -0.071741 0.67445701 4278190335
0.021065099 0.043663599 0.68788201 4278190335
0.27719599 -0.30526599 0.57097 4291348534
0.26295301 -0.042245001 0.68836099 4278190335
-0.379807 0.122928 0.66104901 4289637968
0.458327 0.109365 0.63754499 4278190335
0.443746 0.277886 0.55280399 4294835457
0.15123001 -0.212549 0.63680297 4278190335
0.33252901 0.063778803 0.68239802 4278190335
0.26214099 -0.052611001 0.68729699 4278190335
0.071474902 -0.097471803 0.680134 4278190335
-0.441585 0.039674599 0.65714401 4282532540
-0.197181 0.15827499 0.66206598 4294901248
0.182356 0.202095 0.643058 4278190335
0.342839 -0.14147 0.66296798 4278190335
0.56630999 0.226208 0.50126398 4294769666
0.157296 -0.107035 0.67805898 4278190335
0.174484 -0.148858 0.66542202 4278190335
0.360708 -0.091816097 0.67260498 4278190335
0.177909 -0.075262003 0.68420398 4278190335
-0.075487897 0.37250999 0.492221 4286282627
0.36521199 0.101565 0.66966897 4278190335
0.606224 0.19106901 0.48211899 4289835341
0.113327 -0.34328401 0.53141201 4293585428
0.56937701 0.32613701 0.345135 4278190335
-0.049722102 0.0348996 0.68941897 4278190335
0.29306999 0.0066206902 0.69040197 4278190335
0.040501598 -0.178958 0.65378702 4283585196
0.110418 -0.042461999 0.68799299 4278190335
0.64011401 -0.229513 0.374634 4282269376
-0.0328402 0.0152138 0.69026798 4278190335
0.18510599 -0.27044499 0.60005802 4285953672
0.0117991 0.093294397 0.68097901 4278190335
0.117405 -0.16855299 0.65767801 4278190335
-0.25351301 0.0249415 0.690247 4293848592
0.063295901 0.190751 0.64839101 4284045733
0.16207001 0.11004 0.67718899 4278190335
0.089772902 -0.0251766 0.68999797 4278190335
0.51125503 0.091468804 0.61379302 4288519521
-0.109498 -0.22008 0.63250399 4294243338
0.37075901 0.25540501 0.59897101 4288453730
-0.099259697 -0.244146 0.61861402 4294177547
0.15642799 0.126276 0.67273498 4278190335
0.465352 -0.25001401 0.56414902 4293256473
-0.26416501 -0.251598 0.61341703 4292532772
0.42099601 0.0636051 0.66279799 4278190335
0.47123 -0.040026501 0.64491701 4278190335
-0.33425501 -0.167502 0.65389103 4290559042
-0.0138564 0.00124492 0.69050401 4278190335
-0.099256597 0.297959 0.57795203 4294901248
0.28198799 -0.126489 0.67208397 4278190335
0.55728501 0.057810899 0.58770102 4293782801
-0.31460801 0.34968901 0.52076 4278190335
0.36461401 -0.28257301 0.57988602 4294243338
0.210079 -0.35586599 0.51671797 4294572293
-0.210912 -0.0279752 0.68929702 4294901248
0.180747 0.23919 0.62118 4278190335
0.15868001 0.078719303 0.683056 4278190335
-0.23821101 -0.059070501 0.68698698 4294703875
0.069594599 0.164095 0.65914702 4278190335
0.27522999 -0.15324201 0.66353798 4278190335
0.40852299 -0.072011597 0.665402 4278190335
-0.33744401 -0.067568101 0.681813 4292993309
0.53315002 -0.19371399 0.55630499 4293388055
-0.110188 -0.240596 0.62074602 4294835457
0.349282 -0.054552902 0.68158001 4278190335
0.086319901 -0.14561699 0.66668099 4278190335
-0.28417099 -0.30123699 0.57423502 4286677373
0.0113488 -0.122264 0.67378998 4278190335
0.051072001 0.27410901 0.59793901 4294638084
-0.0151572 0.29747799 0.57830602 4294045965
0.38209599 0.41134599 0.39089501 4284374688
0.043545298 0.033720698 0.68941802 4278190335
0.301649 0.122684 0.67321402 4278190335
0.26858801 -0.23013499 0.62733901 4283979942
-0.063231103 0.16956399 0.657776 4291940653
-0.38493899 0.0624668 0.673226 4289966923
0.0298017 0.097138003 0.67985803 4278190335
0.28727201 -0.424714 0.38826501 4283848360
0.266058 0.29560399 0.57917202 4291216952
0.28576699 0.35000399 0.52332598 4294901248
-0.29899901 0.145621 0.66558897 4293124891
-0.342278 -0.277466 0.58946598 4278453498
0.43673 -0.173581 0.62440503 4278190335
0.219629 0.0554859 0.68691701 4278190335
0.0097217001 0.35044199 0.52311897 4293914383
0.073304497 -0.084873699 0.68214202 4278190335
0.30770299 -0.181253 0.651357 4278190335
0.52852702 0.075130202 0.60617 4285032598
0.170077 0.134949 0.66995901 4278190335
-0.37518299 -0.227826 0.61560202 4278979826
0.116432 -0.14533401 0.66588998 4278190335
0.491429 -0.130823 0.61467803 4284703643
0.38269299 -0.267625 0.58677799 4288980058
0.29808399 -0.0171155 0.69017297 4278190335
0.48205701 0.190282 0.59320003 4293190682
0.18234999 -0.149619 0.66463 4278190335
0.35729501 0.075708203 0.67697501 4278190335
0.160429 0.093837097 0.68037897 4278190335
0.114864 0.15441699 0.66336501 4278190335
0.27241799 -0.19616599 0.64557898 4278190335
0.333462 -0.244665 0.61382502 4280295646
0.074956901 -0.244003 0.61840302 4289243222
0.16158099 0.068403497 0.685287 4278190335
-0.067749597 -0.26913601 0.60130203 4294374920
-0.097354703 0.090029903 0.68147302 4287598447
0.47315699 0.070282102 0.639377 4281874630
0.32196301 -0.18890899 0.64699501 4278190335
0.31299201 0.193455 0.64577401 4278190335
0.011102 0.106033 0.67803103 4278190335
-0.229201 -0.203531 0.64227003 4294901248
0.51422399 0.195898 0.56946898 4291743280
0.38297501 -0.119278 0.66180098 4278190335
-0.024499999 0.095398903 0.68051797 4278190335
-0.115933 0.113355 0.67584997 4287466865
0.17137501 -0.0296863 0.68972898 4278190335
0.422095 -0.112445 0.65162897 4278190335
-0.101439 0.111694 0.67659998 4285558926
0.244055 -0.119382 0.674851 4278190335
0.12772501 -0.137214 0.668607 4278190335
0.138981 0.30296901 0.57341701 4292006444
0.23677599 0.29407099 0.58084798 4290493251
0.36421299 0.175008 0.646433 4279045617
0.36250499 0.104207 0.66951698 4278190335
-0.244762 0.089426398 0.68164098 4294440711
0.33120799 -0.25142199 0.609474 4281216720
-0.0117247 0.068999998 0.68516803 4278190335
-0.0241489 -0.0214979 0.68994898 4278190335
-0.0244582 -0.219078 0.63323498 4287466865
0.417234 0.00982612 0.66860902 4278190335
0.104166 0.38642499 0.47169101 4284111524
0.11634 -0.16695499 0.65882498 4278190335
0.33098501 -0.181302 0.649046 4278190335
0.38761699 0.30779901 0.54963303 4293717010
0.21256 0.101664 0.67923802 4278190335
-0.39459601 -0.103639 0.66284502 4281479884
-0.2509 0.12191 0.67356598 4294769666
0.36849099 -0.22785801 0.61785001 4280887765
-0.0098353904 0.029803401 0.68931699 4278190335
0.019000201 -0.0596737 0.68664598 4278190335
-0.0337741 0.33272299 0.54274499 4291874862
-0.202583 -0.232134 0.62636602 4294901248
0.073179297 -0.049073499 0.68736202 4278190335
0.39827701 0.00918849 0.673684 4278190335
0.020305401 -0.152496 0.66399598 4278190335
-0.028387999 0.185937 0.65066999 4283914151
0.105176 -0.061937999 0.685763 4278190335
-0.40432501 0.075060397 0.66591603 4280295646
0.13716599 -0.115963 0.674945 4278190335
-0.0271005 0.129766 0.67147201 4278190335
-0.201737 0.0182204 0.68987203 4293585428
0.26249599 0.14392801 0.66641998 4278190335
-0.068566799 0.118357 0.67463601 4284374688
0.144528 0.160826 0.66028202 4278716662
0.45604599 0.28245899 0.54233903 4294506502
0.0908048 0.0484422 0.68754399 4278190335
0.224438 -0.183742 0.65138799 4278190335
-0.040801901 0.16756301 0.65867001 4285953672
0.012189 -0.102033 0.67891902 4278190335
0.25458801 -0.215556 0.63498503 4278190335
0.322687 0.076166503 0.68142802 4278190335
0.50181502 -0.29213801 0.499962 4294638084
-0.164565 0.13139901 0.67068601 4290690624
0.46154201 0.0934138 0.64084703 4278190335
0.44403499 -0.14003 0.634004 4278190335
-0.0685357 -0.26043901 0.607328 4293914383
0.109432 0.12227 0.67334098 4278190335
0.43605301 0.27391401 0.56010503 4293059100
0.59416902 -0.17198201 0.50964302 4294638084
0.53996199 0.054541301 0.60187602 4284440479
0.39400801 0.0216459 0.67500597 4278190335
0.121645 -0.152034 0.66436899 4278190335
0.41841301 0.19387101 0.62093198 4287006328
0.52891099 0.0331618 0.61214298 4281743048
-0.38042501 -0.142217 0.65482402 4286019463
0.46268201 0.0268327 0.65006101 4278190335
-0.258398 0.083758198 0.68256301 4294506502
0.55807602 0.30514699 0.41532001 4278190335
0.62675101 0.068585403 0.515733 4292532772
0.31426901 0.322575 0.55179203 4292730145
-0.241161 -0.19875699 0.64387202 4294901248
-0.414774 -0.109688 0.65512902 4278190335
-0.27806199 0.32658401 0.54987502 4279242990
-0.19005799 -0.118958 0.67500597 4292861727
0.32520601 0.104433 0.67603898 4278190335
0.317826 0.099559598 0.67773998 4278190335
0.37958899 -0.124512 0.66048503 4278190335
0.242321 0.37780699 0.48413199 4291743280
0.33440301 -0.25944501 0.60342598 4290493251
0.17626099 -0.018839899 0.68985403 4278190335
-0.080063298 -0.094813198 0.68042803 4281808839
0.467298 0.142362 0.622904 4283190450
-0.17501999 0.23442701 0.62421602 4294901248
0.40229601 -0.35420799 0.48837599 4294638084
0.058365501 0.25195599 0.61394 4294243338
0.39023399 0.25328001 0.59534901 4292203817
-0.0237097 0.33218601 0.544626 4290559042
-0.087020002 0.40365699 0.440447 4281216720
0.121945 -0.16577899 0.65908301 4278190335
-0.0046863598 0.025854301 0.68975699 4278190335
-0.0519781 -0.18579701 0.650419 4288914267
0.44516599 -0.0110115 0.65819001 4278190335
-0.048006099 0.28716299 0.58737499 4293453846
0.069843203 0.322954 0.55327702 4294901248
0.53577399 0.29446399 0.461833 4292927518
0.670461 -0.0242403 0.45774999 4292795936
0.21464001 -0.20319501 0.64244401 4280361437
0.112256 0.0089984704 0.69020998 4278190335
-0.0459917 0.044282101 0.68801498 4278190335
0.55676299 -0.16266 0.55392998 4294901248
0.33999699 0.283941 0.58345002 4291414325
0.37617901 -0.17038099 0.64522099 4278256125
0.380824 -0.192386 0.63360399 4283519405
-0.0128322 -0.070589297 0.68450803 4284901016
0.33640999 0.199846 0.63987398 4278190335
0.14022 0.19516499 0.64595801 4283716778
-0.100203 -0.26800099 0.60165203 4294835457
0.035979901 0.34011301 0.53477901 4293519637
0.0151078 0.297189 0.57849503 4294243338
0.057375599 -0.076789796 0.68342698 4278190335
-0.104785 0.097465701 0.67986399 4286611582
0.380806 -0.078833498 0.671413 4278190335
-0.23743901 0.22394 0.63095802 4294703875
0.0709242 0.13842601 0.66878903 4278190335
-0.0136098 -0.057598699 0.68707299 4278190335
0.53556502 -0.22208799 0.53506601 4294703875
0.207821 -0.198312 0.64424002 4278190335
0.275166 -0.101609 0.67923099 4278190335
0.216479 0.31079501 0.565813 4293190682
0.116462 -0.110152 0.67681098 4278190335
0.60237497 0.20198201 0.47802499 4293585428
-0.0444909 -0.029356601 0.690018 4281743048
0.51427901 0.122143 0.60333598 4292401190
0.054170899 -0.0138711 0.69002098 4278190335
0.237011 -0.047181498 0.68769801 4278190335
-0.056088399 0.056838799 0.687132 4282532540
0.295966 -0.100867 0.67882699 4278190335
-0.22738101 -0.163607 0.65974498 4293453846
0.0025826399 0.0673334 0.685211 4278190335
0.0216463 -0.073333502 0.68468201 4278190335
0.49452201 -0.105072 0.61993003 4279374572
0.14510299 -0.21021999 0.637869 4288322148
0.046379 0.0965764 0.67957401 4278190335
0.195291 -0.172956 0.65611202 4280427228
-0.0078846402 0.071612999 0.68517202 4278190335
0.27968401 -0.253602 0.61255902 4283914151
-0.0282031 -0.025403 0.68994498 4278190335
0.060667999 -0.27450901 0.59743297 4294045965
0.22306199 0.22642601 0.62944198 4287072119
0.15625501 0.239271 0.621988 4290624833
-0.124653 -0.098664202 0.67989701 4289901132
0.33951601 -0.130255 0.66722 4278190335
0.41971999 -0.068856001 0.66216201 4278190335
0.15998399 0.0136902 0.68997103 4278190335
0.050857201 0.046613399 0.68826598 4278190335
0.64195001 0.0163239 0.50415099 4294703875
0.56225401 0.170663 0.54400301 4294374920
0.40698099 -0.16045 0.63999802 4278716662
0.40844101 0.077628702 0.66434801 4278190335
0.37006101 -0.077915996 0.674357 4278190335
0.47594401 0.225344 0.57605499 4291019579
0.267441 -0.29002199 0.58467799 4290493251
-0.0991733 -0.262463 0.60622501 4294440711
0.324505 -0.190832 0.645024 4278190335
-0.13663 -0.13947099 0.66813397 4292203817
0.34926501 0.266397 0.59605199 4291480116
0.60825002 -0.067368098 0.53760701 4294901248
0.114129 -0.025193101 0.68974602 4278190335
0.474388 0.109621 0.63011098 4285361553
0.359653 -0.098453 0.67229003 4278190335
0.14964101 0.23503301 0.62410998 4290690624
0.105847 0.23418599 0.62519401 4288651103
0.55313897 0.207375 0.529908 4294835457
-0.166936 -0.257622 0.609231 4294901248
-0.36681601 0.201239 0.633017 4285756299
0.38234901 0.172704 0.64264202 4278190335
0.393428 0.41680199 0.36530501 4278190335
0.15256201 -0.23705 0.62295198 4280427228
0.39090601 0.048072599 0.672885 4278190335
0.34129101 -0.026342301 0.684771 4278190335
0.170872 0.11264 0.67623401 4278190335
0.189946 -0.092326902 0.68135101 4278190335
-0.180583 0.12326 0.67370802 4293717010
0.18205699 -0.078315496 0.68408698 4278190335
0.105308 -0.228701 0.62790197 4283716778
0.35002601 -0.40288001 0.42812601 4289966923
-0.196877 -0.100266 0.67946601 4291743280
0.229206 0.142011 0.66782701 4278190335
0.52092201 -0.064074598 0.61302203 4281874630
0.6473 -0.13318101 0.460161 4288914267
0.3044 -0.146125 0.66561198 4278190335
0.27503499 -0.28823301 0.58588803 4289572177
0.17849299 0.0048842798 0.69032699 4278190335
0.17533299 -0.191866 0.64789498 4278190335
0.503025 0.094747998 0.61830097 4287532656
-0.00839468 -0.37183899 0.49465799 4290887997
0.39406201 0.0355049 0.67337501 4278190335
0.53364301 0.038226601 0.60829902 4281743048
0.069982298 0.0245697 0.68977898 4278190335
0.248484 0.171625 0.65685099 4278190335
0.142891 0.060044698 0.68696302 4278190335
0.181051 0.01341 0.690651 4278190335
0.42744201 -0.241643 0.58957398 4293717010
-0.091756701 -0.0146279 0.69049603 4279769318
-0.372307 0.113736 0.66586399 4288914267
0.034164399 -0.33482099 0.54090703 4294374920
-0.048699699 -0.122094 0.67388803 4283190450
0.147585 -0.157608 0.66207302 4278190335
0.291877 0.227456 0.62822199 4278585080
-0.186325 -0.042745799 0.68885201 4291874862
0.58978802 0.105789 0.54697198 4293519637
0.61022502 0.091119803 0.52891302 4294638084
0.378454 0.100279 0.66743702 4278190335
0.52533299 0.051743899 0.61286199 4280624601
-0.36627001 -0.039819099 0.67966098 4288124775
0.37106401 0.13255399 0.660788 4278190335
0.46437401 0.144375 0.62397599 4283979942
-0.220872 0.26977199 0.60026801 4293256473
0.031247601 0.36770201 0.49921101 4288914267
0.110351 0.32492599 0.55202597 4294309129
0.40712801 -0.102198 0.658957 4278190335
0.39430699 0.169275 0.64071 4278190335
-0.32436401 0.18459401 0.64831799 4291940653
0.185481 -0.112099 0.67671901 4278190335
0.187681 0.090155199 0.681862 4278190335
-0.165251 0.181688 0.65257502 4294506502
0.41038299 -0.29795 0.55053502 4293059100
0.0143858 0.026265001 0.689861 4278190335
0.28629899 -0.37411499 0.49096599 4291414325
-0.189235 -0.052822798 0.68766499 4293190682
0.13748699 0.20151 0.64323902 4278190335
0.42733401 0.211806 0.60824102 4285953672
0.42704499 -0.171341 0.62839597 4278190335
-0.27435899 0.271927 0.59909201 4290098505
-0.0162021 0.14861999 0.66575003 4283848360
0.22933701 -0.23086201 0.62674803 4284308897
0.53089398 0.00375163 0.61191899 4289703759
0.223122 -0.019617699 0.69020897 4278190335
0.28129101 -0.19475 0.64620799 4278190335
0.37918299 -0.043563198 0.67718297 4278190335
0.311333 0.39236501 0.45746201 4292795936
-0.201975 0.0624303 0.68643999 4292466981
0.15067001 0.126698 0.67214698 4278190335
0.30877399 0.195342 0.64514399 4278190335
-0.0098738996 -0.328511 0.54736799 4291480116
0.0498088 -0.13128901 0.67051101 4278190335
-0.223967 0.131971 0.67047101 4294374920
0.0143476 0.206716 0.64046597 4285756299
0.122224 0.23244099 0.625871 4283782569
0.445503 -0.0127734 0.65824598 4278190335
-0.067471303 -0.079148598 0.68378699 4282335167
0.051353998 -0.204107 0.64159602 4287927402
0.415932 0.263538 0.577766 4293782801
-0.136031 -0.016762801 0.69040698 4287072119
-0.278083 -0.363208 0.50642699 4278190335
0.38591 0.30162299 0.55658799 4293848592
0.175589 0.0470731 0.68757898 4278190335
0.438829 -0.206462 0.60662699 4285558926
-0.0270404 -0.13177399 0.670443 4278190335
0.0149217 0.111809 0.67682397 4278190335
0.42097101 0.156849 0.636617 4278190335
0.25034401 -0.293071 0.581514 4290295878
-0.276521 0.18528099 0.65024197 4294440711
0.45572501 -0.26463899 0.55839002 4293256473
0.44878301 -0.0198425 0.65607101 4278190335
0.695755 0.0207818 0.405716 4281479884
0.332775 0.137096 0.66548401 4278190335
0.50270098 -0.093386598 0.61905402 4289243222
0.35886601 0.225389 0.62110198 4285229971
0.25614899 0.0770927 0.68404198 4278190335
0.33735499 0.22752699 0.62411898 4280624601
0.220119 -0.23759 0.62301499 4278190335
-0.166456 0.139566 0.66879499 4292072235
0.368837 0.095849499 0.67029202 4278190335
0.372944 -0.40271699 0.41716 4278190335
0.32543501 0.169838 0.65463603 4278190335
0.491716 0.090683803 0.62560201 4279769318
0.493395 0.117821 0.61702102 4289111640
0.139836 -0.033679701 0.68945301 4278190335
0.52428198 -0.088139698 0.60581797 4283914151
-0.32468 0.0176757 0.68765801 4294572293
0.35437 -0.111447 0.66974199 4278190335
0.067060202 0.076644503 0.683909 4278190335
-0.27599999 0.198405 0.64401799 4294177547
0.385986 0.123647 0.65944499 4278190335
0.289381 -0.140407 0.66801399 4278190335
0.193205 0.108067 0.67687702 4278190335
0.640773 0.138754 0.467875 4289045849
-0.0079366704 -0.0944103 0.68053502 4278190334
0.0116701 -0.183016 0.65147001 4288519521
0.56721097 0.140183 0.55462098 4293190682
0.298776 0.050239 0.68760502 4278190335
0.42025 0.097892702 0.65565097 4278190335
0.376926 -0.103422 0.66725397 4278190335
0.341322 0.022268601 0.685884 4278190335
-0.315534 0.114739 0.67432702 4294440711
0.23715401 -0.054637901 0.68695098 4278190335
0.28146899 0.26686701 0.60235399 4288519521
-0.073417097 0.182863 0.65206897 4290164296
0.240427 0.274367 0.59719902 4284769434
0.459014 -0.351989 0.45320901 4290361669
0.133617 -0.414839 0.415409 4286940537
0.17578 0.211326 0.63832098 4285164180
0.038686398 -0.052315999 0.68754297 4278190335
-0.064569198 0.072446801 0.68472099 4284374688
-0.16193201 -0.230764 0.62728 4294835457
-0.232197 -0.14860401 0.66543603 4294835457
0.45479101 -0.144215 0.62772202 4287401074
0.39648199 0.010771 0.67431599 4278190335
0.617634 0.0094549004 0.535815 4294440711
0.47027999 -0.0020022199 0.64758599 4278190335
0.38772699 -0.0057780198 0.67681497 4278190335
-0.054209001 0.0177467 0.69009203 4278190335
-0.059529699 -0.041162498 0.68876302 4278190335
0.33893001 0.180116 0.64779198 4278190335
-0.36862499 0.0899354 0.67223299 4291743280
0.246132 0.159381 0.66105598 4278190335
0.176642 0.128994 0.67184597 4278190335
0.0103689 -0.14263999 0.66686499 4280690392
0.31218201 -0.31747901 0.55717403 4292861727
0.30021501 0.113564 0.675035 4278190335
-0.035750899 -0.28654599 0.58778203 4294111756
0.36011001 0.181374 0.64403898 4278190335
-0.250631 -0.211254 0.637398 4294703875
0.14286 -0.064077303 0.68598199 4278190335
0.0352665 -0.078830302 0.683213 4278190335
0.30724999 0.111607 0.67518902 4278190335
0.097754702 0.37739801 0.48635599 4292664354
0.34981501 -0.270053 0.59269601 4288519521
0.017709499 -0.21839701 0.63343602 4287006328
0.53496301 0.052549899 0.60567999 4284637852
0.13957 0.15767001 0.66238803 4278190335
-0.189592 0.039806299 0.68878698 4291019579
0.018652299 0.0055192299 0.69018 4278190335
0.63404202 -0.25721699 0.336952 4278190335
0.38601601 0.068195499 0.67188102 4278190335
0.47402701 -0.13896599 0.621301 4279571945
0.105373 0.24738 0.61638403 4283519405
-0.138083 -0.171564 0.65643501 4294243338
0.24119 0.064974301 0.68536401 4278190335
0.088164099 0.352763 0.51991802 4293059100
0.0491012 -0.111192 0.67672998 4278190335
0.195693 -0.26682901 0.60304701 4288716894
0.54381102 0.230104 0.52116901 4293519637
0.47353899 -0.12523399 0.62589401 4278190334
-0.16520099 0.078929603 0.6839 4293782801
-0.0435884 -0.018188501 0.68979901 4278190335
0.42949501 0.134325 0.64182401 4278190335
-0.204108 -0.107575 0.67714399 4294835457
0.44707301 -0.31360599 0.51550603 4294769666
0.0622508 0.27733201 0.594657 4291809071
0.0257295 0.180406 0.65225399 4288387939
-0.115199 -0.17445099 0.65540898 4290032714
0.38830101 -0.0582764 0.672382 4278190335
-0.39670601 -0.230498 0.60873401 4279177199
0.067033097 -0.078337699 0.68399 4278190335
-0.393823 0.026736399 0.67389899 4289966923
0.34339201 -0.13334399 0.66564399 4278190335
-0.284051 0.21019401 0.63846803 4293651219
0.28214401 -0.315916 0.56063497 4294901248
-0.0251712 0.056933399 0.68638402 4278190335
-0.17422 0.328769 0.54755199 4282927286
0.31359401 0.160033 0.65976298 4278190335
-0.264826 -0.119464 0.67470402 4294901248
0.40017799 0.15451901 0.64462698 4278190335
0.15881599 -0.226072 0.62999201 4283782569
-0.159279 0.204895 0.64069402 4294835457
0.30288699 0.0889045 0.68087399 4278190335
0.41721901 0.019915 0.66773403 4278190335
0.167216 0.18886 0.649032 4278387707
0.52192301 0.105738 0.602835 4291414325
0.0097254096 -0.161438 0.66086602 4287730029
0.54176098 0.178883 0.55855 4294901248
0.32848099 0.130311 0.66790903 4278190335
-0.117717 -0.021503899 0.69041002 4284177315
-0.038614299 0.244865 0.61849397 4291809071
0.56437999 -0.18449301 0.533521 4294440711
0.38514501 0.30000901 0.55777699 4294769666
0.0232154 -0.0461994 0.68835902 4278190335
0.089749701 -0.18632901 0.64994597 4278190335
0.239591 0.183705 0.65127701 4278190335
0.22055 -0.221683 0.63203901 4278190335
0.080452502 0.249346 0.61510497 4291085370
0.022386 0.13415501 0.67047602 4278190335
0.51396298 -0.332517 0.429699 4278387707
0.48549899 -0.18476 0.59398198 4289045849
-0.093688801 -0.113338 0.67587799 4284374688
0.40039 -0.187573 0.63118702 4281545675
0.51098299 -0.066529498 0.61946797 4284901016
-0.069361299 0.209887 0.63901001 4294835457
0.41994399 -0.25331599 0.58362198 4292072235
-0.28879401 -0.178518 0.65288597 4291545907
0.158877 0.194236 0.6462 4278190335
0.32264301 -0.31454599 0.55930901 4294901248
0.1767 -0.213305 0.63676703 4278190335
0.27518001 -0.36487201 0.50405401 4293585428
-0.110848 -0.051837999 0.68794 4282729913
-0.39655799 -0.066227399 0.66895401 4278190335
0.555682 0.27695 0.46089 4292795936
0.039353099 -0.079244196 0.68297303 4278190335
0.61148202 0.073385902 0.53342199 4294572293
0.50430799 -0.022573899 0.629098 4284374688
0.324092 0.35885301 0.50793397 4291216952
0.26373699 0.19741599 0.64451998 4280427228
0.235103 -0.045444898 0.68869901 4278190335
0.37540999 -0.034373298 0.67818701 4278190335
0.052545398 -0.077076897 0.68335998 4278190335
-0.028010501 0.086682901 0.68167001 4278321916
0.048610799 0.209194 0.63908798 4291019579
0.31310499 0.17967699 0.65166599 4278190335
0.21954501 -0.32569599 0.55050403 4293190682
0.086451396 0.036871199 0.688829 4278190335
0.35874301 0.023754699 0.68298399 4278190335
-0.138648 0.31904399 0.55732799 4293519637
0.137968 0.016399899 0.68979901 4278190335
-0.031212799 -0.25283799 0.61243302 4292532772
-0.48338401 -0.18158799 0.59734201 4278190335
0.315961 -0.27842 0.591883 4290690624
0.43655899 -0.192982 0.614703 4287466865
0.44951701 -0.239994 0.57991803 4291019579
0.056254901 -0.114931 0.67597401 4278190335
0.48297399 0.132689 0.618729 4282072003
0.46345699 0.30382001 0.51615101 4294901248
-0.128325 -0.329418 0.54683 4292598563
0.0301327 -0.020154599 0.69032001 4278190335
-0.054838501 -0.121987 0.67372698 4283124659
0.28385699 0.157057 0.66259801 4278190335
0.145312 0.067956097 0.685543 4278190335
0.059274901 -0.330129 0.545578 4294835457
0.279742 -0.0242371 0.68985701 4278190335
0.47791499 0.12564801 0.62337798 4278519289
0.491981 -0.046431899 0.63340002 4278190335
0.464338 -0.094683297 0.63901299 4278190335
0.292027 0.417236 0.408894 4287006328
-0.121027 -0.197148 0.64546502 4294901248
0.46911699 -0.184631 0.602934 4287137910
0.44951299 0.163857 0.62305301 4287335283
0.353627 -0.21111 0.63022 4279900900
0.150263 -0.071497902 0.68478203 4278190335
0.0467587 -0.138752 0.66855901 4278190335
0.497448 -0.16192 0.59802902 4286282627
-0.094104499 -0.22441401 0.631051 4292861727
0.33532801 -0.048948199 0.68379998 4278190335
0.30437499 0.182679 0.65049398 4278190335
0.50421399 0.0089333802 0.62901002 4278190335
0.182724 0.22371399 0.63110298 4280493019
-0.281234 0.058778401 0.68624902 4294901248
0.17447899 0.196357 0.64494401 4278190335
0.32129601 -0.156749 0.65968603 4278190335
0.162386 -0.107438 0.67793298 4278190335
0.312199 0.25386599 0.61095798 4287401074
0.37809601 -0.156973 0.65009803 4278190335
0.126204 0.025274601 0.69005901 4278190335
0.360212 0.158821 0.65349799 4278190335
0.28685099 -0.041331202 0.688932 4278190335
0.196355 -0.38327399 0.475508 4293585428
0.28547299 -0.0288956 0.68990499 4278190335
-0.234139 -0.309937 0.56629598 4281150929
-0.45718899 -0.044416301 0.65043497 4278190335
0.49041501 0.099223502 0.62419498 4280032482
0.23454 -0.184578 0.65080702 4278190335
-0.021416901 0.099088401 0.67965901 4278190335
-0.31483999 0.103886 0.67717099 4292006444
0.285072 -0.150378 0.664464 4278190335
-0.48238999 -0.085372902 0.63147801 4278190335
0.416253 0.32958701 0.51376498 4291940653
-0.340186 0.122034 0.66952598 4286743164
0.61510599 -0.0459981 0.53421599 4294901248
0.27943799 0.035579801 0.68880999 4278190335
0.25197601 -0.171909 0.65654099 4278190335
0.14362501 -0.22081199 0.63308299 4279374572
0.216107 0.238343 0.62246603 4278321916
0.230094 -0.094697602 0.68053102 4278190335
0.0191497 -0.163662 0.65919697 4288914267
0.45648399 -0.0351821 0.65215898 4278190335
-0.0996994 -0.16013899 0.66081703 4290295878
0.36158299 -0.088997602 0.67327201 4278190335
0.31345001 -0.131715 0.66979498 4278190335
0.438308 0.0716144 0.65507102 4278190335
0.423778 0.064974204 0.660703 4278190335
0.44617799 -0.0844521 0.64941603 4278190335
0.373595 -0.048965599 0.67742699 4278190335
0.121774 0.063711397 0.68566799 4278190335
-0.0076312101 -0.163454 0.65937501 4281545675
0.178997 -0.17900801 0.653835 4278190335
-0.150831 0.114703 0.67613202 4293914383
0.191669 0.109792 0.67717898 4278190335
0.63640398 -0.100886 0.49279299 4294572293
0.393453 0.15169901 0.64817202 4278190335
-0.0212455 -0.167836 0.65814698 4285427344
-0.224206 0.041795 0.688483 4292598563
0.365794 0.2122 0.62726098 4278190335
0.20074201 -0.16744 0.65859002 4278190335
0.29885101 -0.35279301 0.51917398 4294506502
0.16471399 -0.24478801 0.618325 4287335283
0.43836099 -0.0369603 0.658934 4278190335
0.44621801 -0.069893599 0.65235698 4278190335
0.30176601 0.15687899 0.66125703 4278190335
0.0628139 0.044349901 0.68874198 4278190335
0.55479002 -0.14361399 0.564201 4291216952
0.161406 -0.12922101 0.67186099 4278190335
0.26230499 0.24707501 0.61602098 4283782569
0.40569699 -0.0170404 0.671507 4278190335
-0.26725599 -0.166813 0.65870398 4293059100
0.081435703 -0.26775801 0.60171002 4289637968
0.54930001 0.0885043 0.58859998 4287532656
-0.15418901 -0.329786 0.54611099 4291677489
0.48571199 -0.31170401 0.48978901 4294177547
0.38118401 -0.105098 0.66562098 4278190335
-0.125741 0.332441 0.54395097 4291348534
0.24601801 0.34845099 0.52558601 4294769666
0.118882 -0.141876 0.66761303 4278190335
0.33322799 -0.234589 0.619923 4283387823
0.195223 0.120799 0.67430699 4278190335
0.41130501 -0.12537099 0.65105897 4278190335
0.28615099 -0.32494301 0.551121 4293388055
-0.166281 0.0295662 0.68950599 4293651219
-0.16310599 0.31183499 0.56512398 4289901132
0.35946199 -0.041953001 0.68099803 4278190335
0.284493 -0.27709201 0.595348 4291348534
0.24282099 -0.150489 0.664195 4278190335
-0.24097601 -0.27493599 0.59713697 4292401190
0.397057 -0.396202 0.41736999 4282664122
0.177085 0.26350701 0.60500997 4291480116
0.360203 0.331182 0.53340602 4294901248
-0.0479156 0.203908 0.64203697 4291282743
0.49009401 0.19682001 0.58529902 4289901132
0.38186601 0.16288599 0.64675599 4278190335
0.176321 -0.0142673 0.68984503 4278190335
-0.16161899 -0.046152901 0.68846601 4290624833
-0.28370199 -0.29131901 0.58315003 4280229855
-0.192817 0.048406199 0.68741101 4291611698
0.324727 -0.190202 0.645347 4278190335
0.093344197 0.36602801 0.50148398 4287466865
0.288288 -0.348869 0.52447098 4293585428
0.38156599 -0.25403699 0.59690601 4285887881
0.066506498 0.27726901 0.59486002 4291019579
0.025004501 0.16312601 0.66013098 4278190335
0.016772499 -0.25329101 0.61260003 4290756415
0.59836501 -0.084314398 0.54451501 4294835457
-0.208445 -0.00416055 0.69076401 4293519637
0.13767201 -0.186756 0.64946502 4278190335
-0.184662 0.055167399 0.68692201 4291216952
0.016604699 -0.103117 0.67853802 4278190335
0.37684301 -0.24845301 0.60261601 4286677373
0.175658 -0.17746 0.65412802 4278190335
0.064299501 -0.066684201 0.68523401 4278190335
0.40284899 0.241541 0.59902102 4292730145
0.46679699 0.099368103 0.636015 4278190335
-0.0403772 0.080667198 0.68364203 4278190335
0.21022201 0.239503 0.62180501 4282664122
-0.089699797 0.22568101 0.62927002 4294901248
0.0144069 -0.38956901 0.46640301 4278190335
0.174197 0.0591694 0.68661499 4278190335
-0.151393 -0.330587 0.54647899 4291677489
-0.059737802 -0.187179 0.650042 4291282743
-0.048790399 -0.17873099 0.65329498 4287006328
-0.360652 -0.0055086301 0.68316299 4287466865
0.174527 -0.111129 0.67657 4278190335
-0.320288 0.273835 0.59539902 4278190335
-0.33526501 0.0071745501 0.68713599 4293190682
0.33800799 -0.099726997 0.67483801 4278190335
-0.18632101 0.150584 0.66432101 4293717010
0.018859601 0.18627 0.65043199 4281479884
0.420306 0.1504 0.63952202 4281150929
-0.29329801 -0.333956 0.54190999 4278190335
0.63289303 -0.060121499 0.51075703 4292795936
-0.130859 0.114143 0.67551899 4289966923
-0.0098337103 -0.056052599 0.68746102 4278190335
0.29553801 0.056285899 0.68636501 4278190335
-0.26159501 0.15678599 0.66277999 4291480116
0.56184798 -0.146745 0.55648702 4292269608
0.0061772498 -0.24281301 0.61883801 4288848476
0.38130599 0.381598 0.454445 4286808955
0.180512 0.217107 0.63477403 4286940537
-0.36103699 -0.138583 0.65991199 4286151045
-0.0338208 -0.126504 0.67245698 4278190335
0.108768 0.25318801 0.61261302 4284177315
0.0425108 0.238903 0.62236297 4287072119
0.016832801 -0.055096999 0.68729299 4280164064
0.28800401 0.31026 0.56663603 4292138026
0.200536 0.185195 0.65065002 4278190335
0.48664099 0.075772896 0.63190198 4278190335
-0.018939599 0.0145467 0.69067597 4278190335
0.50842899 0.034699999 0.62475002 4278190335
0.339688 -0.32139 0.54972798 4293388055
0.61558002 -0.241693 0.41445699 4283453614
0.080368899 0.041330401 0.688115 4278190335
0.26173201 0.17708001 0.653925 4278190335
0.145109 0.117221 0.67486602 4278190335
-0.154772 -0.27553999 0.59571397 4294835457
-0.34856501 -0.236954 0.61628401 4278190334
-0.141763 -0.30798501 0.56890899 4292466981
0.21653301 0.26574099 0.60319 4292664354
0.45285901 -0.28486699 0.54131198 4294111756
0.47712201 -0.090613097 0.63346601 4278190335
0.077861503 -0.216336 0.63458002 4287137910
0.515145 0.090961099 0.61114699 4289769550
0.51599199 0.176102 0.57865602 4293980174
0.51915097 0.074107498 0.61321998 4291348534
0.39342299 -0.38575301 0.44104299 4290164296
0.29639399 0.112907 0.67567998 4278190335
0.141321 0.199369 0.64401102 4278190335
0.33059701 0.18307599 0.64791602 4278190335
0.328996 0.165335 0.65555102 4278190335
-0.056805201 -0.360627 0.51006299 4291480116
0.38488799 -0.17597 0.64076799 4282203585
0.31355 0.24885599 0.61378402 4287203701
0.0324229 -0.19807699 0.64500898 4287532656
0.077168196 -0.078703903 0.683532 4278190335
0.33318999 -0.058237098 0.68296599 4278190335
0.639018 -0.030101599 0.50644797 4294769666
-0.00741451 -0.080412798 0.68297601 4278190335
-0.0514092 0.034959301 0.68935299 4278190335
0.29872301 -0.178849 0.65251797 4278190335
0.154962 -0.087282397 0.68155801 4278190335
0.32486901 0.084142797 0.67967302 4278190335
0.246547 0.092079803 0.680709 4278190335
0.107793 0.155443 0.66237903 4278190335
0.58849698 -0.0199038 0.565808 4292006444
0.187195 0.19578999 0.64555401 4278190335
0.326747 0.00589904 0.68822497 4278190335
0.313344 0.201823 0.641101 4278190335
0.194267 0.185938 0.65045297 4278190335
0.205835 -0.231172 0.62673301 4281545675
0.0470239 -0.115061 0.67599601 4278190335
0.48830801 -0.034098599 0.63709199 4278190335
0.0185137 -0.192992 0.64713401 4286282627
0.308777 -0.060019299 0.68556702 4278190335
0.32131901 -0.28961399 0.58157802 4294374920
-0.37578899 -0.143986 0.65519297 4283585196
0.51445502 0.095522299 0.61142701 4289440595
0.33147001 -0.22731 0.62543398 4285098389
0.62260002 0.242929 0.39565599 4285164180
-0.256484 -0.197915 0.64429301 4294572293
0.089733802 -0.17207301 0.65603799 4280756183
0.57196701 0.19285101 0.52118897 4294901248
-0.29750699 0.039195102 0.68824601 4294901248
0.52865201 0.156085 0.57913399 4288980058
0.144538 0.038760699 0.68876398 4278190335
0.20599701 -0.281562 0.59193498 4289506386
0.18331601 -0.203894 0.64149398 4278190335
0.27931601 -0.2062 0.64078599 4278190335
0.087964199 -0.038822699 0.68863499 4278190335
0.26336399 -0.00080614601 0.69029999 4278190335
0.219207 -0.19227199 0.647623 4278190335
0.471625 0.071086697 0.64072198 4278190335
0.60492402 -0.088535503 0.53587902 4294440711
-0.112446 0.0460191 0.68853003 4288256357
0.65193897 0.145165 0.44348201 4282400958
-0.18331601 -0.042890601 0.688142 4294506502
0.32750401 0.19454999 0.64357901 4278190335
-0.18338101 -0.211133 0.63841498 4294901248
-0.26702401 0.162488 0.66043103 4294769666
-0.058931001 -0.21746001 0.63458902 4290822206
0.125972 0.285339 0.58910602 4293585428
0.247898 -0.38989899 0.46418801 4293059100
0.420414 -0.164387 0.63478202 4278190335
-0.093871199 -0.0200116 0.68977201 4284045733
-0.115249 0.273561 0.59779203 4292006444
-0.397282 0.090854198 0.66474003 4287730029
0.406748 -0.076208502 0.66490299 4278190335
-0.198807 0.21776 0.634112 4294901248
0.0329157 -0.230499 0.62649798 4287598447
0.32864201 0.282671 0.58652103 4294243338
-0.064125203 -0.0352275 0.688797 4278190335
0.0899119 -0.00847812 0.69088298 4278190335
0.48356801 0.110344 0.62449801 4279966691
0.47074899 0.070811301 0.64093399 4278190335
-0.168448 -0.121586 0.67371398 4291743280
0.579458 0.037308101 0.57237798 4294506502
0.352617 0.0261335 0.68315798 4278190335
0.194848 0.32082 0.55633801 4294769666
0.190395 0.29287899 0.58276898 4292927518
-0.280619 0.093930699 0.68010998 4292861727
-0.15440799 0.27607101 0.59524399 4289309013
0.131928 0.433043 0.36255801 4278190335
0.12123 0.31014499 0.566221 4293190682
0.376454 -0.0327943 0.67853498 4278190335
0.317119 0.0995159 0.67748201 4278190335
0.45386401 0.29385599 0.53245002 4294572293
-0.069522999 -0.046835501 0.68819797 4283650987
0.29154301 0.29833901 0.57674003 4289111640
0.42546299 0.074440502 0.65897799 4278190335
-0.13934401 -0.136159 0.66983902 4291874862
-0.358266 -0.122048 0.66648901 4285822090
0.026965801 0.227051 0.629085 4286677373
-0.29120401 0.38834599 0.46783501 4278190335
0.51731598 0.0551854 0.61716902 4285164180
0.29203799 -0.0165215 0.68957901 4278190335
0.492493 0.148379 0.60643899 4286940537
0.43435001 -0.163948 0.62900102 4286940537
-0.0553075 0.0420941 0.68873298 4282729913
0.438853 -0.28334501 0.55039698 4294901248
0.128849 -0.30157 0.57383299 4292006444
0.125158 0.26672301 0.60264897 4289309013
0.057737101 0.160742 0.66086698 4278190335
0.299348 0.26453 0.60330701 4283124659
0.192982 -0.182781 0.652152 4278190335
-0.253043 -0.112292 0.67613 4294440711
-0.26230001 0.36783701 0.49974501 4278190335
-0.0520024 -0.209462 0.63899797 4290822206
0.578134 0.0413654 0.57231402 4289703759
0.50081402 0.108978 0.61542398 4278650871
0.102351 -0.268085 0.60212398 4287401074
0.271162 0.421325 0.397789 4285756299
0.58744699 -0.061860301 0.56141901 4291545907
-0.392692 -0.060209099 0.67119902 4286611582
0.075410597 0.16726001 0.65878099 4278190335
0.318086 0.36293101 0.50284398 4294769666
0.124763 0.084346302 0.68250102 4278190335
0.503016 -0.041523602 0.62720299 4278190335
0.083556101 0.14004999 0.66853201 4278190335
0.220065 -0.239189 0.62185699 4287795820
0.26760399 0.27189299 0.59873199 4291743280
0.31449601 0.125479 0.67093003 4278190335
0.33304 -0.210347 0.63399398 4278190335
-0.0136654 0.17447899 0.655653 4285098389
0.21163601 0.0603614 0.686225 4278190335
0.00998851 0.32262301 0.55450398 4294901248
0.178464 0.176452 0.65456802 4278716662
0.042058799 0.14105099 0.66791898 4278190335
0.613132 0.116271 0.51660901 4294901248
-0.255173 -0.012579 0.690786 4294901248
0.00400243 0.18116599 0.65229499 4288914267
0.35387599 -0.106076 0.67089403 4278190335
0.31276599 -0.216451 0.63368303 4278190335
0.28509301 -0.044658199 0.68869901 4278190335
0.0667741 -0.045878202 0.68846798 4278190335
0.51290101 0.158926 0.58923602 4289506386
0.223738 -0.0110185 0.69030797 4278190335
-0.34042701 0.035736099 0.68478501 4293717010
-0.122522 0.189674 0.64888501 4294901248
0.0960159 -0.21827599 0.63366503 4288190566
0.38401699 -0.0990045 0.66605598 4278190335
0.49075201 0.00827487 0.63616401 4278190335
0.0101847 -0.149542 0.66506302 4278190335
0.0124492 0.20720699 0.63943797 4282927286
0.43117899 0.075115599 0.65714401 4278190335
0.43695199 -0.041549399 0.65905601 4278190335
0.23694199 -0.188108 0.64955199 4278190335
0.43296799 -0.133497 0.64141601 4278190335
0.195327 -0.33518401 0.54089302 4294309129
-0.351138 -0.29636201 0.57072401 4278190335
0.326738 -0.0234222 0.68686199 4278190335
0.0150381 0.38262099 0.47810099 4283453614
-0.152078 0.0410413 0.68903798 4288256357
0.362196 0.105157 0.67004901 4278190335
-0.099964201 -0.172065 0.65604299 4292730145
0.44795701 0.0276209 0.656178 4278190335
-0.49036399 0.15237799 0.60704303 4278190335
0.13345399 -0.18782499 0.649297 4278190335
0.59571302 -0.158079 0.51716202 4292335399
0.38930199 -0.125148 0.65833002 4278190335
-0.124884 -0.048859399 0.68800998 4289637968
-0.093850903 0.075934097 0.68406302 4284243106
0.37648201 -0.0791879 0.67226201 4278190335
-0.080374099 -0.076953299 0.68413198 4279966691
0.52904099 0.215682 0.54437202 4293651219
0.33329999 -0.187262 0.64619201 4278190335
0.0470194 0.29934499 0.57608098 4294111756
0.393289 -0.31900999 0.53591198 4294638084
0.59949201 -0.081932001 0.54472798 4294506502
-0.261931 -0.082364999 0.68243498 4294769666
0.34062999 0.0119827 0.68563497 4278190335
0.28624099 -0.162624 0.65989399 4278190335
-0.14148299 0.062799603 0.686414 4292072235
0.42208499 0.381796 0.43025401 4283782569
-0.033964399 0.173566 0.65584701 4285098389
0.51734698 -0.0608298 0.61596298 4284572061
0.31397599 -0.11367 0.67464 4278190335
0.45602599 -0.148414 0.62619901 4278190335
0.231319 0.158104 0.66217202 4278190335
-0.29788801 -0.34855101 0.52468801 4278190335
0.23727199 -0.075677 0.68416101 4278190335
-0.30532801 -0.0241793 0.688721 4294901248
0.196289 -0.31496 0.56147802 4292730145
0.325001 0.199873 0.64085001 4278190335
0.27369201 -0.159614 0.66131902 4278190335
-0.0040327301 -0.079687104 0.68379003 4278190335
-0.27338001 -0.30046499 0.57529902 4281019347
0.42923099 0.118623 0.64772803 4279835109
-0.051461399 -0.0777198 0.68415701 4279111408
0.28314799 0.29332599 0.581936 4291809071
0.56835002 -0.068529099 0.57657897 4289966923
0.395677 0.033038002 0.67351699 4278190335
0.61694098 -0.25534099 0.390674 4280690392
0.0258293 0.188802 0.648754 4281150929
0.29343501 0.0464788 0.68806499 4278190335
0.245851 0.16361099 0.66012299 4278190335
0.280633 -0.17606001 0.65484297 4278190335
-0.17290001 -0.23206 0.62616801 4294769666
0.51161098 0.024628101 0.62420601 4280558810
0.132965 0.258472 0.60833102 4284901016
0.050871599 0.290649 0.58442599 4293322264
0.208345 0.0412127 0.68826598 4278190335
0.46851999 -0.00122954 0.64844298 4278190335
0.30953401 0.204559 0.63981599 4278190335
0.58205801 0.21553101 0.49192601 4291085370
0.034154601 0.054175101 0.68714601 4278190335
0.42458001 0.072428003 0.65987498 4278190335
0.14516699 -0.083626397 0.68251902 4278190335
0.46381801 -0.382828 0.385869 4280229855
0.37311399 -0.234844 0.61204201 4284901016
0.0617732 -0.143379 0.667099 4278190335
0.205332 0.0257394 0.68930298 4278190335
0.204267 0.33687499 0.53955901 4294506502
0.0245219 0.068055101 0.68525499 4278190335
-0.144612 -0.22474 0.63046098 4294901248
0.457614 0.061977301 0.64829201 4278190335
-0.077325799 0.34881699 0.52454102 4290098505
0.532974 0.102039 0.59683299 4286019463
0.50711 0.080830097 0.618617 4282400958
0.579234 -0.118081 0.55268502 4293190682
-0.0156956 0.0020357701 0.690808 4278190335
0.46104801 -0.0889498 0.64197803 4278190335
0.401178 0.0601722 0.66847801 4278190335
0.402973 -0.0444583 0.67002201 4278190335
0.0013766401 0.0535683 0.68732202 4278190335
-0.24126901 0.076902702 0.68415201 4294835457
0.280323 0.158747 0.66144001 4278190335
0.29867101 -0.0702824 0.68397301 4278190335
0.104206 0.0743021 0.68406099 4278190335
-0.23837 0.37776899 0.48574299 4278190335
-0.043742299 0.155256 0.66280103 4282335167
0.425574 -0.291758 0.55002397 4294835457
0.355737 0.016819101 0.68361503 4278190335
0.077712297 0.223827 0.630858 4282137794
-0.42026901 0.076069303 0.660577 4278190334
0.37329099 0.168972 0.64625102 4278190335
0.0129374 0.030465299 0.68916702 4278190335
0.309955 -0.048275899 0.68644297 4278190335
0.0217488 -0.098349899 0.67956603 4278190335
0.26150301 0.109961 0.67674798 4278190335
0.28507599 0.073369101 0.684461 4278190335
0.0043280502 0.0049489602 0.69076997 4278190335
0.078744702 -0.063531198 0.68630201 4278190335
0.063132197 0.37973601 0.48186401 4283124659
0.283512 -0.196207 0.64524502 4279571945
0.266056 0.225061 0.629628 4284572061
0.097905703 -0.234457 0.62429398 4283256241
0.0098767104 0.0313907 0.68935198 4278190335
0.131597 0.34268099 0.53274602 4294835457
0.62306201 -0.0089171501 0.52938998 4294901248
0.0082008997 0.099851497 0.67905402 4278190335
-0.25312901 0.187198 0.64923602 4294901248
0.271088 -0.30369499 0.57229799 4290953788
0.61497098 -0.042867001 0.53521502 4294901248
-0.138794 0.099476598 0.67984098 4289177431
-0.00761896 0.048470899 0.68762797 4278190335
0.30860499 -0.126444 0.67157501 4278190335
0.108466 -0.158077 0.66140699 4278190335
-0.41036999 0.0108957 0.67066097 4285690508
0.50527698 -0.061887302 0.62370598 4282269376
0.31732401 0.103862 0.67676401 4278190335
0.109008 0.30937901 0.567321 4293322264
0.094258897 0.350867 0.52155399 4294177547
0.41366601 0.048232101 0.66654199 4278190335
0.068029702 -0.062578097 0.68659103 4278190335
-0.472922 0.16618501 0.60974801 4278190335
0.63292903 0.00070314098 0.51721197 4292335399
0.18154 0.125741 0.67218697 4278190335
0.650774 -0.0164202 0.490632 4293717010
0.058207501 -0.25462601 0.61135602 4292532772
-0.370206 -0.118455 0.66445398 4278190335
0.460738 0.0862059 0.641904 4278190335
0.223205 -0.39162701 0.46133301 4291809071
0.410871 -0.097834602 0.65921801 4278190335
0.057604399 0.25529999 0.61122 4288256357
0.57813901 0.0526441 0.57156497 4291282743
0.53523499 -0.116344 0.59044898 4290427460
0.107266 -0.125219 0.67269301 4278190335
0.224608 0.036092602 0.689053 4278190335
-0.122696 0.032614499 0.68932301 4286808955
0.28885201 0.22916301 0.627967 4282993077
-0.0213072 0.044026501 0.68786001 4279835109
0.084724799 0.097044297 0.680152 4278190335
0.097364403 -0.085118502 0.68187398 4278190335
0.110085 0.295688 0.57916999 4294901248
-0.045678899 -0.207854 0.63951898 4290756415
0.55096698 -0.084561601 0.58820599 4290032714
0.21254601 0.059227299 0.68661499 4278190335
0.39930299 0.130573 0.65378398 4278190335
-0.23532 -0.0257721 0.69008601 4292993309
0.58821398 -0.134982 0.53621697 4294440711
0.045814801 0.00428676 0.69057697 4278190335
0.37274301 0.0252268 0.67968303 4278190335
-0.028507899 0.30305901 0.57380903 4293585428
0.022329399 -0.042260598 0.68877602 4278190335
0.31276399 -0.25453001 0.610412 4288256357
0.23705301 -0.147754 0.66591001 4278190335
0.34904 0.0122906 0.68467402 4278190335
-0.26319301 -0.22701 0.628492 4293651219
-0.46662199 0.097479001 0.636639 4278190335
0.189992 -0.18002699 0.65306503 4278190335
0.372177 -0.154174 0.65244699 4278190335
-0.157244 0.052600499 0.68700403 4288322148
0.254347 -0.21001101 0.63831902 4282006212
0.075489797 0.254933 0.61106402 4289440595
0.13895699 0.152907 0.66400999 4278190335
0.54170603 -0.226895 0.52551901 4294506502
0.17579301 0.218463 0.633461 4283453614
-0.045673799 0.209215 0.63947302 4291611698
0.14699 -0.020769499 0.68968397 4278190335
-0.17445301 0.0978624 0.67946398 4291348534
0.21549401 -0.0154167 0.690364 4278190335
0.68073499 -0.0474809 0.43520999 4290230087
0.136895 -0.104334 0.67848098 4278190335
0.033120599 -0.0507631 0.687168 4278190335
-0.046059798 0.38534999 0.47198999 4287335283
-0.116181 0.042431399 0.68869799 4284769434
-0.12167 0.358053 0.51284403 4282927286
0.203025 0.160735 0.66098398 4278190335
-0.120035 0.119949 0.67413402 4289045849
-0.014475 0.22773699 0.62909502 4289243222
-0.108535 0.0081158904 0.69032902 4282993077
-0.30304 -0.033369198 0.68843102 4294374920
-0.049109701 0.094571203 0.68033701 4278190335
0.275859 0.157483 0.662247 4278190335
-0.0054854699 0.33100599 0.546004 4290427460
0.46301699 -0.054383598 0.64741999 4278782453
0.35563999 -0.12591299 0.66568398 4278190335
0.204822 -0.088227302 0.68139499 4278190335
0.401337 0.26558 0.58240598 4288848476
-0.46393999 0.157212 0.61896002 4278190335
0.430709 -0.12625 0.64440203 4278190335
-0.00874524 0.183172 0.65136498 4286874746
0.563923 -0.17781501 0.538378 4294440711
0.318791 0.074848101 0.68202603 4278190335
-0.26030201 0.0453148 0.68853801 4294374920
-0.099578999 0.16900501 0.657368 4291282743
0.444846 -0.151807 0.62948698 4278190335
-0.066338398 -0.322377 0.55449599 4294506502
-0.075611196 -0.133838 0.67009801 4288585312
0.178507 0.171533 0.65651399 4278190335
0.400913 0.14815401 0.64748198 4278190335
-0.195048 -0.0502101 0.68753201 4294572293
-0.29696101 -0.196988 0.64499199 4285164180
0.344836 0.188059 0.64414603 4278190335
0.21072701 -0.19906101 0.64385098 4278190335
0.28333601 -0.327099 0.549752 4294901248
0.123098 -0.096511804 0.680498 4278190335
0.077112697 -0.0297208 0.68960202 4278190335
0.194925 0.106608 0.67746401 4278190335
0.30314299 0.0038143799 0.68927801 4278190335
0.32641801 -0.208914 0.63613099 4278190335
0.30249301 -0.42112899 0.39717501 4285953672
0.042007599 -0.087796099 0.68208301 4278190335
0.044435501 0.087738603 0.68221498 4278190335
0.44546801 -0.20300899 0.60523802 4283190450
0.18326101 0.12096 0.67394102 4278190335
0.128415 -0.064681903 0.68615001 4278190335
0.25406799 -0.135965 0.66981202 4278190335
0.356011 0.0142998 0.68357801 4278190335
-0.187975 -0.0378417 0.68896198 4290032714
-0.0301161 -0.16603599 0.65906101 4282466749
0.433846 0.211055 0.605645 4287335283
0.028270399 0.113765 0.67567402 4278190335
0.25146601 0.053748801 0.68742198 4278190335
0.58109403 -0.086330101 0.56119198 4294769666
0.101833 -0.331449 0.54476398 4294703875
-0.101983 -0.385663 0.47210801 4285493135
-0.029789399 -0.178293 0.65359902 4289506386
0.175934 0.0503208 0.68758702 4278190335
0.38684899 -0.30669999 0.551534 4294769666
0.59874701 -0.0055588 0.55514902 4294901248
-0.234799 0.0064780698 0.69063902 4294638084
0.58361602 0.217806 0.48817801 4294374920
-0.220054 -0.048873 0.68742597 4293124891
0.363069 -0.30313301 0.56211799 4294769666
-0.31007099 -0.12640999 0.67071599 4293914383
0.22985999 -0.186839 0.650078 4278190335
0.49722001 -0.25146201 0.54249603 4293717010
-0.361393 0.0315082 0.681813 4286677373
0.092012003 0.0448712 0.688151 4278190335
0.43368599 -0.050945699 0.659549 4278190335
-0.00072809402 0.18789101 0.64923602 4289572177
-0.199432 0.067471802 0.68584001 4293453846
0.47484601 0.117264 0.62794602 4285558926
-0.376744 0.23690601 0.61000699 4278190335
-0.146339 0.26881099 0.601807 4294901248
0.075000003 0.130576 0.67087501 4278190335
0.45908499 -0.0351738 0.650792 4278190335
0.341088 -0.110069 0.67170602 4278190335
0.312776 -0.212457 0.63607597 4278190335
-0.0150315 0.19831599 0.64408201 4287598447
0.44475099 -0.052774001 0.65469903 4278190335
0.29407999 0.310206 0.566338 4292006444
0.248018 -0.180618 0.65241301 4278190335
0.047046401 -0.0152575 0.690597 4278190335
0.31723699 -0.106806 0.67588902 4278190335
0.42002901 0.13333701 0.64548302 4278190335
0.30433801 0.224767 0.62900001 4279769318
0.070502102 -0.17164101 0.65619999 4285887881
0.39588901 0.193148 0.62967002 4278782453
0.29654801 0.13191199 0.67021298 4278190335
0.228771 0.100766 0.67923898 4278190335
0.337152 -0.31693399 0.55423701 4293453846
0.25475499 0.110973 0.67683798 4278190335
0.53569502 0.041313 0.606309 4283387823
0.111206 0.229293 0.62787497 4284637852
0.30096599 0.115518 0.67528701 4278190335
0.307717 0.20630699 0.63922203 4278190335
-0.213469 0.073394403 0.68445897 4294374920
0.66629201 -0.0826509 0.45121101 4292466981
0.241383 0.0200711 0.690072 4278190335
0.284711 -0.18136799 0.65263802 4278190335
-0.352909 0.085870601 0.67597699 4290559042
0.43345699 -0.322777 0.51325202 4294901248
0.17522 0.258726 0.608684 4283782569
0.315687 0.081283301 0.681104 4278190335
0.227107 0.083179101 0.683011 4278190335
0.022159901 0.25165799 0.61369097 4293388055
0.39046901 0.144914 0.65095103 4278190335
0.070582896 0.078435302 0.68320698 4278190335
0.069719501 -0.304059 0.572559 4293585428
-0.0496854 -0.026731901 0.68976003 4282072003
-0.43605101 -0.0335159 0.66071397 4282861495
0.0546466 0.30884901 0.56732303 4293980174
0.174658 0.0571802 0.68726301 4278190335
0.39661601 0.195214 0.62766099 4282466749
-0.063237898 -0.374964 0.489362 4288782685
0.40458599 0.228541 0.60719699 4285690508
0.52644801 -0.084625497 0.60526198 4289637968
-0.19262201 -0.095490597 0.68050402 4292861727
-0.13653301 0.208202 0.639144 4293717010
0.169403 -0.412424 0.419696 4281545675
0.118744 0.387346 0.47038099 4292466981
0.0884609 0.103406 0.67864799 4278190335
-0.34623 -0.0134746 0.68507701 4293453846
0.50556999 -0.053004298 0.62513602 4278190335
0.0932834 0.177278 0.653956 4278190335
0.32771999 -0.112696 0.67289501 4278190335
0.128029 0.039481498 0.68839997 4278190335
-0.332102 0.00094936602 0.68740499 4292466981
0.55857402 -0.103303 0.57688999 4291414325
-0.35354701 -0.068329602 0.67849201 4292335399
0.127979 0.122211 0.67317498 4278190335
0.12713499 0.41846499 0.40667301 4278453498
0.441241 0.12407 0.64056402 4278190335
0.0933173 -0.096780002 0.67989099 4278190335
0.56010199 0.206065 0.52351099 4294901248
-0.27279601 0.00338149 0.69087499 4294374920
0.35177299 0.32239699 0.54603702 4293453846
0.103565 -0.229233 0.627823 4281545675
-0.0992679 0.090438299 0.68144798 4290690624
0.36063299 0.21258099 0.62823898 4278190335
0.411845 0.30765399 0.53984898 4294835457
0.44658399 0.044633601 0.65534002 4278190335
0.614793 -0.0929306 0.52358502 4294572293
0.150042 0.247155 0.61672002 4283848360
-0.0332499 -0.097071901 0.68020898 4278190335
0.46497199 -0.35907599 0.43607599 4290493251
0.245186 0.00614677 0.69034302 4278190335
0.22871099 0.165611 0.65901297 4278190335
0.103085 -0.27665201 0.59534001 4290427460
-0.036887798 0.0284575 0.689668 4278190335
0.179133 -0.260737 0.60763001 4284111524
-0.020318801 0.38197601 0.47908899 4287401074
-0.27684599 -0.31820199 0.55864 4285822090
0.26088899 -0.037783802 0.68933302 4278190335
0.029831899 -0.067560501 0.68575799 4278190335
0.22319999 0.053823199 0.68714899 4278190335
0.40982801 -0.28151801 0.56588203 4293388055
0.277466 0.187488 0.64907902 4278190335
0.060609799 -0.108408 0.67753398 4278190335
0.429454 -0.114767 0.647829 4278190335
0.198732 -0.087280601 0.68152303 4278190335
0.63411897 0.14819799 0.47217101 4292466981
0.597893 0.20739999 0.47896799 4288651103
0.255431 -0.33122101 0.545205 4293651219
-0.0129787 -0.31177399 0.56500798 4294901248
-0.27984101 0.21074601 0.63815498 4289637968
0.56715697 -0.063491002 0.57918698 4292466981
-0.202384 0.18906599 0.64872801 4294769666
0.348331 0.0128501 0.685139 4278190335
-0.00129496 0.031824701 0.68966699 4278190335
-0.030143101 -0.104328 0.67854202 4279703527
0.010174 0.063102201 0.686369 4278190335
-0.0817931 0.225429 0.63013101 4294703875
0.311948 -0.19031499 0.64720398 4278190335
0.160776 0.145106 0.66697401 4278190335
0.385598 -0.174794 0.641321 4278650871
0.021774899 -0.0716516 0.68484002 4278190335
-0.32529601 0.0357222 0.68657202 4293322264
0.44284499 0.0819216 0.65098399 4278190335
0.087164901 0.092171997 0.68143499 4278190335
0.50866002 -0.00628016 0.62656498 4278190335
0.33338901 0.23684099 0.61903697 4280032482
0.092214897 -0.0956854 0.68067503 4278190335
0.26912501 0.133825 0.66969597 4278190335
0.044190999 -0.22362299 0.630633 4288256357
0.15704 0.0073935101 0.69082302 4278190335
0.32660601 0.161127 0.65824902 4278190335
0.203668 -0.24946 0.614568 4284835225
-0.316264 -0.21257301 0.63514298 4291216952
-0.045938101 0.097272404 0.67954999 4280164064
0.37258399 -0.111984 0.66595697 4278190335
0.46689099 0.098586403 0.63719398 4278190335
0.21298701 -0.157676 0.66189498 4278190335
-0.104321 -0.11582 0.675731 4285624717
-0.166283 -0.066864498 0.68559301 4291874862
-0.28015301 -0.148579 0.6649 4290295878
0.086838201 0.155479 0.663131 4278190335
-0.050804399 -0.0333644 0.68899298 4278190335
-0.27048701 0.165057 0.659154 4290624833
0.46284699 0.166511 0.61511803 4285822090
0.268033 -0.142759 0.666857 4278190335
0.0029867799 0.15388501 0.663342 4281743048
0.044970799 -0.42148 0.39817101 4279571945
0.36568001 -0.15696 0.65288401 4278190335
0.158438 -0.0589354 0.68691301 4278190335
0.249448 -0.31422099 0.56326503 4292664354
0.49325001 0.076270603 0.62764901 4283848360
0.031731799 0.041268099 0.68888599 4278190335
0.0767048 -0.189417 0.64831901 4281940421
-0.25769201 0.12527101 0.673132 4294901248
0.372446 -0.091951303 0.67101502 4278190335
-0.0270705 -0.27045301 0.60063303 4293190682
-0.15865 0.27832201 0.59460199 4294769666
0.43105501 0.14258701 0.63835299 4278321916
-0.0143779 0.38364401 0.47543401 4278979826
0.169965 0.39758399 0.45047799 4290953788
-0.282666 -0.106522 0.67812198 4293980174
0.053514998 0.0976974 0.67993599 4278190335
0.13073701 -0.304057 0.57160598 4294243338
0.35675901 0.181086 0.64447701 4278190335
-0.050490901 -0.165535 0.65852702 4283914151
0.60129398 0.079321504 0.54256803 4294374920
0.471311 0.18714499 0.60126197 4291940653
0.18838499 -0.074940003 0.68405902 4278190335
0.47804999 0.0102237 0.64379698 4278190335
0.34220201 0.071338698 0.68018597 4278190335
-0.181729 0.20571101 0.64103901 4294769666
0.33935601 0.150876 0.65964198 4278190335
0.370325 -0.0615898 0.67620701 4278190335
-0.189345 -0.064695403 0.685844 4292466981
0.266673 0.101538 0.678563 4278190335
-0.043689501 -0.062893704 0.68592399 4278190335
0.43952399 -0.0117914 0.66061598 4278190335
0.15636399 -0.21926101 0.63296998 4278519289
-0.151904 0.179672 0.652942 4292795936
-0.057728902 0.196924 0.64512199 4290953788
0.200551 0.27804101 0.59462798 4292203817
0.47049499 0.221314 0.58217698 4289966923
0.56126499 0.0120182 0.589109 4288124775
0.16673701 0.34598899 0.52751601 4294901248
-0.0137796 0.25760299 0.60903299 4291348534
0.52618301 0.126954 0.59321702 4287664238
0.363987 -0.146139 0.65716499 4278190335
0.30928001 -0.0940817 0.67932898 4278190335
0.53120798 0.0083942097 0.61269403 4287795820
0.087116398 -0.10011 0.67957503 4278190335
0.101695 -0.0416275 0.68806797 4278190335
0.16220801 0.0572109 0.68727303 4278190335
0.309755 0.31326601 0.56131703 4292795936
-0.421601 -0.0618857 0.66222101 4280690392
0.36497101 -0.190504 0.638668 4278256125
0.44785801 -0.067226902 0.65148002 4279900900
0.41984901 0.22779199 0.60196799 4286348418
-0.12714601 -0.117632 0.67491001 4288716894
-0.163396 0.22093201 0.63260102 4294638084
0.29776099 -0.41662499 0.40811199 4278190335
-0.42315701 0.108161 0.65231103 4283585196
0.57919699 -0.063178897 0.56839401 4292335399
0.41184399 -0.074442104 0.66300702 4278190335
0.116937 -0.0484224 0.68820697 4278190335
0.30311799 -0.069096997 0.68460602 4278190335
0.309488 0.0694355 0.683604 4278190335
0.46959201 0.22128899 0.581631 4289440595
-0.034259599 0.296776 0.57935899 4294901248
-0.28316799 0.33161399 0.545228 4278190335
0.30220601 0.170021 0.65624398 4278190335
0.25689501 -0.314147 0.56274599 4293453846
0.0618609 -0.148122 0.66504902 4278190335
-0.015895801 0.014777 0.69073403 4278190335
0.45282301 -0.021156499 0.654733 4278190335
0.41422799 -0.24969 0.588916 4289769550
-0.38763401 -0.182034 0.63714999 4279111408
-0.070078701 0.30942801 0.567011 4294111756
0.093444802 0.125383 0.673002 4278190335
-0.063939199 0.100127 0.67938602 4284506270
0.362638 -0.108962 0.66860503 4278190335
-0.30480099 0.175852 0.65393299 4293322264
-0.107908 -0.25104699 0.61381102 4294572293
0.400538 0.297405 0.55477601 4294045965
0.041353401 -0.066611603 0.68590498 4278190335
0.32170799 -0.33849201 0.53374797 4294440711
-0.090488799 -0.068091899 0.685197 4286480000
0.43022701 -0.086578697 0.65531999 4278190335
0.0403721 -0.323084 0.55336201 4294572293
0.16107699 0.113392 0.675758 4278190335
0.034013201 -0.23644499 0.623595 4290230087
0.51452303 -0.26161301 0.52012497 4294769666
-0.262494 0.246521 0.61733598 4291480116
0.33140901 0.24450301 0.61448199 4282466749
-0.0088448599 0.081319399 0.68357801 4278190335
0.383551 0.120556 0.661107 4278190335
-0.24085601 0.20605899 0.64093798 4294440711
-0.131476 0.24051 0.62141198 4294769666
0.17646 -0.091523297 0.68109298 4278190335
-0.26107001 -0.153341 0.66335201 4294638084
0.51119101 0.0121246 0.62542498 4282795704
0.0112858 -0.124513 0.67309099 4278190335
0.13424499 -0.26569399 0.60413003 4289966923
0.105733 0.107452 0.67775899 4278190335
0.101627 -0.25621 0.61100602 4288058984
0.50398898 0.115633 0.61230499 4291414325
0.18703701 -0.18132401 0.65272099 4278190335
0.376616 -0.247686 0.60240799 4288124775
0.0847238 0.056035802 0.68661398 4278190335
0.33320701 -0.137173 0.665712 4278190335
-0.17296501 -0.0653897 0.68535298 4290427460
0.0050542401 0.088086203 0.68226099 4278190335
0.45749 -0.070217103 0.64659601 4278190335
-0.17493001 -0.129912 0.67142099 4292598563
0.42116201 -0.067020401 0.66206199 4278190335
0.349024 0.15710799 0.65572298 4278190335
0.033818301 -0.0289765 0.68955898 4278190335
0.17143001 0.019375101 0.69032598 4278190335
0.27169001 0.00826059 0.69084901 4278190335
0.476455 0.063401103 0.63911498 4278190335
0.016745901 -0.0142418 0.69050699 4278190335
-0.084922098 0.038314998 0.68870801 4281808839
0.11248 -0.37617901 0.486725 4292730145
0.487212 0.33022499 0.46272999 4291545907
0.18900201 0.266047 0.603154 4286085254
0.119166 0.120228 0.67369002 4278190335
-0.259159 0.354054 0.51826298 4278190335
0.28172699 0.313824 0.56352001 4291940653
0.26150599 0.0213334 0.68958598 4278190335
0.23387299 -0.176908 0.65448397 4278190335
0.524023 -0.308395 0.45749399 4289637968
0.228012 0.069280297 0.68485898 4278190335
-0.382853 0.069425702 0.672014 4289309013
-0.33946401 -0.1953 0.64129603 4290559042
0.28178501 0.031820599 0.68894601 4278190335
0.0190927 0.12506799 0.67318898 4278190335
0.55408001 0.032384299 0.59427601 4290756415
0.238454 -0.158053 0.66217399 4278190335
-0.19367801 -0.10776 0.67725998 4293717010
0.289799 0.012833 0.69014299 4278190335
-0.38710099 -0.026215799 0.676323 4287203701
0.31321299 0.10491 0.67629403 4278190335
0.34331301 0.242772 0.61340398 4290493251
0.359182 -0.18261901 0.64411902 4279440363
0.183706 -0.046390701 0.68829399 4278190335
0.19761799 -0.041321099 0.68824202 4278190335
-0.196132 -0.074080803 0.68432701 4293190682
0.381082 0.31705701 0.54211098 4294374920
-0.0062212199 0.039345998 0.68900001 4278190335
-0.222863 0.202031 0.64314699 4294901248
0.22114 0.072450101 0.684982 4278190335
0.535537 0.0074948799 0.60975802 4283519405
-0.17700499 -0.34855399 0.52588302 4278190335
0.43627399 0.0108344 0.66196698 4278190335
0.45544899 0.0260561 0.65273899 4278190335
-0.082876302 -0.24021401 0.620736 4293124891
0.0217216 0.29075101 0.58378202 4294901248
-0.0303433 0.25268 0.613208 4291809071
0.181742 -0.172943 0.65574402 4278190335
0.22921699 0.072466902 0.684654 4278190335
0.106236 0.100142 0.67914402 4278190335
0.39307299 0.093829498 0.66500199 4278190335
0.48400199 0.119473 0.62246102 4278190335
0.017400799 0.208268 0.63904798 4285361553
-0.29028299 0.233973 0.62458402 4285295762
-0.025514901 -0.055383801 0.68726301 4278190335
-0.0145506 -0.114607 0.675295 4278190335
0.080859601 0.113588 0.67623299 4278190335
0.32339299 -0.049765501 0.68516302 4278190335
0.307331 -0.033808101 0.68812299 4278190335
-0.201726 -0.116943 0.67499399 4292532772
-0.129954 0.196364 0.64485198 4292598563
-0.0501782 -0.0253279 0.68929899 4278190335
-0.19376899 -0.17183299 0.65653902 4294638084
-0.0245426 -0.12973399 0.67110503 4286743164
0.541287 -0.0036928901 0.60506701 4286151045
0.19486301 0.087725699 0.68202198 4278190335
0.287186 -0.00516995 0.69013101 4278190335
0.548913 -0.170655 0.556674 4294177547
0.166337 0.21912199 0.63379699 4284901016
-0.168951 0.100288 0.67897099 4291480116
0.104188 -0.031192999 0.689897 4278190335
0.66598397 -0.083514303 0.45179299 4289177431
0.150858 0.1043 0.67827702 4278190335
-0.046736799 -0.0406866 0.68885601 4278190335
0.41380301 0.021540601 0.66855699 4278190335
0.272425 0.136549 0.669182 4278190335
0.36653501 0.167054 0.649032 4278190335
0.45112899 0.0130307 0.65527999 4278190335
-0.169304 -0.280395 0.59305203 4294309129
0.405646 -0.112272 0.65660298 4278190335
0.30273101 0.28797299 0.58516097 4292006444
0.046876699 0.125093 0.67287201 4278190335
0.176742 -0.0994929 0.67967999 4278190335
-0.0558086 0.34899601 0.52432197 4293388055
-0.0055316002 0.088977799 0.68123299 4278190335
0.493269 -0.047688901 0.63230199 4278716662
0.594877 -0.256832 0.42918 4286480000
0.043048698 0.29242501 0.58221799 4292664354
-0.45156601 -0.17425901 0.61762702 4278190335
0.50321501 0.13552301 0.60532701 4283190450
0.31820399 -0.0082602603 0.68849802 4278190335
0.160963 -0.100379 0.679447 4278190335
-0.12918299 -0.198125 0.64421201 4293256473
0.375 -0.121455 0.66292101 4278190335
0.26783299 -0.084782697 0.68275797 4278190335
0.29847199 -0.0985085 0.679407 4278190335
0.46456301 0.106739 0.63543701 4279111408
-0.48364601 0.067462802 0.63429803 4278190335
0.551036 0.119608 0.576684 4290427460
0.0875521 0.11157 0.67689002 4278190335
0.48490301 -0.031364098 0.63899398 4278190335
0.39566499 -0.137787 0.65253597 4278190335
0.17167801 -0.33108601 0.54531801 4294901248
0.098680802 -0.057598401 0.68671 4278190335
0.363291 -0.178075 0.64450401 4278190335
0.190262 -0.28670001 0.58721298 4292138026
0.38971001 0.15519001 0.64817297 4278716662
0.51986301 0.30159399 0.46961001 4291874862
0.496043 0.110323 0.618343 4280032482
-0.053825699 0.161195 0.66010898 4289309013
0.38514099 0.0090811001 0.67727202 4278190335
0.546444 -0.17877901 0.55455601 4293453846
-0.044298802 0.063161299 0.68634802 4278190335
0.0140807 -0.35349801 0.518484 4289835341
0.55501997 0.245496 0.496705 4289374804
0.351376 -0.40794101 0.415961 4284506270
-0.24942701 -0.087874703 0.68178201 4294243338
0.37007001 -0.100366 0.66907501 4278190335
0.274685 -0.27204499 0.59845001 4286480000
0.238502 0.0297933 0.68967199 4278190335
0.37955901 0.0090718903 0.67821199 4278190335
0.29436401 -0.29333001 0.58134401 4290032714
0.31535101 0.167968 0.65621197 4278190335
0.286046 0.13590699 0.66991502 4278190335
0.41626099 -0.36742899 0.45930901 4288190566
-0.25051901 -0.189882 0.64845598 4294901248
0.44278201 0.091109097 0.64900303 4278190335
0.66295397 0.12625 0.435489 4290559042
0.53044099 0.188201 0.56116402 4293782801
-0.0172242 0.36454701 0.50501603 4285427344
0.61209601 -0.143938 0.50485402 4294901248
0.54480797 0.160834 0.564879 4292006444
0.13146999 0.16628 0.65846503 4278190335
-0.35764101 0.0064861602 0.68277901 4293059100
0.0079153804 -0.071459703 0.68513203 4278190335
0.36082301 0.067736097 0.67717397 4278190335
0.30799699 -0.131147 0.670192 4278190335
0.38460901 0.0178975 0.67713499 4278190335
0.333684 0.102229 0.67515898 4278190335
0.276586 0.0150645 0.69068801 4278190335
-0.034158502 -0.23215599 0.62615401 4289966923
0.646312 0.139773 0.45686001 4292466981
0.40313101 0.080772802 0.66505897 4278190335
0.62844598 -0.175078 0.461184 4292861727
0.431714 -0.052748598 0.659832 4278190335
0.103711 -0.0099406196 0.69060898 4278190335
-0.30891401 -0.342583 0.53101897 4278190335
-0.080860801 0.156048 0.66260397 4287072119
0.304445 -0.126762 0.67195398 4278190335
0.099075101 0.0280098 0.69007802 4278190335
0.108006 -0.119411 0.67452502 4278190335
-0.11229 -0.085411601 0.68248099 4287335283
0.495325 0.1444 0.606619 4283190450
0.41309899 -0.078479901 0.66251898 4278190335
0.15495899 0.083237603 0.68306702 4278190335
0.16295899 0.283095 0.59029502 4289835341
0.443003 -0.151399 0.63116401 4278190335
0.33866999 -0.303974 0.56697798 4290887997
0.32789999 -0.126973 0.669074 4278190335
0.63027799 -0.203114 0.43199599 4288716894
0.10036 0.098535098 0.67974299 4278190335
0.25189999 -0.0961679 0.680282 4278190335
0.24638601 -0.38356 0.47521701 4288716894
0.34144801 -0.14890601 0.66030598 4278190335
0.19260199 0.199325 0.64360499 4278256125
-0.12912101 -0.115932 0.67561901 4288453730
0.472352 -0.068973102 0.639907 4278190335
-0.083656698 -0.312444 0.56503302 4290493251
0.33653599 -0.18512499 0.64679301 4278190335
0.47528699 -0.246392 0.56092697 4294440711
0.0528493 0.0450221 0.68871897 4278190335
-0.077456899 -0.165929 0.65838701 4292927518
0.322101 0.0885709 0.67955399 4278190335
-0.186409 0.290797 0.58354598 4293782801
0.33761799 -0.0250489 0.68577302 4278190335
0.392658 -0.105725 0.66241699 4278190335
0.177154 0.106581 0.67723501 4278190335
0.34827301 0.022118701 0.68454403 4278190335
0.42088199 -0.032063499 0.66556501 4278190335
0.12537199 -0.075272299 0.68463701 4278190335
-0.103838 -0.108313 0.67721897 4289177431
0.36743501 0.0718427 0.67506099 4278190335
0.62161398 -0.165961 0.47781599 4292335399
0.122012 -0.046528202 0.68779701 4278190335
-0.382081 0.25495401 0.59605098 4278190335
0.044036001 -0.021138599 0.68995601 4278190335
0.30748999 -0.087747499 0.680574 4278190335
0.080428697 -0.048235599 0.68804902 4278190335
0.44502899 0.17542399 0.61998898 4282335167
0.41878399 -0.099123001 0.65635902 4278190335
-0.26960099 0.0124047 0.69049698 4294703875
0.178358 -0.059813499 0.68683398 4278190335
0.54842401 -0.092125103 0.58794397 4287795820
0.43697101 0.0026960601 0.66117799 4278190335
0.0554052 -0.199009 0.64406902 4281611466
0.43982399 0.18515199 0.61718798 4282993077
-0.111817 0.143889 0.66737801 4290427460
0.0068195802 0.222716 0.63180602 4290098505
-0.110462 -0.032940399 0.68915099 4282137794
-0.28767499 -0.0041597602 0.69045502 4294638084
0.094340801 0.27985901 0.59350598 4290493251
0.648462 -0.050921001 0.490307 4294506502
0.44098699 -0.23827501 0.58613098 4292006444
0.080839001 -0.11435 0.67541498 4278190335
0.192589 -0.181887 0.65228498 4278190335
0.070074797 0.0519538 0.68781799 4278190335
0.44251901 -0.113966 0.64382303 4283387823
0.413914 0.032333098 0.668257 4278190335
0.22816201 -0.365426 0.50251901 4293453846
0.031582002 0.0225296 0.69028997 4278190335
0.220166 -0.042048398 0.68855399 4278190335
0.098086201 -0.159448 0.66100299 4279045617
0.128528 0.117815 0.674932 4278190335
0.325672 0.200479 0.64059299 4278190335
-0.037431199 0.177129 0.65434098 4289769550
0.43082899 0.0137482 0.663095 4278190335
0.36359999 -0.399636 0.427764 4285032598
0.235085 -0.384583 0.47341499 4285690508
-0.464697 -0.141151 0.62506098 4278190335
0.0324196 -0.37394899 0.490033 4291151161
0.10443 0.0197907 0.68987101 4278190335
0.47818899 -0.318248 0.488076 4290690624
0.40169701 0.27414101 0.57500303 4292993309
0.0534673 0.324072 0.55342698 4294638084
0.097856298 -0.191338 0.64744401 4279111408
0.224584 -0.332542 0.543769 4294835457
0.093665697 0.39443001 0.45748499 4290230087
0.307024 -0.0960849 0.67910999 4278190335
0.404309 0.0265454 0.67166698 4278190335
0.66370898 0.0076016001 0.471172 4289769550
-0.072366603 0.0529548 0.68774098 4278190335
0.157149 0.184543 0.650805 4278190335
0.351542 -0.104213 0.67233098 4278190335
0.35332 -0.089369804 0.67470801 4278190335
0.53201598 -0.16126201 0.57436401 4292138026
0.102585 0.201638 0.64256001 4280493019
0.565745 0.079689197 0.57693702 4294506502
0.41672599 0.22617701 0.60385197 4291940653
-0.151704 -0.092898302 0.68124503 4289440595
0.20855699 -0.37217599 0.49331 4294374920
0.019493001 -0.43406099 0.35943699 4278190335
-0.0097491797 0.1583 0.66169202 4287072119
0.220356 0.223188 0.63120502 4288256357
0.119823 0.150243 0.665003 4278190335
-0.040260602 0.185491 0.650464 4288914267
0.60227001 0.14715301 0.51488602 4294835457
0.352144 0.220956 0.624973 4278190335
0.2511 -0.098128699 0.67929298 4278190335
0.0572698 -0.177168 0.654163 4278190335
0.356428 0.23075099 0.61833 4280821974
0.506203 0.227723 0.55400699 4293717010
0.104281 0.072086997 0.68458903 4278190335
0.156789 -0.083169699 0.68225002 4278190335
-0.021989699 0.25389901 0.61187297 4292598563
0.48903599 -0.0519136 0.63381702 4278190335
-0.090158001 0.40321699 0.44064999 4281216720
-0.17583901 0.107196 0.677459 4294177547
0.54960299 -0.12860399 0.57576901 4294506502
0.066788301 0.1147 0.67614198 4278190335
0.0286557 -0.072278902 0.68458998 4278190335
-0.331433 0.32518101 0.54705697 4278190335
0.20488299 -0.206643 0.64071 4282795704
0.207855 0.18504199 0.651236 4278190335
-0.255339 0.035522901 0.688963 4294309129
0.59750599 -0.14674 0.520944 4294638084
0.102627 0.122155 0.67332202 4278190335
0.438301 -0.124356 0.64254701 4278190335
0.23263 0.31640199 0.560691 4292927518
-0.34176499 0.168732 0.65227997 4285624717
0.50700003 -0.0516176 0.624605 4279966691
0.222737 0.213764 0.63627797 4284637852
0.344652 0.122709 0.66836601 4278190335
-0.24095599 -0.36720201 0.500328 4278914035
0.440184 -0.0185092 0.65968102 4278190335
-0.14494599 0.25202599 0.61280102 4292861727
0.0141659 -0.104914 0.67841202 4278190335
0.44982499 0.222829 0.59165102 4286414209
0.40436399 -0.088867404 0.66317099 4278190335
-0.241189 0.139809 0.66771603 4294703875
0.448275 -0.185103 0.61298603 4290624833
0.156991 0.379832 0.48162201 4287532656
0.48892799 -0.075645797 0.63016498 4285295762
0.3779 -0.19109499 0.63591701 4278190335
0.630068 0.151071 0.475427 4292401190
0.343382 0.118915 0.66959703 4278190335
0.12051 -0.066806398 0.68596703 4278190335
0.0097225001 0.0637675 0.68607002 4280164064
0.42893401 0.064753398 0.65922499 4278190335
0.085908704 -0.064338401 0.68545598 4278190335
0.14970399 -0.26247001 0.60636598 4285558926
0.183872 -0.0157043 0.69065201 4278190335
0.43562999 0.0200908 0.66100901 4278190335
0.55327201 -0.0057810899 0.59675199 4288585312
0.45320699 0.098223403 0.643399 4278190335
0.069641702 -0.30455899 0.57224602 4294309129
0.44068 -0.124652 0.64111203 4278190335
0.355822 -0.128978 0.664832 4278190335
0.33128101 -0.155413 0.65952599 4278190335
0.13444 0.173334 0.65610898 4281545675
0.42185599 0.229019 0.59940398 4292532772
0.048209202 -0.049066901 0.68749601 4278190335
0.62612802 0.113493 0.50238502 4294901248
-0.094155699 -0.260313 0.60796499 4294901248
0.52863699 -0.112587 0.59629101 4292203817
0.36221299 -0.052609 0.67924601 4278190335
0.215698 0.0945144 0.68078399 4278190335
0.119957 -0.274297 0.59756601 4288322148
0.0136198 -0.237371 0.62232101 4290427460
-0.30811101 0.27340499 0.596012 4287203701
-0.38918701 0.224382 0.61389101 4278190335
0.074121401 0.111933 0.67686498 4278190335
0.132815 0.020427899 0.69027603 4278190335
0.381798 -0.14308099 0.65473199 4278190335
0.485019 0.0429659 0.63794702 4278190335
-0.245891 -0.360502 0.51053202 4278190335
0.0983679 -0.101832 0.67869103 4278190335
-0.106114 -0.15251 0.66406298 4288716894
-0.050545301 -0.12969901 0.67094702 4280690392
-0.277679 -0.15200099 0.66440499 4294309129
0.159797 0.0734796 0.68411702 4278190335
0.072709702 -0.134359 0.66992003 4278190335
0.35175401 -0.081536204 0.67705297 4278190335
0.107794 0.155288 0.66294599 4278190335
-0.18595 0.108415 0.67695898 4292861727
-0.0200604 -0.200994 0.64306098 4293322264
0.41331401 -0.00725856 0.66902798 4278190335
0.49195999 0.024810299 0.63570601 4280953556
0.45313099 -0.259215 0.563788 4294901248
0.32176501 -0.047274299 0.685651 4278190335
0.341488 0.173647 0.65058702 4278190335
0.402208 -0.0334596 0.67163402 4278190335
0.040332101 -0.072309703 0.68502599 4278190335
0.472947 -0.203069 0.59136999 4287532656
-0.165317 0.065919504 0.68570399 4290822206
0.52137798 0.052943099 0.61522001 4291085370
0.043701101 -0.24305101 0.61971301 4294111756
0.210884 0.137989 0.66839701 4278190335
0.42036399 0.20169 0.616386 4280756183
0.0132419 -0.076232404 0.68413502 4278190335
0.32621899 -0.0275656 0.68748802 4278190335
-0.15934099 0.0173243 0.690606 4291940653
-0.280671 0.026230101 0.689771 4294901248
0.48061699 -0.159053 0.60874701 4286743164
-0.18576699 0.25259501 0.61311102 4294374920
0.375296 -0.187232 0.63803101 4278190335
0.481552 -0.196483 0.59044898 4288848476
0.44908401 0.048736501 0.65350902 4278190335
-0.093020901 0.065002501 0.68600601 4288519521
0.049490102 -0.158784 0.66156602 4278190335
0.29922301 -0.076533899 0.68372798 4278190335
0.214307 -0.128774 0.67162198 4278190335
0.0093254503 0.25799301 0.60884798 4294769666
-0.064620897 0.102648 0.67899102 4281085138
-0.043892 0.133405 0.67047697 4281808839
0.163817 0.197319 0.644777 4278190335
0.49836001 0.17441 0.59191799 4288453730
0.44591001 -0.12625401 0.638017 4278190335
-0.0050878702 0.243773 0.61864501 4289572177
0.51151699 -0.30409899 0.474922 4289637968
0.49278501 0.0070155002 0.63553202 4283979942
0.069795497 0.129574 0.67165703 4278190335
0.57594103 -0.17999101 0.52586502 4294901248
0.058846202 -0.120345 0.67379397 4279308781
0.22781201 0.12688001 0.67227697 4278190335
-0.110198 0.220382 0.633003 4293980174
-0.00301869 0.072524898 0.68488598 4278190335
0.46446401 0.028159199 0.64910698 4278190335
0.182377 0.039422501 0.68879598 4278190335
-0.067555197 -0.162756 0.65988898 4290559042
-0.0103227 0.26296401 0.605964 4294835457
0.405265 0.27120599 0.57547301 4291019579
0.145924 0.21288601 0.63683301 4279769318
0.19673499 -0.37640601 0.48692399 4291743280
0.315934 -0.171195 0.65469301 4278190335
0.37952101 -0.095427901 0.66790003 4278190335
-0.327113 -0.0268868 0.68665099 4294243338
0.147219 -0.114336 0.67580497 4278190335
0.206246 -0.187747 0.64990598 4278190335
0.058519799 -0.106674 0.67798603 4278190335
0.185188 -0.371416 0.49436399 4291809071
0.43663299 0.240646 0.58622098 4289835341
0.48061901 -0.0183802 0.64130002 4278190335
0.187471 -0.0461272 0.68849599 4278190335
0.15002801 -0.218355 0.63356602 4278190335
-0.25591701 -0.20910899 0.63896799 4293848592
0.158076 0.035473999 0.68951201 4278190335
0.0026986899 0.055007499 0.68723297 4278190335
0.59776098 0.26768199 0.40893999 4278190335
0.40876001 -0.126175 0.65165299 4278190335
0.417959 -0.247913 0.588269 4293190682
0.39061201 0.11629 0.659778 4278190335
0.235761 -0.148011 0.66590601 4278190335
0.46509901 0.058512799 0.64525098 4278190335
0.40934601 0.22644401 0.60684299 4286874746
0.13028499 0.084823802 0.68246597 4278190335
-0.118308 -0.18436401 0.65132701 4294901248
0.241799 -0.018218599 0.69030797 4278190335
0.213301 0.051940799 0.68746901 4278190335
-0.162048 0.37037799 0.495215 4285098389
0.324148 -0.174344 0.652852 4279835109
0.372347 -0.184762 0.63968998 4278190335
0.55808401 0.058428898 0.58745199 4287861611
0.476758 -0.16736101 0.60748702 4285756299
-0.31909099 0.033072401 0.687464 4294045965
-0.318755 0.19584 0.64400101 4291677489
0.044782199 0.26604399 0.60367602 4291611698
0.347058 0.0623134 0.68078202 4278190335
0.29963401 0.174751 0.65458202 4278190335
0.461386 -0.217949 0.58850801 4292269608
0.048369899 -0.124769 0.67329299 4278190335
0.0168912 0.22882199 0.628034 4287269492
0.043795299 0.119623 0.67426598 4278190335
0.076462798 -0.0050428198 0.69010502 4278190335
0.41624999 0.269674 0.57266098 4291085370
0.115584 -0.116909 0.675448 4278190335
0.478618 -0.046398401 0.64001799 4279637736
-0.024472101 0.29041201 0.58371502 4294769666
-0.00244164 0.096827202 0.68006802 4283058868
-0.0555958 0.133167 0.67017102 4282400958
0.42486101 0.360089 0.46754301 4286545791
0.196733 0.0250437 0.68950301 4278190335
-0.0287394 0.084804602 0.682657 4278190335
-0.047198899 -0.114279 0.67585701 4282400958
0.50819802 -0.30935499 0.47221801 4293322264
-0.20721801 -0.067720696 0.685601 4292466981
-0.30822799 -0.030790601 0.68829697 4294901248
-0.218977 -0.26879901 0.60139298 4293190682
0.40684199 -0.0271683 0.67046201 4278190335
0.48610801 0.080170602 0.63078099 4282598331
-0.042629201 -0.10748 0.67708099 4281479884
0.64343798 0.00242694 0.50182402 4294835457
0.47438499 -0.034838401 0.643987 4278190335
0.051777899 0.33304 0.54378802 4294374920
0.34249201 0.114197 0.67093801 4278190335
0.20695201 0.178242 0.65374601 4278190335
0.059298299 -0.41657701 0.40963301 4278650871
0.442417 0.043120999 0.65732998 4278190335
0.10847 -0.108718 0.67757702 4278190335
-0.227485 -0.398058 0.45031199 4278190335
0.00053799403 0.41252601 0.42072701 4282598331
0.67962003 -0.108084 0.41260701 4286282627
0.41343901 0.0048424299 0.66925597 4278190335
-0.0498535 0.163307 0.65940702 4286611582
0.18155301 0.0181298 0.69021201 4278190335
0.12727199 -0.156112 0.66299802 4278190335
0.104586 -0.103998 0.67793798 4278190335
0.43193001 -0.077149101 0.65617001 4278190335
0.52732599 0.181409 0.56736797 4294835457
0.0039033899 -0.054077599 0.68714499 4278190335
0.22390801 -0.13839801 0.66840601 4278190335
-0.243728 0.317772 0.55883002 4282269376
-0.087169297 0.019027499 0.69048703 4282598331
-0.286659 -0.0566152 0.68728 4294901248
0.042115599 -0.161419 0.66030401 4278256125
0.46430501 0.088840097 0.64037102 4278190335
0.27916199 0.021237999 0.69029099 4278190335
0.36824799 -0.174162 0.64558202 4278190335
0.224692 -0.159582 0.66165698 4278190335
0.35065699 0.207526 0.63349301 4280821974
0.56401801 -0.105723 0.57045603 4290164296
0.31226799 -0.31909201 0.556584 4293651219
0.114993 -0.046847101 0.68765098 4278190335
0.121314 0.139516 0.66855299 4278190335
0.24907599 -0.117996 0.67490798 4278190335
0.27662301 0.34091401 0.53472197 4294835457
0.50833398 0.22984 0.55087501 4293651219
0.314446 0.271139 0.597332 4290032714
0.121016 0.20981599 0.63884801 4278190335
-0.079596996 0.0321301 0.689812 4282006212
-0.18668699 -0.262382 0.60586601 4294374920
0.117732 0.171625 0.65662903 4278190335
0.17994601 0.019761801 0.68996 4278190335
-0.0997191 0.21390399 0.636392 4292466981
0.140109 0.070638098 0.68507099 4278190335
0.038919002 0.178883 0.65346098 4281348302
0.35606599 -0.074223399 0.677697 4278190335
0.015461 0.263675 0.60524499 4291809071
0.120881 0.109406 0.67679399 4278190335
0.60633099 0.214136 0.46042901 4290887997
0.33502999 -0.037714101 0.685458 4278190335
0.0324152 0.169662 0.65761501 4278190335
0.47040701 -0.093617797 0.63591599 4278190335
0.435853 0.016918199 0.66180599 4278190335
-0.049155202 -0.022303 0.68947399 4278190335
0.28444201 -0.161369 0.66090602 4278190335
0.172638 0.29448101 0.58125001 4290624833
0.552513 0.0045441999 0.59661102 4286611582
0.241877 -0.193436 0.64626199 4278190335
0.53557998 -0.323017 0.417761 4287269492
-0.078318797 -0.082351498 0.68333501 4288716894
-0.225098 0.103257 0.67897099 4294440711
0.629556 0.0942019 0.50495398 4294111756
0.339966 0.124903 0.66817701 4278190335
0.13893799 0.113891 0.675906 4278190335
0.0101852 -0.0103441 0.69033098 4278190335
0.42607799 0.229656 0.59725302 4284769434
-0.162884 0.38304499 0.47598699 4278190335
0.220263 0.25468999 0.611049 4290032714
-0.021804299 0.0118448 0.68999302 4278190335
0.27916801 0.31205899 0.56521899 4292861727
0.15438899 -0.077790298 0.68332201 4278190335
-0.143383 0.24325299 0.61909699 4294703875
0.196732 0.0977154 0.67952597 4278190335
0.36524999 0.02557 0.68163103 4278190335
0.45541 -0.23267899 0.58250898 4289901132
0.18699799 0.20308299 0.64170802 4280361437
0.26125199 -0.092982903 0.68054903 4278190335
0.32967699 -0.0120752 0.68687499 4278190335
-0.26716101 0.239867 0.62169701 4288190566
0.28519201 -0.252911 0.61259401 4286019463
0.65481901 0.0237792 0.48476699 4292203817
-0.24017601 0.34996799 0.52393502 4278716662
-0.0274447 0.034016099 0.689677 4278190335
0.285487 -0.29530901 0.57986099 4288585312
0.42849299 0.0400787 0.66219997 4278190335
-0.078790098 -0.048689298 0.68817401 4281216720
0.069585502 0.097017802 0.67994601 4278190335
0.594742 0.0821658 0.54864001 4293519637
0.32094699 -0.095652699 0.67810303 4278190335
0.056665901 -0.079626203 0.68378401 4278190335
0.179759 0.331637 0.54529601 4294901248
-0.125485 0.193563 0.64657801 4293782801
0.192551 -0.43691799 0.34750301 4278190335
0.097149201 0.25100699 0.61372697 4285624717
-0.0808568 0.34724301 0.526012 4288256357
0.093474902 0.245465 0.61722201 4287598447
0.41771701 -0.108063 0.65405399 4278190335
0.217988 -0.37444401 0.490619 4293848592
0.056295801 -0.016379399 0.68999797 4278190335
-0.12451 0.0157828 0.68973899 4289703759
0.027696401 -0.080625899 0.68292999 4278190335
0.078951798 0.28123701 0.591573 4293519637
0.35871601 -0.16878501 0.64958501 4278190335
0.101604 0.159363 0.661219 4282072003
0.109102 0.212975 0.63707203 4289309013
0.068337798 0.178122 0.65368497 4282532540
0.444471 -0.064248599 0.65314502 4278190335
0.482696 0.32296899 0.47773999 4294111756
0.36322701 -0.0302085 0.681678 4278190335
0.404643 0.16943499 0.63786799 4278190335
0.50227898 0.169963 0.59081298 4287269492
0.466656 -0.271415 0.54494703 4293980174
0.37299499 0.39275599 0.438582 4289703759
0.52552801 0.26348901 0.50799298 4292203817
0.380795 0.17068499 0.64424902 4278190335
-0.112175 0.091577798 0.68153501 4290822206
0.156974 -0.191688 0.64708799 4278190335
0.179783 0.00114462 0.69078398 4278190335
0.067549601 0.222041 0.63212699 4286019463
0.42049 0.331067 0.509987 4294901248
0.105758 -0.253398 0.61280298 4288322148
0.41907999 0.118346 0.65093499 4278190334
0.35590899 -0.105609 0.67036402 4278190335
-0.0160628 -0.024345299 0.68946099 4278190335
-0.34019601 -0.123194 0.66916198 4291282743
0.173592 -0.172785 0.65631902 4278190335
0.467123 0.0679802 0.64331198 4281940421
0.457342 -0.230645 0.58245301 4294045965
-0.287613 -0.144627 0.667 4293190682
-0.180133 -0.27200499 0.59863901 4293980174
0.068277702 0.091559701 0.68079603 4278190335
-0.34947401 0.26614001 0.59629101 4282532540
0.044687301 0.050238401 0.68754297 4278190335
-0.378506 0.20325799 0.62928998 4284966807
0.27067301 -0.097441398 0.68018597 4278190335
-0.25948799 0.054144599 0.68726701 4294769666
0.38687801 0.35222301 0.49777001 4293519637
0.077487104 -0.27299899 0.59877002 4294638084
0.38815701 -0.093129203 0.66690999 4278190335
0.056457799 -0.153735 0.66294098 4281019347
0.18089899 0.281589 0.591196 4291743280
0.52620298 -0.29792801 0.46837801 4291809071
0.41341701 -0.072277203 0.66331899 4278190335
0.22508501 0.25893399 0.60907698 4282466749
0.13635799 0.18213899 0.65158898 4278190335
0.021229099 0.0154366 0.690337 4278190335
0.200268 0.059372101 0.68665802 4278190335
0.50146198 0.073589697 0.62398303 4278190335
-0.31078899 -0.22892299 0.626037 4286216836
0.164461 0.18674199 0.65015501 4278190335
-0.45237699 0.071212098 0.64915299 4278190335
0.480389 -0.23548301 0.56579101 4294901248
0.172296 0.212079 0.63792801 4278190335
0.29953101 -0.36289999 0.50576198 4293914383
-0.0128832 0.098873101 0.67984599 4278190335
0.215433 -0.38871899 0.46769801 4292598563
-0.043175802 -0.401631 0.44253999 4284243106
0.096031703 0.085674003 0.68244803 4278190335
0.29086101 0.0043216101 0.69000697 4278190335
0.139516 -0.22314601 0.63151097 4283519405
0.124361 -0.145098 0.66648299 4278190335
-0.031649798 -0.139531 0.66803497 4280295646
0.32139 0.32572699 0.54725802 4293914383
0.32165301 -0.049796999 0.68594003 4278190335
0.65146297 0.114542 0.464104 4292927518
-0.049950901 0.168672 0.65720499 4287335283
0.25527501 0.0126192 0.69029599 4278190335
0.18250699 -0.0896006 0.68149197 4278190335
-0.065085299 -0.052996099 0.68785101 4278190335
-0.42394099 0.030292699 0.66538101 4278190335
0.123483 0.15488701 0.66301298 4278190335
-0.083716102 0.0215498 0.69026703 4279703527
0.370033 0.177027 0.64340699 4278190335
-0.113713 -0.377009 0.486049 4286940537
-0.0067701 -0.0466111 0.688429 4278190335
0.35822099 -0.291881 0.57296503 4291480116
-0.019438099 -0.101679 0.67872101 4278190335
0.31942901 -0.27868 0.59127003 4288716894
-0.23303001 -0.197225 0.64447898 4294901248
0.32423499 0.244692 0.61526501 4282532540
0.26591 -0.33811501 0.53792298 4294243338
0.216014 -0.052107599 0.68734002 4278190335
0.385676 0.071743101 0.67140102 4278190335
-0.176873 -0.135838 0.66934901 4292466981
0.18576001 0.00512035 0.690916 4278190335
-0.306521 -0.080029197 0.68281502 4294440711
0.39933199 -0.051548202 0.67092299 4278190335
0.20643 0.166034 0.65927303 4278190335
0.520347 0.264779 0.51121998 4294901248
0.0097357295 0.118288 0.67425603 4278190335
0.262788 0.279504 0.592996 4293980174
0.069445401 -0.00083505898 0.69038701 4278190335
-0.00309989 0.132672 0.67007703 4286940537
-0.0607672 -0.105438 0.67767203 4289572177
-0.30964801 0.314008 0.56179601 4278190335
0.0683285 -0.016190199 0.69035602 4278190335
0.25895399 0.13021199 0.67137802 4278190335
0.38337699 0.032060701 0.67673498 4278190335
0.59549397 0.053882401 0.55383903 4292664354
0.37518501 0.134248 0.65872502 4278190335
-0.067008503 -0.334575 0.541457 4292203817
-0.29939699 -0.322451 0.55432302 4278190335
0.0573618 0.050513498 0.68795002 4278190335
0.69324797 -0.0772774 0.393525 4278190335
-0.092720397 -0.053292401 0.68768299 4287466865
-0.185672 0.114969 0.67543 4294572293
-0.0114211 0.31542999 0.56147701 4294901248
0.51467103 0.062808298 0.6182 4281808839
0.33321601 0.22824501 0.62449002 4278256125
0.043168999 -0.0016435001 0.69052601 4278190335
-0.41766599 0.267822 0.57447302 4278190335
0.51802701 -0.155397 0.58812302 4287993193
0.53753901 -0.018392401 0.60711002 4286414209
0.221338 -0.23157699 0.62609702 4278190335
0.053186901 -0.036255099 0.68875802 4278190335
0.24461301 0.165709 0.65887201 4278190335
-0.067312501 -0.110692 0.67655802 4284045733
0.29018101 0.215442 0.63530803 4285624717
0.220111 0.364703 0.50391603 4292466981
0.206452 -0.24463999 0.61778998 4280032482
0.096081696 0.071642801 0.68446398 4278190335
0.21208601 0.26351699 0.60532999 4285032598
0.402886 0.29234999 0.55894703 4293453846
0.36584201 0.164878 0.64988703 4278190335
0.29138801 0.092828803 0.68014801 4278190335
0.417133 -0.086000502 0.65981603 4278190335
0.39783001 -0.13389499 0.65243602 4278190335
0.42468399 -0.076842003 0.65875399 4278190335
0.16870201 0.169616 0.65726101 4278190335
0.435442 -0.186125 0.61914402 4282335167
0.38685399 -0.055844299 0.67340201 4278190335
0.23698799 0.080408797 0.68323702 4278190335
0.037326701 0.19610199 0.64570397 4288322148
0.28173599 0.0098746596 0.690018 4278190335
0.48894101 0.18140601 0.59352702 4287203701
-0.0253876 -0.0097386697 0.69063801 4278190335
0.166971 0.27305201 0.59804899 4291743280
0.420268 -0.20339499 0.615453 4281677257
-0.31544 0.227613 0.62650102 4283650987
0.38786 -0.18727501 0.63429397 4284243106
0.53410703 0.180888 0.56337398 4292532772
0.295991 -0.21953 0.63312298 4284440479
0.50874603 -0.066838197 0.621032 4285164180
0.0652458 0.097911201 0.67987299 4278190335
0.26201701 -0.186967 0.64959902 4278190335
-0.28927901 0.23997299 0.62077802 4281940421
0.108839 -0.086369798 0.68221402 4278190335
0.111093 -0.40987799 0.42706501 4287730029
-0.116721 0.125147 0.67319202 4289966923
-0.098765299 -0.16372 0.65976202 4289966923
-0.30904001 0.15938599 0.65988302 4292335399
-0.0561154 0.121084 0.67367399 4281808839
0.49411401 0.0753102 0.62749302 4279703527
0.199108 -0.192359 0.64772898 4278190335
-0.077820703 0.198305 0.64465898 4293519637
-0.20382001 -0.127777 0.67167902 4294045965
0.29687199 -0.131686 0.66994202 4278190335
0.076354101 0.181723 0.65214097 4278190335
0.34563401 0.21933199 0.627666 4280756183
0.070429198 0.089450903 0.68134701 4278190335
0.23899201 0.0040239999 0.69036299 4278190335
0.17824499 -0.103019 0.67827201 4278190335
0.36597699 -0.176938 0.64433098 4278190335
0.0143089 0.32449201 0.55157399 4294835457
-0.267575 -0.076987699 0.683716 4292993309
-0.099514 0.29359001 0.581568 4293914383
0.34661499 0.27697101 0.58808202 4292598563
-0.334795 -0.071166903 0.681463 4291282743
0.47007599 0.049784102 0.64459902 4278190335
-0.017448699 -0.0023596401 0.69066399 4278190335
-0.195108 0.088936597 0.68185401 4292335399
-0.0537396 -0.043799501 0.688187 4278190335
0.39226201 0.210021 0.621023 4290098505
0.234248 -0.180319 0.65305299 4278190335
-0.0293565 0.101184 0.67907798 4285493135
-0.36298001 0.15029199 0.65604103 4283322032
0.0090671796 0.0594837 0.68610501 4278190335
0.19313499 0.0051849098 0.69009602 4278190335
-0.33767301 0.198662 0.64025801 4283256241
0.30795199 0.046963301 0.68741399 4278190335
0.214718 0.30391699 0.57203799 4290690624
0.086918503 -0.090178803 0.68113399 4278190335
0.227608 0.19926 0.64452302 4278190335
0.389851 0.099763602 0.66453499 4278190335
0.248733 0.25817299 0.609079 4285690508
-0.0097137596 0.123484 0.67327899 4280164064
0.27934301 -0.335226 0.54047799 4294638084
0.153228 -0.024222801 0.68980497 4278190335
0.56021798 -0.0031609701 0.59072202 4291545907
0.157461 0.32849601 0.54771298 4294506502
0.32480699 -0.070031799 0.68289399 4278190335
0.381827 -0.35398 0.49869099 4294835457
0.35800299 0.216961 0.62692302 4284440479
0.65950203 0.129484 0.439089 4279308781
0.42930299 -0.171472 0.628115 4278190335
0.259422 0.19985101 0.64371401 4278190335
0.129858 0.022250799 0.68957001 4278190335
0.37501901 0.14065699 0.65717101 4278190335
0.37571099 -0.31592599 0.54528999 4294835457
0.51304299 -0.0238862 0.62316602 4284966807
-0.39263201 -0.097144 0.66503102 4282072003
-0.225813 -0.165658 0.65920001 4294703875
0.435909 -0.14654 0.63563299 4283782569
0.64024103 0.172281 0.44419399 4291151161
-0.32971901 0.065214001 0.683007 4288914267
0.31712899 -0.162918 0.657929 4278190335
0.208234 0.124599 0.67243302 4278190335
-0.28607699 -0.084600501 0.68236202 4294901248
0.0130877 0.37830499 0.48460901 4287401074
0.430852 0.105891 0.65042502 4278190335
0.35308799 -0.089952901 0.67527902 4278190335
0.44944099 0.25967401 0.56587702 4294638084
0.50825 -0.124077 0.60621601 4284506270
0.038003501 -0.174143 0.655155 4278782453
0.199305 -0.092379801 0.68101299 4278190335
0.111026 -0.252368 0.61299199 4285361553
0.45684299 -0.13124301 0.63226402 4282598331
-0.036981199 0.112638 0.67590898 4278190335
-0.21293101 0.086824998 0.68167299 4294769666
0.39477 -0.026635701 0.67375797 4278190335
0.359997 0.167539 0.64964199 4278190335
-0.42844099 0.017904701 0.66440302 4278190335
0.26690099 0.170973 0.65673202 4278190335
0.071959503 0.231526 0.625947 4289177431
0.1779 0.093962401 0.68100297 4278190335
0.110773 0.229766 0.62795001 4281808839
0.37209901 -0.100135 0.66940701 4278190335
0.379906 0.073337302 0.67250901 4278190335
0.088667899 0.15389401 0.66311902 4278190335
0.481924 0.047461301 0.638731 4279177199
0.43254 -0.121799 0.64529002 4278190335
0.30768701 -0.184733 0.64928901 4278190335
0.38609901 -0.27420101 0.57979202 4293322264
0.275287 -0.067073703 0.68578303 4278190335
0.30193701 0.0243946 0.68948799 4278190335
-0.229555 -0.190576 0.64841199 4294440711
-0.073999397 -0.16699 0.65839899 4288322148
0.37318799 0.12603 0.66202801 4278190335
0.33735701 0.113087 0.67159498 4278190335
-0.13985801 0.13954499 0.66880703 4290690624
0.34690499 -0.31777999 0.55115002 4293585428
-0.299229 -0.22399899 0.63058299 4290953788
0.062680803 0.149435 0.66535902 4278190335
0.65769601 -0.18532801 0.39454299 4283716778
0.35598999 -0.163109 0.65253901 4278190335
-0.0088938903 -0.231567 0.62633002 4289506386
0.0689013 0.096018799 0.67989898 4278190335
0.46248999 -0.11081 0.63522202 4278190335
0.35399401 -0.21028499 0.63065499 4278190335
0.54444802 -0.24292099 0.50986803 4294901248
0.146065 -0.178754 0.65391499 4278387707
0.45418701 -0.269371 0.55461597 4293059100
0.174537 -0.185233 0.65021598 4278190335
0.33649001 0.226596 0.62429303 4283256241
0.66337597 0.186612 0.37862799 4282137794
0.298572 -0.048494101 0.68758202 4278190335
-0.14245699 0.096198902 0.68059599 4291545907
0.58453602 -0.0054313098 0.56934202 4292795936
0.427946 0.083255596 0.65603101 4278190335
0.39875701 0.082326099 0.66626 4278190335
-0.0258951 -0.26978099 0.60094303 4292730145
0.208134 0.0066332901 0.69044399 4278190335
0.515746 -0.27428699 0.50637698 4294703875
-0.230261 0.023021599 0.69023299 4293651219
0.204473 0.28271699 0.59094101 4289966923
0.39298299 -0.0130345 0.67534 4278190335
0.064025 -0.0823479 0.68309098 4278190335
-0.108498 -0.34523499 0.52949101 4290098505
-0.30644301 0.154761 0.662543 4293980174
0.076813899 0.0528722 0.68716198 4278190335
0.10701 0.078499697 0.68377101 4278190335
0.088331297 -0.146466 0.66600198 4278190335
0.34513801 0.17461701 0.64924198 4278190335
-0.23847701 0.087279797 0.681674 4293914383
0.164812 0.107084 0.677827 4278190335
0.113206 -0.42175499 0.39758301 4280295646
0.32512501 -0.17408 0.65227097 4279835109
0.45537201 -0.15002701 0.626221 4278782453
0.27798101 0.12434 0.67270601 4278190335
0.22439601 0.105732 0.67799699 4278190335
0.043618899 0.085262001 0.68188697 4278190335
0.44717801 0.121408 0.63920498 4278190335
0.36643499 0.121011 0.664644 4278190335
-0.166338 -0.384516 0.47340399 4278321916
0.43139401 -0.262559 0.57218498 4293453846
0.67469102 -0.0085138502 0.45127499 4291348534
0.21955299 -0.159757 0.66140801 4278190335
0.211795 -0.165957 0.658948 4278190335
0.083893798 0.017124699 0.69040698 4278190335
0.44446 -0.0961539 0.64688599 4278190335
0.192917 -0.224189 0.63072801 4278190335
0.185544 0.124301 0.67321098 4278190335
-0.057895999 0.29374301 0.581963 4294901248
0.49776599 -0.00147207 0.63274503 4278190335
0.255303 0.208166 0.63970298 4279966691
0.45317799 -0.375505 0.41639501 4282664122
0.58300298 0.239326 0.46839201 4288716894
0.457737 0.085719302 0.64349997 4278190335
0.338716 -0.145592 0.66160202 4278190335
-0.062052999 0.18120199 0.65231597 4287993193
0.37981999 -0.084951296 0.670717 4278190335
0.58323002 -0.248265 0.45931801 4292730145
-0.194105 0.0433373 0.68805498 4292006444
0.43062899 0.190441 0.61809403 4280756183
0.13170099 -0.0047076 0.69073898 4278190335
0.28315201 0.103005 0.67814898 4278190335
0.41827601 0.069235198 0.66187 4278190335
0.65010202 -0.0668891 0.48351699 4294309129
-0.34748799 0.104889 0.672333 4291874862
0.073863998 -0.079634897 0.68336701 4278190335
0.48958001 0.099168502 0.624861 4284506270
0.44339001 0.105917 0.64501202 4278190335
0.349181 0.029351201 0.683487 4278190335
0.185294 -0.118836 0.67410398 4278190335
0.464717 -0.11101 0.63480002 4278190335
0.177864 0.238243 0.62251002 4279111408
0.196364 -0.092503399 0.68068999 4278190335
-0.00910924 -0.109132 0.67707902 4283256241
-0.37989199 0.252408 0.59850502 4279703527
0.506585 -0.026582699 0.62655503 4278190335
0.52721697 0.034198701 0.61316401 4285427344
0.19723301 0.199931 0.64313298 4281216720
0.29461801 -0.14847299 0.66449702 4278190335
-0.0390293 0.153584 0.663975 4283979942
0.0072123599 0.085411601 0.68200201 4278190335
-0.0203309 -0.0264888 0.689632 4278190335
0.428404 -0.115794 0.64806598 4278190335
0.33612099 0.30125299 0.56964803 4291809071
0.035780299 0.35856399 0.51244402 4292927518
0.463815 0.0063656401 0.65028203 4279506154
0.68470597 0.04871 0.42475501 4284045733
0.30523199 -0.31868899 0.55700099 4291940653
-0.033986799 -0.078376502 0.68358397 4278190335
0.45770499 0.155797 0.62284899 4280427228
0.275085 0.121353 0.67422599 4278190335
0.505826 -0.163495 0.59236503 4289835341
0.35980701 0.077213503 0.67584199 4278190335
-0.34804401 0.042879201 0.68278903 4293717010
0.17213701 0.130257 0.67146099 4278190335
0.32441899 0.337069 0.53445798 4294901248
0.16609 -0.00500145 0.69037002 4278190335
0.37249401 -0.121656 0.662902 4278190335
0.27608499 -0.41461301 0.41538101 4287993193
0.52281803 0.31265101 0.45133001 4290164296
0.603338 -0.096987903 0.53611201 4294835457
-0.036965601 -0.204206 0.641128 4289637968
0.567698 -0.155417 0.54708302 4293914383
0.29584599 0.217957 0.63365799 4278190335
0.41574699 0.29383099 0.55246401 4293256473
0.52389699 0.29327801 0.475871 4293585428
0.54807001 -0.085338101 0.58964401 4292664354
0.195086 0.18316101 0.65185398 4278190335
0.24119399 -0.032460999 0.68963897 4278190335
0.32886001 0.32236001 0.55097002 4294901248
0.28044 0.264579 0.60399699 4286216836
-0.26009899 -0.088196903 0.68201399 4294769666
0.49235699 0.19443899 0.58534998 4288651103
0.38228101 -0.37928599 0.459631 4293124891
0.42441401 -0.00054295699 0.66590101 4278190335
-0.444069 0.153714 0.62884301 4278190335
0.127755 -0.127194 0.67194998 4278190335
0.31556499 -0.303193 0.57066298 4294703875
0.58218801 -0.19149899 0.510315 4294901248
0.30418199 -0.147016 0.66460502 4278190335
-0.40674201 0.0215987 0.67069 4285887881
-0.182807 -0.110454 0.67702198 4292532772
0.20177799 0.15537301 0.66314101 4278190335
0.43053201 -0.047356602 0.66087598 4278190335
0.107669 0.036682099 0.689228 4278190335
-0.34075001 0.282554 0.58485502 4282466749
-0.16441301 0.089686997 0.681391 4293519637
-0.0405421 0.0082390103 0.69076103 4278190335
0.102548 -0.33135301 0.545026 4294901248
0.464192 -0.0361325 0.64820403 4278190335
0.148716 -0.24212401 0.61997902 4283848360
0.092368901 -0.30163601 0.574058 4292203817
0.51885098 -0.054227099 0.616274 4283124659
-0.083562598 0.085302301 0.68192899 4282664122
-0.40394601 0.208884 0.61857402 4278190335
0.33653799 0.0278448 0.68620598 4278190335
0.29611701 -0.16404 0.65940702 4278190335
0.19835 0.255101 0.61175901 4283058868
0.038303901 0.19258299 0.64671803 4286677373
0.236123 0.38598001 0.470983 4293717010
0.38523701 0.11438 0.66227102 4278190335
0.543639 -0.0269213 0.60189003 4284901016
0.306541 -0.27071401 0.59915 4284572061
0.21020401 -0.34599501 0.52824199 4293585428
0.39458001 0.21266299 0.61926502 4289374804
0.470741 0.055334099 0.64345598 4280229855
0.54906201 0.285216 0.458004 4290032714
0.124037 -0.168464 0.658023 4278190335
0.432385 -0.0212931 0.66300899 4278190335
-0.118653 0.230409 0.627294 4294309129
0.47883001 0.256951 0.54961199 4293717010
0.68104398 -0.093101896 0.41783699 4286019463
0.477368 0.0506781 0.64064997 4278190335
0.275518 0.0183105 0.69043201 4278190335
0.45355201 -0.0396314 0.65277702 4278190335
0.46326801 -0.27413699 0.54470199 4293848592
-0.149795 -0.074029997 0.68433899 4287664238
0.37213701 0.119948 0.663629 4278190335
0.35632801 -0.19192301 0.63939297 4278190335
-0.0085674096 0.044613998 0.687828 4278190335
0.061705898 -0.25440899 0.61190897 4288716894
0.00683433 -0.257604 0.60966003 4290887997
0.45988199 0.193183 0.60326397 4292138026
0.348694 -0.170191 0.651443 4278190335
-0.050951701 -0.130831 0.67064202 4282269376
0.397302 0.093390003 0.66394001 4278190335
0.40428999 0.320609 0.52904499 4294769666
0.45334199 -0.212118 0.596587 4287466865
-0.288645 -0.0073653702 0.690476 4294901248
0.00820693 -0.18529101 0.65104902 4280229855
-0.092737697 0.26411799 0.60541499 4294901248
0.385943 0.212705 0.62150103 4279506154
0.40548 0.16566999 0.63905102 4278190335
0.16291299 -0.096770503 0.68012798 4278190335
0.51218599 -0.038472202 0.62290299 4280756183
0.0027475499 0.0112316 0.69012302 4278190335
0.180934 0.20985299 0.63896602 4278190335
-0.33280799 0.048226401 0.68435001 4293388055
0.101749 0.25719601 0.60992599 4291414325
0.202503 0.156578 0.66204602 4278190335
0.194177 0.053675301 0.68718201 4278190335
-0.047609098 -0.258665 0.608455 4294703875
0.19832399 -0.21371999 0.636949 4278190335
0.44483501 -0.142607 0.63323402 4278190335
-0.163078 -0.33462 0.541888 4280229855
-0.264162 0.21002699 0.63883102 4294309129
0.042042699 0.0265001 0.68927503 4278190335
0.22472499 0.144576 0.66715902 4278190335
0.42497799 -0.37886101 0.43350801 4288651103
0.38985699 0.0137387 0.675978 4278190335
0.078451797 0.048216499 0.68770498 4278190335
0.36838001 0.19212499 0.63699001 4278190335
0.028895101 -0.123661 0.67356098 4278190335
0.085760102 0.105849 0.67813402 4278190335
0.236636 0.22797699 0.62818801 4278190335
0.098004103 -0.078082502 0.68366998 4278190335
0.44883999 0.27618799 0.55126101 4293453846
0.0407409 -0.105702 0.67817998 4278190335
0.45949599 0.047099199 0.64953601 4278190335
0.33476001 -0.31940299 0.55177301 4294703875
0.38138899 0.023998 0.677634 4278190335
-0.280781 -0.117193 0.67533398 4294901248
0.095666297 -0.175906 0.655114 4278190335
-0.289974 -0.230404 0.62664002 4291282743
0.019911399 0.21812101 0.634022 4291480116
0.35587099 0.20908 0.63120502 4282006212
0.26873699 -0.216748 0.634839 4282203585
0.20922799 -0.31622499 0.56011599 4294901248
0.0280891 0.0244829 0.69019502 4278190335
-0.121777 0.18829 0.649755 4291545907
0.56386298 -0.12765799 0.562931 4292072235
-0.22100499 -0.323594 0.55348098 4285558926
0.58645701 -0.057136901 0.562392 4294835457
-0.047868799 0.072554499 0.68469101 4278190335
0.152289 -0.34119299 0.533503 4294638084
-0.189409 -0.14005899 0.66774499 4294901248
0.388161 0.0137805 0.67599398 4278190335
0.200637 -0.33710101 0.537875 4294177547
0.097877003 -0.25157899 0.61357301 4287730029
-0.224585 0.170059 0.657067 4294638084
0.121679 0.117121 0.67467898 4278190335
0.34366199 0.14123701 0.66219699 4278190335
0.069702201 0.0100383 0.69035202 4278190335
0.080851398 -0.060627501 0.68673199 4278190335
-0.094486699 0.042059299 0.68824798 4281348302
0.483491 -0.0140268 0.64045602 4278190335
-0.234511 0.159678 0.66098398 4294703875
-0.101103 -0.085193299 0.68272197 4282466749
0.286098 -0.128573 0.67209297 4278190335
-0.0114849 -0.075442098 0.68421602 4278190335
0.16798601 -0.27075699 0.60035801 4288058984
0.176094 0.18646 0.65006799 4278190335
0.45456499 0.135043 0.63152701 4278190335
0.40351701 -0.058761202 0.66863197 4278190335
0.053834401 0.116228 0.675448 4278190335
-0.30497801 -0.150555 0.66355699 4293914383
0.47294301 0.307367 0.50437701 4293059100
0.31820801 0.14619599 0.66411102 4278190335
0.094397098 -0.121843 0.67413199 4278190335
0.242066 0.124701 0.67322397 4278190335
0.62867498 -0.030771 0.51966202 4292203817
0.40732601 0.216767 0.612872 4287993193
0.108661 0.066183701 0.685651 4278190335
0.47115701 -0.0646253 0.64184201 4278190335
0.35853699 0.217297 0.62668198 4278190335
0.480499 -0.078942299 0.63453001 4278190335
0.46670601 0.070143498 0.64306998 4278190335
0.291778 -0.179748 0.65273702 4278190335
0.419837 0.259913 0.57890302 4290756415
0.55862701 0.275603 0.45902401 4286743164
0.63069397 -0.17652901 0.45739099 4291019579
0.12997399 -0.1192 0.67432499 4278190335
-0.29101399 -0.26866201 0.60101902 4288980058
-0.00144969 -0.140347 0.66766602 4282006212
-0.12945899 -0.054818999 0.687307 4287269492
0.274266 -0.217629 0.63476902 4278190335
-0.186115 -0.233771 0.62500501 4293651219
0.093245603 0.34908199 0.524041 4294901248
0.59772998 0.22113 0.46688399 4291611698
0.40635499 -0.083103798 0.66350698 4278190335
-0.50330597 0.0741558 0.62285501 4278190335
0.41443801 -0.124415 0.65059799 4278190335
-0.264671 0.226097 0.62901199 4290427460
0.192614 0.0285862 0.68971002 4278190335
-0.29746899 0.051278301 0.68729299 4293848592
-0.156087 -0.19785701 0.64462298 4293651219
0.031723201 -0.00552868 0.69033003 4278190335
0.43311399 -0.147037 0.63639301 4278190335
-0.0190104 0.339109 0.53556299 4293453846
0.59718102 0.124433 0.53219599 4294045965
0.410281 -0.120762 0.653373 4278190335
0.25503001 0.225223 0.630288 4279045617
0.229252 -0.089069799 0.681903 4278190335
0.345373 -0.36716601 0.49114501 4293585428
0.40454999 0.119174 0.65545303 4278190335
0.59278703 0.051301599 0.55720198 4292598563
-0.25965399 0.227507 0.62858897 4291085370
0.37096101 -0.215993 0.62382197 4288058984
0.39848599 -0.23836 0.60275501 4287203701
0.37641999 0.151563 0.65278798 4278190335
0.191561 0.0162946 0.690063 4278190335
0.51464897 -0.00105817 0.62313199 4285690508
0.489142 -0.167248 0.60090899 4285558926
-0.14435899 -0.241602 0.62069798 4293980174
0.51201302 0.133725 0.60021597 4283650987
0.238518 -0.16800199 0.65748602 4278190335
0.47907299 0.31589499 0.48955899 4294506502
0.55574298 -0.102772 0.57871503 4288848476
-0.059562702 -0.37818599 0.483814 4289111640
0.072017297 -0.26512 0.60352498 4291874862
0.42228699 -0.029474501 0.666062 4278190335
0.40941 -0.070009597 0.66545302 4278190335
0.27190199 0.0130346 0.68982601 4278190335
0.61017501 0.101637 0.52577001 4293782801
0.59375799 -0.0155976 0.56079799 4292006444
0.0286013 0.026222199 0.68999702 4278190335
0.45679799 0.0119851 0.65345699 4278190335
0.32775801 0.27467301 0.59322 4289309013
0.42430201 0.307706 0.53420597 4294901248
0.142177 0.0287144 0.68958998 4278190335
-0.0141988 0.041044801 0.68881202 4278190335
0.147387 -0.167505 0.65857899 4278190335
0.279998 0.180528 0.65297902 4278190335
-0.0862839 -0.16931801 0.657332 4288519521
0.51106399 -0.042062402 0.62343103 4279571945
-0.0150238 0.268316 0.60132802 4292138026
0.065395802 -0.083292902 0.68289798 4278190335
0.099597797 -0.0289289 0.68983501 4278190335
-0.0096447002 -0.076617897 0.683658 4278190335
0.444262 0.144862 0.63220102 4280098273
0.43211499 0.196035 0.61489397 4281414093
-0.00050718198 -0.25485301 0.61088097 4293124891
-0.161404 0.230472 0.62734801 4293980174
0.32008299 -0.14016201 0.66573101 4278190335
0.341308 -0.0223832 0.68553299 4278190335
0.414612 0.093777597 0.659033 4278190335
-0.184692 -0.19633301 0.645428 4294506502
0.337374 0.385472 0.46498701 4285098389
0.50511301 0.164244 0.59174198 4289966923
-0.311362 0.050599899 0.68594003 4291480116
0.57071298 -0.052379198 0.57842898 4290295878
0.18367299 -0.0743156 0.68403399 4278190335
-0.079192601 0.065508597 0.685637 4282993077
0.55747402 0.016016601 0.59288597 4291743280
-0.27132499 0.104407 0.67847002 4294901248
0.13652501 -0.101508 0.679304 4278190335
0.150741 0.052538399 0.68756503 4278190335
0.570072 0.0175374 0.58225399 4288980058
-0.121767 -0.153734 0.663706 4290624833
0.333664 0.15237799 0.66043901 4278190335
0.17437001 -0.0409397 0.68853301 4278190335
0.58422703 0.273469 0.42493701 4289111640
-0.0174734 0.23794501 0.62288201 4290756415
0.55749297 -0.223022 0.51362997 4293322264
0.0672125 -0.32464501 0.55283099 4294440711
0.430926 -0.0133309 0.66346198 4278190335
-0.230074 0.35057101 0.52300799 4279900900
0.40768 0.091006503 0.661915 4278190335
0.278303 -0.21272799 0.63745201 4278190335
0.200813 0.140736 0.66841602 4278190335
-0.212277 -0.075533003 0.684322 4292466981
0.50921398 -0.0860053 0.61620098 4285624717
0.024076 -0.160469 0.66125101 4279835109
0.11236 0.072049797 0.68472701 4278190335
0.122608 -0.065801099 0.685305 4278190335
0.61490399 -0.152711 0.49688199 4290624833
-0.0140463 -0.0125725 0.69034499 4278190335
0.59264302 0.034878999 0.55965298 4294309129
0.145858 0.229554 0.62766099 4290690624
0.26929799 -0.234706 0.62466401 4278650871
0.52851701 0.107101 0.59777498 4292532772
-0.24344499 -0.061977599 0.68605101 4294177547
0.053564899 0.25056499 0.61405498 4290887997
0.057398301 0.176175 0.65502 4278190335
0.528965 -0.29750001 0.46582299 4285756299
0.430612 -0.26102301 0.57410097 4292730145
0.40230501 -0.070624001 0.66696 4278190335
-0.219615 -0.0598551 0.68688399 4293256473
0.194603 0.12014 0.67452002 4278190335
-0.043452598 0.23563901 0.62423998 4293848592
0.168759 0.16544899 0.65890503 4278190335
0.384541 0.106285 0.66474003 4278190335
0.37303299 -0.14083201 0.65759498 4278190335
-0.042450398 -0.0838596 0.682661 4278190335
0.352855 -0.0961238 0.67356598 4278190335
0.223123 0.27031001 0.599792 4287730029
0.48543701 0.238133 0.56023097 4293585428
-0.34405899 0.35009101 0.51584101 4278190335
0.35283399 0.0593643 0.68056601 4278190335
-0.028385101 -0.0427715 0.688416 4278190335
0.165681 -0.37048799 0.49559999 4288453730
0.072882801 -0.0803646 0.68289602 4278190335
0.52153999 0.159817 0.583413 4287532656
-0.111658 0.20103 0.64333802 4291480116
-0.122583 -0.12917601 0.67147601 4287927402
-0.358248 0.270717 0.59047401 4278190335
0.26373699 -0.080433398 0.68367398 4278190335
-0.139598 0.0137574 0.68991101 4288651103
0.583516 -0.235323 0.472177 4292466981
-0.29768699 -0.030347999 0.68946803 4294901248
-0.0185652 0.110108 0.67719299 4278190335
0.027602101 -0.0167601 0.68999898 4278190335
0.39406601 0.234375 0.60598099 4283124659
0.50159699 -0.135598 0.606426 4284045733
0.065036297 -0.040428098 0.68897498 4278190335
-0.097139098 0.078376301 0.68329698 4289177431
0.61393797 -0.120796 0.51398897 4294769666
0.54707497 -0.024376299 0.59995198 4287993193
-0.39142901 0.00490112 0.67575401 4281085138
0.08444 -0.38409501 0.47445399 4282729913
0.0636326 -0.065146901 0.68561298 4278190335
0.13756301 -0.119654 0.67469001 4278190335
-0.054407399 -0.23344401 0.62499702 4293322264
-0.34177101 0.121324 0.66884398 4288585312
0.60538697 0.163416 0.502536 4294769666
-0.34181601 0.136857 0.66483498 4292335399
0.47758201 0.238867 0.56504601 4294901248
0.110833 0.121514 0.67422497 4278190335
0.109788 -0.0085928198 0.68994099 4278190335
-0.069887601 0.226469 0.629421 4292006444
-0.092584401 -0.252002 0.61302298 4294572293
0.187011 0.224693 0.63013703 4285953672
-0.26274699 -0.17898899 0.65375602 4294703875
0.54776198 -0.27742299 0.46996999 4288651103
0.59241402 -0.081804998 0.55197102 4294769666
0.176838 -0.33340201 0.54254001 4294769666
0.638219 -0.13336 0.473557 4291480116
0.108882 0.043691698 0.68875003 4278190335
0.45883301 -0.197524 0.60220301 4289966923
0.34176001 -0.0822597 0.67867798 4278190335
-0.122139 0.21107499 0.637878 4292730145
0.60762 0.079659998 0.53592002 4294638084
0.31299299 0.0271411 0.68833703 4278190335
0.293764 -0.093213998 0.68090397 4278190335
-0.34802499 0.256378 0.60407001 4283650987
0.41927999 0.13414 0.64592397 4278190335
0.124258 0.157966 0.66201103 4278190335
0.0227508 0.0100353 0.69080698 4278190335
0.26041099 0.150738 0.664024 4278190335
-0.49305299 0.0039789402 0.635562 4278190335
0.076221801 0.018783901 0.68979597 4278190335
0.62330198 -0.059857801 0.52234101 4293388055
0.36681801 -0.058871999 0.67720097 4278190335
0.36633101 0.19994999 0.63358903 4278190335
0.54775101 0.16007601 0.56237602 4292006444
0.39157501 -0.25232199 0.59525502 4293124891
0.61106598 0.060396701 0.53588003 4294506502
-0.038376 0.41573799 0.41159701 4278190335
-0.068539202 -0.0425638 0.68870002 4285690508
0.0149941 0.15543599 0.662606 4282993077
0.278447 0.268951 0.60169399 4286348418
0.28748199 0.0532129 0.68762398 4278190335
0.33148301 -0.28519699 0.58379102 4287927402
0.100611 0.092347197 0.681279 4278190335
0.185533 -0.0392114 0.68910998 4278190335
0.38528299 0.11218 0.662292 4278190335
-0.112428 -0.075884901 0.683653 4283782569
0.48313701 0.0802131 0.63286799 4278190335
-0.084823497 -0.0848196 0.682881 4284111524
0.21303099 -0.033822399 0.68904197 4278190335
0.61606801 0.113764 0.51424903 4294703875
-0.197273 -0.100703 0.67929 4294243338
-0.074785598 -0.061105698 0.68654001 4286677373
-0.257516 -0.15521 0.66340601 4294901248
0.125521 -0.089124598 0.68169898 4278190335
-0.215046 -0.29030901 0.58478099 4292401190
-0.32796299 -0.168466 0.65474802 4292138026
0.46916699 0.25422201 0.55917299 4294901248
0.13652 0.0146911 0.69007897 4278190335
0.0386062 0.21776 0.63466001 4284835225
0.321547 -0.0398736 0.68688703 4278190335
0.30908099 -0.094915301 0.67953002 4278190335
-0.249446 0.31932199 0.55774301 4278190335
-0.29603601 -0.227332 0.62800199 4292006444
0.060636699 0.113727 0.676184 4278190335
-0.048933901 0.060001701 0.68619001 4284901016
0.15244099 -0.0573004 0.68673801 4278190335
0.38504201 0.30492601 0.55292797 4292927518
0.33915001 0.218024 0.62905997 4279769318
0.185858 0.17800499 0.65415698 4278190335
0.32044899 -0.157784 0.65988702 4278190335
0.36575699 -0.280285 0.58186001 4292138026
0.470965 -0.0224538 0.64578199 4278190335
0.175952 0.083563097 0.68248701 4278190335
0.424494 0.089116096 0.65594602 4278190335
0.0481597 -0.14009801 0.668419 4283782569
0.190569 -0.19294401 0.64757299 4278848244
0.59908903 -0.046629999 0.55242097 4294703875
-0.368559 0.107011 0.667781 4290295878
0.13414399 0.23732001 0.62335998 4284177315
0.14077 -0.15874501 0.66115099 4278190335
-0.026085099 -0.016687101 0.69059902 4278190335
-0.0113246 -0.191449 0.64778 4289637968
0.33430699 0.160537 0.65703201 4278190335
-0.31844401 0.093752697 0.67825902 4294111756
0.35401699 0.0264374 0.68331099 4278190335
0.34079999 0.177184 0.64905798 4278190335
-0.168639 -0.155935 0.66234398 4292664354
0.16366901 -0.0528257 0.68710399 4278190335
0.286661 -0.0128238 0.69071102 4278190335
0.171156 -0.41844699 0.40502101 4279637736
0.078930303 0.110748 0.67685598 4278190335
0.044500802 0.28311899 0.59036499 4292598563
0.30953801 -0.24360199 0.617926 4280493019
0.040384501 -0.13219 0.67092502 4278190335
0.40268901 0.071467102 0.66690201 4278190335
-0.0449039 -0.17174301 0.65595502 4284308897
-0.0233735 -0.111751 0.67595202 4283979942
0.174417 -0.197685 0.64456803 4278190335
0.28788599 0.114941 0.67528099 4278190335
0.304557 -0.32480699 0.55125302 4292927518
0.532453 0.0872242 0.60158098 4288782685
0.28678599 -0.18623 0.64965397 4278190335
0.457032 0.243706 0.57321 4291216952
0.46523601 -0.045229401 0.64669901 4278190335
0.37576801 -0.165905 0.64659101 4278190335
-0.13629 -0.0630771 0.68616903 4292006444
-0.059278101 0.143672 0.66682303 4285295762
0.19337299 -0.126922 0.67191899 4278190335
0.415773 -0.13302501 0.64734 4278190335
0.430085 -0.34123501 0.490623 4289440595
0.13280401 -0.30038801 0.575912 4294177547
0.094039403 -0.296711 0.57837802 4291874862
0.36787701 -0.0223055 0.68090498 4278190335
-0.246308 -0.35988 0.510539 4280558810
0.455257 0.343362 0.47137401 4293717010
0.45392501 0.042054001 0.65255398 4278190335
-0.242636 -0.26811901 0.60227197 4284243106
0.47946799 0.062770903 0.63811499 4278190335
0.067236997 0.11574 0.67539197 4278190335
-0.089825198 0.14654399 0.66594201 4291085370
0.093080401 -0.3908 0.46338901 4285295762
0.42658901 0.303911 0.53692299 4294638084
0.66756898 -0.0121265 0.46469101 4292795936
-0.39431301 -0.0715864 0.66933203 4285229971
0.32010001 0.112299 0.67367202 4278190335
0.47639799 0.0777096 0.63625598 4278190335
0.124794 -0.183841 0.65134901 4281808839
0.0130459 0.40216199 0.44295299 4281348302
0.29831201 -0.328071 0.54774201 4293717010
0.27630499 0.177325 0.65445203 4278190335
0.0124247 0.0137356 0.690346 4278190335
-0.294222 0.15707 0.661704 4292072235
-0.14166699 0.0103058 0.69005501 4286348418
0.100794 0.17991599 0.65350902 4285493135
-0.038336899 -0.216144 0.63522702 4290559042
0.183706 0.20080701 0.64271301 4278190335
-0.074697897 0.362268 0.50722599 4287006328
-0.202122 0.225566 0.62936199 4294769666
0.43593001 -0.10931 0.64754301 4278190335
0.1389 0.0172155 0.68998599 4278190335
-0.28950101 -0.024318101 0.689448 4294835457
0.232962 -0.103972 0.67782402 4278190335
0.354812 -0.196678 0.63747799 4278190335
-0.0155193 -0.221131 0.63215202 4292993309
0.161235 0.0362119 0.689349 4278190335
-0.074600101 -0.074485503 0.68467402 4279966691
0.37508199 -0.20703501 0.62831497 4278190335
0.099665999 0.100092 0.67971098 4278190335
0.34752199 0.224417 0.623707 4283650987
-0.216699 -0.316957 0.559995 4282927286
0.23589 0.110834 0.67626101 4278190335
-0.112522 -0.16948199 0.65771103 4292532772
0.13007399 -0.289662 0.584243 4291348534
0.230397 0.147781 0.66527301 4278190335
0.28186101 0.18254299 0.65134901 4278190335
0.44027501 -0.280543 0.55184603 4292466981
0.55338502 -0.239593 0.50268197 4293388055
0.48766601 -0.260811 0.54036403 4294111756
0.494748 0.0123304 0.63487101 4283453614
0.267667 -0.165061 0.65916502 4278190335
-0.048758999 -0.101676 0.67934602 4281808839
0.43237799 0.095441699 0.65246803 4278190335
0.341932 0.18144099 0.646707 4278190335
-0.17557 0.31193101 0.56427801 4291414325
-0.180757 0.0128888 0.69038099 4290427460
-0.25421101 -0.104173 0.67865598 4294638084
0.459465 0.25114799 0.566549 4293848592
-0.32071099 -0.12803 0.66962898 4288914267
0.123207 -0.1542 0.66325599 4278190335
0.085289501 0.133251 0.67072499 4278190335
0.40584299 0.18514299 0.62967497 4278190335
-0.243835 -0.20442 0.64177799 4290295878
-0.097403698 0.110797 0.67638701 4289177431
0.53425997 0.140219 0.58312798 4288914267
0.229231 0.117772 0.674591 4278190335
0.13833299 0.19173101 0.64777499 4278190335
0.434926 -0.056754801 0.658494 4278190335
-0.054576401 0.26109001 0.60699803 4294769666
0.103736 -0.016678801 0.69018 4278190335
0.308662 -0.027974499 0.68893898 4278190335
0.072105996 0.13458601 0.66986603 4278190335
0.111169 0.28968 0.58483899 4291743280
-0.30679601 -0.034669001 0.68807602 4293914383
0.54120803 0.084148303 0.59589303 4288058984
0.25392699 -0.08478 0.68274599 4278190335
0.137509 0.372058 0.494194 4293980174
0.215772 0.249152 0.61486399 4286874746
0.24465699 -0.065487199 0.68527001 4278190335
0.248796 0.17843901 0.65309501 4278190335
-0.138411 -0.075226396 0.68378502 4287664238
-0.14804199 -0.200903 0.64305001 4294309129
-0.496243 0.108062 0.61833 4278190335
-0.030523101 0.23418701 0.62437099 4290822206
0.137302 -0.171683 0.656371 4278190335
0.50057 -0.078331999 0.62313497 4281414093
0.0800917 0.12741201 0.67222703 4278190335
-0.271824 -0.30538699 0.57103401 4280098273
0.39402801 0.229891 0.609703 4280690392
0.093722403 -0.195425 0.64556003 4278190335
0.13747001 0.0312222 0.68968099 4278190335
-0.095088199 0.20550101 0.64085603 4292664354
0.208157 0.179768 0.65345699 4278190335
0.483399 -0.18776301 0.59407902 4287072119
-0.145808 -0.210302 0.63781202 4294243338
0.38972101 -0.042183299 0.674061 4278190335
0.033399101 0.37606299 0.487335 4291940653
0.042690899 0.35558799 0.51620698 4292730145
-0.00206647 0.0883893 0.681279 4281019347
-0.054366201 -0.19262899 0.64730603 4289506386
0.44824401 -0.226733 0.58922201 4286480000
0.30771601 0.116858 0.67423499 4278190335
0.58379 -0.058709301 0.56562603 4290822206
-0.33872601 -0.276869 0.59051901 4283387823
0.18748499 0.053879999 0.68761498 4278190335
0.227823 0.0462205 0.688039 4278190335
0.33974999 -0.162847 0.65524501 4278190335
-0.092104897 0.067968503 0.68542802 4283914151
-0.153863 -0.197069 0.64554799 4294309129
0.56310302 0.0037872901 0.588485 4288914267
-0.084977098 0.31887299 0.557908 4294703875
0.25949499 0.163827 0.659114 4278190335
0.59299397 -0.037166301 0.55909699 4294769666
-0.27731299 0.112919 0.67637199 4294901248
0.0410733 0.34388599 0.53028202 4294835457
0.33704001 -0.099696301 0.67501801 4278190335
0.076164998 -0.166178 0.65847802 4278190335
-0.14164899 -0.131533 0.67093199 4289769550
0.35369301 -0.156675 0.65542698 4278190335
-0.19848099 -0.103161 0.67828602 4294045965
0.151912 -0.080890998 0.68314499 4278190335
0.16321 0.37726301 0.485535 4293914383
0.57326001 -0.086712599 0.567927 4291874862
0.18379501 0.22040799 0.63255501 4282203585
-0.183585 0.239577 0.621768 4294901248
0.235551 -0.29639801 0.57900798 4291348534
-0.141785 0.0758361 0.684066 4290361669
-0.24274001 0.35460499 0.51703399 4279835109
0.41163 -0.069702096 0.66420501 4278190335
0.074194402 0.35534599 0.517187 4294309129
0.52932298 0.26912999 0.499385 4289703759
0.12740301 -0.076880701 0.68432301 4278190335
0.168722 -0.192238 0.64762402 4278190335
-0.40494901 -0.14958 0.64493102 4283716778
0.49160999 -0.024178701 0.63569701 4278190335
-0.342749 -0.038257699 0.684591 4293585428
0.20035499 -0.19099 0.64764202 4278190335
0.33357599 0.033836201 0.68567902 4278190335
0.52426302 0.070587203 0.610695 4280624601
0.25663099 0.16159999 0.66045702 4278190335
0.0141043 -0.35091799 0.52258098 4289835341
0.028919701 -0.158464 0.66201401 4286808955
0.26021501 0.28797299 0.58616799 4288980058
0.196817 0.142584 0.66746598 4278190335
0.51326102 0.0103369 0.62411398 4278453498
0.0035328099 0.0025811801 0.690005 4278190335
0.41243699 -0.059467699 0.66533899 4278190335
0.16016699 -0.25792301 0.60949701 4285887881
0.443784 -0.0272048 0.657574 4278190335
0.117893 0.127804 0.671552 4278190335
0.60267299 0.216547 0.463604 4292927518
-0.35522899 0.034083001 0.68195099 4292269608
0.0312024 0.14448 0.66697901 4278190335
0.31761399 0.148825 0.66355997 4278190335
0.233632 -0.242529 0.61970299 4284374688
0.34266499 0.11019 0.67145002 4278190335
0.303202 0.29411 0.58028698 4290032714
0.36983001 0.0193682 0.68080503 4278190335
0.183043 0.372403 0.49381199 4294440711
0.45576501 0.28810301 0.53609401 4293848592
0.60776103 -0.12567601 0.519391 4294901248
0.28130201 -0.23985 0.621732 4285624717
-0.215774 -0.0078314301 0.69052798 4292598563
0.473104 -0.0033436101 0.64564699 4278190335
0.22863901 -0.048364099 0.68796003 4278190335
0.251102 0.0607884 0.68590999 4278190335
-0.147043 0.038469199 0.68845099 4288322148
0.59171301 0.127288 0.53718501 4294638084
0.390986 -0.15482099 0.64754599 4278190335
0.216469 0.168092 0.65774697 4278190335
0.189151 0.263695 0.60544503 4287137910
0.25973099 0.125131 0.67230201 4278190335
-0.31212601 -0.0040313299 0.68949699 4294506502
-0.087578803 -0.0078720003 0.69045502 4282006212
-0.183832 0.087685302 0.682078 4291414325
0.29840899 0.40598601 0.432675 4286940537
0.53407598 -0.066798598 0.60452998 4284572061
-0.23351 0.30013099 0.57621503 4287203701
-0.48037699 -0.035671599 0.64099997 4278190335
-0.27614799 -0.18205599 0.651577 4293717010
-0.25531301 0.286874 0.58719301 4286414209
-0.14788499 -0.0113042 0.69026703 4291545907
0.158107 0.109071 0.67676598 4278190335
0.34037799 -0.058815598 0.68191499 4278190335
-0.061360199 0.28760701 0.58618301 4293980174
-0.17388099 -0.26108399 0.60648 4293388055
0.35470101 -0.0137989 0.68322498 4278190335
0.43960801 0.070376702 0.65485698 4278190335
0.0221982 0.140668 0.66751999 4278190335
-0.35426301 0.147898 0.65830803 4290559042
0.0916299 -0.19692899 0.64541799 4278190335
-0.060209401 0.33805799 0.53794199 4288782685
-0.233449 -0.34208599 0.53220803 4285098389
0.451399 -0.14136299 0.63103598 4278190335
-0.0235555 -0.0069701602 0.69080502 4278190335
0.49868599 -0.038523201 0.63050401 4284045733
0.20208301 -0.206025 0.64046001 4278190335
0.176119 -0.38537699 0.47239 4293519637
0.36538401 -0.044957198 0.67959702 4278190335
-0.46386501 -0.080342703 0.642106 4278190335
0.56069201 -0.15671299 0.55305499 4293585428
0.041982401 -0.119793 0.67392498 4278519289
0.427268 0.352047 0.47739199 4288322148
0.41491601 -0.18823101 0.62560201 4287993193
0.385281 -0.0298406 0.67679501 4278190335
0.32143599 0.26207799 0.60314 4283190450
-0.287819 0.21118499 0.63739002 4287532656
0.27037099 -0.28104499 0.59258503 4287401074
0.52702802 0.131963 0.59164202 4291743280
0.0230092 0.029564699 0.68912202 4278190335
-0.248676 -0.131053 0.67068398 4294835457
0.235682 -0.33616799 0.539226 4294901248
-0.25514999 -0.22669999 0.62978899 4293388055
0.162094 -0.17689499 0.65447801 4278190335
-0.125122 0.26343599 0.604864 4294901248
0.47253701 0.25510499 0.55528802 4292335399
0.41615999 -0.231207 0.600752 4287203701
0.401458 0.125671 0.65490597 4278190335
-0.417891 -0.087521598 0.65948099 4278190335
0.076977402 -0.402513 0.44196501 4280953556
0.25886801 -0.014111 0.69036698 4278190335
-0.39322501 -0.20326 0.62525803 4278190335
-0.27626899 0.30405399 0.572339 4281282511
0.0148963 0.0848599 0.68259102 4278190335
0.089864001 -0.071175799 0.68468201 4278190335
0.40264899 0.242001 0.59856403 4290032714
0.302093 0.103903 0.67754298 4278190335
0.31351301 -0.115938 0.67333198 4278190335
-0.26118299 -0.183239 0.65158302 4294374920
0.43029001 -0.0794622 0.656811 4278190335
0.40874201 -0.0519442 0.66776198 4278190335
0.0896364 -0.027945399 0.68980199 4278190335
0.213467 0.25780201 0.609375 4284506270
0.170348 -0.114221 0.67584902 4278190335
-0.138226 -0.033351202 0.68912101 4287203701
0.312049 0.22805201 0.62680697 4278914035
0.060986701 -0.116036 0.67577899 4278190335
0.090164497 0.345983 0.52831 4294835457
-0.167919 0.038855501 0.68859297 4292466981
0.104022 0.187223 0.65016502 4278190335
0.446776 -0.118032 0.64065897 4278190335
0.55549699 0.137281 0.56734902 4291677489
-0.158031 0.137693 0.66865402 4292006444
0.54828399 0.25535899 0.49364299 4294638084
0.37864399 -0.0093099996 0.67927402 4278190335
0.64238602 -0.113489 0.47811401 4293914383
0.413863 -0.24692699 0.590801 4287730029
0.44849399 -0.10868 0.64262003 4278190335
0.38307101 -0.088964 0.66887701 4278190335
-0.284495 0.23049 0.62651199 4283848360
0.337037 0.182843 0.64771801 4278190335
0.145575 0.0011768501 0.69055098 4278190335
0.279089 -0.086961202 0.68216997 4278190335
0.20077699 -0.075150996 0.68388402 4278190335
0.16787 -0.187361 0.64944601 4278190335
0.284913 0.065541901 0.68570602 4278190335
0.040896099 -0.30678001 0.56978703 4294506502
0.095967799 0.088975497 0.68162 4278190335
0.351403 0.157351 0.65606099 4278190335
0.37780899 0.0857585 0.67043298 4278190335
0.35786101 -0.026977601 0.682702 4278190335
0.147724 -0.22046299 0.63295102 4281414093
-0.0087427301 0.15942299 0.661183 4282664122
0.17064001 0.030176099 0.68912202 4278190335
0.256908 -0.416356 0.41170299 4285427344
0.48627201 0.21189 0.57839102 4290624833
0.17310099 -0.127073 0.67206901 4278190335
-0.23771501 -0.31607899 0.56050402 4287598447
-0.28720301 -0.076866999 0.68368298 4294901248
-0.037557099 0.085158199 0.68283099 4280427228
0.338063 -0.201097 0.638493 4278190335
0.40813601 0.19610099 0.62407899 4286677373
0.192081 -0.15314201 0.66329801 4278190335
0.66450799 0.0698881 0.46031901 4289309013
0.063372098 0.327254 0.54975998 4293651219
-0.23839299 0.30575201 0.57085598 4288651103
0.53772002 -0.060122602 0.60266101 4284769434
-0.34087801 -0.14810599 0.66080397 4292138026
0.40057099 -0.146286 0.64748502 4278190335
0.16628399 -0.18843199 0.649459 4278190335
0.474866 0.084326997 0.63568598 4278190335
0.372255 0.032151401 0.67899001 4278190335
-0.28181499 -0.26524201 0.604159 4283322032
0.142116 -0.229811 0.62779701 4281282511
0.33611399 0.0802157 0.67980498 4278190335
0.28761801 -0.25284401 0.61309099 4287664238
0.142598 -0.13308799 0.67018503 4278190335
0.16574501 0.074880198 0.683743 4278190335
0.48261401 0.15280201 0.610798 4282795704
0.40022299 -0.090822101 0.66374302 4278190335
0.34115401 -0.091623999 0.67654699 4278190335
-0.036658101 -0.197589 0.64513099 4291743280
0.50399101 -0.00836989 0.62979198 4278190335
-0.048602 0.0119302 0.69041699 4278190335
0.66042399 -0.076814301 0.46320799 4293124891
-0.406075 0.0382565 0.67038703 4282137794
0.343447 -0.23356099 0.61975402 4281743048
0.31869301 -0.33392799 0.53949797 4294440711
0.13015001 -0.188059 0.64968997 4278190335
0.093975201 -0.40496099 0.43639299 4285822090
0.062424898 0.096261397 0.68044102 4278190335
0.074618697 0.0173987 0.69041097 4278190335
0.108833 0.178186 0.65380502 4278190335
0.088938497 0.120144 0.67425603 4278190335
0.0569073 -0.0206466 0.68976998 4278190335
-0.0873456 -0.0715684 0.684385 4285098389
0.042754699 -0.080669299 0.68314499 4278190335
0.31048799 -0.28987199 0.58369702 4289901132
0.34776101 0.037147101 0.68351197 4278190335
0.414341 -0.032067999 0.66799903 4278190335
0.125039 -0.237556 0.62321401 4284572061
-0.028931901 -0.121909 0.673428 4278190335
0.39517999 0.26175699 0.58704197 4293453846
0.114792 0.12817501 0.67211503 4278190335
0.17804299 -0.029991999 0.68925399 4278190335
0.38124499 -0.223758 0.616741 4282927286
0.233997 0.0132239 0.69073999 4278190335
-0.0432299 -0.076890297 0.68400198 4279966691
0.29288 0.139524 0.66824502 4278190335
0.40737599 -0.27303499 0.57341802 4293519637
0.29961401 -0.104135 0.67725497 4278190335
-0.31098199 0.0589213 0.68540001 4293782801
0.55994701 -0.26461899 0.469347 4287927402
0.037135702 -0.211181 0.63767898 4289243222
0.47974101 -0.099028297 0.629825 4278453498
-0.224465 -0.020733699 0.69012499 4294967040
-0.052186001 0.0423593 0.68856001 4282269376
0.38367999 -0.076995 0.67138702 4278190335
-0.22506499 -0.32609999 0.55115902 4284572061
0.18998399 -0.093316101 0.68034899 4278190335
0.198125 0.155696 0.66238701 4278190335
-0.38879001 0.278256 0.57565397 4278190335
0.33793801 -0.245222 0.61270499 4290230087
0.23211201 0.139709 0.66820198 4278190335
0.32095999 -0.17887899 0.651191 4278190335
-0.023760499 -0.31762701 0.55943102 4294901248
0.311546 -0.180941 0.650962 4278190335
0.1771 0.072961703 0.68499303 4278190335
0.38743901 -0.25316301 0.59589201 4287269492
0.30835801 -0.088225499 0.68037403 4278190335
-0.059228402 -0.160111 0.66096401 4285624717
-0.039507098 0.089009203 0.68147498 4281282511
0.60736102 0.085392401 0.534935 4294901248
-0.110136 -0.017673001 0.690584 4283387823
-0.226717 0.166417 0.65822101 4294703875
0.284998 -0.265843 0.603329 4284308897
0.17319199 0.16235401 0.66060799 4278190335
0.098365001 0.243488 0.61856699 4284572061
-0.28357199 -0.211952 0.63709998 4288585312
0.40982699 0.0395803 0.66854501 4278190335
0.216585 -0.231203 0.62602198 4285229971
0.53214997 0.074982703 0.60449398 4283453614
0.54410499 -0.064849101 0.59745902 4291151161
0.041432001 -0.130629 0.67106903 4278190335
0.217877 0.120076 0.67402399 4278190335
-0.42720199 0.0302727 0.663463 4279703527
0.503501 0.0152376 0.62933898 4282006212
0.68671 -0.088014603 0.40597001 4278190335
0.242902 -0.127185 0.67226499 4278190335
0.192426 -0.16070101 0.66077799 4278190335
0.267685 0.13290399 0.670344 4278190335
0.324173 -0.149152 0.662525 4278190335
0.219127 -0.34199101 0.53362799 4294440711
0.17091 0.0112522 0.69055098 4278190335
0.45936 -0.104672 0.63858801 4278190335
0.65252298 0.037609901 0.48642701 4290756415
0.46145299 0.067189097 0.646038 4278190335
0.64988601 -0.113386 0.46546099 4293190682
-0.0250175 -0.144585 0.66697401 4280953556
-0.34110501 -0.109419 0.67226601 4292335399
0.0186128 -0.077910803 0.68357402 4278190335
0.0167404 0.038123999 0.688986 4278190335
0.40087101 0.22408 0.61114502 4285295762
0.322952 -0.090007901 0.67862302 4278190335
0.49314299 0.0038429899 0.63498002 4282795704
0.061879698 0.159392 0.66099399 4278190335
0.261112 -0.17026401 0.65666801 4278190335
-0.324889 -0.034147799 0.68709999 4294703875
0.085354999 -0.101718 0.67846 4278190335
0.62816399 0.18878201 0.44968599 4291348534
0.25179899 -0.106036 0.67824203 4278190335
-0.104506 -0.127472 0.67192203 4292335399
0.53307903 -0.12702601 0.588884 4288782685
0.34048101 0.167457 0.652897 4278190335
-0.26572201 -0.194754 0.64631301 4294440711
0.244331 -0.113078 0.67595702 4278190335
0.38838801 0.178831 0.63805801 4282072003
0.35933301 -0.249928 0.60618001 4283190450
0.48413399 0.19483601 0.58911699 4288387939
0.46510801 -0.0034984599 0.64933503 4278190335
0.393695 -0.29407701 0.56051397 4292730145
0.322218 -0.25773501 0.60690498 4281743048
-0.185018 0.0049751 0.69089001 4290295878
0.236321 -0.30333501 0.57283199 4289835341
-0.12576 -0.234219 0.625099 4294901248
0.0413801 -0.068529002 0.685202 4278190335
0.50275701 0.207744 0.57030302 4293717010
0.127894 -0.259231 0.60839099 4286480000
0.423204 0.25211799 0.58301902 4294572293
0.47358599 0.040820401 0.64356297 4279242990
0.46197701 -0.32592201 0.4894 4292730145
0.63906902 -0.185003 0.43449101 4283585196
0.384974 -0.082862698 0.66929901 4278190335
-0.132219 -0.189394 0.64850801 4293453846
0.155573 -0.141956 0.66759998 4278190335
0.29371801 -0.13747901 0.66858202 4278190335
0.073727198 -0.124782 0.673042 4278190335
-0.0053653801 -0.201612 0.64296901 4286151045
0.55668199 -0.219897 0.51644403 4294835457
0.51777297 -0.0942261 0.60884702 4282927286
0.031787399 0.196596 0.645163 4282006212
0.048416302 0.165007 0.65890098 4278190335
0.45494199 -0.25986901 0.56245703 4292532772
0.31977499 0.36296901 0.50339198 4294309129
0.119973 -0.22806901 0.62875199 4279242990
0.29838699 0.21973801 0.63259703 4283190450
0.46282899 -0.0117363 0.65034997 4278190335
-0.14218201 -0.056697499 0.68688101 4290361669
0.27354801 0.346284 0.52807498 4293453846
0.62111801 0.141222 0.49471501 4289835341
-0.092579998 0.077098303 0.68338603 4282532540
0.45107901 -0.0137996 0.654953 4278190335
0.020519 0.34147 0.53357399 4294703875
0.018823 -0.38098699 0.480564 4287006328
0.53802299 0.21715599 0.53621203 4294374920
0.28101 -0.29160699 0.58272702 4293651219
0.229231 0.133845 0.66977203 4278190335
0.20614301 0.29064199 0.58466601 4294045965
0.41794899 -0.29734501 0.54785001 4293585428
0.219951 0.115509 0.67525899 4278190335
0.27950701 -0.070485801 0.685314 4278190335
0.20665701 -0.187411 0.64942902 4278190335
0.0693129 -0.31580999 0.56065702 4294769666
0.13382401 0.32371101 0.55268902 4294243338
0.29549399 0.146337 0.66572702 4278190335
0.147036 -0.200377 0.64289498 4278190335
0.0267614 -0.32667699 0.55051899 4294901248
0.34450501 0.180401 0.64694202 4278190335
0.0705368 0.0140365 0.69071501 4278190335
0.177705 -0.25395101 0.61253798 4283979942
0.39974299 -0.096668497 0.66293699 4278190335
0.18257201 -0.39532301 0.45615399 4285822090
0.44509 0.101736 0.645742 4278190335
-0.31663001 0.26594001 0.601421 4285164180
-0.13611101 -0.26938501 0.60110098 4291743280
0.150104 0.25194901 0.61350298 4283848360
0.31333801 -0.0348478 0.68767399 4278190335
-0.035184901 0.18345 0.65155703 4285887881
0.315294 -0.195694 0.64449 4278190335
-0.145216 0.38374701 0.47514999 4278190335
0.047195598 0.057703901 0.68642402 4278190335
0.48168999 -0.315063 0.48824701 4288124775
0.130133 0.110911 0.67626703 4278190335
0.40487099 -0.140854 0.64816499 4278190335
0.35753101 -0.31140801 0.55484998 4293190682
0.073565699 0.326875 0.54941899 4294901248
-0.41526499 -0.12653001 0.65011501 4278190335
0.0232492 -0.069278903 0.68516898 4278190335
0.26427999 0.0260564 0.69020098 4278190335
-0.161016 0.15124799 0.664599 4293585428
0.023887601 -0.264595 0.60482901 4291545907
0.0111651 0.27731499 0.594558 4292927518
-0.047903702 -0.029182199 0.689641 4278190335
-0.0096244104 -0.124675 0.67308497 4284901016
0.073601998 -0.0811252 0.68363202 4278190335
0.0428892 0.182098 0.65173 4279111408
-0.16127799 0.060787302 0.686746 4289177431
0.085757799 -0.213359 0.636832 4282993077
0.488341 -0.21303201 0.57646799 4291743280
0.114662 0.29539901 0.57966202 4294835457
-0.209361 -0.22291 0.63168001 4294901248
0.43673801 -0.146667 0.63555199 4278190335
0.431279 0.099016197 0.65135801 4278190335
0.086444303 -0.13687401 0.66954702 4278190335
0.52868903 0.014321 0.614254 4281019347
0.605129 0.240583 0.433606 4289506386
0.616687 0.180189 0.474731 4287532656
0.025255499 0.269059 0.601345 4294835457
0.43854499 0.228745 0.59319502 4289901132
-0.25359499 0.031192999 0.68895799 4293980174
0.38908401 0.088910103 0.66687101 4278190335
0.287635 0.0044709798 0.68990397 4278190335
-0.50594503 0.021419199 0.62751299 4278190335
-0.18716399 -0.065314204 0.68523902 4293059100
0.085403897 -0.35322499 0.51941699 4291874862
0.250999 -0.045933399 0.688218 4278190335
-0.026183 0.399777 0.447175 4285822090
0.31881401 0.0987418 0.677239 4278190335
0.43851101 -0.105449 0.64769697 4278190335
0.42411101 0.211739 0.60926199 4291677489
0.292602 0.236711 0.62243497 4278190335
0.248928 0.032703102 0.68888199 4278190335
-0.151254 0.0410919 0.688941 4291611698
0.33403 0.31007999 0.562244 4294901248
0.0100685 -0.090582699 0.68106401 4278190335
-0.26670399 -0.116025 0.67488801 4294901248
0.44441101 -0.097295403 0.64648801 4278190335
-0.042183101 -0.32056999 0.556225 4294638084
0.172474 0.114741 0.67610002 4278190335
0.127349 0.24381401 0.61815298 4283848360
0.485055 -0.048460402 0.63738698 4280361437
0.45451701 -0.211152 0.59592599 4286874746
0.64900702 0.0191202 0.493377 4293651219
0.189068 0.137659 0.66882801 4278190335
0.237902 -0.158462 0.661488 4278190335
0.410409 -0.0250574 0.66966099 4278190335
0.28127399 0.054262102 0.68738002 4278190335
-0.045965999 0.134012 0.67003798 4280624601
-0.222325 0.26786 0.60211498 4285361553
0.32218 0.182367 0.64900899 4278190335
0.122476 0.159301 0.66094297 4278190335
-0.107195 0.118923 0.67491001 4286677373
-0.097823203 -0.0611463 0.686584 4287466865
0.092990398 -0.235578 0.62333101 4284111524
0.47958499 -0.182556 0.59924001 4292664354
-0.0303635 0.265071 0.60392803 4294769666
0.39513901 0.070568196 0.66900402 4278190335
0.124293 -0.095439397 0.68057603 4278190335
-0.058668099 -0.039615899 0.68925399 4280098273
0.315503 -0.0142969 0.68823802 4278190335
0.41536599 -0.403254 0.38508901 4278190335
0.080837898 -0.13816801 0.66859299 4278190335
0.173871 -0.176174 0.65412498 4278190335
0.38503301 0.282947 0.57394803 4291282743
0.128649 -0.383351 0.475757 4292006444
0.36158901 0.239785 0.61156303 4281085138
0.015573 -0.0445357 0.68842202 4278190335
0.42634001 -0.107809 0.65100902 4278190335
0.0414024 -0.115226 0.67508501 4278190335
0.0581205 0.101802 0.67891598 4278190335
0.0329067 -0.13936999 0.66872901 4278190335
0.531775 0.106961 0.59642601 4286611582
0.173438 -0.12846699 0.67193502 4278190335
0.0054523498 -0.14966799 0.66524702 4278190335
0.33855101 -0.177775 0.64888901 4278190335
0.17856701 -0.092954598 0.68066001 4278190335
-0.208231 0.19984999 0.64331597 4294901248
-0.2694 -0.239691 0.62187099 4290756415
0.220908 0.264112 0.605111 4285887881
0.51757097 -0.106942 0.60578901 4282532540
-0.049034402 0.351908 0.52153403 4292730145
0.38249901 -0.26889601 0.58515698 4289769550
0.383259 0.14836299 0.652394 4278190335
0.34560999 0.31380901 0.55558699 4293059100
0.428929 0.114375 0.64909101 4280953556
-0.33086601 -0.103797 0.67546201 4293980174
0.0182012 0.000893349 0.69098002 4278190335
-0.051757 0.095434502 0.68041497 4278387707
-0.0063638198 0.153384 0.66374803 4279571945
0.072708502 0.158747 0.66153198 4278190335
0.37974799 -0.17136601 0.64441597 4278190335
0.46445501 -0.050123099 0.646263 4278190335
0.43805301 0.0508372 0.65736002 4278190335
0.56515801 -0.066776901 0.579844 4289637968
-0.0257347 0.100734 0.679492 4283848360
0.485495 0.073822699 0.63327098 4278190335
0.422786 0.0044779899 0.66665798 4278190335
0.64212 0.143813 0.46116599 4287401074
0.165252 0.33536899 0.54115498 4294769666
0.52729398 0.056676399 0.61105102 4283453614
0.166592 0.110142 0.676669 4278190335
0.083819598 -0.083187699 0.68308097 4278190335
0.272686 0.274216 0.59700298 4284374688
-0.15271799 -0.133092 0.66986698 4294572293
0.29322499 -0.21594401 0.63526303 4278190335
0.16543899 -0.12756801 0.67245501 4278190335
-0.106506 -0.38467601 0.47408801 4285229971
0.17044801 0.077959098 0.68348497 4278190335
0.056156099 -0.020152001 0.69013202 4278190335
0.47630301 -0.165106 0.60844702 4290098505
-0.181335 0.036614701 0.68863899 4290822206
0.36655 0.0432074 0.67948198 4278190335
0.082796901 -0.213113 0.63656402 4285558926
-0.37872499 -0.237027 0.60956597 4278190335
0.017159799 -0.38590899 0.47273001 4291019579
0.071299903 0.36449301 0.503649 4292138026
0.172969 0.172408 0.65566599 4280690392
0.170848 -0.23204499 0.62658602 4279045617
0.195565 0.035493601 0.68922198 4278190335
0.117531 -0.146734 0.66620499 4278190335
0.30475301 0.00469747 0.69005603 4278190335
0.30156299 -0.024543701 0.68908697 4278190335
0.080847599 -0.0097577898 0.69009 4278190335
0.101392 0.0124607 0.69067901 4278190335
0.057493299 0.420912 0.39977801 4278848244
0.23601501 -0.089880899 0.68173599 4278190335
0.092971101 -0.139071 0.66828603 4278190335
0.15031201 -0.317563 0.55993998 4292730145
0.0087246802 0.020937201 0.69001198 4278190335
0.63107198 0.110386 0.49600101 4294374920
0.42048901 -0.239381 0.593476 4289769550
0.25002599 -0.211897 0.63751698 4278190335
-0.233135 0.31445301 0.562249 4289374804
-0.225062 0.182743 0.65144402 4294901248
-0.112348 0.16438501 0.65950298 4291545907
0.29480201 -0.029284401 0.68970501 4278190335
0.40715301 0.34283999 0.50172901 4294835457
0.63313401 0.0219067 0.514992 4294901248
0.273821 -0.069199502 0.68563199 4278190335
0.35479301 0.0680447 0.67895001 4278190335
0.468297 -0.15678 0.61665201 4280361437
0.14859401 -0.075913697 0.68387598 4278190335
-0.190661 0.045981701 0.68779898 4291019579
0.0593483 -0.043755099 0.68787402 4278190335
0.13786399 -0.12807 0.67165601 4278190335
0.117497 0.224592 0.63084102 4281677257
0.22296301 -0.31756499 0.558671 4293256473
-0.275038 0.087512799 0.68206197 4294901248
0.16437399 0.22413599 0.63076699 4284572061
0.41346699 -0.246866 0.591524 4293914383
-0.00950603 0.268944 0.60113698 4294769666
0.49196801 0.134242 0.61241001 4279900900
0.020600401 0.0038498801 0.69018197 4278190335
0.63264602 0.233629 0.38690901 4281019347
0.0577862 -0.054368801 0.68685699 4278190335
0.25171801 -0.0238024 0.69030601 4278190335
0.37512401 0.27755401 0.58057702 4293717010
0.479711 -0.144171 0.61532599 4290164296
0.105561 0.107344 0.677652 4278190335
0.187286 -0.191415 0.64781302 4278190335
0.50780302 0.097128302 0.61425197 4286480000
0.46925801 0.160032 0.61483598 4284308897
0.47319499 -0.140067 0.62048203 4284243106
0.165728 -0.38161701 0.479808 4292006444
0.19475301 -0.232939 0.62594301 4284308897
0.318095 -0.095748797 0.67866701 4278190335
0.024742501 -0.201556 0.642676 4282927286
-0.289397 0.0132898 0.69042701 4294835457
0.37461001 0.31186599 0.55058402 4294901248
-0.064547002 -0.306723 0.56936699 4294572293
0.17862201 -0.149454 0.66499299 4278190335
0.199431 0.23142 0.62678498 4284308897
0.48209199 0.27108899 0.53510201 4294835457
-0.0700958 -0.24124099 0.61983401 4293388055
0.237985 -0.081684299 0.68309498 4278190335
0.412166 0.121647 0.65225101 4278190335
0.062284902 0.32183701 0.55536598 4293782801
-0.159557 -0.079954602 0.68314397 4288980058
0.085471697 -0.158287 0.66197097 4278190335
0.33472401 0.21277 0.63305098 4283256241
0.12587801 -0.29023501 0.58423799 4291611698
0.423262 -0.0217473 0.66592097 4278190335
0.25852799 0.22837099 0.62777001 4278190335
-0.287319 0.088987797 0.68184602 4294703875
0.072872803 -0.022310499 0.69010103 4278190335
0.66701001 0.083212197 0.45017001 4289901132
0.289415 -0.25971699 0.60809702 4284308897
0.349044 -0.085810103 0.67654198 4278190335
0.50133801 -0.123263 0.61114103 4287795820
0.209373 -0.16103899 0.66104102 4278190335
0.145253 0.188437 0.64936298 4278190335
0.412817 -0.134345 0.64841199 4278190335
-0.0157503 0.127986 0.67152798 4278190335
0.097102404 0.24856199 0.61601698 4292993309
0.032964598 -0.0141312 0.69075298 4278190335
-0.059324101 0.066311702 0.68549699 4284506270
0.370691 -0.30317101 0.55905002 4294374920
0.312823 0.195467 0.644333 4278190335
0.16562 -0.11766 0.67484897 4278190335
-0.476798 0.111283 0.62782598 4278190335
0.19183099 0.198403 0.64473498 4278190335
0.26896399 0.268989 0.60107797 4292269608
0.38006699 0.29890099 0.561023 4292598563
0.617477 0.109462 0.514081 4294901248
-0.195748 -0.0270747 0.68929702 4292072235
0.25938901 0.0250168 0.68950599 4278190335
0.25032699 -0.0148604 0.690355 4278190335
-0.19497199 -0.19368701 0.64716101 4294835457
0.098105401 -0.129242 0.67186803 4278190335
0.30818799 -0.051620498 0.68678999 4278190335
-0.29889199 0.233527 0.62476099 4288980058
0.53076798 -0.277502 0.48847699 4294243338
0.0307568 -0.125478 0.672773 4282269376
0.26933599 -0.33864599 0.536107 4294177547
-0.0579964 0.124469 0.67269802 4281479884
0.19270299 -0.144236 0.66683 4278190335
0.44422901 -0.36172301 0.45105699 4283190450
-0.027290899 -0.161955 0.65984398 4280624601
0.071356401 0.229156 0.628039 4284177315
0.0901305 -0.070886903 0.68501198 4278190335
0.54633498 -0.125686 0.57916701 4290098505
0.069546796 0.13499901 0.66950202 4278190335
0.36825901 0.36089301 0.49348 4292861727
0.55798298 0.080970697 0.58280402 4289572177
0.063848801 0.187362 0.64952701 4278190335
0.28876701 -0.028127 0.68987 4278190335
0.45679501 0.156005 0.62318999 4287598447
0.33081099 -0.078204803 0.68017101 4278190335
0.12404 0.218686 0.63427401 4281479884
-0.075701497 0.282832 0.59046602 4294572293
-0.338954 -0.1719 0.65196598 4290230087
-0.010479 0.13882001 0.66863698 4284177315
-0.307612 -0.0432586 0.68699598 4294901248
-0.13296901 0.075237297 0.68407601 4289966923
0.59753603 -0.0121759 0.55732298 4293388055
0.15989301 -0.077604897 0.68374902 4278190335
-0.203486 -0.14429399 0.666619 4294835457
0.25019899 0.18865301 0.64949 4278190335
0.41585001 -0.153938 0.63958901 4278190335
-0.296404 -0.138735 0.66840702 4293585428
0.39938399 0.30377999 0.55001199 4294243338
0.218042 0.31636399 0.56000102 4292598563
0.42909399 0.0167017 0.66399801 4278190335
-0.0425759 0.0079950904 0.690745 4278190335
-0.0244289 -0.120317 0.67431301 4278190335
-0.185721 -0.22234701 0.63129199 4294901248
-0.29271099 -0.083136603 0.68293399 4294769666
0.230959 0.15187199 0.66393697 4278190335
0.398734 0.22513001 0.61044902 4284835225
-0.088304497 -0.075305402 0.68391502 4281743048
0.17607599 0.117005 0.67470801 4278190335
0.146236 0.086248502 0.681889 4278190335
0.50512397 -0.134799 0.60424 4283650987
-0.29490101 0.249231 0.61475098 4290493251
0.17157499 0.121205 0.67431998 4278190335
-0.25591901 0.111564 0.676395 4294835457
0.282722 -0.27339101 0.597857 4290953788
0.23112001 -0.193929 0.64644098 4278190335
-0.363848 -0.050858799 0.679488 4287137910
0.236993 -0.20917299 0.63892102 4278190335
-0.0099954205 -0.31621301 0.56093198 4294901248
0.0182963 0.0102743 0.69034803 4278190335
-0.213489 -0.058291901 0.68669701 4294111756
-0.057032902 -0.213817 0.63667703 4289769550
0.27852601 0.35083199 0.52232802 4294835457
0.68335599 -0.064850099 0.42442799 4282993077
0.42387101 0.19099399 0.62125301 4288387939
0.219209 -0.14181601 0.66756099 4278190335
0.43073401 0.323154 0.513982 4294901248
0.196963 -0.113238 0.67561603 4278190335
0.68880802 0.0492194 0.41698799 4283256241
0.124335 0.075977199 0.684044 4278190335
-0.229608 -0.0076747099 0.690202 4292730145
0.129778 -0.217885 0.63446999 4279111408
0.17393 0.31293401 0.56348401 4292861727
0.31582201 -0.098918997 0.67746001 4278190335
0.106625 0.26293999 0.60524499 4289111640
0.59258997 -0.18194 0.50596601 4293717010
0.0106058 -0.229533 0.62702101 4287335283
0.052492701 0.0493019 0.68822098 4278190335
0.186988 0.30144799 0.573964 4291151161
-0.043044701 -0.16336 0.65945703 4290822206
0.47418499 -0.16881099 0.608796 4283058868
0.28185701 -0.0589091 0.68694901 4278190335
0.00090185401 0.183368 0.65134102 4281808839
0.090341702 -0.148083 0.66548401 4278190335
-0.093099996 0.0149523 0.68977702 4284835225
-0.090044603 -0.0099183898 0.69052398 4280295646
0.38842401 0.19359399 0.63089901 4278190335
0.41692701 -0.106253 0.65518397 4278190335
-0.19172999 -0.248895 0.61553597 4294769666
-0.277426 -0.204217 0.641258 4292072235
0.0519403 0.166825 0.658162 4278190335
0.33399701 0.121806 0.66993302 4278190335
0.33455399 -0.20271701 0.63788301 4282203585
0.306539 0.271348 0.59805 4284506270
-0.0792564 -0.263392 0.60562801 4293980174
0.052290399 0.148146 0.664904 4278190335
0.60526597 0.010946 0.54832399 4292861727
0.43892899 0.0288819 0.65943199 4278190335
0.30593199 -0.25036299 0.613536 4283124659
0.086941101 0.132943 0.67035502 4278190335
0.398146 0.045872699 0.671547 4278190335
0.447974 0.093094997 0.64646101 4278190335
-0.26318699 0.094837099 0.68026602 4294901248
0.46880299 0.0056460998 0.64741498 4278190335
0.16431101 0.276443 0.59595901 4289045849
0.201673 0.36468801 0.50360203 4293124891
0.38296601 0.065553397 0.67275202 4278190335
0.16305099 -0.17212901 0.65664798 4278190335
-0.0531055 0.150464 0.66490197 4288453730
0.0103678 -0.122574 0.67375302 4282466749
0.40623 0.084009297 0.66382301 4278190335
-0.051916599 -0.261426 0.60704601 4293322264
0.041485298 0.091253199 0.68138897 4278190335
0.363417 -0.182318 0.64284998 4278190335
0.112332 -0.323585 0.55328 4294835457
0.43344799 0.22796901 0.59634602 4291743280
-0.154809 0.113704 0.67576599 4291677489
0.38752899 0.128456 0.65722698 4278190335
0.42899799 -0.240141 0.58938301 4290032714
0.187499 0.112251 0.67601198 4278190335
0.19040801 -0.279194 0.59327799 4288716894
0.49075499 -0.112563 0.620148 4282664122
0.16693 0.34922501 0.52486002 4294901248
-0.060501002 -0.166411 0.65837699 4286545791
0.200652 -0.058327299 0.68720597 4278190335
0.249954 0.31718999 0.55953199 4292532772
0.38338399 -0.242154 0.60514599 4287203701
-0.36382699 -0.081804499 0.67437398 4292138026
0.074044198 0.19971099 0.644077 4283453614
0.049254801 0.19485 0.64562798 4279374572
0.0367365 -0.0216006 0.69042498 4278190335
-0.178975 -0.31228101 0.56438702 4287795820
0.173877 0.34160799 0.53279901 4293782801
-0.156075 -0.16913199 0.65731698 4293980174
-0.00192273 0.393397 0.45804599 4283387823
0.42308 -0.28178501 0.56002802 4292927518
0.22916099 0.163784 0.65979302 4278190335
0.32171401 0.139302 0.66611898 4278190335
0.49606901 0.245537 0.54721999 4294440711
0.396979 0.199588 0.62570798 4281940421
0.040502802 -0.090502799 0.68119198 4278190335
-0.394885 0.0190534 0.67497599 4289901132
0.27132601 0.29179001 0.58358902 4289506386
0.39312801 0.269227 0.58225203 4291216952
0.39126 -0.30881301 0.54672498 4293388055
0.35499001 0.140466 0.66046703 4278190335
0.0028434801 -0.077567399 0.68329501 4278190335
0.185275 -0.19329999 0.64645702 4278190335
-0.111102 0.0323832 0.68917298 4283453614
-0.0243356 0.117808 0.67512298 4278190335
0.19364101 -0.22329099 0.631495 4281479884
0.279645 0.028258801 0.689937 4278190335
-0.250539 0.303523 0.57247502 4286085254
-0.249624 0.093488701 0.68071198 4294835457
-0.163197 0.0064458698 0.690588 4289177431
0.0119639 -0.027846999 0.689156 4278190335
0.258766 0.18372899 0.65118003 4278190335
0.26473299 -0.14873201 0.66509199 4278190335
0.117456 0.062963903 0.68648797 4278190335
0.47323 -0.116736 0.62886798 4280690392
0.083993599 -0.111691 0.67642403 4278190335
-0.34363201 0.094704203 0.67579901 4292993309
0.0214651 -0.0303043 0.689116 4278190335
0.047569599 0.22021 0.63279003 4291611698
-0.0196981 0.18453699 0.651196 4283650987
0.018531499 0.175345 0.65470803 4282795704
-0.492753 -0.0117753 0.635629 4278190335
0.51174998 0.119114 0.60612899 4284177315
-0.373326 0.26349601 0.592044 4278190335
0.66506398 -0.109449 0.44169301 4284045733
-0.31476301 -0.115746 0.67418897 4293256473
0.47795001 -0.074952997 0.63663101 4280756183
0.0439936 0.119999 0.67465299 4278190335
0.479819 -0.082133502 0.63355398 4278190335
0.14303499 0.125099 0.67272699 4278190335
0.43525201 -0.045225799 0.65962702 4278190335
0.21058799 0.123371 0.67276001 4278190335
0.192494 -0.224307 0.63113201 4278256125
0.516886 0.060686398 0.61640298 4286019463
0.136182 -0.13692801 0.66870999 4278190335
0.44861999 0.175382 0.61769199 4286151045
0.37465301 -0.198568 0.63226998 4278190335
-0.220256 0.353874 0.51768398 4284045733
-0.0108979 0.056200799 0.68722397 4278190335
-0.455199 -0.053324498 0.65012902 4278190335
-0.28318 -0.27006301 0.60099101 4289769550
-0.417182 0.19625799 0.62037599 4278190335
0.180548 0.35495201 0.51687598 4293848592
-0.020596599 0.038734801 0.68914801 4278190335
-0.40633899 0.23682401 0.60075098 4278190335
0.42374101 -0.26975101 0.56956601 4291480116
0.205853 -0.084025398 0.68221498 4278190335
-0.073542103 -0.072977997 0.68415999 4281743048
0.14078601 -0.161369 0.66110301 4278190335
0.42376599 -0.024415299 0.665259 4278190335
-0.017270399 -0.0085123703 0.69090402 4278190335
0.36374599 0.052715801 0.67911899 4278190335
-0.16832 -0.26203501 0.605986 4293848592
0.47505701 -0.03029 0.64375299 4279769318
-0.195087 -0.297658 0.57819998 4292006444
0.16755401 -0.13285699 0.67068398 4278190335
0.246051 0.220723 0.63222998 4278190335
0.35395101 0.000757862 0.68446201 4278190335
-0.26639599 0.063115403 0.68589503 4294901248
0.57027298 -0.00529355 0.58245802 4289111640
-0.144668 -0.358374 0.51218998 4280953556
0.56516701 -0.085607901 0.57551497 4293519637
0.216418 0.155999 0.66246903 4278190335
0.0342669 0.266987 0.60328698 4293059100
0.31396899 -0.0414478 0.68753898 4278190335
0.373743 0.35701299 0.49633801 4291874862
-0.092476897 -0.26511699 0.60354698 4294703875
0.32155499 -0.21913899 0.631576 4278190335
0.183667 -0.23912001 0.62180501 4284243106
-0.056713998 -0.0271836 0.68990201 4278190335
0.098609202 0.13458399 0.66945702 4278190335
-0.0078662001 0.104812 0.67807001 4278190335
0.231686 -0.242028 0.61949903 4289637968
0.39608499 -0.118461 0.65802002 4278190335
0.46926099 0.089200497 0.63819802 4278190335
0.187152 -0.21889099 0.63417399 4280624601
0.45227501 0.0378743 0.65355903 4278190335
0.405312 -0.074667104 0.66515601 4278190335
0.045686401 -0.0226123 0.68960398 4278190335
0.25152299 -0.086907402 0.68182999 4278190335
0.58196503 -0.15342601 0.53364801 4294901248
0.44922301 -0.248201 0.57439399 4292861727
-0.0395975 0.247991 0.61599302 4292401190
-0.226852 0.042441901 0.68846899 4293651219
0.28821799 -0.038879201 0.688218 4278190335
-0.39032999 -0.0115676 0.67598599 4282072003
0.086348899 0.087316804 0.68231702 4278190335
0.67177999 -0.0146014 0.458067 4291545907
-0.36929199 -0.131328 0.66083002 4288914267
-0.071329102 0.31682399 0.55946398 4294835457
0.40211701 -0.11363 0.65720499 4278190335
0.31656301 -0.104181 0.67623699 4278190335
0.57710701 0.24902 0.465166 4285822090
0.615237 -0.161651 0.49041599 4293980174
0.41889101 0.0070591401 0.66751999 4278190335
0.64434201 -0.0257864 0.50033402 4292795936
0.066909902 -0.25971201 0.608284 4289111640
-0.129895 -0.25117001 0.61382502 4293453846
0.299243 0.36314201 0.50458002 4291085370
0.211089 -0.24680901 0.61659098 4286874746
0.41102499 0.158869 0.63989103 4278190335
-0.044055499 0.14631 0.66580302 4283782569
0.158742 -0.15557501 0.66276002 4278190335
0.493707 -0.019267799 0.63529998 4281479884
0.0284444 0.054326799 0.68690097 4278190335
-0.31088501 0.216631 0.63330901 4283585196
0.50758803 0.073292501 0.62075597 4281479884
-0.00415404 -0.04778 0.68823498 4278190335
0.30664599 0.0566267 0.68638903 4278190335
0.102801 0.16151901 0.66098303 4278453498
0.0815069 0.0220307 0.69042498 4278190335
0.041566201 0.0372172 0.68899101 4278190335
0.42822 -0.230232 0.59633601 4286611582
0.00586686 0.0001511 0.69030499 4278190335
0.26149401 0.20714501 0.63980901 4280427228
0.27460399 0.18801901 0.64948899 4278453498
-0.38391599 -0.0078618601 0.67729998 4290493251
-0.14266901 0.125539 0.67308199 4290624833
-0.023290901 0.29605001 0.57899201 4294703875
-0.040419199 -0.00276832 0.690135 4278190335
0.0214107 -0.14038201 0.66809201 4286874746
0.168575 0.28595001 0.58756399 4290493251
0.32209399 -0.050174698 0.68529302 4278190335
0.428287 0.00310505 0.66495198 4278190335
0.019265 -0.073997803 0.68474102 4278190335
-0.136484 0.28091401 0.59206599 4294835457
0.42916599 -0.092702597 0.65378898 4278190335
0.39464501 0.372623 0.463956 4286545791
0.456249 -0.060294401 0.64901602 4278190335
-0.0414696 0.089569502 0.68145299 4283519405
-0.0196779 -0.21083701 0.638569 4289309013
0.395715 0.108877 0.66095698 4278190335
0.59073001 0.00069634098 0.56347197 4294835457
0.56117702 -0.071475796 0.582946 4289374804
0.096173897 -0.31317899 0.56312901 4294440711
0.28981501 -0.202354 0.64222699 4278190335
0.162872 -0.23882 0.62149602 4287006328
0.41891399 -0.307257 0.53806102 4293914383
0.48326999 0.17382701 0.60045397 4285558926
0.240611 0.119859 0.67472601 4278190335
0.0932016 0.053959601 0.68766499 4278190335
0.37850499 0.084655002 0.67070299 4278190335
0.326049 -0.27015299 0.59716702 4290953788
0.35488901 -0.029158499 0.68315202 4278190335
-0.059068002 0.043556299 0.68821299 4278190335
0.38175401 0.122765 0.66020799 4278190335
-0.039813299 -0.283209 0.59026599 4294177547
-0.40733799 0.159189 0.64074898 4278848244
0.087164298 0.077558398 0.68351901 4278190335
0.40813401 -0.126774 0.65218401 4278190335
0.058598701 0.072253697 0.68498099 4278190335
0.28699401 0.083136901 0.68259501 4278190335
-0.0058053802 -0.303177 0.57338601 4294572293
0.057449199 0.106402 0.67776698 4278190335
-0.36373699 -0.100634 0.67083502 4290032714
0.48216099 0.14398301 0.61449599 4279900900
0.544155 0.0196371 0.60243702 4283256241
0.40607101 0.147646 0.64619303 4278190335
0.0122166 -0.046346799 0.68812197 4278190335
-0.249117 -0.214379 0.63652498 4293848592
-0.17687599 -0.293037 0.58260602 4292203817
0.19596399 0.049792301 0.68812698 4278190335
0.52106303 0.094717599 0.60741901 4282072003
0.63077903 -0.101591 0.49951899 4290493251
-0.173539 0.133578 0.670605 4293322264
0.019213401 0.0119027 0.69066697 4278190335
0.15598699 -0.017283401 0.68972498 4278190335
-0.242828 -0.020822201 0.690072 4293453846
0.26022601 -0.142158 0.66763502 4278190335
0.58996898 0.218109 0.479747 4294177547
0.081616499 0.21803901 0.63380897 4286808955
0.40296501 -0.20637 0.62069398 4282466749
0.094084702 -0.138787 0.66886002 4278190335
-0.092771098 0.29310101 0.58143997 4294901248
0.272659 -0.358495 0.51201802 4292466981
0.131484 -0.072120503 0.68420398 4278190335
-0.068789199 -0.101829 0.67928201 4283453614
-0.129421 -0.21675999 0.63507199 4294111756
0.037918601 0.14184 0.66802001 4278190335
0.52530199 -0.111805 0.59953302 4286151045
0.62857002 -0.130936 0.48962101 4293848592
0.48630399 0.33418599 0.45877999 4292269608
0.219987 0.29115 0.58345699 4290953788
-0.31094801 0.172031 0.65473801 4291874862
0.121883 0.373303 0.492405 4293980174
0.35972899 -0.210805 0.62941003 4278190335
0.28844699 -0.0228341 0.689928 4278190335
0.0170632 0.089327402 0.68180901 4278190335
0.27780601 0.235027 0.62396699 4281611466
0.458435 -0.248991 0.56862801 4292466981
0.57536203 -0.112277 0.55830097 4292730145
0.33423999 0.104745 0.67483199 4278190335
0.51997799 -0.0257605 0.61822897 4288387939
0.67801499 0.112674 0.412873 4278190335
-0.326689 -0.00032051399 0.68747902 4294309129
0.119824 0.031819701 0.68892199 4278190335
-0.20971 -0.0551433 0.68758398 4291874862
-0.402282 0.135802 0.65123802 4285953672
0.46855399 0.0430598 0.64572901 4278190335
0.16657899 -0.13989501 0.668302 4278190335
0.40100801 -0.205468 0.62161899 4280821974
0.385335 -0.072483301 0.67101198 4278190335
0.34018001 -0.17585801 0.649674 4278190335
0.0263189 -0.31430301 0.562419 4294835457
0.58260298 -0.104846 0.55391997 4294703875
0.45313501 -0.22066601 0.59058702 4292861727
0.33908001 0.023465 0.68568403 4278190335
0.366846 0.126333 0.66276699 4278190335
0.44817099 0.101651 0.64380598 4278190335
0.204843 -0.28709 0.58766598 4288914267
-0.16913199 -0.32673699 0.55039001 4290295878
0.245754 0.071075901 0.68449599 4278190335
0.30114901 -0.019027499 0.689726 4278190335
0.495435 0.0222023 0.63312 4287006328
0.14519601 0.223398 0.63159102 4279177199
0.19100501 0.076032601 0.68360198 4278190335
0.24416301 0.111856 0.67650002 4278190335
0.594877 -0.015736001 0.558743 4294243338
0.26426101 0.37005401 0.495691 4289506386
-0.194745 0.069087602 0.68558198 4294901248
0.196687 -0.184532 0.65075701 4278190335
0.45236799 -0.182973 0.61284 4290493251
0.223354 -0.16040599 0.66070801 4278190335
0.12968899 -0.113539 0.67589802 4278190335
0.0624355 -0.116403 0.674824 4279637736
0.69754499 0.085722603 0.37618601 4281611466
0.18422499 -0.220405 0.63236701 4279703527
0.109265 0.35166201 0.52176499 4294703875
0.00128761 0.032352298 0.68968803 4278190335
0.244831 0.209547 0.63894802 4278190335
-0.0247711 -0.32907501 0.547387 4294703875
0.36746001 0.0786926 0.67469102 4278190335
0.319484 -0.19891199 0.64238501 4278190335
0.42813399 -0.098927803 0.653265 4278190335
-0.038697001 0.078370303 0.68362403 4278190335
0.092055902 -0.380775 0.47969401 4285690508
0.44933301 -0.0060492302 0.65661901 4278190335
0.399434 -0.0510961 0.67032999 4278190335
0.487241 0.0023845199 0.63822901 4278190335
0.43835899 0.054947998 0.65767801 4278190335
0.059455398 -0.345626 0.52870399 4291743280
-0.0134614 -0.193827 0.64609402 4285953672
0.365628 -0.061767101 0.676965 4278190335
-0.34563801 -0.111076 0.67161602 4289309013
0.225318 -0.19339301 0.64709198 4278190335
0.408079 0.0085816802 0.671049 4278190335
0.561373 -0.035393 0.587928 4293980174
0.17538799 -0.14230999 0.667853 4278190335
0.62653297 0.112418 0.501342 4294374920
0.55817801 -0.21090101 0.521819 4294901248
-0.0087748999 0.0286579 0.68923497 4278190335
0.38776299 0.371627 0.46965301 4292664354
-0.0145909 0.30829901 0.56824702 4294835457
0.30124301 0.388657 0.465339 4293190682
-0.0065635401 0.078926302 0.68354899 4283979942
0.032094602 -0.208598 0.63935602 4287598447
0.193469 0.0894209 0.68143702 4278190335
0.55941498 0.13420901 0.56414902 4292795936
0.0409756 -0.14808699 0.66565102 4283979942
-0.0123005 -0.128758 0.67130601 4284045733
0.303242 0.336952 0.53781199 4294901248
0.029275799 -0.115431 0.67549199 4278190335
-0.26795 -0.26631999 0.60315698 4282203585
0.26603901 -0.221035 0.63262498 4278190335
0.62888497 -0.23580199 0.39342901 4283387823
-0.35204101 0.056104299 0.68073398 4293256473
-0.0723648 0.047907501 0.687958 4282795704
-0.247097 -0.344338 0.52951199 4283519405
0.14943901 -0.35064301 0.52260399 4293453846
0.0446143 0.0078334799 0.69053602 4278190335
0.166016 0.26927701 0.60163403 4288387939
0.146878 -0.30404601 0.57190698 4294506502
0.0231787 0.104155 0.67857403 4278190335
0.166916 -0.33703899 0.538737 4294572293
0.214048 0.27627 0.59576899 4289045849
-0.0103581 0.22099499 0.63253701 4293256473
0.56912798 0.198504 0.51976103 4294835457
0.341887 0.17238399 0.65110302 4278190335
0.41313401 0.119498 0.65276599 4278190335
0.38934699 -0.0464097 0.674191 4278190335
0.282525 -0.082423501 0.68319702 4278190335
0.35064501 -0.305498 0.56236702 4294177547
0.115123 0.106297 0.677957 4278190335
0.0601012 0.0071917898 0.69027197 4278190335
0.248417 0.163719 0.659154 4278190335
0.3524 0.0268976 0.68362802 4278190335
0.592399 0.00110367 0.56255001 4293256473
0.446289 -0.25159699 0.57327902 4290887997
-0.15425301 -0.027664799 0.68985301 4286216836
0.45793399 0.128271 0.63196599 4281019347
0.19566999 -0.153148 0.66372102 4278190335
-0.081462599 0.331974 0.543989 4293914383
0.075675897 -0.326336 0.55028802 4293651219
0.25032899 0.299611 0.57656199 4290559042
0.42381099 0.231396 0.59766299 4292466981
-0.41409901 0.082266003 0.66127002 4284835225
0.21316899 0.0336852 0.68887401 4278190335
0.42331499 -0.186268 0.62379497 4285229971
0.017995801 0.125413 0.67309898 4278190335
0.361626 0.14390799 0.65846199 4278190335
0.412743 -0.39693099 0.404347 4278190335
0.33740699 0.0036869601 0.68618298 4278190335
0.26592901 0.19123299 0.64780301 4278190335
0.31813601 0.058504201 0.68509102 4278190335
0.042088699 -0.16780999 0.658216 4279703527
0.35672399 0.186924 0.64260203 4279900900
0.59512103 0.0479724 0.55583 4294572293
0.246162 -0.36036801 0.51023501 4294901248
0.336705 -0.037458502 0.68511099 4278190335
-0.303141 -0.206754 0.63885701 4283519405
0.29594201 0.174711 0.65510499 4278190335
-0.084519997 -0.165071 0.65943301 4287730029
0.16999 0.304564 0.57191098 4293190682
0.020098601 -0.349796 0.52361602 4290032714
0.11259 0.167611 0.65823501 4283058868
0.024802299 0.112009 0.67611003 4278190335
0.171792 0.127222 0.67204797 4278190335
0.36078101 0.204844 0.63240099 4278190335
-0.11108 -0.279809 0.59337902 4292993309
0.207977 -0.065011702 0.68547899 4278190335
-0.076571099 -0.097321503 0.67966598 4281216720
0.112804 0.142241 0.66708702 4278190335
-0.271584 -0.31892699 0.55856198 4283782569
0.217641 0.30699301 0.56930298 4293453846
0.29710999 -0.099783003 0.67892998 4278190335
0.49042499 -0.037906598 0.63464397 4278190335
0.126046 -0.061928499 0.68640602 4278190335
0.35751301 -0.058715101 0.67993701 4278190335
0.56024599 -0.25678799 0.47876501 4291151161
-0.181484 -0.264678 0.60459298 4290032714
0.36506101 -0.097173102 0.67080998 4278190335
0.42556199 -0.16112199 0.63376302 4278190335
0.0546894 -0.054458398 0.68698901 4278190335
-0.286993 0.129152 0.67111999 4293782801
-0.0172801 -0.073091298 0.68452603 4278190335
0.70267802 -0.0044504101 0.387481 4284506270
0.057745598 0.13556001 0.66966403 4278190335
0.18213999 0.254614 0.61106902 4284506270
0.041553002 0.35049501 0.52312601 4288980058
-0.0189128 0.098420702 0.67948103 4278190335
-0.26667801 -0.21307801 0.63717902 4293717010
0.36019999 -0.167245 0.65050697 4278190335
0.62153798 0.111272 0.50857401 4293980174
0.379859 -0.176497 0.64186502 4281545675
0.53077197 0.090167202 0.60173303 4289309013
0.122608 0.174502 0.65509701 4278190335
0.464158 0.029825 0.64925802 4278190335
-0.083206497 0.30915901 0.56731898 4294638084
0.044523701 -0.023976799 0.689466 4278190335
0.47012001 0.16214401 0.61345702 4286480000
-0.048708498 -0.400583 0.44479299 4278716662
0.12049 0.37362999 0.49160999 4289901132
0.37855199 -0.297566 0.561975 4292269608
-0.117744 0.114034 0.67532301 4290164296
0.338146 0.40794 0.41936401 4284637852
0.49767399 0.19719 0.57985902 4289309013
-0.078039899 0.057963699 0.68640399 4279308781
-0.39788201 0.0495998 0.67106497 4280953556
0.33371401 0.124669 0.668966 4278190335
0.065646403 -0.15797099 0.66222697 4282466749
0.119346 -0.082908399 0.68288898 4278190335
0.240347 0.063374497 0.68613601 4278190335
0.42212501 0.198364 0.61747098 4286085254
0.26241499 0.072393201 0.684457 4278190335
0.19708 0.31306499 0.56386602 4293980174
-0.146373 0.294236 0.581554 4289769550
0.248495 -0.13493299 0.66954899 4278190335
0.66440099 0.077462502 0.457311 4291545907
0.377736 0.34841299 0.50630301 4294901248
0.19132499 0.29398799 0.581379 4293453846
0.19545799 0.27272701 0.59890503 4288980058
0.263991 0.181466 0.65241301 4278190335
0.240632 -0.104728 0.67847699 4278190335
-0.28466901 -0.166141 0.65877199 4291809071
0.42107099 -0.0599241 0.66243798 4278190335
0.170285 0.35821301 0.51327902 4294572293
0.23271701 -0.17483 0.654805 4278190335
0.352492 0.047906801 0.68209898 4278190335
0.36269301 -0.041309901 0.68076801 4278190335
0.0041681598 0.33851299 0.53680801 4294835457
-0.078227498 -0.33520499 0.54077798 4288256357
0.38719499 0.105005 0.66461802 4278190335
0.48762399 0.208102 0.579835 4289966923
0.18433601 0.17740101 0.654495 4278190335
0.31699699 0.0160092 0.68800902 4278190335
0.088164203 0.136075 0.66920203 4278190335
0.33235899 0.38911501 0.45999801 4292138026
0.089032702 -0.108497 0.67696899 4278190335
-0.0472509 -0.114051 0.67543298 4278190335
0.0089161303 0.054759499 0.686809 4278190335
0.0034556701 0.090633102 0.68115902 4278190335
0.056628998 -0.363139 0.50617599 4288058984
0.428572 -0.35673401 0.47023299 4292269608
0.26568899 -0.027057899 0.68932599 4278190335
-0.117798 -0.12588 0.67302001 4288190566
0.201322 0.25809401 0.609231 4289243222
0.423015 0.0085338503 0.66602898 4278190335
0.47063899 0.0474189 0.644692 4278190335
0.51895398 0.097183898 0.60718101 4287006328
0.67547202 -0.075911097 0.436259 4283716778
0.49022499 -0.057479002 0.63287997 4278190335
0.56435901 0.111456 0.56908298 4291940653
0.50713497 -0.222664 0.55699003 4292598563
0.40723199 0.15898401 0.64109498 4278190335
0.56819701 0.0110407 0.58426398 4293914383
0.36676699 -0.119474 0.66460299 4278190335
-0.172299 -0.146764 0.665461 4291940653
0.13896599 0.206834 0.64048702 4278190335
-0.35551301 0.16708399 0.650464 4282335167
0.087862201 0.173278 0.65559697 4278190335
0.42824599 0.135106 0.64224797 4280493019
0.455385 -0.131199 0.63296503 4280953556
0.56855601 -0.29164001 0.42062601 4279440363
0.38863701 -0.110531 0.66240501 4278190335
-0.086963497 0.057476301 0.68634897 4282993077
-0.12756 0.087895103 0.681427 4286545791
-0.10503 -0.028121199 0.68972099 4284572061
0.52460003 0.105605 0.60185701 4285558926
-0.13667101 0.068757698 0.68532801 4288190566
0.49785501 -0.35182399 0.41398799 4284506270
-0.018135499 0.28015301 0.59244001 4294440711
0.335675 0.26632699 0.59890503 4285756299
0.047922101 -0.0219185 0.68954402 4278190335
0.033390202 -0.033792399 0.68945599 4278190335
0.15306599 0.123497 0.67312902 4278190335
0.51910299 -0.0061560902 0.62015402 4284966807
0.119525 0.0582923 0.68705499 4278190335
-0.16170301 -0.129518 0.671799 4294374920
0.306914 -0.080424801 0.682612 4278190335
0.42023301 0.19053701 0.62181801 4289177431
0.33684799 -0.27044299 0.59475702 4285822090
0.37421101 0.0425933 0.67767298 4278190335
-0.069780797 0.188559 0.64886397 4289045849
0.279939 0.00603831 0.69015801 4278190335
0.47865099 0.104303 0.62961799 4278190335
-0.0385383 -0.046597801 0.68834502 4278190335
0.300973 -0.33395901 0.54134798 4294835457
0.495996 -0.203988 0.57721001 4291611698
-0.066781797 -0.116867 0.67537099 4286414209
0.302457 0.0064111101 0.68980998 4278190335
-0.181742 0.133077 0.67031801 4294638084
0.57348198 0.168119 0.53533202 4294506502
0.32360899 0.328437 0.54519802 4294374920
0.106148 -0.33020699 0.54650402 4294111756
0.40687099 0.044378299 0.66894901 4278190335
0.36412999 -0.14217401 0.65900302 4278190335
-0.0125606 0.18085299 0.65281999 4289901132
0.44751999 -0.1093 0.64311302 4278190335
-0.160207 -0.0229243 0.68969798 4289637968
0.075400099 0.40160301 0.44257 4278190335
0.131484 0.0526512 0.68692398 4278190335
0.24039 -0.0966269 0.68034399 4278190335
-0.274019 -0.13547701 0.66932499 4294901248
0.195281 -0.17704099 0.654145 4278190335
0.32069299 -0.276739 0.59325403 4286414209
0.50364798 -0.0764146 0.622585 4287137910
0.104516 -0.0469044 0.688465 4278190335
0.0292389 0.050849199 0.68785799 4278190335
0.26732501 -0.0606644 0.68608803 4278190335
0.29123399 0.238271 0.62186199 4284243106
0.15081599 -0.308368 0.56817597 4291743280
0.39958701 -0.122533 0.656012 4278190335
0.32026699 -0.084286503 0.680426 4278190335
0.364806 -0.0693269 0.67641002 4278190335
0.172177 0.195457 0.64614999 4278190335
0.121546 -0.26260501 0.606493 4286940537
0.32392499 0.304784 0.568542 4292335399
0.562599 0.16937301 0.54432797 4293388055
0.042675801 0.074852899 0.68468499 4278190335
0.46064499 -0.0023024401 0.65179402 4278190335
0.53851098 -0.071257703 0.60032302 4285558926
-0.166941 0.20323101 0.64231902 4294835457
0.39015701 0.0044778301 0.67661202 4278190335
0.568344 0.072176501 0.57576197 4291019579
0.19831701 0.140628 0.66843402 4278190335
0.042453699 0.23020899 0.62682903 4292006444
0.033941898 0.154736 0.66320503 4285164180
-0.31334901 0.0353132 0.68814802 4294506502
0.0158254 0.0612281 0.68636203 4278190335
0.27213401 -0.306025 0.57042497 4291480116
0.152638 0.078102201 0.68336201 4278190335
0.146028 0.25657299 0.610452 4284111524
-0.196043 -0.093248002 0.68097299 4292203817
0.406385 -0.35021999 0.49168101 4292861727
0.345355 0.25468901 0.604913 4290164296
0.56717402 0.0128736 0.58445102 4294111756
-0.074933 0.40437999 0.438739 4280690392
-0.149185 -0.22162899 0.63213098 4294374920
-0.27956599 0.21714801 0.63490599 4293256473
0.39010799 0.14948399 0.64932299 4278190335
0.178114 0.161972 0.660164 4278190335
0.17275 -0.40158701 0.44393301 4290756415
0.40317199 0.28934899 0.56130999 4291874862
-0.28916699 0.212182 0.63719398 4293519637
0.301009 -0.0640487 0.68507302 4278190335
0.027620999 -0.28845301 0.586061 4294835457
0.115373 0.0266007 0.68936402 4278190335
0.55478501 -0.030084901 0.59343398 4287072119
-0.00465099 -0.24175499 0.62047601 4289506386
-0.190075 0.248767 0.61560899 4294177547
0.61269701 0.120826 0.51563102 4294901248
0.19616599 0.176171 0.65419197 4278190335
0.077181898 0.030768501 0.68994498 4278190335
0.537467 0.00581996 0.60758799 4284374688
0.58865201 -0.00208731 0.566275 4291480116
0.35877699 -0.115019 0.667817 4278190335
0.44614601 -0.39238301 0.381989 4282269376
0.041935999 0.112257 0.67603803 4278190335
0.072016701 -0.190466 0.647919 4285361553
0.40518501 0.137935 0.64938098 4278190335
0.056045 0.047003601 0.68795198 4278190335
0.073967099 0.123281 0.67322803 4278190335
-0.0113353 -0.131286 0.67055899 4285098389
0.50128001 -0.16167399 0.59530199 4292072235
0.156296 0.0522849 0.68751901 4278190335
0.55663902 0.222747 0.51434898 4293124891
0.1759 0.075058296 0.68399298 4278190335
0.125055 -0.105809 0.67800498 4278190335
0.213057 0.42725 0.38104701 4282400958
0.46741301 0.16537701 0.61292398 4288322148
0.137962 -0.078103602 0.68394798 4278190335
0.36116701 -0.108445 0.66968298 4278190335
0.055046 -0.120792 0.67355102 4281150929
0.33588499 -0.00369561 0.68665099 4278190335
0.57397199 0.13156401 0.55247098 4294440711
-0.206835 -0.098602898 0.67982203 4293651219
-0.267313 -0.253546 0.612275 4289966923
0.25413501 -0.206863 0.640683 4278190335
0.052588101 0.0053311498 0.69040799 4278190335
0.15034699 0.104689 0.67796999 4278190335
0.048813999 -0.11542 0.67556 4278190335
0.48806801 -0.16525701 0.60170197 4292532772
0.092204899 0.0730967 0.68412799 4278190335
0.46447399 0.369912 0.41619301 4278190335
0.17036501 -0.29582101 0.579184 4293256473
0.238423 0.042711601 0.68809497 4278190335
-0.0045245099 0.0592466 0.68645102 4278190335
-0.27423999 0.164331 0.65955901 4294769666
0.59461403 -0.0587225 0.55423498 4293453846
-0.43473399 0.1463 0.63652402 4278190335
0.46178499 0.039069299 0.64968097 4278190335
-0.33261499 -0.044110399 0.68463802 4294177547
0.20384 0.101751 0.67933899 4278190335
0.16828001 -0.39188701 0.46209601 4291809071
0.0424091 -0.198998 0.644319 4280756183
0.37431401 0.207311 0.62781298 4278190335
-0.0306894 -0.20851099 0.63958597 4291940653
0.481451 0.242235 0.56047797 4294901248
-0.19130801 0.161825 0.66029501 4294703875
-0.308689 0.148642 0.66450602 4293059100
0.54672098 0.0274572 0.60037303 4290230087
0.374603 -0.166363 0.647654 4278190335
0.430163 0.0214622 0.66373998 4278190335
-0.42804 -0.239089 0.59021199 4278190335
-0.027135899 -0.020600099 0.69051701 4278190335
0.291033 -0.020725699 0.68968898 4278190335
-0.298868 -0.127304 0.671152 4294506502
-0.0567724 -0.0076905498 0.69088298 4278190335
0.15663899 -0.218097 0.63410503 4281085138
0.0148345 0.080728002 0.68360102 4278190335
-0.21740501 -0.250817 0.61471701 4293453846
-0.41758299 0.29451299 0.550497 4278190335
-0.165004 0.064369202 0.685776 4292401190
0.0041601802 0.0928865 0.68074602 4278190335
-0.394925 0.14929 0.64859903 4285032598
-0.229037 0.143995 0.66702503 4294111756
0.102285 0.29471299 0.58016098 4292730145
-0.0152441 0.29007801 0.584979 4294901248
0.35986 -0.098666899 0.671637 4278190335
0.0237865 0.2097 0.63863099 4285098389
0.15246201 -0.152126 0.66387397 4278190335
0.407168 -0.0101244 0.67157501 4278190335
-0.34242401 0.28313401 0.58468002 4278190335
-0.36764801 0.32789299 0.53486598 4278190335
-0.108593 -0.242604 0.61994201 4294572293
0.190993 0.111234 0.67685503 4278190335
0.46428499 0.16484401 0.61484402 4281479884
-0.122423 -0.093648501 0.68101001 4286677373
0.58625001 -0.162396 0.52429098 4294901248
0.270843 0.21371301 0.63601297 4279374572
0.239519 -0.049519099 0.68784702 4278190335
-0.26885101 0.0170012 0.68997103 4293848592
-0.36966199 -0.00109659 0.68092299 4283124659
0.102719 -0.345321 0.52831298 4293651219
-0.055736601 -0.109526 0.67663997 4289769550
0.335861 -0.288326 0.58074099 4293717010
0.108008 0.083664298 0.68217701 4278190335
0.49403399 0.139726 0.60979199 4281545675
-0.104578 0.027967 0.68945497 4281019347
-0.31508201 -0.050326198 0.68566197 4294638084
-0.0011670199 0.0371597 0.68930298 4279900900
0.58304101 0.080802999 0.56108701 4292664354
0.263174 0.00715225 0.69060099 4278190335
0.0044094902 -0.16944399 0.65791303 4290559042
0.56263602 0.29543599 0.42463201 4288453730
0.304524 -0.36093101 0.50806099 4294901248
0.168869 -0.36588299 0.50171602 4292466981
0.073911503 -0.15698101 0.66196698 4280756183
0.36430401 -0.086637698 0.67378002 4278190335
0.51319402 -0.155791 0.59114802 4288058984
0.14045601 -0.095096 0.68004501 4278190335
-0.25214899 -0.173149 0.65622401 4294901248
-0.148136 -0.097692497 0.67962098 4291151161
-0.040738199 0.383625 0.47591701 4287137910
0.18003701 -0.055685598 0.68736202 4278190335
0.289399 0.366754 0.50015402 4294572293
0.21604399 -0.15280101 0.66420901 4278190335
0.092816703 0.145216 0.66677099 4278190335
0.64245099 -0.0154644 0.50354898 4294572293
0.522627 0.011989 0.61757302 4283322032
0.0466283 -0.031793401 0.68968803 4278190335
-0.310927 0.084481001 0.68143702 4294769666
0.401609 -0.0075379699 0.673316 4278190335
0.38796201 -0.0463241 0.673823 4278190335
0.61462998 0.085692704 0.52669901 4294638084
0.466979 -0.35461101 0.443133 4290822206
0.318239 0.205448 0.638345 4283650987
0.0181574 0.0417489 0.688398 4278190335
0.23188999 0.074607402 0.68474901 4278190335
0.099182799 0.24641 0.61649102 4287466865
0.68475401 -0.0220946 0.432035 4290295878
0.30302399 -0.038896099 0.68844402 4278190335
-0.367625 -0.0020073799 0.68161201 4285229971
0.216213 -0.171864 0.65620202 4278190335
0.34909299 -0.01233 0.684461 4278190335
0.338085 0.133626 0.66610301 4278190335
-0.192325 0.110017 0.67680401 4294901248
0.29737499 -0.28692001 0.58607697 4288256357
-0.162451 -0.076969899 0.68397403 4293190682
0.431371 0.0073744901 0.66283 4278190335
-0.37676299 -0.25380099 0.598454 4278190335
0.61822098 0.145998 0.49662301 4293980174
-0.090029098 -0.0492929 0.687617 4283650987
-0.0510775 0.212551 0.637591 4289243222
0.16199499 -0.063924499 0.68586302 4278190335
-0.37207001 0.059661798 0.67605501 4279835109
-0.23219299 -0.0265537 0.68986398 4294309129
0.30912101 -0.23413301 0.62340999 4282006212
0.042521998 0.069243103 0.68484598 4278190335
0.48692599 0.13668799 0.61492801 4279900900
0.38367501 0.0221314 0.67690802 4278190335
0.33351699 0.187306 0.64577699 4278190335
0.44012699 -0.314152 0.518408 4294901248
0.56436402 0.18274701 0.53480202 4294901248
0.31111699 -0.24519999 0.616229 4283650987
0.26749101 -0.345828 0.52806598 4294769666
0.39687899 0.24543899 0.59832901 4289901132
0.516267 -0.256668 0.52207798 4294045965
-0.0237078 0.0265473 0.69017202 4278190335
0.28637299 0.097108401 0.67998898 4278190335
0.41257301 0.048619501 0.66677499 4278190335
0.31869599 0.023001499 0.68848199 4278190335
0.086175203 -0.136189 0.66943598 4278190335
0.131974 0.296588 0.57950997 4292138026
0.27598301 -0.329088 0.54711503 4293848592
0.49104801 -0.105697 0.62222898 4278190335
0.121956 -0.29645801 0.57841498 4291874862
0.49821299 -0.051543001 0.62960601 4278190335
0.099750802 0.130953 0.67134702 4278190335
0.20752101 -0.242048 0.61937499 4281743048
0.18052 -0.095118299 0.68005902 4278190335
0.048486501 -0.125524 0.67213601 4278190335
0.055397499 -0.033307601 0.68956101 4278190335
0.45408601 -0.0912764 0.64477998 4278190335
0.41627499 0.0560266 0.66524798 4278190335
0.52622199 0.14823399 0.58443099 4292861727
0.102824 0.183869 0.65157503 4278190335
-0.0160602 0.00046705501 0.69003099 4278190335
0.327822 0.0759224 0.68083203 4278190335
-0.36427501 -0.237758 0.61260498 4284506270
-0.107973 0.23798101 0.62202102 4294309129
0.180471 0.34683701 0.52706403 4294769666
0.102723 0.0140227 0.69056201 4278190335
0.243368 -0.19289 0.647219 4278190335
0.17047399 -0.0060200701 0.69070601 4278190335
0.37179899 0.0173072 0.68014503 4278190335
-0.143427 0.104035 0.67847002 4291348534
0.295596 -0.190006 0.64788699 4278190335
0.232998 -0.083641797 0.682935 4278190335
0.00196472 0.195406 0.64595699 4284308897
0.137574 -0.069077797 0.68545502 4278190335
-0.343353 -0.33492699 0.53438902 4278190335
0.336575 0.116479 0.671345 4278190335
0.065845497 0.188356 0.64911699 4279571945
0.241531 0.179287 0.65366399 4278190335
-0.0110645 -0.11362 0.675906 4278190335
-0.049722198 0.093038 0.68065202 4278190335
-0.313214 -0.233614 0.623896 4290032714
-0.036743 -0.20645501 0.64000702 4291809071
0.39083901 0.210986 0.62205899 4279242990
0.436892 -0.074977897 0.65473598 4278190335
0.50193799 0.33324 0.44430199 4288322148
0.25130701 -0.266527 0.60246098 4285098389
0.077983201 0.224601 0.63072401 4290493251
0.201442 0.20752899 0.63935298 4278190335
0.46388999 -0.124612 0.63056898 4278190335
0.389586 0.165913 0.64323097 4278190335
0.0419682 -0.139872 0.66786498 4278190335
-0.134056 -0.26546901 0.60427201 4294901248
-0.130766 0.072043702 0.68516099 4292072235
-0.29710501 -0.168993 0.65724701 4291282743
0.043738902 -0.189143 0.64882302 4278190334
0.133607 0.130382 0.67147702 4278190335
-0.428011 0.0264284 0.66431499 4278190335
0.407502 0.199269 0.62304401 4288782685
0.39669499 -0.13348401 0.653054 4278190335
0.27871001 0.13596299 0.66901201 4278190335
0.48562101 -0.20408399 0.58402997 4291480116
0.281571 -0.274425 0.597552 4286019463
0.34642199 -0.102417 0.67321497 4278190335
-0.036073498 0.101539 0.67903399 4278190335
0.0158688 0.049032401 0.68737799 4278190335
-0.0126806 0.077259801 0.68404502 4281085138
0.126917 -0.120992 0.67420697 4278190335
0.22480001 -0.208479 0.63962001 4282203585
0.19815999 -0.290095 0.584319 4289440595
0.29261899 -0.246638 0.61632001 4280295646
0.44379699 -0.114817 0.64272702 4278190335
0.385465 -0.0391066 0.67520398 4278190335
0.022145599 0.11749 0.67496198 4278190335
0.61942703 -0.0176531 0.53191203 4294506502
0.618352 0.20174 0.454234 4289769550
0.16326401 -0.081535898 0.683083 4278190335
-0.306615 0.024308899 0.68933398 4294835457
0.144509 0.108282 0.67682999 4278190335
0.157527 0.080674298 0.68270499 4278190335
0.240833 -0.0175738 0.69020402 4278190335
0.495049 0.0880294 0.624955 4281743048
0.0994398 -0.101739 0.67846501 4278190335
0.44761601 -0.113057 0.64107698 4278190335
0.26204899 0.43937001 0.33579299 4278190335
0.343564 0.26507199 0.59752297 4285887881
0.13921399 -0.057045199 0.68688798 4278190335
0.27103499 0.0019234 0.690458 4278190335
0.29220301 0.137339 0.66880703 4278190335
0.23939399 -0.170122 0.65674597 4278190335
0.28593901 0.045568701 0.68789202 4278190335
0.067245603 0.0233432 0.68966401 4278190335
0.472516 0.146174 0.61890697 4282006212
0.183403 0.38598299 0.471654 4292598563
-0.40522799 -0.300118 0.55078 4278190335
-0.0910924 -0.154432 0.66324002 4292993309
0.39949599 0.161155 0.64226002 4278190335
-0.022897899 0.31494901 0.56223702 4294901248
0.485818 0.042601299 0.63671201 4278321916
0.61183202 0.16696399 0.49216899 4291216952
0.27868 0.140735 0.66775501 4278190335
0.31551999 0.29631701 0.57751298 4289703759
0.37595299 0.105305 0.66705102 4278190335
-0.069438703 0.085017003 0.68267602 4285624717
0.495116 0.189835 0.58514899 4291611698
0.25442699 0.25348499 0.61179799 4280427228
0.124698 -0.17553 0.655186 4278190335
0.44314501 -0.040939 0.65731603 4278190335
-0.45995399 -0.110741 0.63690501 4278190335
0.64868802 -0.122338 0.46461499 4292401190
0.167724 0.218844 0.633219 4278190335
0.187966 0.222418 0.63157099 4278190335
0.115462 -0.099451303 0.67930198 4278190335
-0.254875 0.233923 0.62540698 4292664354
-0.0256142 -0.38803601 0.46851 4278190335
0.45726699 -0.0082932897 0.653485 4278190335
-0.144532 0.27656999 0.59499902 4293059100
0.46805501 0.173123 0.61021298 4289243222
-0.073021203 -0.105896 0.67796898 4282927286
0.368166 -0.401342 0.42397401 4288716894
0.36060399 -0.14179701 0.658988 4278190335
0.35337701 0.0947657 0.67350501 4278190335
0.44626501 -0.266013 0.56239003 4292466981
0.47155899 -0.237481 0.56979901 4294572293
0.124516 0.167347 0.65821999 4278190335
0.41646299 0.15426201 0.63928097 4278190335
0.050136201 0.31000799 0.56617701 4294901248
-0.0763648 0.022024101 0.68981498 4280427228
0.036215 -0.24273001 0.61965698 4287203701
0.051667102 0.243038 0.61979198 4293519637
-0.084803201 0.148257 0.66501099 4286545791
0.49990901 0.14106999 0.60530198 4282006212
0.106681 0.38076699 0.480764 4292401190
0.0301749 0.183816 0.65096998 4280756183
0.40951201 -0.098917499 0.65902197 4278190335
0.53251499 -0.139796 0.58384103 4289243222
-0.034759201 -0.0394588 0.68911701 4278190335
0.39720699 -0.087312102 0.665878 4278190335
-0.036705099 -0.152142 0.66451597 4287335283
0.159372 -0.35585901 0.51544702 4293980174
-0.177321 -0.204597 0.64183903 4294901248
0.486981 -0.19628499 0.58723801 4287466865
0.47776499 0.26646 0.54287797 4294045965
-0.34205601 -0.283833 0.58345902 4278190335
-0.0944058 -0.16404399 0.65962899 4294177547
-0.099823803 -0.16353901 0.65990901 4290032714
0.128921 -0.33034801 0.54655498 4294703875
0.68362403 0.112998 0.398736 4285953672
-0.127526 0.143222 0.66753298 4293190682
0.44566301 -0.067537598 0.65236002 4278190335
0.44887301 0.167832 0.62155002 4280229855
0.232501 -0.126358 0.67276198 4278190335
-0.0180622 -0.123885 0.67362303 4278190335
0.205687 0.062313098 0.68616498 4278190335
0.327436 -0.18607099 0.64710099 4278190335
0.275552 0.34761801 0.5255 4294703875
-0.201517 -0.38160801 0.47922599 4278519289
0.0776871 -0.305626 0.57094997 4294769666
0.35860801 -0.39137799 0.44757599 4291677489
0.59272403 0.017378099 0.56076598 4293519637
-0.35693201 -0.26165301 0.59850502 4278190335
-0.25535199 0.189634 0.64876097 4294572293
-0.129016 -0.200481 0.64295 4293124891
0.166439 0.111134 0.67694002 4278190335
-0.34908399 0.077522002 0.67795402 4292138026
0.22211701 -0.0132927 0.69025201 4278190335
-0.27549499 0.226414 0.62980002 4290295878
0.156911 0.190606 0.64818299 4278190335
0.349096 -0.124841 0.66648 4278190335
0.31332701 -0.218126 0.63262802 4278190335
-0.34629601 -0.074644499 0.67915398 4293059100
0.070846103 0.224788 0.62997597 4285953672
0.519705 -0.077968001 0.61232299 4281216720
0.236286 -0.061721802 0.68639702 4278190335
-0.29413599 -0.056984399 0.68670899 4292861727
0.24095 0.161026 0.66044003 4278190335
0.56300098 -0.12143 0.566468 4294703875
0.425852 0.13185699 0.64451802 4280887765
-0.18829601 -0.17669 0.65421301 4294111756
0.0166193 0.0095576597 0.690687 4278190335
0.052626301 0.133347 0.67025697 4280953556
0.36044899 0.076708697 0.67629302 4278190335
-0.199953 -0.132881 0.67012501 4294177547
-0.37392899 -0.036268398 0.67858499 4286282627
-0.0027190801 0.0151093 0.69013101 4278190335
0.61550301 0.038684599 0.53527403 4294374920
0.461142 -0.120438 0.63358402 4278190335
0.0741468 0.27148601 0.59926599 4292664354
-0.44239599 0.21165299 0.60233599 4278190335
-0.076949798 -0.119204 0.67460197 4283453614
0.48244199 -0.0163386 0.64119601 4278190335
-0.186951 -0.12218 0.67348099 4294374920
0.15013599 0.187069 0.65023601 4280624601
0.32026201 0.249795 0.61273998 4281348302
0.0145572 -0.21071801 0.63775802 4283716778
0.461285 0.047389898 0.64819902 4278190335
0.15397801 0.140045 0.66812599 4278190335
0.157451 0.185268 0.65009201 4278190335
0.0912797 0.15902101 0.66197699 4278190335
0.50893098 0.079415403 0.61859399 4289177431
0.39358699 -0.162653 0.64326298 4278190335
0.39781201 -0.106181 0.66102201 4278190335
0.399652 -0.188719 0.62983 4278190335
-0.205109 -0.362445 0.50753099 4278190335
0.31540799 -0.069144897 0.68387902 4278190335
0.23943 -0.32858101 0.54759598 4294506502
0.265273 0.120529 0.67411798 4278190335
-0.071159802 -0.027923999 0.689623 4278190335
0.447308 -0.107929 0.64287198 4278190335
0.424707 0.0571228 0.66143 4278190335
0.50050497 0.197595 0.57827902 4294177547
-0.025664801 -0.0067745 0.690355 4278190335
-0.0260692 -0.140389 0.66829801 4281085138
0.46108499 -0.274178 0.54708499 4294769666
0.41196501 0.301467 0.54597402 4294901248
0.0139633 -0.14733399 0.666053 4278190335
-0.30012101 -0.219714 0.63264298 4286808955
-0.0021227901 0.248495 0.61613101 4290098505
0.189477 0.138907 0.66846901 4278190335
0.179708 0.382355 0.47741699 4293059100
0.40616599 -0.247826 0.59298998 4290559042
-0.096153401 -0.192302 0.64782602 4294901248
0.0171129 0.22532 0.62955397 4291216952
0.109457 0.086812504 0.68224901 4278190335
0.065187201 0.060136601 0.68670797 4278190335
-0.26972201 -0.327434 0.54961199 4279769318
0.0225692 -0.092938803 0.68094802 4278190335
0.25652701 0.122959 0.67314398 4278190335
0.382943 -0.151849 0.65112901 4278190335
-0.169707 0.0141122 0.69065797 4289111640
-0.51715302 0.0102756 0.62127399 4278190335
0.351221 -0.13327999 0.66342998 4278190335
-0.175759 -0.31997201 0.55743802 4292072235
0.293042 0.018904701 0.69009697 4278190335
0.105186 -0.106781 0.67738998 4278190335
0.210739 0.30168101 0.57496399 4294835457
0.37702399 0.0310148 0.67803502 4278190335
0.27236101 0.103443 0.67817003 4278190335
-0.141201 0.031543098 0.68932301 4292861727
0.37481701 0.021328701 0.67925102 4278190335
0.21285 -0.17073201 0.65677702 4278190335
0.31961501 0.26035899 0.605079 4283453614
0.50259799 -0.12585799 0.60898697 4283256241
0.64871597 -0.206708 0.389148 4281611466
0.487968 -0.13005801 0.616377 4280164064
0.21574201 -0.30894399 0.567393 4293059100
0.071764402 -0.15078899 0.66463798 4278190335
0.60263199 -0.065214701 0.54417098 4294374920
0.437264 -0.089066997 0.65184999 4278190335
0.38549501 -0.14380801 0.65276998 4278190335
0.460246 0.071334399 0.64586002 4281019347
-0.0341837 0.151197 0.66400599 4284308897
0.15778901 -0.359761 0.51155901 4294309129
0.056533501 0.0725912 0.68432999 4278190335
-0.334344 0.169056 0.65322298 4289111640
-0.15601499 -0.29500499 0.57984 4294243338
-0.127553 0.0145924 0.69036502 4283848360
0.0792244 -0.122025 0.67342401 4278190335
-0.154589 0.114681 0.675982 4289835341
0.43948701 -0.30439001 0.530159 4294703875
0.084583297 -0.16173901 0.660317 4278190335
0.473894 0.20251501 0.59173 4288848476
-0.31459099 -0.029387999 0.68822801 4290427460
-0.396171 -0.26486501 0.584203 4278190335
0.045573801 -0.083452702 0.68278402 4278190335
0.483363 -0.175534 0.599612 4287598447
0.324092 -0.018324399 0.68772602 4278190335
0.0082660401 -0.395457 0.45521399 4281940421
0.35988501 -0.21689899 0.62563598 4278190334
0.43939501 -0.0505246 0.65686399 4278190335
0.18286701 0.16719601 0.65805101 4278190335
-0.12894499 0.28505901 0.58876503 4290361669
-0.100387 0.110082 0.67654097 4284308897
0.477653 0.180254 0.60082698 4285032598
0.124388 0.043041799 0.68808502 4278190335
0.25636801 -0.12921201 0.67147797 4278190335
0.48092201 0.145551 0.61523098 4281479884
0.41463801 -0.150281 0.64222699 4282137794
0.63807899 -0.115059 0.48496699 4289901132
-0.24987601 0.117728 0.67486602 4293980174
0.121931 -0.248116 0.61614698 4283190450
0.124954 0.101953 0.67927498 4278190335
0.55080199 0.100626 0.58371502 4289637968
0.46019799 0.13104101 0.629794 4287664238
0.61696398 0.118184 0.51165801 4294901248
0.21859799 0.23497599 0.62430102 4278190335
-0.128502 -0.123354 0.67372602 4292335399
-0.0101376 -0.140689 0.667584 4284111524
0.32777199 0.087047599 0.67912799 4278190335
-0.21567801 0.31735501 0.559771 4285164180
0.38934901 0.00340272 0.67623401 4278190335
0.37243599 0.026234901 0.67936301 4278190335
-0.0465573 0.138786 0.66810602 4285756299
0.484613 -0.37053099 0.38873601 4278190335
0.57359499 -0.0594365 0.57447302 4291611698
0.149964 0.107844 0.67778301 4278190335
0.174991 0.288908 0.585509 4290361669
0.43044299 -0.199766 0.61339098 4281677257
0.035449699 -0.153594 0.66393399 4278190335
0.116909 0.0326222 0.68918997 4278190335
0.219126 -0.20990101 0.63815397 4278190335
-0.40543401 -0.109989 0.65762401 4282137794
0.135188 -0.28903899 0.58487397 4291085370
-0.0303631 0.33877 0.53715402 4294374920
-0.397558 0.072372697 0.66809499 4283453614
0.53813899 0.092738204 0.594863 4291545907
0.276068 -0.19402 0.64701402 4278190335
-0.084946401 -0.31512699 0.562024 4293914383
-0.29738799 0.232907 0.62493801 4289440595
-0.137742 -0.16912 0.65761101 4293717010
0.42488 0.30094701 0.54042 4294638084
0.46373701 -0.0072703501 0.65025997 4278190335
0.50554502 -0.244766 0.54147702 4294111756
0.103534 0.0233115 0.69024402 4278190335
0.43264899 -0.288901 0.54802799 4294638084
-0.096689202 -0.30250001 0.57352298 4294703875
0.530361 0.259803 0.50645602 4294572293
0.39821699 -0.35708499 0.486348 4293914383
0.446035 -0.121865 0.63908499 4282072003
0.39065999 0.070160098 0.670057 4278190335
0.55692899 0.069840997 0.58661002 4291611698
0.425331 -0.14698499 0.638897 4278190335
0.43375301 0.25175101 0.57859701 4290887997
0.280404 0.0880237 0.68225098 4278190335
0.60690302 -0.097946197 0.53074902 4294769666
-0.231646 0.32358101 0.55313498 4285361553
-0.166429 0.058901399 0.68662 4292993309
-0.062847704 -0.269135 0.60134602 4294440711
0.13932499 -0.13795801 0.66890001 4278190335
0.072482497 -0.148698 0.66504902 4278190334
-0.15936799 -0.155664 0.66222 4292072235
0.0422327 -0.090921097 0.680852 4278190335
-0.041948799 -0.071667001 0.685139 4279440363
0.61897701 -0.070186198 0.524517 4293519637
-0.13087 0.188232 0.649068 4292664354
0.45078999 0.138209 0.63265198 4278782453
0.046764199 0.186399 0.65062398 4289111640
0.407132 0.137578 0.64845699 4278190335
0.60265398 -0.089096703 0.53892303 4294638084
0.55610698 0.082675502 0.58370501 4292730145
0.281315 0.13153499 0.670322 4278190335
0.0038057701 0.084726803 0.68243301 4278190335
0.44872901 0.078566603 0.64949501 4278190335
0.51698601 0.126627 0.60018802 4290098505
0.30727601 -0.0757365 0.68326402 4278190335
0.240686 0.188134 0.64897603 4278190335
0.373882 0.110187 0.66641301 4278190335
0.37071899 -0.0293885 0.67933398 4278190335
0.297124 0.032143999 0.689246 4278190335
0.45370099 -0.011238 0.654158 4278190335
0.273853 0.18656801 0.64964902 4278190335
0.251542 0.23054899 0.62747198 4280361437
0.166059 -0.14912599 0.66454899 4278190335
-0.102378 -0.104317 0.678262 4284243106
0.000718116 -0.028700599 0.68992901 4278190335
0.55454397 0.275038 0.46396899 4290295878
0.277803 0.116992 0.674905 4278190335
-0.072305098 0.26511201 0.60443002 4293980174
-0.0507011 -0.0014457999 0.69063097 4278190335
0.224902 0.396844 0.452903 4292006444
0.087776497 0.386839 0.470456 4290098505
0.107103 0.115289 0.67574799 4278190335
0.191386 0.061310399 0.68664402 4278190335
0.56133997 -0.035773002 0.58776599 4291348534
0.044406999 0.219189 0.63300598 4287795820
-0.16291399 -0.140769 0.66832 4291611698
-0.31760201 0.153521 0.661111 4291545907
0.26181 -0.178608 0.65329301 4278190335
0.085277401 0.0293571 0.68999201 4278190335
0.30162701 -0.0039267 0.689502 4278190335
0.34150299 0.056424499 0.68252498 4278190335
0.0450822 0.0193612 0.68994999 4278190335
0.30850899 -0.246389 0.61588001 4283190450
0.36573601 0.309506 0.55518103 4293388055
0.15025 -0.197837 0.64492798 4278190335
-0.041161802 -0.045804501 0.68778503 4278190335
-0.0814026 0.00330835 0.690283 4280887765
-0.0069931298 -0.096180901 0.67969 4279900900
0.70355099 -0.0660365 0.370087 4279900900
-0.067009099 0.188851 0.64923698 4288190566
0.486105 -0.220331 0.57237399 4293322264
-0.0288921 0.118412 0.67455202 4278190335
-0.394263 -0.077606201 0.66817898 4288782685
0.044720098 0.171334 0.65693998 4282335167
0.37130401 0.047036499 0.678464 4278190335
0.23927601 0.411064 0.42324999 4281150929
0.30764601 -0.33046699 0.545165 4293782801
-0.44688901 0.225081 0.59148902 4278190335
0.192458 0.400967 0.444857 4291151161
-0.380353 -0.242679 0.60502702 4280361437
0.458152 -0.040091 0.65081602 4278190335
0.27951401 -0.351441 0.52126598 4294901248
0.171791 0.044063799 0.68835199 4278190335
0.072494999 0.31940699 0.55797797 4294638084
0.17630699 0.16265699 0.660335 4278190335
0.118287 -0.117838 0.67526001 4278190335
0.051612299 0.12534399 0.67284203 4278321916
0.161431 -0.091191299 0.68103403 4278190335
0.19947299 0.228615 0.628613 4280295646
0.28716001 -0.029302301 0.68909198 4278190335
-0.111891 0.154866 0.66340798 4291216952
0.50812602 -0.196502 0.57267898 4294638084
-0.396027 0.0200343 0.674586 4280229855
0.27154899 -0.279955 0.59251702 4287861611
-0.34130499 -0.17422099 0.65035403 4290427460
0.100789 0.33707699 0.53919297 4293717010
0.249163 -0.069077298 0.68558002 4278190335
-0.31549901 -0.030039599 0.68833399 4294309129
-0.112662 -0.042682301 0.68853098 4281940421
0.47305 -0.15358999 0.616018 4280229855
0.47199899 -0.17888699 0.604936 4287203701
0.37988099 -0.17835499 0.64024901 4278190335
-0.323075 -0.214448 0.63313198 4289506386
0.46389201 0.096854903 0.63829201 4278190335
-0.220503 0.24051601 0.62120599 4294177547
0.184484 -0.32482299 0.55137098 4294572293
-0.118117 0.105326 0.67754298 4288914267
0.0944281 -0.079579599 0.68307501 4278190335
-0.149021 -0.026333099 0.68955302 4288058984
0.23051301 0.29103801 0.58342397 4288848476
0.064885601 -0.242649 0.61928201 4289572177
0.44709101 -0.130867 0.63654602 4278190335
0.094115697 0.188463 0.64885998 4278190335
0.00926302 0.089020997 0.682024 4278190335
0.069761597 -0.14005101 0.66824698 4278190335
-0.231731 0.20975301 0.63867599 4294901248
0.408205 -0.149222 0.64397597 4278190335
-0.266736 0.116626 0.67476702 4293256473
-0.30536699 -0.0933351 0.67954099 4294703875
0.15949699 -0.076026097 0.68374699 4278190335
0.437823 0.099329598 0.64952803 4278190335
0.085792497 0.30158699 0.57463801 4294901248
0.112466 -0.35474399 0.51674497 4292993309
-0.201452 -0.106507 0.67775398 4294243338
0.66883999 0.142536 0.41175401 4278190335
-0.23046599 -0.368101 0.49947399 4280295646
-0.20301899 0.27138299 0.59896898 4291545907
0.39289701 0.15456399 0.64745498 4278190335
0.43283701 -0.26925701 0.56547803 4292335399
0.25665399 0.16853499 0.65776801 4278190335
0.19816899 0.40824699 0.430347 4289703759
-0.00224892 0.134368 0.66956598 4279637736
-0.46253899 0.178519 0.61026698 4278190335
-0.075623401 -0.123824 0.67262602 4282203585
0.117936 -0.239315 0.62108898 4288256357
-0.16374101 0.059337098 0.68643302 4290427460
0.363186 -0.36002901 0.49636999 4294111756
-0.32446599 -0.24855 0.612194 4280493019
-0.145198 -0.028560501 0.68946803 4286743164
0.36589801 0.15248699 0.65452999 4278190335
0.180874 0.102187 0.678478 4278190335
0.47815901 0.186721 0.59781897 4287072119
0.038197499 -0.00175669 0.69067001 4278190335
0.057263698 0.129851 0.67099899 4278190335
0.10657 -0.356199 0.51594597 4294572293
0.190997 0.37561199 0.48775899 4290559042
0.073925801 0.064587399 0.68543702 4278190335
0.1134 0.059110802 0.68700099 4278190335
-0.0465759 0.32174501 0.55550802 4291151161
0.26672 0.0344772 0.68875802 4278190335
0.55474198 0.0731076 0.587044 4288453730
0.26759401 -0.18074299 0.652349 4278190335
0.0069219102 -0.085283101 0.682042 4278190335
0.304914 0.23367199 0.624192 4288322148
-0.00100145 0.147423 0.66585702 4282927286
0.381816 -0.118077 0.66211599 4278190335
0.0055899699 -0.149902 0.66434801 4278190335
-0.124892 -0.10346 0.67808801 4286677373
-0.069183402 -0.088149197 0.68163502 4282664122
0.51155198 0.13688099 0.599145 4286282627
-0.23264299 0.068570301 0.68541402 4293914383
0.50279301 0.020061901 0.62978703 4278190335
0.267647 0.016949801 0.69052303 4278190335
0.146754 0.0526499 0.68747097 4278190335
0.29111099 -0.30565801 0.57105798 4292532772
0.031982299 0.047906499 0.687554 4278190335
0.459712 0.122473 0.633322 4278190335
-0.03325 -0.15560099 0.66295099 4280295646
0.32059699 0.072264403 0.68270499 4278190335
0.30191001 0.417077 0.40682599 4278190335
-0.127583 -0.065064199 0.68580198 4288453730
0.46489999 0.384684 0.38141 4278190335
0.33098501 0.16864701 0.65401399 4278190335
-0.083781302 0.199488 0.64425498 4292927518
-0.268758 0.066751398 0.68523699 4294703875
0.294925 0.086428903 0.68217498 4278190335
0.382992 -0.216269 0.62134701 4281348302
0.395601 0.080763303 0.667243 4278190335
0.338456 -0.239838 0.61654502 4291151161
0.15422 -0.0117606 0.690494 4278190335
0.28922701 0.24957301 0.61419302 4281611466
-0.0132673 0.0105667 0.69034499 4278190335
-0.131356 -0.048989601 0.68829 4287335283
0.66941398 -0.0126888 0.46154401 4289440595
0.173251 -0.196881 0.64546299 4278190335
0.168924 -0.237811 0.62222099 4289440595
0.104477 0.127553 0.671682 4278190335
0.425814 -0.207369 0.61114198 4288782685
0.252215 -0.058735602 0.68631297 4278190335
0.236017 0.21744999 0.63425899 4278190335
0.51221502 0.15822899 0.59021097 4292927518
0.455351 -0.14444301 0.628003 4286282627
0.53554398 -0.131933 0.58449399 4290295878
0.247135 -0.130206 0.671224 4278190335
0.018989399 0.061737999 0.68626201 4278190335
0.32482901 -0.096729502 0.67759901 4278190335
0.369252 0.0046021799 0.68072802 4278190335
0.479947 -0.100075 0.62971801 4282400958
0.29645899 0.35200101 0.52089798 4294901248
0.31896299 -0.098931298 0.67788899 4278190335
0.12906501 0.071086198 0.68436402 4278190335
-0.00097755599 -0.077964902 0.68333101 4278190335
0.083438002 0.141955 0.66760498 4278190335
0.30053699 0.105621 0.67736298 4278190335
-0.271101 0.050211601 0.687491 4293059100
-0.0033804399 -0.0073021199 0.69015402 4278190335
0.161218 0.36017799 0.51003897 4294243338
0.131173 -0.242064 0.62018198 4284769434
0.111033 -0.090676598 0.68101501 4278190335
-0.073364601 -0.26202801 0.60621202 4293914383
-0.0039221998 -0.214057 0.63599497 4288980058
0.36329201 -0.0094969999 0.68166602 4278190335
0.095066696 -0.051849399 0.68739903 4278190335
0.374771 -0.338559 0.52110201 4292532772
0.29159901 -0.108952 0.67686498 4278190335
0.37118599 0.145888 0.65609801 4278190335
0.16034099 -0.091349103 0.68077499 4278190335
-0.29978201 0.047899999 0.68773001 4294901248
-0.178578 0.044937201 0.68872499 4292664354
-0.24313501 -0.16254599 0.66025501 4294901248
0.40043101 0.047203701 0.67114598 4278190335
-0.304288 0.276472 0.59511501 4280229855
-0.0189541 0.30232599 0.57446003 4294901248
0.335195 -0.27692801 0.59055299 4288914267
0.474296 -0.092148997 0.634772 4278190335
-0.043510001 0.20511299 0.64062202 4291545907
0.368839 -0.0606227 0.67707902 4278190335
0.113374 -0.062131502 0.68654299 4278190335
-0.19351 -0.105846 0.67762297 4292532772
0.34398299 0.14648101 0.66090697 4278190335
0.0309943 -0.075853497 0.68402398 4278190335
0.114508 -0.081208304 0.683231 4278190335
0.48296499 -0.015684901 0.64051002 4278190335
-0.18143 -0.26615101 0.60314602 4294572293
0.0278136 -0.031529602 0.68896198 4278190335
0.25258201 0.26680699 0.60282701 4286874746
0.103405 -0.301651 0.57418001 4293782801
0.30846101 0.062329199 0.68496102 4278190335
0.13336 -0.052632101 0.68712801 4278190335
0.0822694 -0.070395797 0.68503499 4278190335
0.423345 0.20553499 0.61312199 4283058868
-0.342444 0.225318 0.62442398 4282137794
-0.46906099 -0.082867898 0.63883197 4278190335
0.053940199 0.071474701 0.68505698 4278190335
-0.33265501 0.164552 0.65621001 4288322148
0.39291999 -0.225483 0.61248899 4282203585
0.38118601 0.0885721 0.66933101 4278190335
0.52930403 -0.32361701 0.42553699 4281019347
-0.285813 -0.064257398 0.68589002 4294901248
0.219109 0.00088293402 0.69082803 4278190335
0.33294699 -0.0125321 0.68688101 4278190335
0.0078587197 0.35781401 0.51401198 4292072235
-0.153586 -0.18433499 0.65075701 4294703875
0.16585299 -0.19339401 0.64711702 4278190335
0.201693 -0.078130402 0.68379498 4278190335
0.431409 -0.090343498 0.653521 4278190335
0.55815798 -0.130808 0.56768298 4294045965
0.35376501 0.155169 0.65597302 4278190335
0.34403899 -0.000140559 0.68589902 4278190335
0.08698 0.025142699 0.69003999 4278190335
0.092458002 0.13044 0.671655 4278190335
0.33925399 0.125606 0.66822499 4278190335
-0.097170897 -0.203567 0.641267 4290624833
0.097852997 0.022561001 0.69040602 4278190335
0.26509199 0.220369 0.63286 4284637852
0.26618499 -0.33640599 0.53937602 4294243338
0.127065 -0.188898 0.64909202 4283716778
0.337053 0.20790701 0.63515902 4278190335
-0.0857362 -0.064122602 0.68592203 4282993077
0.554079 -0.00336515 0.59529501 4288453730
0.12814701 0.180279 0.65240902 4278256125
-0.020677401 0.28966299 0.58549798 4294703875
0.082735397 0.177774 0.65357602 4278190335
0.084603697 0.0483208 0.688196 4278190335
-0.162607 0.327216 0.54951698 4291545907
-0.17600501 -0.346472 0.52799398 4288124775
0.034340899 0.136981 0.66895401 4278190335
-0.47255501 0.197503 0.59416902 4278190335
0.192362 0.22661 0.62979299 4279308781
0.51468801 -0.126606 0.60167903 4283256241
0.62238199 -0.032353502 0.527529 4294769666
0.090754203 -0.14965101 0.66490901 4278190335
0.334712 0.098515503 0.67610502 4278190335
-0.40987101 -0.270419 0.57431799 4278190335
0.107051 -0.197786 0.64478999 4279308781
-0.228102 0.14034 0.66782898 4294703875
0.15722001 -0.350822 0.52230102 4292598563
-0.134433 0.078900903 0.68348902 4292138026
-0.239612 -0.032288201 0.68905097 4293651219
0.505193 0.200243 0.57305801 4294835457
0.206715 -0.43472099 0.356534 4278256125
0.29330301 -0.070604503 0.68513697 4278190335
0.025474999 0.40507001 0.43609101 4283190450
0.42346901 0.0038852401 0.66573203 4278190335
-0.0479315 -0.093566202 0.68075299 4287598447
0.113008 0.309071 0.56747699 4293585428
0.60857898 0.0980075 0.52967799 4293914383
0.168681 0.163856 0.65992701 4278190335
0.113993 0.199791 0.64411402 4278190335
0.158042 -0.132319 0.67061299 4278190335
0.38678801 0.119426 0.660694 4278190335
0.35355699 -0.0324209 0.68317801 4278190335
0.546507 0.117612 0.58101302 4290032714
0.108635 0.103093 0.67903 4278190335
0.398092 0.15645701 0.644862 4278190335
0.087644003 -0.233529 0.62499899 4282927286
-0.175611 0.29732499 0.57879698 4293782801
0.37322101 -0.223088 0.61974698 4279440363
-0.371095 -0.25213 0.60099602 4280887765
0.37489599 -0.248054 0.60345399 4285229971
0.60094899 -0.21061499 0.471908 4289901132
0.287119 0.36487001 0.50334901 4293980174
0.32338899 0.27231401 0.59643799 4286611582
0.026719101 -0.244158 0.61869401 4291348534
0.40994 0.00129464 0.67017299 4278190335
0.46228701 -0.195685 0.600851 4286874746
0.410559 -0.220301 0.610192 4289309013
-0.426397 -0.16817699 0.63081098 4279703527
0.33985499 0.123839 0.66913199 4278190335
0.334829 0.078299597 0.68009597 4278190335
-0.26280901 -0.33859399 0.53658003 4278190335
0.269108 0.121301 0.673711 4278190335
0.079362601 -0.214285 0.63604701 4281019347
0.27164599 -0.031039899 0.68957502 4278190335
0.46268499 0.21476901 0.59059697 4291809071
0.086101398 0.094241902 0.68049902 4278190335
0.234624 0.164134 0.659899 4278190335
0.38032499 0.080252603 0.671417 4278190335
0.38725001 -0.086553201 0.66812003 4278190335
0.342832 -0.18997499 0.643305 4280690392
0.52200902 0.144934 0.58900303 4286743164
0.43276599 0.21806 0.60183197 4288322148
-0.219797 0.30227801 0.57394499 4280756183
0.389034 -0.026398599 0.67596602 4278190335
0.067575999 0.0441099 0.68823099 4278190335
0.43669099 0.15077899 0.63355702 4281414093
0.39525199 -0.33932099 0.51139802 4294901248
0.44249299 -0.00617855 0.65953398 4278190335
0.20013601 0.14401001 0.667063 4278190335
0.52686 -0.186067 0.56575203 4294901248
-0.026889101 -0.34658 0.52820998 4293519637
-0.243755 0.26962501 0.60041898 4287466865
0.179158 0.12748501 0.67232698 4278190335
0.076526202 0.00506448 0.69004202 4278190335
0.146695 -0.212181 0.63774103 4286611582
0.308155 0.35794199 0.51136702 4294901248
0.178306 -0.090901099 0.68147302 4278190335
-0.074309498 0.26420999 0.60506898 4294506502
0.38820201 0.186968 0.63510299 4278190335
0.39758301 0.076645397 0.667256 4278190335
-0.169313 -0.00688319 0.69040298 4293519637
0.41571701 -0.23045599 0.60175401 4285032598
0.56315601 0.081331298 0.57828498 4289901132
0.39375499 0.387265 0.43842599 4279111408
0.23212001 0.33878699 0.53650802 4294638084
0.31852701 0.120227 0.67270499 4278190335
-0.095852301 -0.0582279 0.68643898 4283387823
-0.0785034 0.160163 0.66146702 4289637968
-0.153183 0.115979 0.67532402 4291282743
0.35488501 0.153584 0.65620399 4278190335
0.196547 -0.156985 0.662718 4278190335
-0.0300916 -0.188897 0.64924401 4288914267
-0.0401574 -0.0113266 0.690256 4282335167
0.49861899 0.0570927 0.62844902 4278190335
0.16940001 -0.245075 0.618348 4284966807
0.333193 0.134083 0.66593701 4278190335
0.38807401 -0.21603601 0.61999899 4285427344
0.179737 0.20291901 0.64160198 4278190335
0.299793 0.132447 0.66995299 4278190335
0.35378301 0.0103576 0.68374902 4278190335
0.35906601 0.12759 0.66386998 4278190335
0.61927199 0.22266699 0.43010199 4289769550
0.36326501 -0.3249 0.53965199 4294572293
0.13926999 -0.0096553201 0.69081098 4278190335
-0.316982 -0.26897499 0.59930402 4279242990
0.30205101 0.082091302 0.68199497 4278190335
0.473122 0.043893199 0.64340103 4278190335
0.13245 -0.0673021 0.68499202 4278190335
0.335897 -0.227019 0.62446702 4284835225
0.406836 -0.155984 0.64180797 4278190335
0.028728001 0.34884 0.52495199 4294506502
-0.318084 -0.25983399 0.605977 4281348302
0.48314399 -0.31840199 0.48395801 4290098505
0.0056041302 -0.30588201 0.57103699 4294835457
0.0657681 -0.075712897 0.68449801 4278190335
-0.0617976 0.181633 0.65232998 4288782685
0.0046872101 -0.24950799 0.61466497 4292138026
-0.40437299 0.0292078 0.67123902 4278190335
0.40473399 0.170469 0.63752103 4278848244
0.50345099 0.221911 0.56057 4292927518
0.094841801 -0.146034 0.66613501 4278190335
0.50075799 0.18454599 0.58521497 4294177547
0.14779601 -0.166618 0.65832001 4278190335
0.52710903 0.201617 0.55602503 4293059100
0.65082902 -0.208013 0.38279501 4283453614
0.58701801 -0.0560955 0.56265998 4294901248
-0.387431 0.070206098 0.67106801 4286480000
0.093222901 -0.033365801 0.68974799 4278190335
0.45507801 0.31206101 0.51243198 4294901248
0.324606 0.131363 0.668585 4278190335
-0.35965699 0.21727499 0.625458 4283519405
0.38185799 0.210324 0.62478697 4278190335
0.107699 0.264137 0.60433501 4286743164
0.359442 -0.114982 0.66747802 4278190335
-0.117399 -0.120593 0.67355603 4292006444
-0.0296205 0.050611701 0.68718803 4278190335
-0.19046099 -0.145097 0.66634798 4294901248
-0.094581001 0.30973801 0.56644601 4294374920
0.58490801 -0.102649 0.55220699 4294901248
0.083255798 -0.235935 0.62391198 4284045733
0.58730501 -0.22859199 0.47270501 4293388055
0.51627803 0.215372 0.55484402 4293322264
0.44827101 0.16122399 0.62447399 4285493135
0.29946801 0.185737 0.64975297 4278190335
-0.090876602 0.0441655 0.68791199 4280624601
0.66471797 0.165712 0.400121 4282137794
0.57699299 -0.197899 0.51170701 4294769666
-0.032125998 0.122932 0.67388397 4284308897
0.131082 0.163229 0.66031402 4278190335
-0.39628601 0.095840201 0.66370702 4284440479
0.705405 0.0098986002 0.37867701 4281940421
0.26414299 -0.123727 0.67326802 4278190335
-0.17850401 -0.23938 0.62158 4292598563
0.43585399 -0.17708801 0.62238902 4278650871
-0.204376 0.140626 0.66793901 4294572293
0.0193682 0.117418 0.67450202 4282072003
0.371672 -0.232337 0.614268 4285822090
0.64952999 -0.0363754 0.49098399 4291216952
0.58303601 -0.021368699 0.56993902 4294901248
-0.29650199 -0.30290899 0.57229 4278190335
0.333828 0.084470898 0.67867702 4278190335
-0.238593 -0.229082 0.62839103 4294440711
0.109459 -0.109606 0.67703998 4278190335
0.222256 0.347628 0.52669102 4294638084
-0.122635 -0.200635 0.64370298 4294901248
0.0192322 0.142185 0.66753501 4278190335
-0.17567299 -0.367944 0.50039202 4278190335
0.00675643 0.15624 0.662651 4278256125
0.121817 0.036293201 0.68939602 4278190335
-0.168575 0.13418899 0.669864 4294506502
-0.30893299 0.147643 0.66438103 4291809071
0.51206303 0.0395853 0.62278497 4278650871
0.44484401 0.140017 0.63443398 4278190335
-0.192472 -0.25346601 0.61216998 4294309129
0.080723204 0.086237103 0.68201703 4278190335
0.49187201 -0.087188803 0.626369 4284703643
0.48291701 -0.127709 0.61958998 4279769318
-0.188058 -0.0508602 0.68787998 4290953788
0.176449 -0.0605588 0.68681002 4278190335
-0.20998199 0.22888801 0.62789601 4294769666
0.66426402 -0.142713 0.42233101 4284966807
0.55674702 0.096608698 0.58032602 4292269608
0.32351699 0.15593199 0.65972501 4278190335
0.59044802 0.0362572 0.56135499 4293585428
0.26986399 -0.024693299 0.69013202 4278190335
0.478421 0.133463 0.62021798 4279506154
0.25223699 0.184696 0.65042102 4278190335
-0.036208101 -0.054077402 0.68742001 4278190335
0.42528701 -0.015686199 0.66579598 4278190335
0.31807399 0.0299467 0.687325 4278190335
0.244504 -0.101429 0.67941397 4278190335
0.300769 0.34269199 0.531353 4294309129
0.30932701 -0.089117102 0.68050498 4278190335
-0.20020901 0.33425701 0.5413 4284045733
0.111334 0.117068 0.67468899 4278190335
0.086400799 -0.151961 0.66356099 4278190335
0.25864199 0.107903 0.6778 4278190335
0.246893 0.158369 0.66154802 4278190335
0.52648401 -0.000365393 0.61585498 4278848244
-0.10004 -0.152215 0.66428202 4290559042
0.35382399 0.17527901 0.64829499 4278190335
0.44248801 -0.23874199 0.58412999 4289572177
-0.067984201 0.227248 0.62898397 4290953788
0.25017199 0.094677903 0.680758 4278190335
0.099018298 -0.020669799 0.68999499 4278190335
0.483551 -0.262808 0.54173702 4293914383
0.106195 0.41129801 0.42234799 4279835109
0.22886001 -0.105379 0.67787898 4278190335
0.49331799 -0.29044101 0.50847298 4294703875
0.26572201 0.051808901 0.68788803 4278190335
0.44359601 0.37119401 0.43443301 4279835109
-0.0926807 0.130373 0.67114598 4285887881
0.210098 -0.36469799 0.50477803 4294769666
-0.00602159 0.30048901 0.57550102 4293980174
0.27098599 -0.40621001 0.43477499 4285756299
0.49792299 -0.169852 0.594118 4288058984
0.49704999 0.092272997 0.62210798 4278190335
0.091775298 0.31987301 0.55725503 4294901248
0.54057801 0.30234599 0.445364 4285098389
-0.076545298 -0.102787 0.678155 4283848360
0.406501 0.103394 0.65883303 4278190335
0.29052499 0.368458 0.49923 4294769666
-0.219798 0.072578698 0.68467897 4294243338
-0.29876301 -0.191907 0.64704299 4293519637
0.117108 0.0508168 0.68755102 4278190335
-0.26139799 -0.343371 0.531618 4278190335
0.46687999 -0.258966 0.55596501 4293059100
0.64537102 -0.111421 0.47379899 4293585428
-0.45353201 0.039663602 0.65266597 4279769318
-0.122831 0.109111 0.67722601 4289572177
0.079111896 -0.0178343 0.69029403 4278190335
0.454202 0.096979298 0.643255 4278190335
-0.077413499 0.28896701 0.58608401 4294703875
-0.0141072 -0.029072801 0.68961501 4278190335
0.42152601 0.117799 0.64982599 4278190335
0.0224075 -0.045266699 0.68791902 4278190335
0.21590599 -0.15481199 0.66351098 4278190335
-0.24218901 -0.0127028 0.68990701 4294901248
-0.131641 -0.35175899 0.521626 4287664238
-0.38906899 -0.0199064 0.67571998 4282598331
0.59064502 0.155433 0.524598 4294901248
0.147901 -0.17168801 0.65635902 4278190335
-0.29052201 0.230646 0.62724203 4289572177
0.30469501 -0.268783 0.60019398 4284966807
-0.048273299 -0.27962199 0.59319502 4294243338
0.00260038 0.115701 0.67511398 4278190335
0.13469601 0.087725103 0.68153399 4278190335
0.143061 -0.199184 0.64433098 4278190335
-0.14289799 -0.27206799 0.59862798 4294769666
0.53773898 0.0113751 0.60754198 4283716778
-0.130935 -0.26989201 0.60015398 4294901248
0.429658 0.104078 0.65152299 4278190335
-0.42317 -0.14759301 0.63980502 4278190335
0.31113401 0.0248974 0.68899101 4278190335
-0.114786 0.15266 0.66391402 4292664354
-0.330181 -0.202843 0.638484 4289177431
0.136593 -0.19886599 0.64441502 4279440363
-0.333754 0.34734401 0.52134597 4278190335
0.48338899 -0.085867502 0.63099098 4278190335
-0.00696587 -0.12731799 0.67208999 4278190335
-0.214518 -0.102182 0.67902899 4293453846
0.40654999 -0.0041783 0.671372 4278190335
0.161927 -0.192333 0.64734399 4279835109
-0.31154999 0.28787899 0.58464497 4278190335
0.111096 0.133362 0.67050397 4278190335
0.54972899 0.079840302 0.58951598 4289309013
-0.161985 0.217227 0.63476002 4294901248
0.56764501 0.076039001 0.57541901 4291611698
0.040225498 0.0714802 0.68435103 4278190335
-0.132846 -0.128159 0.67195702 4289440595
-0.018893899 -0.107392 0.67794299 4279440363
0.0196926 -0.188495 0.64906299 4282532540
0.402033 0.189804 0.628851 4278190335
0.094540402 -0.25797299 0.60871297 4292730145
0.33776599 0.13842499 0.66407698 4278190335
0.46380201 -0.12439 0.63053799 4278190335
0.019395201 -0.067750797 0.68531799 4278190335
-0.27988699 -0.25618199 0.610825 4291282743
0.315317 0.21883 0.631437 4278190335
0.28705299 0.035308398 0.68892998 4278190335
0.53296602 0.040097602 0.609326 4285427344
0.173632 0.24302199 0.61966699 4280493019
0.030084699 -0.090972699 0.68074602 4278190335
0.249823 0.375837 0.488177 4292927518
0.486559 0.078090101 0.63164997 4278190335
0.273027 -0.113378 0.67648399 4278190335
-0.0418749 -0.41440901 0.415694 4278190335
0.060843799 0.153271 0.66314203 4278190335
0.426108 0.068177499 0.65981698 4278190335
0.19310901 0.28027299 0.59223998 4288651103
-0.045260701 -0.26668999 0.603387 4293256473
0.52034599 -0.0261002 0.61815399 4290295878
0.414812 -0.114977 0.65381402 4279571945
0.37634799 0.35995501 0.49199101 4294506502
0.30212501 -0.238525 0.62096101 4288322148
0.057045199 0.119469 0.67426401 4278190335
0.56751001 0.28690499 0.43018499 4287335283
0.23549201 0.35385999 0.51808101 4294901248
0.084043898 -0.035730101 0.68864799 4278190335
0.50253701 0.097918198 0.61730498 4283124659
-0.360695 0.21902101 0.62504601 4278190335
-0.104476 0.0419138 0.68850797 4283058868
0.057293501 0.239308 0.621804 4288058984
0.460908 -0.102154 0.63806802 4278190335
0.157331 0.030019799 0.68951797 4278190335
-0.133944 -0.118489 0.67452002 4293190682
0.23586801 0.28529701 0.58863401 4286611582
-0.17057399 0.134819 0.67000198 4294572293
0.0175485 -0.14998201 0.66488397 4278190335
0.145118 0.150392 0.66499001 4278190335
0.0799288 0.084440902 0.68203598 4278190335
0.0271776 0.23352499 0.62507302 4288322148
-0.19697 -0.309551 0.567366 4290493251
0.26164001 -0.0138934 0.69057602 4278190335
0.098205902 -0.069212198 0.68549401 4278190335
0.209685 0.35852501 0.51188099 4291743280
0.0891762 0.099855296 0.67907 4278190335
-0.123935 -0.112438 0.67576098 4290756415
0.28566101 -0.338543 0.53731799 4294703875
0.17951401 0.041489001 0.68854302 4278190335
0.052710399 0.0558162 0.687006 4278190335
0.309176 -0.35795701 0.51217401 4294901248
0.0544159 0.043768998 0.68791598 4278190335
0.21866301 0.113476 0.67625803 4278190335
0.153175 0.0476235 0.68815798 4278190335
0.0306862 0.36908001 0.49735501 4287598447
0.42779899 -0.12511 0.64530301 4278190335
0.059141699 -0.34982601 0.52327597 4294572293
0.453796 -0.16339999 0.62069201 4286743164
0.397957 -0.0030107701 0.67414898 4278190335
-0.232141 0.235946 0.62413502 4288453730
-0.0233733 -0.064507797 0.68579799 4278190335
0.687774 0.086341001 0.40452799 4284308897
0.19843499 -0.0151415 0.69051403 4278190335
0.61355197 0.231498 0.43052801 4289243222
0.34926799 0.103952 0.672593 4278190335
-0.24313 -0.35587099 0.51569903 4280493019
0.325533 0.18641999 0.64724499 4278190335
0.028648701 -0.314197 0.56332499 4294901248
0.24875399 0.235957 0.62374401 4278190335
0.150846 0.0361613 0.68886399 4278190335
0.25907499 -0.140701 0.66770399 4278190335
0.12897199 -0.20010699 0.64350599 4280295646
-0.231942 0.032605901 0.68919098 4294901248
0.172198 -0.157417 0.66197002 4278190335
0.069815204 0.107102 0.67765403 4278190335
0.298316 0.32126701 0.55446202 4293256473
0.67113799 0.14454 0.40491 4279769318
-0.35695201 -0.27267501 0.58901298 4281019347
0.0157724 0.106405 0.67733401 4278190335
0.450414 0.0047529498 0.65578002 4278190335
-0.0896006 0.241061 0.62051803 4294769666
0.16410001 -0.050042901 0.68792301 4278190335
0.205097 0.28790399 0.58650398 4287532656
0.233722 0.109683 0.67666203 4278190335
-0.143693 -0.23697799 0.62360197 4294703875
0.216536 -0.38194099 0.47777399 4293782801
0.494948 -0.107207 0.619286 4282664122
-0.072451301 0.108242 0.67736298 4286216836
0.34220499 0.139615 0.66387099 4278190335
0.279259 0.24979 0.61420298 4280756183
0.208901 -0.339347 0.53654498 4294901248
0.376802 0.166923 0.646173 4278190335
0.251912 0.22507399 0.630422 4284769434
-0.31301999 0.0094537698 0.68903798 4294638084
-0.074430101 -0.091761798 0.68120301 4286085254
0.14808699 -0.181338 0.65270197 4278190335
0.599814 0.062217899 0.54912102 4294703875
0.488444 -0.25934401 0.54154998 4294440711
0.465415 -0.12985399 0.62799001 4279966691
-0.033918601 0.29549399 0.58005202 4294506502
0.19214401 -0.065150604 0.68570203 4278190335
0.407336 0.119774 0.65459001 4278190335
0.34694999 0.036791101 0.68392402 4278190335
0.21236099 -0.065395601 0.685422 4278190335
0.085260697 0.03912 0.68837202 4278190335
-0.19396 -0.308725 0.5679 4285822090
0.64791501 -0.187534 0.41522199 4283782569
-0.235535 -0.307944 0.568618 4288585312
-0.055049501 -0.173807 0.655918 4286677373
0.43600899 0.184423 0.61963302 4278650871
0.411818 -0.186372 0.627967 4278190335
0.26082301 -0.221311 0.632824 4281808839
0.14781401 -0.19105101 0.64763999 4278190335
0.070982002 -0.352779 0.51913702 4294440711
0.64155298 -0.080763802 0.49252 4292795936
0.236387 0.0126519 0.690494 4278190335
0.358233 -0.234189 0.616714 4279966691
0.37291399 -0.0037837001 0.68057001 4278190335
0.24428099 0.0184664 0.689982 4278190335
0.037641201 0.13203999 0.67103899 4278190335
-0.085601799 0.0373923 0.68902999 4290098505
0.43630099 -0.1547 0.63232303 4278190335
0.377085 -0.081144102 0.67181802 4278190335
0.42324001 -0.24598999 0.58855402 4287269492
0.138671 0.30840901 0.56861103 4294374920
0.19226199 0.11044 0.67709303 4278190335
-0.024549199 -0.323807 0.55281198 4294835457
-0.0057322802 -0.18481299 0.651007 4286414209
-0.265138 -0.25409901 0.61228698 4291809071
0.50144398 -0.108157 0.61527002 4282993077
0.57356501 0.256841 0.46179199 4293059100
-0.16372199 -0.375826 0.487546 4283190450
0.19059899 -0.13802101 0.668782 4278190335
0.308314 -0.297032 0.577658 4293585428
0.39168 0.087173097 0.66718501 4278190335
0.098088197 0.121647 0.67343497 4278190335
0.140478 -0.10383 0.67855799 4278190335
-0.12851 -0.0241528 0.689726 4285295762
0.58848202 0.190203 0.50526899 4294177547
0.23788901 -0.0389046 0.68924898 4278190335
0.28533801 0.081147 0.68318498 4278190335
-0.22747999 -0.36851299 0.49948901 4278190335
0.177092 -0.17408501 0.65568399 4278190335
0.302531 -0.025632899 0.68870902 4278190335
0.44881201 -0.087764598 0.64700502 4278190335
0.48400801 0.12829401 0.61891198 4280295646
0.427845 -0.0187236 0.66456699 4278190335
0.18723901 0.355281 0.51604402 4294901248
0.152274 -0.128977 0.67161298 4278190335
0.108741 0.043776002 0.688357 4278190335
0.225714 -0.195329 0.64537799 4278190335
0.48063299 -0.078964002 0.634588 4278190335
0.267921 -0.170046 0.65727198 4278190335
0.0918542 -0.142051 0.66750699 4278190335
0.119215 -0.114686 0.67522597 4278190335
0.385975 0.133441 0.65612698 4278190335
0.59907001 -0.121826 0.53089702 4294703875
-0.15937801 -0.23527101 0.62416899 4294703875
0.355777 0.173345 0.64883697 4278190335
0.494726 -0.14847501 0.60571998 4283058868
0.56952202 0.243246 0.480858 4289572177
0.159044 0.091433898 0.68142402 4278190335
0.071986899 -0.245195 0.61820698 4284769434
0.27517301 -0.149433 0.664922 4278190335
0.17659099 0.376481 0.48642299 4287927402
0.47190899 -0.038806099 0.64425099 4278190335
0.33825299 0.0240197 0.686032 4278190335
0.104519 0.131073 0.67119801 4278190335
0.225618 -0.29104701 0.58313698 4289703759
-0.040328301 -0.34689599 0.52765602 4293256473
0.00715501 -0.211325 0.63831902 4288585312
0.551745 -0.232757 0.51159501 4293848592
0.364737 0.071996197 0.67636901 4278190335
0.51168299 -0.085328601 0.61500001 4283190450
0.36726299 0.015887201 0.68073499 4278190335
0.157015 0.0493269 0.68773502 4278190335
-0.13074601 -0.28694701 0.587035 4294572293
0.356289 0.30380899 0.56362498 4292795936
0.62728697 0.100872 0.50548297 4293980174
0.53284103 0.110423 0.593678 4292269608
0.204823 -0.182861 0.651981 4278190335
0.165768 0.12811799 0.67217499 4278190335
0.087608501 0.109696 0.67725599 4278190335
0.22961199 0.232765 0.62550497 4278190335
0.0203632 0.14270601 0.66775 4278190335
0.174024 -0.0595905 0.686584 4278190335
-0.070473596 0.306068 0.56983298 4294703875
0.118808 0.24073599 0.62042397 4282861495
0.19419301 0.072559103 0.68434602 4278190335
-0.00037055899 -0.0182092 0.69045597 4278190335
0.18500599 -0.057946701 0.686845 4278190335
0.102785 -0.196242 0.64580703 4278190335
-0.0361045 -0.026300101 0.68973202 4280953556
-0.40687299 -0.124645 0.65311903 4278190335
0.28451499 0.40537599 0.43626001 4290032714
-0.37247199 -0.30118799 0.56140798 4278190335
0.36627701 0.1218 0.66444099 4278190335
-0.17588601 0.081543103 0.683281 4294638084
-0.101511 0.153266 0.66307902 4292006444
0.42796299 -0.017201601 0.66392398 4278190335
0.207404 -0.159106 0.66104698 4278190335
0.70821798 -0.057122599 0.35805401 4278190334
-0.0257381 0.0730929 0.68478698 4278190335
0.44936201 -0.113748 0.640962 4278190335
0.46174499 0.00365089 0.65083599 4278190335
-0.034867801 0.10134 0.67872697 4278190335
0.291444 0.074243598 0.68431598 4278190335
0.00100638 0.0059155002 0.69055402 4278190335
0.36708099 -0.114312 0.66591603 4278190335
0.043460801 -0.262743 0.60581899 4292927518
0.57169002 -0.191108 0.52188301 4294638084
0.224353 0.28227001 0.59114701 4288980058
0.187525 -0.076246001 0.68440902 4278190335
0.25807101 -0.112828 0.67609203 4278190335
0.51920003 0.278166 0.498483 4294901248
0.32864499 0.201768 0.63988203 4278190335
0.049864601 0.120493 0.67412901 4278190335
0.49614501 0.0526806 0.63026899 4278190335
-0.32873499 -0.168771 0.654109 4286282627
-0.40663201 0.25179601 0.58992398 4278190335
0.065961704 0.078970604 0.68391299 4278190335
-0.0971618 -0.18999 0.64852399 4294901248
-0.063289002 0.071780302 0.68509501 4278190335
0.27624801 0.215725 0.63568199 4278190335
0.39666501 0.020605201 0.673733 4278190335
0.137555 0.115456 0.67574501 4278190335
0.0059108599 0.167335 0.65773898 4278190335
4.85419e-05 0.26468799 0.60439998 4291085370
0.17709599 0.173706 0.65508699 4278190335
0.376059 0.23876099 0.609357 4283453614
0.0118759 0.0020164801 0.69010502 4278190335
0.0169539 -0.105563 0.67772901 4278190335
0.534513 0.19047201 0.55694401 4293782801
-0.0151143 -0.087416299 0.682118 4278190335
0.144913 0.268172 0.60190701 4288453730
0.027108399 0.0268937 0.689237 4278190335
0.47211 -0.041574299 0.64363497 4278387707
0.49852401 -0.101475 0.61924601 4288256357
-0.382714 0.19877499 0.63033801 4278190335
0.28947699 0.31067601 0.56592399 4292401190
0.415712 0.37583601 0.44487801 4287401074
-0.034371801 0.078845903 0.68321103 4278190335
-0.035344701 0.223855 0.63074601 4288848476
0.40804699 0.076276802 0.66447502 4278190335
0.14681 -0.287929 0.58633399 4290953788
0.58113801 0.033693701 0.57060701 4291545907
0.60188901 -0.225098 0.455522 4291743280
0.16092999 0.111195 0.67627299 4278190335
-0.20714 -0.122056 0.67349702 4293519637
0.42224801 -0.090097703 0.65740401 4278190335
0.261168 0.31947801 0.557105 4293256473
-0.22959501 0.113342 0.67643899 4294243338
0.356442 -0.223436 0.62257999 4284835225
0.48217499 -0.12769599 0.619946 4279506154
0.035930101 0.077808604 0.68335402 4278190335
-0.165482 -0.032613799 0.68886501 4289769550
-0.430648 -0.0155512 0.66375101 4278979826
0.42268899 0.074925303 0.660209 4278190335
0.0502396 0.045431402 0.68822598 4278190335
-0.0299473 0.20943899 0.63882703 4288585312
0.45770201 0.17621499 0.61393201 4282532540
0.363713 0.153705 0.65424699 4278190335
0.052257501 -0.36967701 0.49654499 4289045849
0.028062001 -0.095017098 0.68013799 4278190335
0.50904697 0.13209701 0.60335201 4283716778
0.18178099 0.075265303 0.68444198 4278190335
0.56944197 0.12864 0.558025 4293190682
-0.16608 0.237812 0.62203699 4294440711
-0.29521099 -0.16086701 0.66063499 4290887997
0.220944 -0.27446201 0.59772801 4291348534
0.18724801 0.242645 0.61904401 4280164064
0.33425301 0.108321 0.67369503 4278190335
-0.18206801 -0.067841299 0.685817 4291611698
0.33862001 0.02299 0.68577701 4278190335
-0.352543 0.13080999 0.66464102 4281545675
0.41831201 -0.023318401 0.66738302 4278190335
-0.256605 -0.024537399 0.689605 4294374920
0.552701 0.0123815 0.59639901 4286480000
0.52206701 0.047317099 0.61531198 4278914035
0.44851801 -0.0029513701 0.65704602 4278190335
0.27183399 0.126678 0.67274803 4278190335
0.26224101 -0.18693499 0.65017802 4278190335
0.495006 -0.042181302 0.63258898 4281479884
0.413636 -0.14144699 0.64538902 4278190335
0.59415901 -0.0031324299 0.55992597 4293519637
-0.099186398 0.157408 0.662202 4293914383
0.464607 0.179038 0.60807198 4281808839
0.35344601 0.200497 0.63629401 4278190335
-0.27975601 -0.138704 0.66894698 4292269608
-0.35598901 0.097705401 0.67219901 4282335167
0.38277999 -0.193078 0.63276303 4284045733
-0.171629 -0.0627639 0.68647099 4290032714
-0.134192 0.092179798 0.68098199 4288190566
-0.067062102 -0.223951 0.63073999 4294901248
0.130144 -0.119381 0.674155 4278190335
0.116593 0.023534 0.68974602 4278190335
-0.37281999 0.13165499 0.659805 4289572177
0.42074099 -0.032637101 0.66596901 4278190335
-0.198392 0.094685003 0.68085098 4292730145
0.36813599 -0.14772899 0.65554702 4278190335
-0.35669401 0.117105 0.66771102 4291611698
0.084010698 0.34561801 0.52866602 4294374920
0.56478798 -0.21828599 0.50954098 4294901248
0.0060507799 -0.098749101 0.67920101 4278190335
0.37797099 0.062667198 0.67504299 4278190335
-0.23558401 0.14978001 0.66506898 4293585428
0.044910599 -0.047458999 0.68844998 4278190335
0.22061899 -0.170811 0.656766 4278190335
0.293832 -0.249608 0.61429799 4281348302
0.0270897 0.159861 0.66062498 4278190335
-0.034234401 0.276786 0.59550297 4294440711
0.058542799 -0.044722602 0.68791199 4278190335
0.46464401 -0.0163195 0.649324 4278190335
0.168457 -0.066477597 0.68525302 4278190335
-0.32366201 -0.079814203 0.680484 4292006444
0.358365 -0.066489697 0.67846203 4278190335
0.0112302 -0.197576 0.64478898 4289177431
0.54324597 -0.201288 0.54252398 4294901248
-0.113858 0.29431999 0.58069301 4292861727
-0.0015838901 0.00471015 0.69064802 4278190335
0.248169 0.218641 0.63422102 4280887765
0.45460501 0.25098601 0.56998903 4292861727
0.220065 -0.133029 0.67006999 4278190335
-0.50617898 0.0070619099 0.62854302 4278190335
0.310011 0.0663983 0.68450201 4278190335
0.399719 -0.28788999 0.563887 4294572293
0.040259998 -0.070560001 0.68494898 4278190335
-0.135444 0.201084 0.64356297 4293519637
0.136123 0.047776099 0.68761301 4278190335
0.21294899 -0.080424197 0.68282002 4278190335
-0.044957399 -0.070262402 0.68513602 4283519405
0.16285001 0.166995 0.65860301 4278190335
0.089744002 0.37064099 0.49603301 4293914383
0.0256014 -0.093519002 0.68116999 4278190335
-0.145375 -0.090317197 0.68084598 4288782685
0.246243 0.32020399 0.55706698 4292861727
0.420517 0.108775 0.65267599 4278190335
0.154431 -0.12629201 0.67244297 4278190335
0.104487 -0.065944597 0.68593901 4278190335
0.179673 0.00284044 0.69017702 4278190335
0.47486699 0.167155 0.60846698 4289901132
0.455957 0.192232 0.60578001 4283519405
0.107476 -0.31492999 0.56155401 4293848592
0.077757403 -0.087595798 0.681826 4278190335
-0.121665 -0.106816 0.67717701 4290493251
-0.00106085 -0.25088599 0.61390001 4290690624
0.156308 0.43544999 0.355683 4278190335
-0.24541 0.16021 0.66077298 4294901248
-0.13313399 0.0308774 0.689632 4289769550
0.47264799 -0.076705597 0.63843697 4281479884
0.15277299 -0.103485 0.67861903 4278190335
-0.036058001 -0.0044243899 0.69075 4278190335
0.046711098 -0.1557 0.66284001 4278190335
0.185862 0.033984501 0.68946803 4278190335
-0.35347199 0.23728 0.61565602 4280624601
0.44187099 0.129155 0.63848102 4282466749
-0.00753845 -0.30278099 0.574067 4293453846
-0.15302999 -0.13028 0.67169499 4294769666
0.387135 0.206102 0.625471 4288980058
0.14949401 0.11192 0.67639601 4278190335
0.29314899 0.0190519 0.68957001 4278190335
0.40884101 -0.105018 0.657628 4278190335
0.28494099 -0.35716099 0.514871 4292466981
0.024129899 0.100262 0.67891997 4278190335
0.33247501 -0.0534142 0.68373299 4278190335
0.67611599 -0.117137 0.413964 4287927402
0.431687 0.0120492 0.66267198 4278190335
0.15541901 -0.066947602 0.68559003 4278190335
0.51992601 -0.098364398 0.60718 4282532540
0.20039301 0.223287 0.63086998 4282466749
-0.039188001 0.39870101 0.44902799 4278190335
0.390591 0.11886 0.65914899 4278190335
-0.28777099 0.242935 0.61947697 4291151161
-0.116901 -0.243651 0.61881602 4294901248
0.27652001 0.285568 0.58843797 4287203701
0.38014501 0.095965698 0.667656 4278190335
0.210991 -0.383834 0.475187 4289703759
0.070334002 -0.19126999 0.64790398 4278190335
-0.26632199 -0.29332301 0.58183098 4288190566
0.47357801 0.111417 0.63027 4280361437
0.38339001 -0.180218 0.63922101 4278190335
-0.12698799 0.0640288 0.68542999 4286216836
-0.29709199 -0.0608458 0.68595099 4291085370
0.39283699 -0.17159601 0.64072597 4278190335
-0.012056 0.0434829 0.68809199 4278190335
0.31274 -0.110656 0.675349 4278190335
0.057663701 -0.31398201 0.56266499 4294901248
-0.0043067299 0.39544401 0.45595899 4278650871
0.448477 0.25554699 0.56904697 4293388055
0.386327 0.155596 0.64873898 4278190335
0.60705298 0.071861699 0.53800303 4294703875
0.30329901 -0.115719 0.67505401 4278190335
0.31667799 0.327613 0.54674202 4294835457
0.32709101 -0.047019199 0.68529499 4278190335
0.423107 -0.124923 0.64721102 4278190335
0.22091199 -0.083171301 0.682733 4278190335
0.59584498 0.043465599 0.55510402 4294769666
0.077183403 0.090635799 0.68120998 4278190335
0.218104 0.0412613 0.68909299 4278190335
0.070833102 0.086541601 0.68212801 4278190335
0.440339 0.173765 0.62272602 4280756183
0.60084802 0.182592 0.49528399 4290822206
-0.106217 0.206191 0.64068198 4294901248
0.43787599 -0.36602801 0.44846901 4291611698
-0.121799 -0.243561 0.61851603 4294506502
0.575683 -0.0152762 0.57770002 4293717010
0.28725001 -0.021445001 0.689937 4278190335
0.234962 0.194363 0.64649898 4278453498
0.160465 -0.028613999 0.689695 4278190335
0.46355101 -0.078581303 0.64311701 4278190335
-0.37272599 -0.090278499 0.67115802 4289440595
-0.033020198 -0.16200601 0.65992898 4287730029
0.060449701 0.0625934 0.68601203 4278190335
0.355288 0.344006 0.520446 4294703875
0.37915301 -0.31416199 0.54597199 4293519637
-0.074763097 -0.10306 0.67889202 4280032482
0.423547 -0.070132703 0.660088 4278190335
0.207476 -0.283638 0.58927 4289045849
0.32457 -0.12582 0.67009503 4278190335
-0.29805499 -0.37986401 0.48130399 4278190335
0.072098903 0.140287 0.66764897 4278190335
-0.038150199 -0.16945601 0.65745002 4285229971
0.273195 0.123472 0.67367297 4278190335
0.45421901 0.238006 0.57877302 4291545907
-0.33815801 0.075429499 0.680161 4287730029
0.480373 0.098513998 0.63025397 4278190335
0.198091 -0.18313 0.65137202 4278190335
0.45413101 -0.0950986 0.64387399 4278190335
0.180838 -0.148562 0.66496098 4278190335
-0.18204799 -0.056020401 0.68729502 4293322264
-0.35874 -0.126845 0.66471398 4289769550
-0.24244601 -0.107092 0.67744797 4294703875
0.093679398 -0.156018 0.66303301 4278190335
0.351367 -0.234356 0.61747497 4283585196
0.34929699 0.247649 0.60985899 4282400958
-0.115947 -0.30351299 0.57310897 4293322264
0.20054001 0.188961 0.64915299 4278190335
0.052535199 0.0895551 0.681642 4278190335
-0.125864 0.090074398 0.68090999 4287927402
0.217259 -0.174677 0.65541601 4278190335
0.350023 -0.065583304 0.67993999 4278190335
0.0616262 0.026209 0.69015598 4278190335
-0.030899899 0.099368498 0.67934 4278782453
0.017471001 0.044751801 0.68855703 4278190335
-0.022405 -0.094157897 0.68043 4278650871
0.23830999 0.161826 0.66085899 4278190335
0.62622398 -0.124071 0.495965 4294243338
0.57723403 -0.039100502 0.574435 4290822206
0.33789101 -0.084343702 0.67870599 4278190335
-0.22513901 0.060216598 0.68631899 4293782801
0.37685701 -0.111674 0.664698 4278190335
-0.038213398 -0.39727199 0.45246899 4285361553
-0.0750513 -0.37194699 0.49448901 4284966807
0.10667 -0.0156586 0.69026399 4278190335
0.108656 -0.0135962 0.69035202 4278190335
0.28720301 0.167974 0.65754998 4278190335
0.59729803 0.25351101 0.43084601 4278190335
-0.23902699 0.129117 0.67164397 4294901248
0.021960299 -0.022582401 0.68998599 4278190335
-0.27528 -0.139267 0.66824901 4293585428
0.40868801 -0.1772 0.633223 4281414093
0.21010301 -0.021383399 0.68989998 4278190335
0.52383298 0.161596 0.58007902 4293388055
0.21093901 -0.082109898 0.68327397 4278190335
0.524023 -0.168295 0.57705998 4291348534
-0.0396933 0.086344898 0.68211001 4282598331
-0.035399001 -0.243705 0.61886799 4293717010
0.292537 -0.095180601 0.68055302 4278190335
0.137077 -0.18389501 0.65089297 4278190335
0.46060199 0.34431201 0.46519101 4290887997
0.49383199 -0.136904 0.61077499 4284966807
-0.030003401 -0.089013003 0.681234 4278519289
0.124935 0.0486518 0.68795401 4278190335
-0.10958 -0.28796101 0.58588099 4294901248
0.223426 0.025690701 0.68960398 4278190335
0.512986 0.31920701 0.452667 4289901132
0.121975 -0.086353801 0.68204498 4278190335
0.30976999 0.40613499 0.43136299 4287466865
0.062072799 0.0051512299 0.690736 4278190335
0.111097 0.25975099 0.60816997 4292927518
-0.170661 0.382213 0.47844699 4280164064
0.210996 -0.32776299 0.54887903 4294440711
0.238893 -0.31154099 0.56461197 4292927518
0.196558 -0.113668 0.675852 4278190335
0.082940102 0.022773299 0.68946999 4278190335
0.18117 0.0893078 0.681916 4278190335
0.044445701 0.076481096 0.68347502 4278190335
-0.33438599 0.132806 0.66699201 4288322148
0.331958 0.121828 0.67073202 4278190335
0.244882 0.215468 0.63511002 4278190335
0.43330801 -0.126183 0.64323598 4278190335
0.133754 -0.066132396 0.68591899 4278190335
-0.183751 -0.33258 0.54418302 4289177431
0.0026936701 -0.021375 0.69044697 4278190335
0.352781 0.192342 0.63996601 4278716662
0.064667702 0.062287401 0.686436 4278190335
-0.37391999 0.080797002 0.67285901 4278716662
0.040918 0.111338 0.67625701 4280295646
0.39845899 0.38955501 0.430354 4283979942
0.22343799 0.43278 0.365125 4278190335
0.468813 0.0615495 0.64322901 4278190335
0.13084599 -0.17415901 0.65565997 4278190335
0.45726201 0.112916 0.63766903 4278190335
0.210536 -0.11598 0.67547798 4278190335
-0.40811899 -0.0088725397 0.67143601 4285427344
0.12607899 0.14730901 0.66586602 4278190335
0.37292901 -0.109683 0.66687399 4278190335
0.16135401 0.28598201 0.58730602 4291677489
-0.432549 -0.231978 0.59397298 4278190335
0.46533301 -0.186552 0.60480702 4286216836
0.182027 0.041059598 0.68868899 4278190335
0.163214 -0.0185876 0.69008899 4278190335
0.077075697 0.038913 0.68872398 4278190335
-0.0247072 -0.062836401 0.68578702 4278190335
0.232071 0.23768599 0.62288803 4280098273
-0.02778 -0.016168 0.69003701 4283453614
0.17757 -0.084286898 0.68225801 4278190335
-0.40948799 -0.200186 0.621584 4278190335
-0.34427199 0.14356101 0.66153002 4289769550
0.069132298 0.0257168 0.69016498 4278190335
0.099637799 -0.19262201 0.647708 4283519405
0.39746699 0.044459801 0.67165101 4278190335
0.54379302 -0.099625297 0.58908701 4288453730
0.64997399 -0.041515999 0.489793 4288585312
0.386787 -0.323268 0.53316498 4294045965
-0.118335 0.170013 0.65745699 4291414325
0.367403 0.110411 0.66698003 4278190335
0.41199201 -0.38054001 0.43875599 4286414209
0.27212 0.27948999 0.593409 4288322148
0.18377399 -0.27507699 0.59633601 4292335399
0.16029701 0.165425 0.65864998 4278190335
0.324922 0.091868103 0.67839599 4278190335
0.20294701 -0.21880201 0.63418299 4280361437
0.085357197 0.20502099 0.641083 4280098273
0.208151 -0.130943 0.67099202 4278190335
0.36111501 -0.16632099 0.65064698 4278190335
-0.18197501 -0.0423868 0.688317 4292730145
0.25935301 0.31866601 0.55834103 4292401190
0.098825403 -0.222847 0.63159502 4280164064
-0.087205499 0.15455601 0.66365802 4288058984
0.051162601 -0.0136984 0.69000399 4278190335
-0.30214301 0.136224 0.66864598 4290361669
-0.273451 0.119334 0.67446798 4292072235
-0.183318 0.194792 0.646209 4294769666
0.41483799 -0.075977802 0.66261202 4278190335
0.334941 0.023847099 0.68627101 4278190335
-0.28717601 -0.214514 0.63587803 4292861727
0.19021 0.13288499 0.67075402 4278190335
0.0070919502 0.078368902 0.68387502 4279111408
0.19374 -0.0190906 0.690121 4278190335
0.34393001 0.334712 0.53336298 4294703875
0.351464 -0.36599699 0.49157301 4290493251
0.40238699 -0.322162 0.52845299 4294769666
0.0574512 0.080062598 0.68382502 4278190335
-0.035909399 0.29081401 0.58350801 4294835457
-0.00581935 0.0265167 0.69017601 4278190335
-0.045106899 -0.229827 0.62791997 4290427460
0.13889 0.231621 0.62614 4282795704
0.026187699 0.0307608 0.68982202 4278190335
0.46722201 -0.043711901 0.64586103 4282598331
-0.185642 0.050956801 0.68714499 4292861727
0.210228 0.033339899 0.689601 4278190335
-0.32229301 0.15870801 0.65917301 4292203817
0.45778799 0.082811199 0.64479899 4278190335
0.29970801 -0.21222401 0.63720399 4278321916
0.299436 0.209281 0.63805997 4278190335
0.33488801 -0.0077918801 0.68690002 4278190335
-0.36032999 0.00084947102 0.68333 4286151045
0.49885201 -0.194456 0.581285 4289703759
0.41216499 -0.21946201 0.60938299 4287269492
0.52660799 0.077235103 0.60768199 4284901016
0.16407 0.109469 0.677347 4278190335
0.241759 -0.304223 0.57228899 4291743280
0.40174499 -0.059039399 0.66849703 4278190335
0.223031 -0.031917401 0.68890101 4278190335
0.264772 0.124242 0.67343402 4278190335
0.198392 0.057613801 0.68713403 4278190335
0.34576499 -0.151816 0.65872103 4278190335
-0.25025901 0.068048202 0.685341 4294572293
0.0107256 -0.109921 0.67652702 4279308781
0.14343899 0.176983 0.65378797 4278190335
0.26241401 -0.272136 0.59931397 4290230087
0.61336601 -0.19268601 0.47025099 4292006444
0.13753299 0.0048645898 0.69067597 4278190335
0.128114 0.063782901 0.68599898 4278190335
-0.0205561 0.37268099 0.491952 4288322148
0.52500498 -0.22765 0.54013199 4294638084
-0.136564 -0.17081 0.65657097 4292072235
-0.130729 0.122994 0.673527 4290756415
0.076747298 0.0137749 0.69010502 4278190335
0.111872 0.196706 0.64535201 4278190335
0.67181498 -0.0483924 0.45174599 4287137910
-0.22495501 0.0134509 0.69040197 4293453846
-0.071182698 0.17257001 0.65631199 4290559042
0.103881 -0.068292201 0.68542099 4278190335
0.678478 0.097146399 0.419552 4278190335
-0.51006103 0.054416399 0.62154299 4278190335
-0.160696 0.28521201 0.58859098 4289374804
0.066735096 -0.047492001 0.688429 4278190335
0.032033801 0.15139601 0.66438502 4278190335
0.0616563 0.21368501 0.63695401 4283585196
0.41677299 0.103164 0.65555698 4278190335
0.26755199 -0.070166796 0.68466598 4278190335
-0.29043201 0.17765699 0.653745 4294177547
0.48133001 0.29034799 0.51699299 4294835457
0.0233062 -0.0110183 0.69014603 4278190335
0.34071299 0.104212 0.67370099 4278190335
0.20942 0.049681399 0.687612 4278190335
-0.25255701 0.065218396 0.68618703 4294374920
-0.220818 0.256008 0.61023003 4294177547
0.082219601 -0.162874 0.66031301 4278190335
-0.038628399 0.0369545 0.68856102 4278190335
0.31034601 -0.184349 0.649257 4278190335
0.27701101 0.174806 0.655258 4278190335
-0.293825 -0.018944001 0.69030201 4294901248
-0.111527 -0.0303526 0.68992198 4290624833
-0.0149906 -0.292923 0.58240902 4294506502
-0.075715102 0.31013501 0.56716001 4294638084
0.0986735 -0.26546499 0.60426098 4294309129
0.063458197 -0.31109899 0.56598699 4293585428
0.129382 -0.29776001 0.577851 4292006444
0.122203 0.349655 0.52357501 4294835457
0.50721002 0.0158429 0.62681299 4278914035
0.00267487 -0.22317401 0.63087499 4286611582
0.666605 -0.15666699 0.40427801 4280953556
0.39113501 0.014579 0.67528898 4278190335
0.44187301 0.327124 0.50273699 4294835457
-0.177928 -0.280604 0.592426 4292664354
-0.016803799 -0.22133601 0.63270801 4287861611
-0.373667 -0.237648 0.61015397 4282335167
-0.079706997 -0.112324 0.67630702 4284506270
0.35741299 -0.13778 0.66162199 4278190335
0.43395901 -0.27405599 0.560839 4294901248
0.499924 0.091567397 0.62136 4280295646
0.090662099 -0.023821799 0.69022202 4278190335
0.47279501 -0.30053899 0.51330799 4294572293
0.47819701 -0.054105699 0.63987201 4280032482
0.27502501 0.029454 0.68991798 4278190335
0.45536301 -0.0178106 0.653009 4278190335
0.444617 -0.099723503 0.64616501 4281348302
0.324312 0.232778 0.62242001 4279506154
0.36174101 0.105461 0.67028701 4278190335
0.00104256 0.048844699 0.68793201 4281808839
-0.123899 -0.18954 0.64895999 4294901248
0.44801301 -0.055142902 0.65341502 4278190335
0.42928699 0.401182 0.37522101 4282006212
0.34217 0.123328 0.66828501 4278190335
0.078204401 -0.0141181 0.69018 4278190335
0.14571901 -0.40785199 0.429741 4286480000
0.288284 -0.128676 0.67119402 4278190335
0.41835701 0.022989901 0.66782099 4278190335
0.44665599 0.076934703 0.650527 4278190335
0.34791899 0.106352 0.67177498 4278190335
-0.30059499 -0.253611 0.611871 4289703759
-0.111783 -0.28862301 0.586043 4294374920
0.020222301 0.217675 0.63415402 4287137910
-0.287938 0.113566 0.67587698 4294243338
0.51991397 0.029219201 0.61909598 4281085138
-0.382561 -0.0282335 0.67710799 4287335283
0.134131 0.160688 0.66136098 4278190335
0.064101301 -0.34733701 0.52685398 4293322264
-0.097255901 0.0181127 0.68976903 4286808955
0.43911901 -0.025696101 0.65922999 4278190335
0.351432 -0.16651 0.65213501 4278190335
0.58041298 -0.076367497 0.565157 4293717010
-0.0111789 -0.23050199 0.627033 4290295878
0.16100299 0.16120601 0.66100103 4278190335
0.18274499 0.33737099 0.53874898 4294703875
-0.203917 0.034986399 0.68915802 4292335399
-0.412981 0.148192 0.64314997 4282664122
0.34184399 -0.015760999 0.68541598 4278190335
0.44391 -0.046824001 0.65593398 4278190335
0.48630899 -0.25413099 0.54797 4294901248
0.55425799 -0.037390899 0.59375101 4290953788
-0.26501501 -0.064966202 0.68613702 4294506502
0.45628801 0.109652 0.638116 4282532540
0.187593 -0.177241 0.65414298 4279506154
-0.0248644 0.406299 0.43297601 4284045733
0.23662899 0.29448 0.58064198 4290822206
0.189219 0.173948 0.65562999 4278190335
-0.239902 0.35909301 0.51147902 4281282511
0.293816 -0.16542201 0.65849102 4278190335
0.48403499 0.22074699 0.57342798 4291677489
0.0277845 -0.0989502 0.67961299 4278190335
0.31378099 -0.062870599 0.68421298 4278190335
0.363451 0.153697 0.654612 4278190335
0.383039 -0.035459001 0.67658597 4278190335
0.15204699 0.17333201 0.65553898 4278190335
0.132581 0.0254579 0.68933702 4278190335
-0.00191144 -0.0218996 0.68963099 4278256125
0.508928 0.218592 0.55858302 4292861727
-0.101329 -0.20262501 0.64235401 4292006444
0.108506 0.27173299 0.599549 4294045965
0.43891099 -0.022813199 0.65991098 4278190335
0.0053929398 -0.32037601 0.556624 4294901248
0.276292 -0.34509999 0.52858502 4293980174
-0.19739 -0.063056298 0.68623799 4292006444
-0.0139175 0.033059999 0.688936 4278782453
0.19812 -0.104089 0.67855299 4278190335
0.47090599 -0.173335 0.607526 4288453730
0.037971899 -0.30328801 0.572402 4294835457
0.47374699 -0.083612002 0.63705099 4278453498
-0.091031402 0.069079399 0.68519503 4281545675
0.31448299 -0.20861 0.63719898 4282598331
0.25001201 0.27448899 0.59701401 4290098505
0.161043 0.19340999 0.64693201 4280295646
0.0363595 0.215841 0.635629 4282532540
0.165389 -0.137659 0.66866201 4278190335
-0.0532513 -0.227166 0.62945902 4290164296
-0.40686801 -0.034261599 0.67031902 4281545675
0.22449601 -0.084822901 0.68200099 4278190335
-0.112489 -0.150281 0.66472799 4289572177
0.114183 0.29548001 0.58003402 4292993309
0.32256699 -0.126693 0.66979402 4278190335
0.69609499 -0.0045282599 0.406048 4286611582
0.308981 -0.125669 0.67133403 4278190335
0.0129865 0.027060499 0.68943602 4278190335
-0.181164 -0.217136 0.63495398 4294901248
0.133919 -0.195259 0.64591599 4278190335
0.040254701 0.085214898 0.68247402 4278190335
-0.37105399 -0.221306 0.62067097 4278190335
-0.0251185 -0.34083799 0.53485 4294111756
0.27475801 -0.42213401 0.39778 4280821974
-0.0071044699 -0.0158989 0.68977398 4278190335
-0.14682899 -0.226835 0.62939203 4294901248
0.31394401 0.37450099 0.487427 4294045965
0.40464899 -0.25876099 0.58549398 4291348534
-0.36187801 -0.224888 0.62133199 4284769434
0.43975499 0.148297 0.63294399 4278190335
0.2965 0.089746296 0.681409 4278190335
0.0023065601 -0.14386401 0.66671598 4287335283
0.067988798 -0.13824899 0.66887498 4279900900
0.40178901 0.305767 0.54702002 4294901248
0.30532101 -0.28755501 0.58605403 4289177431
0.0084759304 -0.35019499 0.52289498 4293848592
0.0194433 -0.0122562 0.69080901 4278190335
0.52358401 0.228946 0.53988397 4294243338
0.236508 -0.149012 0.66484898 4278190335
0.318028 0.36259499 0.50413698 4294440711
0.253474 -0.302086 0.57348597 4292072235
0.48837399 -0.0796801 0.630481 4284045733
0.35584101 -0.183686 0.64380097 4278190335
0.178727 -0.090501599 0.68088502 4278190335
0.66770297 -0.0127251 0.46382499 4287203701
0.28748399 -0.020509399 0.689641 4278190335
-0.0102282 0.25769001 0.60940599 4292269608
0.56186801 -0.196705 0.52900201 4294769666
0.11822 -0.21003599 0.63855797 4278190335
0.306133 0.011746 0.68961698 4278190335
0.40152901 0.0076627801 0.67268401 4278190335
0.32112199 -0.40709999 0.42712399 4286545791
0.145199 -0.047031399 0.688272 4278190335
0.137721 0.199994 0.64331102 4278190335
0.111649 0.100462 0.67921501 4278190335
-0.068761997 0.054415099 0.68746001 4285098389
0.37406099 -0.174917 0.64394599 4278190335
-0.033213001 -0.033379 0.68929797 4278190335
0.271516 0.13859899 0.66883498 4278190335
0.50804102 0.134325 0.60262901 4283453614
0.39498001 -0.180023 0.63588101 4280164064
0.262501 0.147404 0.66523099 4278190335
0.134488 -0.39076501 0.46409899 4292598563
0.205421 -0.027328201 0.69005197 4278190335
0.53064299 -0.00114321 0.61245501 4283256241
0.284383 0.213678 0.63631099 4282532540
0.464219 0.192783 0.601704 4285953672
0.110042 -0.0298426 0.689412 4278190335
0.0236618 -0.048686601 0.68744397 4278190335
0.142267 -0.0098008402 0.69066602 4278190335
0.045267601 0.30893001 0.56830698 4294901248
0.57142502 0.0897578 0.56975698 4290164296
0.081992202 -0.19284999 0.64681298 4278190335
0.17799699 0.30366901 0.57195902 4292861727
0.0364132 -0.092448197 0.68130398 4280624601
0.478598 0.28678301 0.52360702 4294638084
0.109961 -0.38983199 0.46463501 4288190566
0.36340299 0.075921804 0.67583698 4278190335
-0.169351 -0.233473 0.62543797 4293782801
0.086400703 -0.00237429 0.690382 4278190335
0.45865899 0.267005 0.55489802 4294309129
0.235622 -0.263466 0.604972 4289506386
0.35716599 -0.16418301 0.651609 4278387707
0.48159599 -0.0132925 0.64168602 4279900900
0.120187 -0.24460401 0.61774498 4284506270
0.40982199 0.18766899 0.62800997 4280032482
0.230922 0.227808 0.629049 4280821974
0.095620297 -0.146735 0.66585898 4278190335
0.0289609 -0.34400299 0.53065503 4294703875
0.372282 0.25588101 0.59835899 4286874746
0.312502 -0.13935401 0.66684598 4278190335
0.49903199 -0.19874699 0.578031 4294177547
0.28261599 -0.036570098 0.689004 4278190335
0.037419502 -0.0441131 0.68882698 4278190335
0.485939 -0.14070299 0.613464 4283914151
-0.107749 0.15293799 0.66396302 4288058984
-0.30943501 -0.208793 0.63764602 4282466749
0.50470001 0.184003 0.58241498 4290756415
0.121202 -0.018200099 0.690422 4278190335
0.25826299 -0.086672097 0.68156803 4278190335
0.32788801 -0.143407 0.66391402 4278190335
0.30711499 0.30599299 0.56951803 4291480116
0.582102 -0.27573499 0.423453 4283519405
0.28906 0.108458 0.67720699 4278190335
-0.117349 -0.39371401 0.45940199 4282466749
0.56637299 -0.043035399 0.58298099 4292598563
0.057812002 0.38858801 0.46783099 4290953788
0.249045 0.022182001 0.689767 4278190335
-0.19071899 0.0587002 0.686791 4293124891
0.337017 0.118205 0.67045498 4278190335
0.25924599 -0.35209101 0.520235 4294901248
0.562545 -0.17536999 0.541035 4293651219
-0.33541799 -0.159554 0.656811 4291085370
0.49733701 -0.0176378 0.63301897 4279308781
0.184173 -0.36486399 0.50356197 4294835457
0.31738099 -0.16505399 0.65712899 4278190335
0.41631001 -0.212998 0.61213797 4281348302
0.28584301 -0.31326601 0.56302398 4293190682
0.217361 -0.30551401 0.57063103 4290953788
0.28121901 0.18416899 0.65159303 4278190335
0.44854701 -0.104455 0.64315897 4278190335
-0.0066308002 0.017441601 0.68997598 4281216720
0.236284 0.31157401 0.56504202 4292072235
-0.056811899 -0.0588191 0.68626601 4283190450
0.66286403 0.00704733 0.47232401 4290887997
0.103793 -0.24887399 0.61565799 4287335283
0.064157799 -0.35357401 0.519364 4294769666
0.43164799 0.130483 0.64287001 4278190335
0.36592299 -0.25287801 0.60255599 4288124775
-0.44695899 0.147021 0.63079703 4278190335
0.45935899 0.15538301 0.62130702 4281085138
-0.068524003 -0.34466699 0.52958101 4291809071
0.356444 -0.26955599 0.59177297 4287927402
0.044657499 0.345622 0.52921498 4294506502
0.29351801 -0.41152501 0.42143801 4285229971
0.000337381 0.00102348 0.69015199 4278190335
0.165765 -0.042925101 0.68809199 4278190335
0.438804 -0.00307927 0.66033 4278190335
0.47856799 0.199341 0.59036303 4289374804
0.46869099 -0.12903599 0.62691998 4283585196
0.46853301 -0.0319147 0.64688599 4278190335
-0.25884601 -0.0723169 0.68514597 4294440711
0.31608701 -0.096317999 0.67871398 4278190335
-0.368238 0.00204897 0.68149 4290756415
0.094543003 -0.0561102 0.68652898 4278190335
-0.043634102 -0.043164998 0.688191 4280887765
-0.0150475 0.093711697 0.68022698 4279308781
0.066946998 -0.115537 0.675556 4278190335
0.28328601 0.206167 0.64090598 4281085138
0.32627201 0.042620301 0.68580401 4278190335
-0.0154334 -0.049525902 0.68753701 4278190335
0.174676 0.19266701 0.64702201 4278914035
0.48218599 0.0184326 0.64127398 4284308897
-0.024521399 0.21179999 0.63780898 4287664238
0.0456465 -0.020263201 0.690265 4278190335
0.37006199 -0.18202201 0.64193797 4278190335
0.40147299 -0.29793099 0.55485898 4293585428
0.15026 -0.132311 0.67038399 4278190335
0.0305128 0.083962299 0.68250501 4278190335
0.434383 0.117846 0.64601898 4278190335
0.36524501 0.224668 0.61991698 4278650871
0.28765801 0.0603608 0.68588799 4278190335
0.44238999 0.28627101 0.54565698 4294769666
-0.241521 0.109037 0.67716199 4294572293
0.29188901 -0.0100891 0.69006401 4278190335
0.36196899 -0.33387399 0.53042901 4294901248
0.31264901 0.087695204 0.68043202 4278190335
0.41250801 0.394182 0.41185501 4288124775
0.477402 0.157711 0.61114502 4281677257
-0.14711501 0.175915 0.654957 4292006444
0.55540699 0.0044760499 0.59444499 4292466981
0.464688 0.067129001 0.64393997 4279177199
-0.301422 -0.0046210499 0.68994099 4294901248
0.60701501 0.221062 0.45237899 4283848360
0.40269801 0.091633797 0.66260898 4278190335
-0.023473799 0.032492202 0.689668 4278190335
0.182154 0.20687 0.639862 4278190335
0.57266301 0.0103056 0.58004099 4291085370
0.57699603 -0.0262569 0.57572597 4294769666
0.30012101 0.27821699 0.593247 4290098505
0.108822 0.192895 0.64720798 4278190335
0.27875799 -0.16784801 0.65800399 4278190335
0.432888 0.146035 0.63645101 4278190335
0.31529099 0.0613207 0.68494803 4278190335
0.31319901 -0.116391 0.67330003 4278190335
0.235535 0.00216961 0.69092399 4278190335
0.39391199 -0.120844 0.65768999 4278190335
0.45576301 -0.101678 0.64115 4278190335
0.20171501 0.017025299 0.69056702 4278190335
0.070456199 0.230306 0.62685001 4287137910
0.30055901 0.276261 0.594594 4288980058
0.0250213 -0.025189299 0.689412 4278190335
0.086010098 0.124727 0.673136 4278190335
0.044522502 -0.25646201 0.60974902 4290559042
0.0111212 -0.0119694 0.69075203 4278190335
-0.30873901 0.0905215 0.680125 4294309129
-0.33530599 0.122807 0.66913801 4290032714
0.145068 0.14412101 0.66627198 4278190335
0.051854599 0.295827 0.5794 4293256473
-0.086325802 0.0325679 0.68898702 4284506270
0.0555024 0.0197735 0.69005901 4278190335
0.33377299 -0.069489799 0.681768 4278190335
0.00308005 -0.35087499 0.52145702 4291940653
0.488846 -0.068071097 0.63180798 4279506154
0.175199 0.060007699 0.68663901 4278190335
-0.22411101 -0.207132 0.64011002 4294045965
-0.017787499 -0.084124997 0.68253601 4279308781
0.27050799 -0.31294399 0.56336802 4291480116
-0.129401 -0.0066907401 0.69022799 4285822090
0.22183999 0.17242201 0.65586001 4279045617
0.152913 0.043014798 0.68887103 4278190335
0.020984801 0.0136637 0.69074702 4278190335
0.147404 0.207378 0.639597 4278190335
0.34133101 0.21438301 0.63062799 4280295646
-0.103045 0.33392701 0.542808 4289177431
0.078557201 0.0358424 0.68857199 4278190335
0.55386299 0.0108894 0.59559202 4287401074
0.041748099 -0.096382797 0.68052202 4280690392
-0.084174 0.20595101 0.64084703 4293322264
0.465076 -0.059896901 0.64530802 4278190335
0.449155 0.091128401 0.646173 4278190335
0.45044699 0.089366503 0.64587098 4278190335
0.147974 0.399441 0.44815299 4289243222
0.128745 0.143705 0.66659302 4278190335
0.137953 -0.31123999 0.56516802 4294111756
0.337915 -0.25490999 0.60630101 4288782685
-0.104385 -0.039158199 0.68915498 4290493251
0.370056 -0.257478 0.597633 4288256357
0.28267699 0.21564201 0.63597298 4278190335
0.051722899 0.27553999 0.59651202 4291151161
-0.0386541 -0.089873798 0.68176597 4278190335
0.139759 0.132936 0.67003399 4278190335
-0.320366 0.292952 0.57904297 4283058868
0.60732901 -0.045717999 0.54311401 4294835457
0.463406 -0.13336401 0.62815499 4278190335
-0.44846901 0.071960397 0.65012503 4279703527
-0.16660701 -0.223002 0.63161403 4294901248
0.13581 0.044966999 0.68869698 4278190335
0.51781499 0.121003 0.60105503 4291216952
0.36235401 0.166646 0.64949799 4278190335
0.164349 0.064157501 0.686239 4278190335
0.26956499 -0.36546499 0.50296199 4292598563
0.541825 -0.258692 0.49680999 4290690624
0.31640199 -0.107296 0.67536002 4278190335
0.20927 -0.065431401 0.68545699 4278190335
0.234607 -0.36335099 0.50678098 4291809071
0.0244468 0.14840101 0.66508698 4278190335
0.25892299 -0.189409 0.64824402 4280493019
-0.083097197 -0.103225 0.67809099 4283782569
0.63177902 -0.00168737 0.51736701 4294835457
0.66460502 -0.059025701 0.46181399 4292466981
-0.15858001 0.00096628501 0.69045502 4289243222
-0.28502899 -0.110326 0.67718399 4294835457
0.28002799 -0.108895 0.67730403 4278190335
0.50279701 -0.0117987 0.63018698 4280558810
0.230205 0.410615 0.42434299 4288914267
0.66962701 -0.069060102 0.45055601 4287598447
-0.49301699 0.0107273 0.63514501 4278190335
0.081239298 -0.16622099 0.65848398 4278190335
-0.0120006 -0.31721601 0.559398 4293519637
-0.084671602 -0.26841301 0.60196698 4294901248
0.366568 -0.17362 0.64611799 4278190335
0.204565 -0.0118134 0.69054103 4278190335
-0.20734701 -0.31962901 0.55700499 4289309013
0.42953601 0.244738 0.585567 4293256473
-0.23376501 -0.333469 0.541969 4278190335
-0.025717201 -0.31811199 0.55900699 4294769666
0.42985499 -0.117611 0.64691502 4278190335
0.47310099 0.135748 0.62186998 4280164064
0.041060802 -0.047503099 0.688223 4278190335
0.052602898 -0.063738398 0.68629098 4278190335
0.27462199 -0.140653 0.66779602 4278190335
0.45356199 0.0052179298 0.65461802 4278190335
-0.094037302 -0.000869432 0.69022298 4285822090
0.00130428 0.0373629 0.68900698 4278190335
-0.22564299 -0.16321 0.659863 4294769666
0.094462298 0.069112003 0.68554699 4278190335
0.41759101 0.0612959 0.66332603 4278190335
0.382164 0.115449 0.66316801 4278190335
0.093002804 0.25116101 0.61360198 4288387939
0.441035 -0.36122701 0.45318401 4292335399
0.54404801 0.332109 0.38574201 4278321916
0.66728199 -0.0077156802 0.46489999 4285098389
-0.0942614 0.046239499 0.68822598 4279242990
0.55630398 0.092278004 0.58128601 4292006444
0.0068937498 -0.169613 0.65686297 4282335167
0.47754201 -0.29765999 0.512263 4294243338
-0.067417398 -0.360367 0.50950497 4291611698
0.186638 0.34129 0.53351098 4294901248
0.49005699 -0.36595801 0.39427301 4284835225
0.13991401 0.039767999 0.68917203 4278190335
0.27984899 0.18461201 0.650437 4278190335
-0.207561 -0.095243797 0.68034202 4294901248
0.19990399 0.10199 0.67893302 4278190335
0.205163 0.147995 0.66564101 4278190335
0.20153201 0.081589103 0.68331403 4278190335
-0.16716801 0.37466401 0.48921201 4278190335
-0.264718 -0.33612901 0.54007399 4280558810
-0.34300199 0.0142041 0.68577498 4293651219
-0.0234071 -0.075979397 0.68392497 4278190335
0.29385099 0.141765 0.66745001 4278190335
0.42783499 -0.108198 0.65092099 4278190335
0.069927201 0.0154708 0.69048297 4278190335
-0.156003 -0.157693 0.66222101 4291940653
0.124218 -0.233311 0.62538898 4287401074
0.44767201 -0.0266748 0.65651798 4278190335
0.0107427 0.127639 0.67253202 4278190335
-0.28791299 -0.075741 0.68368399 4294901248
0.184801 0.124127 0.67314798 4278190335
0.1919 -0.050206698 0.68739903 4278190335
0.178524 0.107329 0.67717898 4278190335
-0.0064889402 0.148825 0.66469401 4286216836
0.18660399 0.020745 0.690193 4278190335
-0.116513 -0.0903873 0.68177003 4289769550
0.00846567 0.104244 0.67784899 4278190335
0.47952101 -0.14090601 0.61669499 4280229855
-0.125826 0.211961 0.63760298 4292993309
0.066897802 -0.0059143701 0.690938 4278190335
0.40884301 0.25658801 0.586501 4287335283
0.12425 -0.048842601 0.68806601 4278190335
-0.023458101 -0.031917099 0.689385 4278190335
0.488978 -0.137049 0.61396098 4282072003
0.037434202 0.33037999 0.54639399 4294572293
0.010612 0.0027507599 0.69006801 4278190335
0.49126199 0.26936999 0.53076798 4294572293
-0.206706 -0.029779499 0.689762 4292072235
-0.114887 0.15035699 0.66499901 4289177431
-0.180034 -0.12753201 0.671799 4294243338
0.45269901 -0.082670599 0.64671099 4278190335
-0.0115198 -0.054002099 0.68763101 4278190335
-0.256304 0.140432 0.66818202 4294901248
0.50365901 -0.115274 0.61225802 4281545675
0.092272699 -0.0056235399 0.69027197 4278190335
0.169705 -0.109242 0.67747402 4278190335
0.058383901 -0.108699 0.67672497 4278190335
0.015695 0.016759399 0.68992698 4278190335
0.302825 0.177384 0.65374702 4278190335
0.0214836 -0.0602418 0.68626797 4278190335
0.36522099 -0.097282797 0.67065698 4278190335
0.0017480101 0.17562599 0.65439999 4281216720
0.38959 -0.089310601 0.667009 4278190335
0.25222901 -0.230719 0.62653297 4278190335
0.35553899 0.021033701 0.683595 4278190335
-0.027071901 -0.16953 0.656811 4289440595
0.51673102 -0.061744299 0.61615998 4283322032
-0.034754701 0.096180297 0.67964 4278190335
0.370377 -0.25332099 0.60098797 4285361553
0.47447199 0.127102 0.62491298 4286414209
0.60595697 -0.173364 0.49534601 4292269608
-0.191881 -0.28847399 0.585473 4293190682
0.55401701 -0.19896799 0.53504997 4294901248
0.534244 -0.0529496 0.606794 4283322032
0.473061 -0.225108 0.577281 4293059100
0.440714 -0.071433902 0.65337402 4278190335
0.088387303 0.0500522 0.687249 4278190335
0.329878 0.23453499 0.62116998 4279966691
0.504421 -0.110976 0.61322999 4282664122
0.135142 -0.25344101 0.612427 4290559042
0.35906801 0.149086 0.65771902 4278190335
0.36088601 0.0059971502 0.68256402 4278190335
0.077013001 -0.037758999 0.68850899 4278190335
0.35337999 0.203256 0.63484001 4278190335
-0.048909701 0.112912 0.67617798 4278519289
0.345687 0.41819999 0.39216101 4278190335
0.282994 -0.232999 0.62576699 4278190335
-0.034822602 -0.211201 0.63747799 4292269608
0.38423201 -0.127498 0.65817201 4278190335
0.463844 -0.085033402 0.64131498 4278190335
0.143436 -0.0184012 0.69057399 4278190335
0.51582599 0.104839 0.60787499 4285756299
-0.022608001 0.131624 0.67084801 4287335283
0.28793201 -0.37904799 0.483125 4294111756
-0.37582201 -0.155064 0.65129399 4278190335
0.372962 0.114079 0.66500401 4278190335
0.157868 0.25953901 0.60777301 4289309013
0.308851 0.12830199 0.67095298 4278190335
0.11709 0.099366799 0.67935997 4278190335
-0.26003599 0.058667399 0.68655699 4294703875
0.31367299 0.20836499 0.63730001 4278190335
0.129985 0.080795497 0.68313003 4278190335
-0.203262 -0.072664201 0.68458802 4292730145
0.323102 -0.086121 0.67954701 4278190335
-0.34956801 -0.27886701 0.586604 4278190335
0.64785498 0.034418002 0.49443299 4293651219
-0.112035 -0.093432203 0.68099999 4286677373
0.38826099 0.130422 0.65699703 4278190335
0.106359 -0.080118999 0.68341899 4278190335
0.67492801 -0.062163599 0.44177699 4286480000
-0.107958 -0.0137582 0.69049299 4285756299
0.103836 0.15803701 0.66148299 4278190335
0.112772 -0.15328699 0.664033 4278190335
-0.107742 0.0370114 0.68903702 4283124659
0.37600201 0.016237499 0.67935902 4278190335
0.373218 0.091887698 0.67070001 4278190335
0.19644301 0.20919301 0.63874 4278190335
0.53851902 -0.18613701 0.555722 4293651219
0.48469999 0.0131554 0.640158 4278190335
0.27832001 0.229597 0.62742501 4279374572
0.45141199 -0.107984 0.64170301 4278190335
-0.18823899 -0.107443 0.67703903 4294243338
0.51813501 -0.0305661 0.61935598 4280295646
0.0612639 -0.163643 0.65990901 4285032598
0.0058852499 -0.112453 0.67598999 4278190335
0.098220401 0.27992201 0.593216 4294572293
0.31525299 0.183777 0.649562 4278190335
0.44241399 0.145197 0.63355398 4283387823
0.33632201 -0.102865 0.67461503 4278190335
-0.36087501 -0.0140285 0.68246299 4292861727
-0.194994 -0.018504201 0.69019997 4292532772
-0.35927099 -0.209296 0.63072902 4286348418
-0.132028 -0.29277599 0.58168602 4294638084
-0.0298687 -0.284949 0.58838302 4294703875
0.476069 0.29751199 0.51282299 4294374920
0.480223 0.180301 0.59984702 4286545791
-0.40920001 -0.0225877 0.67047203 4280493019
0.532188 0.092400201 0.59960902 4292730145
0.32515901 -0.0194855 0.68708199 4278190335
0.44156599 0.34328401 0.48172799 4293322264
0.50738603 -0.0211992 0.626966 4280295646
-0.33505601 -0.14060301 0.664042 4291348534
0.074316598 -0.096139498 0.68018198 4278190335
0.32510501 0.371885 0.48903301 4294177547
-0.379742 -0.0162584 0.67888802 4283387823
0.42229399 0.16389599 0.63385302 4278190335
0.40859699 0.114805 0.65543401 4278190335
-0.38154501 -0.111904 0.66362298 4286808955
-0.2845 -0.032460101 0.68940401 4294243338
-0.12761199 0.162864 0.66018099 4292795936
-0.116958 -0.107652 0.67737103 4287795820
0.35030499 0.079510897 0.67692798 4278190335
0.28338999 -0.12648299 0.67281097 4278190335
0.35727099 0.045550801 0.68070698 4278190335
-0.054516099 0.070686899 0.68493098 4282269376
0.50411201 0.34345201 0.42253599 4278190335
0.142406 0.081319399 0.68280101 4278190335
0.103641 0.14407299 0.66635001 4278190335
-0.070165902 0.050773501 0.68763602 4280295646
0.240382 -0.23537099 0.62420201 4285427344
-0.106413 0.1006 0.67901599 4289572177
0.226431 0.054308899 0.68706602 4278190335
0.027966499 -0.27492201 0.59678602 4293256473
0.19096 0.155866 0.66285598 4278190335
0.460482 -0.143611 0.62561101 4278190335
0.00259823 0.0254269 0.68951899 4278190335
0.38143399 0.080623597 0.67094302 4278190335
0.41150299 -0.223188 0.60719001 4284835225
0.43389401 0.00709457 0.66204 4278190335
0.31783 0.0054998202 0.68819797 4278190335
-0.066114999 -0.20711701 0.63996702 4290427460
0.201711 0.0624213 0.68651301 4278190335
0.44374901 -0.038687401 0.65641999 4278190335
0.219604 0.168742 0.65791398 4278190335
0.252859 0.180926 0.652821 4278190335
0.026759399 -0.219577 0.63272601 4287269492
0.067852199 -0.112068 0.67633098 4278190335
0.196483 -0.0593419 0.68695801 4278190335
0.15537401 -0.17585 0.65493298 4278190335
0.28671101 -0.253135 0.61188799 4287203701
0.35636199 0.293773 0.57241398 4292401190
-0.223538 0.14078 0.66830897 4294111756
0.091453299 0.102448 0.67845303 4278190335
0.19137099 -0.0634064 0.68645197 4278190335
-0.36837599 0.26962501 0.58870202 4278190335
0.231345 0.075341903 0.683662 4278190335
0.14542501 -0.0849308 0.68251503 4278190335
0.25767899 -0.149406 0.66483498 4278190335
-0.062630303 0.26016599 0.60767198 4294177547
0.65002698 -0.142912 0.447781 4291743280
0.093030304 0.18931299 0.64911097 4283190450
-0.38074899 -0.246545 0.60195798 4278190335
0.57599801 0.19094101 0.51724702 4294835457
0.60244501 -0.17834701 0.49548301 4294506502
-0.0264166 0.12890001 0.672158 4281545675
-0.42472801 0.0447019 0.662911 4278190335
0.37375301 -0.15725 0.651151 4278190335
0.54774201 -0.139668 0.57169002 4290624833
0.400258 0.122789 0.65562099 4278190335
0.479388 0.164979 0.60676998 4284177315
0.0104585 -0.066493802 0.685525 4278190335
0.59588701 0.0053925398 0.55887198 4292795936
0.390475 -0.41156399 0.38200799 4278190335
-0.097912401 -0.37266099 0.49267 4288256357
0.14114 0.38036099 0.48148799 4293059100
-0.049334399 -0.032396801 0.68936002 4278190335
0.19497199 -0.186876 0.64935899 4278190335
0.14912599 -0.16568001 0.65895098 4278519289
0.39864099 -0.160919 0.64297903 4278190335
-0.235636 -0.0557862 0.687271 4294177547
0.597408 0.221002 0.467794 4293190682
0.170571 0.14505801 0.66647899 4278190335
0.247346 0.39704299 0.45135599 4290953788
0.33579499 0.26121101 0.60248399 4285887881
0.309861 0.0065823598 0.68976802 4278190335
0.381596 -0.14282601 0.654091 4278190335
0.114583 -0.18502501 0.65018898 4278190335
0.40652499 -0.293257 0.55665201 4294769666
0.064089 0.0298081 0.68903798 4278190335
0.46792999 -0.024242399 0.64803302 4278190335
0.099276997 0.31131101 0.56521302 4293190682
0.40696299 0.023649801 0.67105699 4278190335
0.39273399 0.303399 0.551633 4294703875
0.52148002 0.125294 0.59683901 4292795936
0.081810698 0.023250701 0.690359 4278190335
-0.081930898 -0.031783499 0.68908602 4283585196
0.54073697 0.13180301 0.58071399 4292006444
0.50730902 -0.141542 0.60007399 4286282627
-0.142626 0.370359 0.49562201 4278650871
0.35504401 -0.22621199 0.62164098 4282006212
0.0567808 0.033850498 0.688959 4278190335
0.122169 0.142037 0.66742998 4278190335
-0.0143957 -0.155756 0.66300601 4281085138
0.29613599 -0.30925301 0.56646502 4291545907
-0.113717 0.24559601 0.61704302 4294177547
0.114507 0.058869299 0.68688899 4278190335
0.53420502 0.225751 0.53311503 4294901248
0.381394 -0.0694758 0.67274398 4278190335
0.56263101 0.0464333 0.58582097 4289769550
0.42488101 -0.0176601 0.66521603 4278190335
0.24649 0.0128153 0.69057202 4278190335
0.38126099 0.18983801 0.63555199 4278190335
0.44060701 0.384179 0.40842399 4278190335
-0.0256419 -0.30236399 0.57335699 4294703875
0.185461 0.0125305 0.68985701 4278190335
0.031770401 0.063503303 0.68611097 4278190335
0.27522701 0.207747 0.63942099 4278190335
0.2287 -0.162771 0.66041899 4278190335
0.41669199 -0.369791 0.45567599 4285756299
0.315575 -0.35155699 0.51817799 4294835457
0.316623 0.174091 0.65372801 4279045617
-0.097423397 -0.0266321 0.68994302 4282466749
-0.239508 0.0046174601 0.69062299 4293388055
0.084042199 -0.0390177 0.68889999 4278190335
0.57055098 -0.049686901 0.578327 4291545907
0.46213201 -0.325883 0.49073401 4289637968
-0.041611198 0.035038799 0.689457 4278190335
0.59471399 -0.100731 0.54331702 4294045965
0.437471 0.023620199 0.66097498 4278190335
0.167896 -0.099594198 0.67983598 4278190335
0.0203107 -0.0193581 0.69037098 4278190335
0.36645299 0.076633401 0.674568 4278190335
-0.162983 0.19926 0.643718 4294769666
0.377868 -0.101927 0.66717899 4278190335
0.36515099 0.143425 0.657866 4278190335
0.126816 -0.089284502 0.681687 4278190335
-0.162241 -0.234589 0.62459099 4294045965
0.45743799 0.0479807 0.650038 4278190335
0.040307902 -0.11853 0.67510003 4278190335
-0.1082 0.073348001 0.68463898 4285756299
0.34601101 -0.215369 0.62959802 4281150929
-0.27858099 -0.12777901 0.67163002 4294111756
0.426413 0.20574 0.61238301 4283058868
-0.218684 0.17606901 0.65427202 4294703875
0.371943 -0.113664 0.66565001 4278190335
0.22309101 0.17983 0.65249699 4278190335
0.273785 0.24189299 0.61977702 4283453614
0.51523697 -0.15525401 0.58939302 4290098505
0.44136801 -0.12496 0.64019901 4278190335
-0.00118412 -0.047199901 0.68816698 4278190335
-0.0561147 0.114706 0.67613602 4290098505
0.313914 0.0547565 0.68553698 4278190335
0.40528101 0.019463699 0.67129099 4278190335
0.26617801 0.140019 0.66856301 4278190335
0.47806999 -0.052458901 0.64049202 4278190335
0.30011001 -0.200101 0.64314598 4280887765
-0.26089001 0.14635301 0.66560602 4294769666
0.49657699 -0.046342298 0.63133597 4279835109
0.467204 0.00384268 0.64897698 4278190335
0.281396 -0.36151901 0.50896502 4292861727
0.0942626 -0.35893601 0.51155901 4292598563
0.26076999 0.111107 0.676875 4278190335
0.336041 -0.064260103 0.68182999 4278190335
0.46198699 -0.122578 0.63249201 4278190335
0.018820601 0.191558 0.64808398 4290427460
0.020606 -0.14866599 0.66477901 4281677257
0.41317999 0.22695699 0.60526103 4282993077
0.40013701 0.0271786 0.67275798 4278190335
-0.130069 0.12833899 0.671646 4289835341
0.398397 -0.154355 0.64579099 4278190335
0.089399502 0.147623 0.66516501 4278190335
0.437884 -0.0635252 0.65643102 4278190335
-0.337075 -0.0145792 0.686683 4294045965
-0.063277297 0.096824601 0.680071 4279571945
-0.124808 0.355885 0.51669699 4278190335
0.43291801 -0.0109548 0.66259003 4278190335
-0.190634 -0.018547099 0.690121 4290295878
-0.113958 0.205681 0.64027399 4294440711
-0.163761 -0.0374403 0.68899202 4291348534
-0.12674201 -0.017795 0.68991703 4285164180
0.0151037 -0.29083499 0.584131 4293322264
-0.061486799 -0.29683599 0.57877702 4294901248
0.46872199 0.069009498 0.64194 4278190335
0.403341 0.0104435 0.67227203 4278190335
-0.098107897 -0.29981899 0.575486 4294703875
-0.098560899 0.0038029701 0.69033802 4279506154
0.29456201 -0.221958 0.63202399 4278190335
0.52253598 -0.0071332199 0.61825699 4289440595
-0.0038675801 -0.30506799 0.57163501 4294374920
0.0200007 0.17492799 0.65476203 4281808839
0.43138999 -0.35930201 0.46422201 4292269608
0.116692 0.20292 0.64205801 4278190335
0.41809601 -0.132955 0.646496 4278190335
0.123961 -0.195703 0.645971 4283782569
0.32220399 -0.221057 0.63021898 4278519289
0.379053 -0.31935301 0.54152501 4294572293
-0.067780398 0.160079 0.660864 4292138026
0.39547801 0.301741 0.55251002 4293782801
0.47525299 0.17449 0.60540301 4290756415
0.32880601 -0.120093 0.67128903 4278190335
0.055393599 -0.26492599 0.60417402 4290624833
-0.10705 0.13122299 0.67060697 4291282743
0.53119802 -0.025457401 0.61088198 4280229855
0.0034922201 -0.118884 0.67464101 4278190335
0.198809 0.118889 0.67483503 4278190335
0.441407 -0.109536 0.64546901 4278190335
0.32303801 0.232049 0.62296999 4286414209
0.29901499 0.355609 0.51585197 4294901248
-0.15403099 -0.061802 0.68576401 4291874862
0.40889499 0.172231 0.63442397 4278190335
0.437619 0.109561 0.64602399 4282532540
0.46059901 -0.35622501 0.444875 4289440595
0.198588 0.154061 0.66311097 4278190335
-0.0351061 0.14397 0.66642898 4288716894
0.26667601 0.0762491 0.68354797 4278190335
0.50923401 0.094234601 0.61403197 4280295646
0.54572099 0.103971 0.58629501 4290427460
0.526223 -0.079781599 0.60723102 4290427460
0.58969098 0.015892999 0.56453198 4293519637
0.52194101 0.101519 0.60427898 4284506270
0.31379899 -0.031356499 0.68831998 4278190335
-0.143858 -0.32735899 0.54958701 4292466981
-0.125682 0.38161901 0.47876099 4280295646
0.037137002 -0.066159897 0.68577498 4278190335
0.33137301 -0.091575198 0.67789799 4278190335
0.0686552 -0.093711898 0.68064499 4278190335
0.52697003 -0.0267768 0.61407202 4288782685
-0.314518 -0.29723099 0.576258 4283519405
0.16257501 -0.22850899 0.62821501 4285295762
-0.016887199 0.122435 0.67388302 4278190335
0.572317 0.074678198 0.57163799 4294901248
0.379751 -0.28648001 0.57277602 4294769666
0.57891798 0.042799201 0.571841 4291874862
-0.23235799 0.172571 0.65563798 4294703875
0.34218499 0.12091 0.669366 4278190335
-0.214986 0.38846099 0.46704099 4278190335
-0.058902901 -0.254509 0.61146498 4292861727
0.40164301 -0.204392 0.622006 4279440363
0.407929 -0.0084852204 0.67065901 4278190335
0.288333 0.17624301 0.65475702 4278190335
0.23774 -0.423731 0.39112499 4284769434
0.36888501 0.071051903 0.67513901 4278190335
-0.141105 -0.26260999 0.60567403 4294901248
0.427205 -0.19320001 0.618725 4280032482
0.092450798 -0.231188 0.62612098 4283519405
0.61642402 0.151281 0.49593899 4294506502
-0.044481099 0.175487 0.655083 4286216836
0.44137701 -0.157297 0.628497 4278190335
0.383306 -0.199177 0.62950701 4278190335
0.51024902 0.26431301 0.520037 4294374920
-0.15449899 0.259774 0.60804403 4294901248
0.061011601 0.023540501 0.68975598 4278190335
-0.17800599 -0.31951401 0.55772001 4291677489
0.380934 -0.0482409 0.67549098 4278190335
-0.061717801 0.090079002 0.68171197 4278190335
0.033284198 -0.082716398 0.68293202 4278190335
-0.184975 -0.210604 0.63833201 4294835457
0.47702301 -0.047327001 0.64138597 4278190335
0.40404999 -0.39193201 0.42268699 4287203701
-0.30448499 -0.257824 0.60873902 4284440479
-0.0767444 0.062338199 0.68605399 4285098389
0.020236099 0.16676401 0.65866601 4278256125
0.563712 -0.27148199 0.45634499 4290098505
0.415548 0.192689 0.62250203 4279966691
0.188963 -0.0143736 0.69050199 4278190335
0.217198 0.197354 0.64495498 4278190335
0.48996499 0.0624751 0.63214499 4281545675
0.102725 -0.024571899 0.690108 4278190335
0.14655 -0.26417601 0.60446 4290690624
-0.0308578 -0.166933 0.65796101 4288980058
-0.099213697 -0.205624 0.64114797 4291019579
0.303868 -0.11595 0.67500502 4278190335
-0.299144 0.199154 0.64303303 4292466981
0.460004 0.055412501 0.64804697 4278190335
0.36504 0.223069 0.62107402 4278190335
0.37380701 -0.111225 0.66532803 4278190335
0.413113 -0.141914 0.64538997 4281019347
0.48082599 0.27208999 0.536304 4294572293
0.46532401 -0.11716 0.63183898 4278190335
-0.18736599 0.327075 0.54901397 4278190335
-0.34664899 0.029437101 0.68467098 4292664354
0.073949598 -0.0409947 0.688326 4278190335
0.17550699 -0.141304 0.66783398 4278190335
0.503874 -0.30781901 0.477871 4294111756
0.104963 -0.114656 0.67567497 4278190335
0.080879897 -0.176052 0.65480697 4278190335
-0.056958001 0.13090201 0.67089099 4282795704
-0.22745 -0.282433 0.59119898 4282532540
0.12952299 -0.130291 0.67169499 4278190335
0.32088199 0.324296 0.54956102 4293322264
0.041701 0.28857401 0.58598799 4293190682
0.063112497 0.126422 0.67211801 4278190335
0.27545601 0.084384903 0.68239802 4278190335
0.139008 0.290555 0.58462799 4293914383
0.378102 -0.107092 0.66556102 4278190335
0.526932 0.17082199 0.57334 4289440595
0.15482301 0.26732099 0.60284001 4288519521
0.60229701 0.232177 0.44923401 4291085370
0.52406198 0.0877437 0.60688001 4287466865
0.65914601 0.0152798 0.47925699 4293980174
0.38340199 0.076650903 0.67082 4278190335
0.32668799 -0.13731401 0.66664398 4278190335
0.14837401 0.395255 0.45543101 4280953556
0.48349401 0.079057902 0.63217402 4285822090
0.148669 0.060381599 0.68595898 4278190335
0.48106 0.044016998 0.63971603 4278190335
0.29056701 0.337118 0.53863001 4294506502
0.177398 -0.28658101 0.587744 4290361669
0.449527 -0.076706298 0.64956498 4278190335
0.225913 -0.18252601 0.651869 4278190335
-0.040589701 0.154094 0.66318899 4285953672
0.27364299 0.222968 0.63159198 4278190335
0.14750899 -0.102911 0.67877901 4278190335
-0.099969298 0.37174699 0.49325001 4278190335
0.44563901 -0.29366401 0.53773999 4294703875
0.40448999 -0.0230073 0.67120302 4278190335
0.148306 -0.050319701 0.68772602 4278190335
0.225633 -0.26924399 0.60112 4285361553
-0.085607797 0.121477 0.67338097 4289374804
0.043740001 -0.161973 0.66013402 4283519405
-0.126285 0.098749302 0.679932 4290230087
-0.051451001 0.0096241599 0.69041401 4278190335
0.050312199 -0.23186301 0.62655002 4293124891
-0.197954 -0.025076799 0.68936199 4292993309
0.059651099 -0.196289 0.64540201 4279769318
-0.070028499 0.128792 0.67184901 4284045733
0.30321699 -0.083266899 0.68160599 4278190335
0.41794601 0.134675 0.646465 4278190335
0.44225001 0.240344 0.583776 4294440711
0.43093601 -0.14507499 0.63809103 4278190335
-0.196545 -0.204556 0.64140701 4294835457
0.56072301 0.0038183399 0.58968401 4290230087
-0.00185775 0.075047202 0.68411201 4278190335
0.227845 -0.170781 0.65722799 4278190335
0.215148 -0.12991001 0.67166698 4278190335
-0.205483 -0.31048799 0.56629097 4284440479
0.048041701 0.31116301 0.56558597 4294901248
0.370327 -0.16696601 0.64795798 4278190335
0.057776898 -0.136098 0.66971898 4278190335
-0.200018 -0.111691 0.67650998 4293453846
0.249709 0.14128301 0.66786402 4278190335
-0.0779652 0.217843 0.63447601 4292730145
0.073515698 -0.038790502 0.68834901 4278190335
-0.055124398 -0.23969001 0.62167197 4294901248
-0.072189398 -0.26726201 0.60265499 4294177547
0.247237 -0.081649303 0.68274301 4278190335
-0.39174801 -0.063496001 0.67097801 4288453730
0.128987 -0.087648898 0.68201399 4278190335
0.390874 0.208057 0.62314498 4280295646
0.235424 0.078315601 0.68386501 4278190335
-0.227147 0.208745 0.63964802 4294901248
0.43897 0.30678099 0.52785701 4293585428
0.52682102 0.221248 0.54259998 4294572293
-0.043502901 0.303121 0.57297403 4294901248
0.44750199 0.0254554 0.65635598 4278190335
-0.288744 0.062261201 0.68602502 4294901248
-0.061974701 -0.236067 0.62385499 4293190682
0.356334 0.179416 0.64549798 4278190335
0.0073258802 -0.041331101 0.68811297 4278190335
0.183696 -0.042545799 0.68859899 4278190335
0.278332 -0.13266499 0.67022699 4278190335
0.00483857 0.0611885 0.68666101 4278190335
0.22864699 -0.056087598 0.68687201 4278190335
0.13420799 -0.27488101 0.59716702 4293388055
0.37916201 0.0646405 0.67387098 4278190335
0.052273601 -0.13820501 0.66855299 4278190335
0.085156403 -0.15041199 0.66460001 4278190335
-0.24094 -0.26550001 0.60366601 4292993309
0.32840899 0.096918598 0.67662901 4278190335
-0.36258399 0.0134325 0.68173999 4291019579
0.18090101 0.205231 0.64072102 4278190335
0.27668399 -0.027401401 0.68965 4278190335
0.485654 0.245355 0.55503601 4292795936
0.45598 0.065065898 0.64893401 4278190335
-0.211446 0.23115 0.62705201 4294835457
0.011695 0.068328597 0.68482399 4278190335
0.186332 -0.0785923 0.68386 4278190335
0.158885 0.216942 0.63507003 4278190335
0.235652 0.154045 0.66360199 4278190335
-0.104109 0.27017 0.600339 4294835457
0.38548401 0.132854 0.65709102 4278190335
0.0107624 0.125843 0.67208302 4281940421
0.29716301 0.0723643 0.68388402 4278190335
0.11945 0.13121399 0.670452 4278190335
-0.0224861 -0.0230553 0.69029403 4278190335
-0.124103 -0.0078877304 0.69046497 4289769550
-0.229591 0.22686499 0.62962902 4294572293
-0.071432501 -0.091540001 0.68154502 4280690392
0.48472601 0.0031434 0.63977599 4278190335
0.103854 -0.049031802 0.68735301 4278190335
0.043377999 0.00033167601 0.690835 4278190335
0.151034 0.16352201 0.66008502 4278190335
0.25203401 -0.047967099 0.68798703 4278190335
0.64661199 0.0057491702 0.497554 4293256473
0.309048 -0.334786 0.53913301 4294835457
0.376284 -0.064265497 0.67483503 4278190335
0.13824999 0.173372 0.65582198 4278190335
-0.193221 -0.0058724699 0.69072801 4293322264
0.093882203 -0.29930899 0.576217 4293717010
0.22888599 0.090729497 0.68125302 4278190335
-0.18437 -0.160041 0.66064101 4293453846
0.34486699 -0.218512 0.62781203 4280493019
0.059482299 -0.180976 0.65215302 4279900900
0.50302303 -0.0031471001 0.62958401 4285229971
0.16651601 -0.23000801 0.62783802 4288190566
-0.064494297 0.30460101 0.57151902 4292401190
-0.235039 -0.230215 0.62718302 4294572293
0.33398899 -0.20608699 0.63668501 4278190335
-0.034108199 0.0025051101 0.69037998 4278190335
0.42872 -0.076708898 0.65738398 4278190335
0.0839267 0.091205902 0.681481 4278190335
0.27253801 0.153786 0.66356498 4278190335
0.216985 -0.102174 0.67856699 4278190335
0.168607 0.18836901 0.64897102 4278190335
-0.100505 0.087640598 0.68183702 4284243106
-0.138459 -0.25011599 0.61483598 4293980174
-0.0618007 0.084068403 0.68287802 4279637736
0.17651901 0.369019 0.498826 4293980174
-0.0258283 0.42329699 0.39221099 4278190335
0.34552801 -0.35198501 0.51242799 4294045965
0.230748 0.197043 0.64498001 4278190335
0.094319999 0.090302899 0.68094701 4278190335
0.19351099 -0.14956 0.66452098 4278190335
0.24559 -0.25884199 0.60900903 4281479884
-0.15280899 0.35532001 0.51695001 4287006328
0.0031900499 -0.067694798 0.68522203 4279637736
-0.0055967402 0.032991901 0.68931502 4278190335
0.122661 0.392602 0.460637 4281677257
0.14147 -0.076179303 0.683842 4278190335
0.38289601 -0.129508 0.65821701 4278190335
0.40821999 0.14014199 0.648211 4278190335
0.41862899 -0.30768499 0.537328 4293848592
0.402527 -0.114587 0.65718001 4278190335
0.358055 -0.142162 0.659554 4278190335
0.46662501 0.045491599 0.64598697 4278190335
0.63011801 -0.0212451 0.518637 4294901248
0.097591102 0.0660173 0.685794 4278190335
0.52584302 -0.34139499 0.396759 4285624717
0.47716299 -0.110688 0.62818402 4287269492
0.43986899 0.00457785 0.65985799 4278190335
0.43600199 0.191018 0.61637002 4282927286
0.0296795 0.056234799 0.68709397 4278190335
0.109737 -0.041266799 0.68895501 4278190335
0.089901 0.15622801 0.66279203 4278190335
-0.24031299 -0.088875301 0.68161702 4294901248
0.28413001 0.027652301 0.68960601 4278190335
-0.097081102 -0.059339602 0.68624598 4282795704
0.049377501 -0.0366886 0.68866599 4278190335
0.50730598 -0.33326101 0.43788701 4290887997
0.30784199 -0.19894201 0.64337599 4278190335
-0.16486999 0.388046 0.468061 4278190335
0.420941 -0.0167541 0.66711301 4278190335
-0.273514 -0.083657302 0.68256998 4294769666
0.097008303 -0.14014301 0.66759998 4278190335
0.45014399 -0.092247501 0.64583802 4281479884
-0.018360499 0.028973799 0.68963599 4278716662
-0.25857499 -0.026988599 0.68985999 4294572293
0.54377502 -0.20014399 0.54327399 4294901248
0.31313601 -0.35833499 0.51028901 4294440711
0.25541201 0.371739 0.49372101 4292006444
-0.113434 0.0632594 0.68581897 4288124775
0.435893 -0.29946899 0.537166 4294901248
-0.0162009 -0.113712 0.676341 4278190335
0.32271299 0.122866 0.67091399 4278190335
0.57091701 -0.0285387 0.58093703 4294045965
0.32962501 -0.15090699 0.66164303 4278190335
-0.075075097 0.153771 0.66382402 4288716894
0.408645 0.099598803 0.65902698 4278190335
0.034041699 0.27754 0.59460503 4292993309
-0.082701698 -0.0119065 0.69079101 4283256241
0.465478 0.110207 0.63477403 4280756183
0.29995099 0.18319599 0.65101898 4278190335
0.065745696 -0.091929197 0.68107998 4278190335
0.46683201 0.18969899 0.60178298 4286480000
0.43825501 -0.140754 0.63649499 4278190335
0.31631699 -0.065441802 0.68421203 4278190335
-0.026959701 -0.30985999 0.56716597 4293059100
0.089378297 0.25263101 0.61338198 4290822206
0.059076302 0.135499 0.66945601 4278190335
0.42809999 -0.13710999 0.64214998 4278190335
0.414702 0.19944 0.62019402 4282861495
0.489223 -0.101204 0.62494397 4278387707
0.273664 -0.096106097 0.67991 4278190335
-0.12602 -0.266404 0.60372698 4294835457
0.193657 0.00090498698 0.69089198 4278190335
0.490372 0.056704201 0.63285601 4278190335
0.19269501 0.25001299 0.61467302 4289374804
-0.34639701 0.237574 0.61617601 4283519405
0.345332 0.022707701 0.68480003 4278190335
0.46112901 0.143673 0.62589097 4278914035
0.114973 0.236562 0.62334001 4288322148
0.44513401 -0.34218901 0.48017299 4288190566
0.526586 -0.314486 0.44395801 4291085370
0.47654 0.118081 0.62640899 4278190335
0.215175 0.156983 0.66231501 4278190335
0.00150085 0.075067103 0.68419099 4278190335
0.29622599 0.15237699 0.66322201 4278190335
-0.215183 -0.132862 0.67029899 4294374920
0.033233501 -0.041323401 0.68852699 4278190335
0.36674899 -0.24744201 0.60544801 4283716778
0.571078 0.032939501 0.58014601 4292532772
0.233017 -0.00117922 0.69075602 4278190335
0.45561999 0.111682 0.63825399 4280361437
0.095477402 0.25641 0.61028397 4288782685
0.430902 0.168825 0.62898302 4278190335
0.248624 -0.27910399 0.59328502 4287795820
0.29537299 -0.173281 0.65490699 4278190335
0.0924775 0.0154766 0.690247 4278190335
0.0167611 0.104847 0.67841101 4278190335
-0.31616199 0.25494501 0.60959399 4288256357
-0.220824 0.089265898 0.68114102 4294769666
-0.29407501 0.329649 0.546404 4281414093
0.42186001 0.037868898 0.66529101 4278190335
0.495498 0.142793 0.607853 4288716894
-0.058740702 0.035487201 0.68949199 4282006212
0.44229501 -0.0687695 0.65407902 4278190335
0.43246999 0.22868 0.59560102 4286085254
0.154393 -0.089184299 0.68123502 4278190335
0.523422 -0.294837 0.47448701 4292401190
0.35101199 -0.18378299 0.64502603 4278190335
0.202015 -0.0276589 0.68986899 4278190335
-0.028250299 -0.026597399 0.68931198 4282203585
0.463718 0.075011998 0.643112 4278190335
-0.095147498 -0.206109 0.64065599 4293980174
-0.400617 -0.295279 0.556548 4278190335
0.64518398 0.058876101 0.49418601 4292598563
0.457445 0.26410499 0.55790597 4292335399
0.69879597 -0.0653437 0.38395301 4279177199
0.54175001 -0.29829401 0.448733 4289637968
-0.341142 0.268107 0.595936 4282993077
0.61344898 -0.0297741 0.53885698 4294703875
-0.145942 -0.36513299 0.50433701 4287730029
0.34943399 -0.0769419 0.67769998 4278190335
0.238002 0.154212 0.663571 4278190335
0.556678 -0.0263754 0.59296501 4293651219
0.353192 -0.163573 0.652713 4278190335
0.448495 0.099608697 0.64467001 4278190335
0.50648803 0.089141801 0.61731702 4282137794
0.401674 0.095620401 0.66243702 4278190335
0.37648401 0.105519 0.66678399 4278190335
-0.122489 -0.15792701 0.662296 4292466981
0.469412 0.173519 0.609007 4283650987
0.56916898 0.0577152 0.57788098 4289835341
-0.177972 0.0292957 0.68991798 4291414325
0.51775903 -0.0577075 0.61653799 4279637736
0.163004 -0.10737 0.677086 4278190335
0.12955301 0.066945903 0.68558902 4278190335
-0.241662 -0.151015 0.66466701 4292927518
0.124934 0.29405099 0.58159 4294901248
-0.0742549 0.10937 0.67687201 4291480116
0.114259 -0.11197 0.67655301 4278190335
0.237214 -0.145666 0.66656297 4278190335
0.245786 0.28226501 0.59035897 4287335283
-0.24077 0.218659 0.633717 4294440711
0.24151599 0.22914299 0.627689 4278190335
0.182739 0.105733 0.67785603 4278190335
0.161469 0.18391301 0.65126902 4278190335
0.140829 0.22884201 0.62784702 4290756415
-0.27003101 0.227918 0.629008 4286545791
0.231865 -0.139062 0.66884798 4278190335
0.43985501 -0.128058 0.64041901 4278190335
0.226088 0.15528201 0.66287202 4278190335
0.46056399 0.173372 0.61373299 4286151045
-0.030923899 0.0085859299 0.69063199 4278190335
0.254623 -0.166132 0.658822 4278190335
0.064656898 0.10097 0.67873299 4278190335
0.47602299 0.088125601 0.63464499 4278190335
-0.182879 0.077082701 0.68412203 4292730145
0.278229 0.30266699 0.57321697 4294506502
0.181576 0.223692 0.630391 4282532540
0.56614101 0.080958404 0.57625699 4292335399
0.41873801 0.166926 0.633277 4278190335
0.060305499 -0.100606 0.67945403 4278190335
-0.026532101 -0.0264089 0.68956703 4278190335
0.26919401 0.24971899 0.61435503 4283124659
0.39676201 0.385185 0.439408 4290559042
0.241504 0.15415899 0.66313201 4278190335
0.49253801 0.022782501 0.634866 4278190335
-0.15372699 -0.15794 0.66184199 4292795936
0.069022499 0.231741 0.62597901 4283650987
0.28359899 -0.00026518799 0.69037199 4278190335
0.129299 -0.137329 0.66909099 4278190335
0.38659701 0.180649 0.63820201 4278190335
0.054083399 -0.025270799 0.69003201 4278190335
0.38793501 -0.0102415 0.67616498 4278190335
-0.29055601 -0.038528901 0.68909103 4293124891
-0.39132401 -0.18844099 0.63293302 4282993077
0.00140693 -0.16142599 0.660429 4282664122
-0.159813 -0.032924 0.68925601 4288914267
0.164507 0.108732 0.67737502 4278190335
0.0092016105 0.0010593201 0.69031298 4278190335
0.44589201 -0.145815 0.63105297 4278190335
0.39710301 0.139889 0.65167898 4278190335
0.128839 0.379224 0.48184901 4293322264
0.143286 -0.104408 0.67784798 4278190335
0.46239099 0.045958601 0.64842099 4278716662
0.401768 -0.348928 0.496277 4291019579
0.0413706 0.098310702 0.67939502 4278190335
0.36809701 -0.0151545 0.68100101 4278190335
-0.36143899 0.11131 0.66798902 4290098505
0.44452 -0.0477897 0.65608001 4278190335
0.130082 0.255146 0.61155999 4289572177
0.228227 -0.42306101 0.393298 4283256241
-0.2471 -0.0946998 0.68054998 4294309129
0.00157551 -0.092487499 0.68064398 4278190335
-0.28625 -0.201416 0.64335901 4293585428
-0.27787799 0.26015699 0.60715401 4291085370
0.32189599 0.187604 0.64752799 4278190335
0.029256601 0.071516499 0.68455398 4278190335
0.34442899 0.15448301 0.65741402 4278190335
0.24397001 0.216949 0.63487202 4285624717
0.25180501 -0.27543101 0.59680402 4287927402
-0.070823297 -0.136721 0.66877002 4288124775
0.182412 0.31494099 0.561755 4294638084
0.138999 -0.048937801 0.687491 4278190335
0.117661 -0.0099213496 0.69021398 4278190335
0.38267699 -0.019029699 0.67731601 4278190335
0.182402 -0.18244299 0.65168703 4278190335
-0.230802 0.177882 0.65332299 4293782801
-0.117937 0.283503 0.58938003 4293190682
0.30364001 -0.197852 0.644283 4278190335
0.13662399 -0.071522601 0.68512797 4278190335
0.048077501 -0.0030139801 0.690602 4278190335
0.33435199 0.076172702 0.68067503 4278190335
0.46815401 0.097702503 0.63579202 4278190335
-0.178387 -0.26584801 0.60382998 4292203817
-0.184228 0.154246 0.66307998 4293717010
-0.0048655998 -0.059455 0.68606597 4278190335
0.058049101 -0.00043998001 0.69070399 4278190335
-0.045140602 0.105673 0.67801797 4278190335
0.42632601 -0.053214699 0.66217101 4278190335
-0.0072750999 -0.35063401 0.52238703 4293782801
0.32439101 -0.303774 0.56979102 4291348534
0.064101398 -0.35422 0.51827699 4290559042
0.0086494796 0.066853397 0.68508101 4278190335
0.52056801 -0.27164599 0.50504798 4294506502
0.33720699 -0.159421 0.65675801 4278190335
0.155209 -0.27794701 0.59417802 4291348534
0.47478199 0.048712801 0.64194101 4281085138
0.179839 -0.104333 0.67839301 4278190335
0.31261301 -0.25109401 0.61198902 4287137910
0.0508027 0.099935003 0.67898101 4278190335
0.076279901 0.372848 0.49333599 4292335399
0.29044101 -0.136196 0.66870999 4278190335
-0.023940301 0.039236601 0.68884403 4278190335
-0.153909 -0.016379699 0.68998599 4292335399
-0.113932 0.234071 0.62498301 4294769666
-0.034481399 0.0105583 0.69002801 4278190335
-0.117628 -0.023122501 0.689484 4283519405
-0.096462898 -0.086415403 0.68263102 4287993193
-0.154658 -0.090585299 0.68099999 4293322264
0.279365 0.11005 0.67665398 4278190335
0.53590399 -0.18398499 0.55996603 4292993309
0.52016997 -0.081876397 0.61039799 4291085370
-0.237069 -0.207 0.64061898 4294769666
0.348883 -0.18310501 0.64545101 4282006212
0.50963199 -0.167614 0.58761102 4289769550
0.66541898 0.118841 0.43485701 4287203701
-0.0273789 0.012145 0.69012499 4278190335
0.0207492 -0.174759 0.65515202 4280756183
-0.16076501 0.078991301 0.68370199 4292401190
0.34390399 0.026807999 0.68496299 4278190335
-0.35213399 0.043672301 0.68176502 4293124891
0.37876099 -0.17176101 0.64363998 4278190335
-0.138381 -0.076988198 0.68420702 4286414209
0.27279001 -0.15292799 0.66345298 4278190335
0.21824799 0.057674501 0.68680501 4278190335
0.45065501 0.0541691 0.652628 4278190335
0.38810799 -0.33865401 0.51606101 4294901248
0.164966 -0.14079601 0.66823697 4278190335
0.109323 -0.156847 0.661897 4278190335
0.160586 -0.17666 0.65399998 4278190335
-0.13169099 0.0162821 0.69050002 4286085254
-0.148139 -0.31931499 0.55734998 4289966923
0.246994 0.043675002 0.68801898 4278190335
0.36194 -0.34679699 0.51528198 4294901248
0.52762502 0.114113 0.59736001 4292335399
0.0411577 -0.42256901 0.396126 4278190335
0.0128957 0.034754299 0.68964499 4278190335
0.576621 0.050275099 0.57357502 4294572293
0.159482 0.265003 0.60400999 4289572177
-0.17604899 0.0367027 0.68939501 4291019579
-0.164234 -0.203619 0.642106 4294703875
-0.17108101 0.0092376098 0.69068098 4292401190
-0.32277799 0.033973299 0.68728101 4294703875
0.0069887601 0.170178 0.65716702 4279571945
0.37762901 0.31593901 0.54564601 4294111756
0.12790801 0.38179299 0.47775999 4290164296
0.56705201 -0.0267602 0.58378899 4291151161
0.24646901 -0.316515 0.56016099 4294901248
0.477121 0.061192099 0.63928998 4278190335
0.44560701 -0.31292 0.51629698 4292466981
-0.0576488 0.25721499 0.61033303 4293651219
0.16711199 -0.103614 0.67866498 4278190335
0.53084803 0.048561301 0.609649 4288058984
0.142212 0.30380601 0.57262498 4294440711
0.60169101 0.108867 0.532897 4294374920
0.305632 0.046902001 0.68671697 4278190335
0.49491701 0.16323701 0.59944302 4287927402
0.46029299 0.248188 0.56870401 4294572293
0.0108498 0.154725 0.662844 4283979942
-0.155917 -0.0230042 0.69034702 4289309013
0.48880801 0.0121364 0.63739002 4278190335
-0.32459301 0.27812299 0.591663 4278190335
0.48653501 0.21322501 0.57658398 4290295878
0.0224532 0.214379 0.63625598 4284111524
0.180236 -0.17264099 0.65570402 4278190335
-0.038560599 0.18905599 0.648399 4292598563
0.087155901 0.044402801 0.68790799 4278190335
0.0096771801 -0.0864942 0.68237799 4278190335
0.136328 0.23405799 0.62521899 4289901132
0.0419081 -0.14733601 0.66571498 4278190335
-0.20816199 0.019905301 0.69053 4293453846
0.26803601 -0.17571799 0.65489101 4278190335
0.29166001 -0.35713401 0.51364398 4293651219
0.036102202 -0.063124597 0.68559998 4278190335
0.47389501 -0.218389 0.58189899 4289572177
0.33583099 -0.108919 0.67271698 4278190335
0.42444801 0.028676299 0.66522998 4278190335
0.362185 -0.214883 0.62631798 4285953672
0.471268 0.114762 0.63049102 4281085138
-0.289184 -0.31577501 0.56062001 4278190335
0.139809 -0.21532799 0.63545001 4278256125
0.100104 0.043285299 0.68819898 4278190335
0.0288624 0.13734899 0.66911101 4278190335
0.65511698 -0.148222 0.434549 4289769550
-0.055527899 0.31859499 0.55763698 4294835457
0.246488 0.33699501 0.53870302 4294572293
0.320847 0.043300498 0.68646401 4278190335
-0.00240785 0.0278084 0.69002998 4278190335
0.080176599 0.204987 0.64096498 4278650871
0.056106102 0.024879999 0.69027901 4278190335
0.065897003 0.0049061198 0.690588 4278190335
0.628034 0.21843299 0.41809699 4289045849
0.51776898 0.062028799 0.616234 4281085138
0.351073 -0.00241741 0.68483299 4278190335
0.38062999 0.36751601 0.478787 4289374804
-0.025365399 -0.191673 0.64772999 4285558926
0.076403096 -0.0098238103 0.690045 4278190335
0.35683301 0.112118 0.669034 4278190335
0.29734799 -0.18258099 0.651052 4278190335
0.225779 -0.031250101 0.68940097 4278190335
0.060749199 -0.105228 0.67769498 4278190335
0.075691603 0.25647399 0.61046499 4287993193
0.138918 -0.200636 0.64280099 4278190335
0.164919 -0.083997503 0.68221498 4278190335
0.32505199 -0.085212 0.68027502 4278190335
0.29150701 0.13149101 0.67059398 4278190335
0.0206194 -0.00126427 0.69044 4278190335
-0.056054801 0.0024640299 0.690588 4278716662
0.028472099 0.043267999 0.68840599 4278190335
0.242285 -0.270206 0.60022998 4292072235
-0.32333499 0.331269 0.54087901 4278190335
-0.32692999 -0.064161398 0.683083 4294309129
-0.33299199 0.039330501 0.685206 4289769550
0.457596 -0.063002802 0.64835 4278190335
0.026333399 0.0498413 0.68802202 4278190335
0.0791227 -0.044725101 0.68831998 4278190335
-0.167779 -0.081488498 0.68297899 4290361669
-0.052180499 -0.103036 0.67840201 4287730029
0.44073799 0.112903 0.64432198 4278190335
0.095531702 0.098201901 0.67998499 4278190335
0.501454 -0.048616599 0.627648 4284308897
0.36719599 -0.074823096 0.67499 4278190335
0.47690099 -0.19715799 0.59276497 4287795820
0.0891276 -0.0122821 0.69082999 4278190335
0.26115599 -0.242304 0.61984599 4281348302
-0.0114005 -0.14696699 0.66568297 4280690392
0.159098 0.0145973 0.69001901 4278190335
-0.156464 0.32249001 0.55501002 4291874862
0.457445 0.124097 0.63412398 4278190335
0.41903499 -0.0108722 0.66801101 4278190335
0.101087 -0.23734701 0.62263697 4284308897
0.06129 0.21389601 0.636069 4281479884
0.39039299 0.22767401 0.61240703 4284901016
-0.072266102 -0.093159303 0.68099701 4281414093
-0.240667 -0.060211699 0.68611199 4294177547
0.077158198 -0.262229 0.60619998 4287664238
-0.0793835 0.108337 0.67685801 4285493135
0.132475 0.30252001 0.57417297 4294835457
0.407965 0.28207001 0.565754 4294045965
0.321246 0.202685 0.64015299 4278190335
0.169889 -0.051959399 0.687922 4278190335
0.058026101 0.018785 0.69054502 4278190335
0.215268 -0.096361101 0.67979598 4278190335
0.0399088 -0.118283 0.67488003 4278387707
0.32024401 -0.0335727 0.68687898 4278190335
0.46736801 -0.118725 0.63079703 4282993077
-0.0106381 0.052532401 0.68783402 4278190335
0.076953299 -0.027179301 0.68992198 4278190335
0.161717 -0.18177301 0.65237701 4278190335
0.267456 -0.093983598 0.68054003 4278190335
0.42401999 -0.12683401 0.64671302 4278190335
0.198994 0.265762 0.60319197 4292006444
0.179353 0.164167 0.65997797 4278190335
0.546785 0.023320301 0.59973902 4286743164
0.104372 -0.223086 0.63151002 4280098273
0.074614003 0.237672 0.62291598 4285229971
-0.291592 -0.052021399 0.68693399 4294703875
0.42554501 -0.159392 0.63474 4278190335
-0.0145485 -0.33970201 0.53531802 4288585312
0.42389101 0.051225599 0.663118 4278190335
0.518686 0.12285 0.60049403 4287401074
0.023805199 -0.28492701 0.58850503 4294111756
0.051385399 -0.0087727504 0.690871 4278190335
0.51927799 0.0239051 0.61967802 4278914035
0.127312 -0.20006099 0.644122 4278190335
0.20736399 0.303076 0.57248801 4294901248
0.297824 -0.169682 0.65627098 4278190335
-0.0443024 -0.206438 0.63997799 4291348534
0.32159501 -0.024435701 0.687482 4278190335
0.310579 0.0110632 0.68948197 4278190335
0.032667998 -0.080812797 0.682998 4278190335
0.36193499 -0.0383064 0.68086201 4278190335
0.12796 -0.00163641 0.69097501 4278190335
0.37991101 -0.113465 0.66373003 4278190335
-0.215096 -0.358044 0.51370001 4279769318
-0.17744701 0.34125701 0.53423202 4286414209
0.32528001 -0.13295101 0.667853 4278190335
0.47321099 -0.038789999 0.64416403 4280295646
0.123349 -0.187227 0.64950103 4278190335
0.480786 -0.068472996 0.63569897 4278190335
0.45269701 0.076151602 0.64761198 4278190335
0.382476 0.38974801 0.43851799 4290690624
-0.130301 -0.19430199 0.64650202 4292861727
-0.31793201 -0.233495 0.62344301 4278387707
0.32002801 -0.199049 0.64204001 4278190335
0.58061498 -0.00311739 0.57366902 4292138026
0.236743 -0.032317299 0.68906802 4278190335
0.50134498 -0.055631399 0.62685698 4278190335
0.27302799 0.222854 0.63124502 4280953556
0.32192901 -0.092270099 0.678716 4278190335
0.045310799 0.168154 0.657978 4278190335
0.20047601 0.349399 0.52466601 4294901248
0.29369101 0.0212819 0.689767 4278190335
0.67070597 -0.084631503 0.44344699 4288651103
0.28129801 0.389534 0.46619901 4286085254
0.60954899 -0.0230045 0.543998 4294835457
-0.124275 0.185534 0.65044999 4292269608
0.47534001 0.340354 0.45849901 4292532772
0.52433801 0.0211815 0.615798 4285164180
-0.056611098 0.36346799 0.50539303 4290887997
0.25808099 -0.152005 0.66448301 4278190335
0.433736 0.26605701 0.56839699 4293453846
0.55024302 0.00096072 0.59793597 4285164180
0.075571798 0.110613 0.67699802 4278190335
0.204641 0.102251 0.67913902 4278190335
0.65923297 -0.047221001 0.47380599 4291545907
0.121723 -0.078295998 0.684008 4278190335
0.22029699 0.32345501 0.55393797 4294901248
0.25967699 -0.27136201 0.59903598 4285887881
0.37485901 -0.069245502 0.67398101 4278190335
-0.143206 0.062405199 0.68647999 4293717010
0.44853401 -0.058474999 0.65227401 4278190335
-0.24579 -0.109447 0.677329 4294901248
0.433855 -0.082791202 0.65462703 4278190335
0.060572401 0.00054210902 0.69044799 4278190335
0.041225798 0.088452898 0.68190902 4278190335
-0.15847699 -0.076392397 0.68351299 4290624833
-0.429418 0.051626898 0.66057003 4283914151
0.103711 -0.070142001 0.685184 4278190335
0.176108 -0.186132 0.64997298 4278190335
0.410155 -0.27752501 0.56950402 4291480116
0.203113 -0.2669 0.60242403 4288651103
0.548769 -0.099277101 0.58540398 4293256473
0.089738198 -0.061356999 0.68652201 4278190335
0.43643701 0.21813899 0.601215 4288651103
0.63113499 0.052903999 0.51391399 4294901248
0.0032071201 -0.052931901 0.687828 4278190335
0.195178 -0.0113672 0.69018501 4278190335
0.669783 0.032991599 0.459701 4287993193
-0.210143 -0.021100899 0.69041902 4294506502
0.616449 0.16802999 0.48386401 4293453846
0.100249 0.044503201 0.68849498 4278190335
0.390861 0.34143499 0.51132101 4294769666
-0.053422999 -0.00153182 0.69093603 4282729913
0.32469001 0.022382701 0.687814 4278190335
0.097746998 -0.0133264 0.690355 4278190335
-0.229324 0.374937 0.48991501 4278190335
-0.265331 -0.38059399 0.47966301 4278190335
-0.33590701 0.26219201 0.60139799 4278190335
-0.114962 0.00374296 0.690853 4286348418
0.516343 0.0561793 0.61829501 4280032482
0.25678399 -0.34226501 0.53328902 4294638084
0.48331499 0.137389 0.615987 4282993077
0.29528999 -0.33466601 0.54120499 4294638084
0.571033 0.168714 0.53714299 4294374920
0.280444 0.045040399 0.68838602 4278190335
0.153908 -0.064567298 0.68604302 4278190335
0.33613399 -0.353093 0.51403302 4292730145
-0.0067324201 -0.123984 0.67323399 4278914035
-0.169021 -0.030428501 0.68982798 4288453730
0.40042099 0.035638001 0.671736 4278190335
-0.11992 0.0745029 0.68427497 4286414209
0.58352399 0.203437 0.500247 4294177547
0.33290401 -0.13059799 0.66723502 4278190335
0.25434601 -0.074386597 0.68413901 4278190335
-0.0491063 0.23683 0.623555 4293256473
-0.022627899 -0.034391299 0.68870199 4278190335
0.242698 0.39430699 0.45824 4290822206
0.57002199 -0.30508801 0.393944 4278585080
-0.181879 -0.15768 0.66239399 4294703875
0.32005599 -0.136585 0.667328 4278190335
0.29972899 0.34217101 0.53131199 4294901248
0.432744 -0.091568202 0.65258902 4278190335
0.112749 0.31453601 0.56178999 4294572293
4.8928599e-05 0.28803799 0.58608299 4294769666
0.308155 -0.25420499 0.61072499 4281479884
0.046334799 0.0802726 0.68323499 4278190335
-0.14642601 -0.147322 0.66620898 4291282743
0.18328799 -0.139053 0.66829699 4278190335
0.165356 -0.25464299 0.61103201 4285887881
0.57705498 0.110571 0.55752897 4294835457
-0.31973001 0.117938 0.67233002 4292664354
-0.0265624 0.325129 0.550973 4294177547
0.60467798 -0.287269 0.35642901 4278321916
0.65481901 -0.186333 0.400567 4282335167
-0.178095 0.037626501 0.688963 4289966923
0.47498301 0.048014 0.64243799 4278190335
0.61054897 -0.26346901 0.38968301 4278190335
0.17359699 -0.144033 0.667292 4278190335
-0.113173 0.114221 0.67577499 4288585312
0.37799999 -0.321273 0.53923601 4294045965
-0.048906598 -0.39887199 0.44859001 4284308897
0.107539 0.185477 0.65041202 4279900900
0.198093 -0.38166901 0.478443 4286151045
0.0585084 -0.034047302 0.68935502 4278190335
0.546139 0.105417 0.58543599 4288914267
0.40150201 -0.071553104 0.66750902 4278190335
0.44853601 -0.066585101 0.65172398 4278190335
0.34673399 -0.15765899 0.65602601 4278190335
0.058089301 0.24837101 0.61594498 4289111640
0.156976 0.175699 0.65434498 4278190335
0.441706 0.19164699 0.61338699 4280493019
-0.23036499 0.305363 0.57123399 4278387707
0.042188499 -0.066481702 0.68544799 4278190335
-0.17516699 0.058133401 0.686656 4289177431
0.341993 0.118517 0.66969198 4278190335
0.192982 0.154797 0.66251701 4278190335
0.162146 0.133268 0.67049801 4278190335
0.286084 0.141923 0.66747898 4278190335
0.43361199 0.15967 0.63131303 4278190335
0.036800999 -0.123715 0.67361301 4280427228
0.44279301 0.095889099 0.64811897 4278190335
-0.099795103 -0.043988299 0.68809497 4284243106
-0.058474202 0.17509399 0.65494698 4287203701
-0.121403 0.24397799 0.61822701 4294111756
-0.0167586 0.309053 0.567128 4294769666
0.0271414 0.35874099 0.51294899 4291677489
0.494719 -0.081311099 0.626342 4278190335
-0.20705301 -0.27015701 0.60003 4288519521
-0.0106531 -0.093909197 0.68025601 4278190335
0.31898901 -0.159005 0.65992999 4278190335
-0.32811999 0.024648299 0.68733901 4293848592
0.42243099 -0.022081601 0.66648 4278190335
-0.30915701 0.13594399 0.668275 4287993193
0.26190799 -0.0735301 0.68468601 4278190335
0.0061563998 -0.0097768903 0.69044799 4278190335
0.170316 -0.110648 0.67650801 4278190335
-0.066918202 -0.226329 0.62931103 4291809071
0.49701801 -0.101819 0.61967701 4280821974
-0.33276999 0.235423 0.61953503 4288058984
0.56100202 -0.189592 0.533557 4294901248
-0.105893 -0.156527 0.66284102 4288848476
0.34027001 -0.38044301 0.47156999 4285953672
-0.168594 -0.29519901 0.58030498 4287401074
0.48873401 0.00309557 0.63754499 4284637852
0.255133 0.18234099 0.65229303 4278190335
0.187766 -0.32368401 0.55354202 4294374920
-0.34795901 -0.31432301 0.55474401 4278190335
0.165883 -0.15159801 0.66472399 4278190335
0.55154097 -0.043918502 0.594778 4286348418
-0.109296 0.031784099 0.68890899 4286743164
0.36993599 0.151287 0.65464002 4278190335
0.231416 0.200324 0.64291 4278190335
0.333491 -0.36761501 0.49471399 4294638084
-0.0311189 0.147165 0.66587299 4281874630
0.25329801 0.149754 0.66458601 4278190335
-0.32657301 -0.14179499 0.66515499 4292072235
0.57165998 -0.205836 0.51153702 4294703875
-0.36583301 0.101231 0.66967702 4289703759
0.0085385898 -0.0669754 0.68594402 4278190335
0.23589 0.079663403 0.68313402 4278190335
-0.355773 -0.182202 0.64454502 4282400958
0.434953 -0.092857502 0.652165 4278190335
0.20889001 -0.167348 0.65783399 4278190335
0.50024199 0.215082 0.56749302 4291216952
0.40486699 -0.223783 0.61015397 4283058868
0.54645199 0.199782 0.540806 4294901248
-0.25938001 0.34789801 0.52630401 4278453498
0.077133402 0.298895 0.57743502 4292861727
0.0304392 -0.025386 0.69016099 4278190335
0.26355001 0.190403 0.64802498 4278190335
0.30548799 0.0305616 0.68901402 4278190335
0.096048102 0.190218 0.64861101 4278190335
0.36446401 -0.188628 0.63976997 4278190335
0.119018 -0.0154109 0.690377 4278190335
0.446715 0.12333 0.63940197 4278190335
0.20634501 0.335188 0.54109001 4294572293
-0.049494602 0.031830098 0.689789 4279242990
0.31376499 0.27017799 0.59842402 4285164180
-0.161633 0.235769 0.623541 4292664354
0.15607201 -0.161155 0.66097403 4278190335
0.33625901 0.169745 0.65294701 4278190335
-0.084628202 -0.35690501 0.51453602 4287993193
0.063337997 0.38568199 0.472094 4291085370
0.36245 0.167338 0.64912099 4278190335
-0.054582499 -0.025765499 0.68983799 4278190335
-0.24898501 0.10577 0.67836797 4294769666
0.464239 -0.169185 0.61332399 4279440363
0.084601402 -0.021851201 0.68994498 4278190335
0.0093982499 0.098278299 0.67957997 4282466749
0.407309 0.0152118 0.67075801 4278190335
0.125047 -0.230608 0.626764 4281545675
0.372913 -0.0225293 0.67988402 4278190335
0.591833 0.101186 0.54704303 4294045965
-0.012535 -0.061880201 0.68623298 4278190335
0.074407302 -0.0439035 0.688173 4278190335
0.29769999 0.26468799 0.60418898 4288651103
0.092838101 0.077439003 0.683429 4278190335
0.047511298 0.070745103 0.68449599 4278190335
0.30373701 -0.16637801 0.65731502 4278190335
0.085570298 -0.142111 0.66772199 4278190335
0.450293 -0.179049 0.61604798 4286216836
0.52101201 -0.14321899 0.59041202 4289966923
0.44662401 -0.0944831 0.64684403 4278190335
0.084106296 0.42481899 0.39007899 4278190335
0.207176 0.26477599 0.60374999 4292072235
-0.0089913299 0.0092400201 0.690795 4278190335
0.27137601 -0.048699301 0.68757099 4278190335
0.27484 0.30458 0.571311 4289966923
0.37799001 0.10601 0.665959 4278190335
0.44893801 -0.177944 0.61706299 4287137910
-0.17129999 0.257346 0.60905701 4294901248
0.107582 0.0807008 0.68318999 4278190335
0.4937 -0.15849701 0.60257399 4292138026
0.24872801 -0.189546 0.64903998 4278190335
0.077064998 0.157939 0.66157401 4278190335
0.374455 0.052830901 0.67681003 4278190335
0.104422 0.33214799 0.54365402 4294901248
0.36917001 0.225428 0.61885399 4289177431
0.26523599 -0.18898401 0.64880401 4278190335
0.0281858 -0.070759103 0.68462902 4278190335
0.074128903 0.128483 0.67171103 4278190335
0.197456 0.015149 0.69017202 4278190335
-0.28836501 -0.126012 0.672647 4294835457
0.404221 -0.028558901 0.67186898 4278190335
0.39170599 -0.0792026 0.66904199 4278190335
0.49310201 0.038012099 0.633632 4281348302
-0.311077 0.099137999 0.67796898 4294111756
-0.083899297 -0.094965003 0.67997903 4282993077
0.319653 0.169891 0.65509099 4278190335
0.37265801 -0.21942499 0.62139899 4281677257
0.29563901 0.071295701 0.68403399 4278190335
0.38252699 -0.076411597 0.671161 4278190335
-0.155974 0.098161399 0.67945403 4290690624
0.17408 0.14566401 0.66645497 4278190335
0.50202501 -0.244891 0.54445499 4294901248
-0.21684299 -0.158262 0.66125101 4294177547
0.35959801 0.183659 0.64347303 4278190335
0.106187 0.077342503 0.68401802 4278190335
0.057767101 -0.32586801 0.55141699 4293914383
-0.373669 -0.157919 0.65052301 4286348418
0.54116201 0.18577 0.55419999 4293190682
0.17772201 0.184339 0.65051901 4281348302
-0.28414199 -0.22488999 0.630633 4284111524
0.53977799 0.26921999 0.48845401 4294572293
0.29980901 0.15241 0.66367501 4278190335
0.16084699 -0.1486 0.66544801 4278190335
0.134847 0.310038 0.56602299 4293782801
0.018754199 0.37037 0.49685901 4291677489
0.131028 0.011466 0.690135 4278190335
-0.176539 0.179216 0.65280402 4293914383
0.41917199 0.0585168 0.66402602 4278190335
0.10854 0.411275 0.42286 4278190335
0.058836401 0.13789099 0.66851699 4278190334
-0.049864199 -0.261686 0.60711998 4294177547
0.59699601 -0.0236036 0.55676198 4293124891
0.30067199 -0.086230397 0.68127102 4278190335
-0.27200201 0.23990799 0.62114602 4292532772
-0.060996398 0.0333733 0.689197 4281545675
-0.29510599 -0.18622801 0.64952499 4287269492
0.39390001 -0.26213101 0.58707303 4288782685
-0.0613898 0.255546 0.61074501 4294901248
-0.166832 -0.31639999 0.560597 4292598563
0.106163 -0.042266201 0.68862599 4278190335
0.198413 -0.36325601 0.505337 4294440711
-0.098231196 -0.176117 0.65413702 4289901132
-0.00101066 0.264732 0.60388798 4291743280
0.28621599 -0.30557701 0.570301 4294835457
-0.068076298 0.226652 0.62921798 4294835457
0.27699599 0.0138412 0.69023001 4278190335
0.42898801 0.20172299 0.61287099 4285624717
0.0069578402 0.065150797 0.68549198 4278190335
0.15408 -0.124206 0.67332602 4278190335
0.54009902 0.270459 0.48622701 4294309129
0.090029098 0.021225501 0.689969 4278190335
-0.0420301 0.153414 0.66307902 4287664238
0.452005 0.072536603 0.64941299 4278190335
0.118071 -0.120463 0.67426997 4278190335
0.21425501 0.078393199 0.68393701 4278190335
0.084973797 0.35536999 0.51623797 4292927518
-0.093358599 0.399645 0.44808701 4278190335
0.44767499 0.056988101 0.65284902 4278190335
0.379161 -0.165874 0.64617503 4278190335
0.45549801 0.18026599 0.61261803 4281611466
-0.093181103 -0.125425 0.67299098 4286019463
0.495561 -0.32995 0.45592001 4288124775
0.45804399 -0.21010999 0.595707 4285624717
0.287103 0.070156001 0.68452102 4278190335
-0.197677 -0.326722 0.54941899 4290427460
0.160888 -0.063177198 0.68651599 4278190335
-0.46705699 0.0615074 0.64404202 4278190335
0.43806401 0.151144 0.632783 4278190335
0.101621 0.23270801 0.62599999 4287401074
0.35716999 -0.35451701 0.50679898 4294967040
-0.075989798 0.39676699 0.452546 4279703527
-0.268343 -0.373469 0.490661 4278190335
-0.164148 0.195078 0.646496 4293848592
0.366007 0.102049 0.66996002 4278190335
0.104692 0.082530797 0.682491 4278190335
-0.090612501 0.0246452 0.69012201 4279242990
0.48377201 0.095844999 0.62895799 4278190335
0.21679901 0.15001 0.665205 4278190335
0.0465931 0.126718 0.67202002 4278190335
0.32057899 0.189275 0.64626902 4278190335
-0.235852 -0.16423 0.65937197 4293124891
0.38382599 -0.0149209 0.67791301 4278190335
-0.020330301 -0.33126 0.54512203 4293651219
0.52549499 -0.23623601 0.53183699 4294769666
0.090421997 0.073321797 0.68428999 4278190335
0.439841 -0.039878 0.65805203 4278190335
0.394842 -0.099553503 0.66299403 4278190335
0.29317099 0.067168497 0.68564701 4278190335
0.37147599 -0.061359301 0.67676598 4278190335
0.254621 0.12726 0.67194498 4278190335
-0.219037 -0.17128401 0.65649199 4294835457
0.047403499 -0.029514801 0.69003099 4278190335
0.44241601 0.0029257101 0.65942299 4278190335
0.0536476 -0.00096616498 0.69085002 4278190335
0.40342799 0.17705899 0.63501799 4278190335
-0.25213501 -0.31871599 0.55836302 4287598447
0.254924 -0.234492 0.625081 4287401074
0.62986302 0.141093 0.48243999 4288980058
0.185348 -0.26757801 0.60238498 4287466865
-0.30475801 0.122254 0.67258698 4292401190
-0.29024401 -0.000242318 0.69040197 4292795936
0.459968 0.0253285 0.65146601 4278190335
0.055132199 0.0046174601 0.69064599 4278190335
0.34467199 0.122698 0.66845101 4278190335
-0.26640901 -0.16898 0.65708297 4294901248
0.101954 0.33283001 0.54391801 4294835457
0.49552301 -0.034371998 0.63303399 4281743048
0.27935499 -0.0162974 0.69069701 4278190335
0.065324903 -0.0076595 0.69011998 4278190335
-0.365244 -0.229514 0.61693698 4279637736
0.091582201 -0.338507 0.53663701 4294572293
-0.078130998 0.19615 0.64518201 4294638084
-0.24166501 -0.29948199 0.57669801 4287401074
-0.141259 -0.274014 0.598001 4293059100
0.205257 -0.088053003 0.68165803 4278190335
0.0400596 -0.34094599 0.53379202 4290690624
0.694987 0.114544 0.36531001 4280164064
0.092862897 -0.112511 0.67632103 4278190335
0.363442 0.13352799 0.66167003 4278190335
-0.085091203 0.060010102 0.68620598 4287203701
0.461799 -0.182972 0.60788798 4285493135
0.278721 -0.209406 0.638331 4280887765
0.0662034 -0.14744399 0.66609597 4278190335
0.352011 -0.186505 0.64341497 4278190335
-0.0922115 -0.089412898 0.681714 4281874630
0.223111 -0.050024401 0.68752599 4278190335
0.19416501 -0.126753 0.67223603 4278190335
0.247722 0.43693501 0.349639 4278190335
0.352106 0.249495 0.60696 4282532540
0.28331399 -0.34938699 0.52481598 4294703875
0.195526 -0.21991099 0.63340801 4283453614
-0.045635801 0.066929802 0.68510598 4278190335
0.145377 0.200304 0.643417 4278190335
-0.293661 0.12604199 0.672342 4294835457
-0.086430296 0.030225899 0.688999 4279571945
0.36576599 0.21910401 0.62404299 4287335283
0.141085 -0.0100604 0.69082499 4278190335
0.485246 0.139939 0.61439103 4280295646
0.33787501 0.38519299 0.46472299 4293059100
0.30232501 -0.0830217 0.68202901 4278190335
0.336577 -0.020134401 0.68574297 4278190335
0.41089699 0.038726602 0.66842997 4278190335
-0.081593402 0.177766 0.65393102 4292269608
0.47319701 0.201297 0.59259701 4289309013
0.466997 0.25488999 0.55916399 4293848592
0.32378301 -0.050842799 0.68495703 4278190335
0.51445597 0.091602601 0.612059 4282335167
0.31961799 0.187677 0.64711398 4278190335
0.063407898 -0.16294999 0.66040099 4278190335
0.25421301 0.088854998 0.68153799 4278190335
0.0588708 -0.278303 0.59466398 4294374920
0.129538 -0.047635201 0.688052 4278190335
-0.44110501 -0.00261267 0.659468 4279571945
0.065904997 0.264539 0.60454202 4289440595
0.120781 0.094276004 0.68036699 4278190335
-0.197769 0.121461 0.67377001 4292466981
0.41577101 0.0446916 0.666327 4278190335
0.118049 0.093968198 0.680695 4278190335
0.354817 -0.159217 0.65455699 4278453498
0.48105699 -0.048916299 0.63868999 4278190335
0.32506499 0.13432699 0.66717899 4278190335
-0.129859 0.153698 0.66373599 4290230087
0.191769 0.086553097 0.68191302 4278190335
0.39863399 0.094662502 0.663113 4278190335
0.63725501 -0.0444129 0.50664097 4294901248
0.54536498 -0.172764 0.558842 4294572293
0.0594436 0.0533549 0.68730199 4278190335
0.160925 0.37289801 0.49320099 4290164296
0.58631802 0.136793 0.53755301 4293717010
-0.108717 0.20757701 0.63967001 4293190682
0.43797699 0.23037601 0.59159398 4293059100
0.093271904 -0.216482 0.63507402 4280821974
0.37151799 0.222363 0.620359 4280229855
-0.038716 0.182662 0.65136802 4287861611
-0.138494 0.0511447 0.68742198 4286545791
-0.30375201 -0.159713 0.65989101 4291809071
0.430466 -0.068717003 0.65839899 4278190335
0.48054099 0.15065899 0.613298 4289506386
0.121381 -0.0964875 0.68040502 4278190335
0.35585701 0.059849601 0.67930198 4278190335
0.35059801 -0.0037703901 0.68454099 4278190335
0.273029 -0.35084799 0.52255201 4294769666
0.130536 -0.377718 0.48559099 4294045965
-0.068229899 0.0342043 0.68924201 4278519289
-0.135378 0.306005 0.57001197 4291743280
-0.052044701 -0.070051797 0.68525797 4278256125
-0.101642 -0.31779501 0.55913198 4292072235
-0.0108274 -0.080981597 0.683397 4278190335
0.27326399 0.073389202 0.68398201 4278190335
0.23514 0.00081741298 0.69033301 4278190335
0.250119 0.065355897 0.68565899 4278190335
-0.37784401 0.175455 0.64287299 4281545675
0.318174 -0.109488 0.67465001 4278190335
-0.0114924 -0.137373 0.66903698 4278190335
0.233146 0.245554 0.61724901 4285361553
0.30920199 -0.291114 0.58278298 4289703759
0.029841101 -0.071795203 0.68427902 4278190335
0.189235 -0.077231601 0.68386799 4278190335
0.210904 0.125453 0.67243201 4278190335
0.53280902 -0.119668 0.59173697 4288124775
0.200569 -0.16203099 0.660142 4278190335
0.14885101 0.041423801 0.68842798 4278190335
-0.022518 0.027335601 0.68950802 4278190335
0.20221099 -0.165003 0.65940702 4278190335
0.25116101 -0.060686398 0.68660003 4278190335
-0.418035 -0.0133453 0.66793698 4285624717
0.048419099 -0.40636301 0.43418899 4278190335
0.31255701 0.351385 0.51929098 4294769666
0.46185201 -0.0070994799 0.65047097 4278190335
0.277881 -0.047161501 0.68796903 4278190335
0.211696 0.214361 0.63635403 4283453614
0.37079 -0.181695 0.64113498 4280427228
0.24874499 -0.20615201 0.64001697 4282729913
0.54223198 0.095529698 0.59197199 4289177431
0.319971 -0.0590133 0.68445599 4278190335
0.475898 -0.02537 0.643381 4278190335
0.099603102 -0.0147529 0.69037199 4278190335
0.47445601 0.15259799 0.61536199 4280164064
0.073693097 0.103434 0.67809099 4278190335
0.37007299 -0.118642 0.66443598 4278190335
0.388491 0.196622 0.62978798 4284572061
0.301882 -0.098088101 0.67947698 4278190335
-0.42041701 0.120152 0.65013897 4278190335
-0.0037877599 0.086870097 0.68164802 4282598331
0.0124624 -0.092960097 0.68071198 4278190335
0.29856801 0.110261 0.67666501 4278190335
-0.14390799 0.049350102 0.68807697 4287006328
0.29466099 -0.122129 0.67367101 4278190335
0.0478548 0.047402099 0.68830597 4278190335
0.36286601 -0.15383901 0.65522498 4278190335
0.59134698 0.271395 0.41544199 4288256357
-0.26454201 -0.16897 0.65788603 4294835457
0.53551602 0.29348499 0.46475199 4292927518
0.28820801 -0.111995 0.676036 4278190335
0.43669799 -0.36309099 0.453491 4292072235
-0.13580801 0.108226 0.67760199 4287993193
0.28052601 -0.224501 0.630427 4278519289
0.37000501 -0.0175706 0.680399 4278190335
0.052291799 -0.116149 0.67537302 4278190335
0.35246399 0.350463 0.51287502 4294901248
0.075575203 0.32661101 0.54988402 4294901248
0.51841998 -0.0427236 0.61800802 4282466749
0.19097599 0.090571299 0.681692 4278190335
0.32835999 -0.046158198 0.68530601 4278190335
0.301359 -0.13475101 0.66924101 4278190335
0.196096 -0.220581 0.63298899 4279571945
0.51030701 -0.063501403 0.62014902 4288519521
0.290364 -0.125218 0.67202502 4278190335
0.58332902 0.16454899 0.527219 4294769666
0.23723599 -0.41275999 0.420504 4286545791
0.0099772299 -0.275747 0.59550798 4293124891
0.33467999 0.35565501 0.50982702 4294901248
-0.17076699 0.057104301 0.68671501 4288651103
0.551283 -0.030562099 0.59577698 4288519521
0.246573 0.15498599 0.66303903 4278190335
0.135287 0.081247903 0.68317002 4278190335
-0.017291199 0.022498401 0.690063 4278190335
0.55286503 0.112961 0.57873797 4289966923
0.0840206 0.16307899 0.66000098 4278190335
0.495067 -0.0221359 0.633955 4278190335
0.062168699 -0.10783 0.67693198 4278190335
0.393938 -0.227909 0.61101002 4282532540
0.54208702 -0.27661201 0.47726801 4291348534
0.49890801 -0.25406501 0.53810698 4294901248
0.51989901 -0.117418 0.60122299 4287861611
0.34077999 -0.0211307 0.68592101 4278190335
0.23486 -0.0604317 0.68651801 4278190335
-0.093851097 0.15593299 0.66310698 4290230087
0.517896 -0.271694 0.50666201 4294901248
0.38730901 0.141011 0.653193 4278190335
0.083668098 0.055364501 0.68675703 4278190335
0.39746901 -0.197577 0.62608099 4278190335
0.304088 0.164505 0.65809399 4278190335
0.058523301 -0.240851 0.62061203 4286940537
0.230436 -0.186459 0.64981902 4278190335
-0.28436601 -0.334205 0.54184502 4278190335
0.304416 0.349599 0.52294499 4294901248
0.42753601 0.117199 0.64786601 4278190335
0.33776799 0.36965299 0.49017501 4294638084
0.245416 -0.034756701 0.68964702 4278190335
0.094341204 0.010767 0.690005 4278190335
0.120916 0.169375 0.65722901 4278190335
0.144457 0.146853 0.66618103 4278190335
0.064132199 -0.112332 0.676449 4278190335
0.030306499 0.078125402 0.68401903 4278190335
-0.056208398 -0.13326401 0.67054498 4291282743
-0.164884 -0.0294223 0.68960398 4289374804
0.198627 -0.090050302 0.68128502 4278190335
0.064700998 0.222323 0.63183498 4284637852
0.37174901 -0.24305899 0.606736 4285953672
-0.391936 0.089066997 0.66614598 4287203701
0.082247503 -0.125662 0.672598 4279571945
-0.0129723 -0.19533899 0.64618999 4291282743
0.017442301 -0.041217498 0.68892902 4278190335
0.19705699 0.20907199 0.638623 4278190335
0.258908 0.38781899 0.46858999 4288387939
0.0154207 -0.175705 0.65521097 4282335167
0.152733 0.12976301 0.671175 4278190335
-0.29783899 0.23689801 0.622141 4285953672
-0.0613278 -0.156666 0.66215497 4284901016
0.33766401 -0.16394 0.65561301 4278190335
0.33763099 0.31787199 0.553599 4292927518
0.43424001 -0.175606 0.62447202 4289309013
-0.37221199 0.083814897 0.67245901 4279703527
0.248906 -0.176671 0.65427703 4278190335
0.70587498 0.0732508 0.35883999 4278190335
0.287368 0.178047 0.653247 4278190335
-0.080968402 0.39126599 0.463707 4282532540
0.47766399 -0.0182833 0.64282399 4278190334
0.203308 -0.136683 0.66943502 4278190335
-0.37286299 -0.253887 0.59998298 4280756183
0.55735701 0.24488001 0.49364501 4291480116
0.16148201 0.40261799 0.441654 4290822206
0.039074801 -0.194858 0.64590502 4279571945
0.115801 -0.0124669 0.690732 4278190335
0.028481901 -0.0517575 0.68748999 4278190335
-0.108567 0.34494099 0.529396 4291809071
0.225471 0.19563399 0.64576101 4278190335
0.079082303 0.114738 0.67521399 4278190335
0.30814299 0.25271699 0.61183202 4286282627
-0.132511 0.317817 0.55895299 4293782801
0.30216801 -0.35006899 0.52284902 4294901248
0.0720101 -0.090307303 0.68162799 4278190335
0.30275899 0.0251696 0.68914598 4278190335
0.18126699 -0.127059 0.67250001 4278190335
-0.32782701 0.31150901 0.56152803 4278190335
0.351991 -0.323843 0.54392701 4293980174
0.45219201 -0.157776 0.62415397 4278387707
-0.31945401 0.044216901 0.68676698 4294572293
-0.36996001 -0.114053 0.66629303 4288190566
0.49596801 0.11503 0.617356 4279242990
0.254987 -0.0552122 0.68691802 4278190335
-0.300363 0.28489399 0.587901 4286611582
0.38581499 0.110275 0.66332197 4278190335
0.55577201 -0.22965901 0.50884497 4291677489
-0.105805 -0.085312501 0.68243003 4284703643
0.44920599 -0.335109 0.487726 4293322264
0.31667101 0.043291502 0.68712002 4278190335
0.277749 0.32427999 0.55285603 4293453846
0.34637499 0.030038301 0.68380898 4278190335
0.087972701 -0.223543 0.63061398 4286545791
0.66165501 -0.21023101 0.34367201 4278190335
0.40004399 0.22666 0.60888201 4285361553
0.228323 0.18990099 0.64866298 4278190335
0.039258 0.102367 0.67849201 4278190335
-0.148799 0.0598648 0.68667901 4291019579
0.31537899 -0.42677 0.37923199 4279177199
0.032270901 -0.108533 0.67720997 4278190335
0.45338699 -0.33721399 0.480488 4293782801
0.31907699 -0.18956999 0.64603299 4278190335
0.147853 -0.105251 0.67762601 4278190335
0.424788 -0.00435491 0.66589302 4278190335
0.32628599 0.090988703 0.67808402 4278190335
-0.090663902 -0.115544 0.67490298 4283190450
0.15433399 0.34383401 0.53142601 4292861727
-0.131854 0.073802799 0.68405598 4285822090
-0.235511 0.15355501 0.66395497 4294374920
0.68777603 -0.030401001 0.42267299 4278190335
0.38902301 0.0416627 0.67465299 4278190335
0.00306835 -0.075674899 0.68370098 4278190335
0.32531199 -0.185224 0.64727998 4278190335
0.046730299 -0.259554 0.60825902 4294045965
0.49236199 0.0670458 0.63005102 4278190335
-0.0278336 0.000951019 0.690853 4278190335
0.131942 -0.23820101 0.62187898 4284769434
-0.116519 0.277219 0.59526801 4294901248
0.170956 0.18054201 0.65312499 4278190335
0.0113944 -0.27894101 0.59421802 4293059100
0.55453598 0.104995 0.579651 4293782801
-0.053564899 0.0274013 0.689605 4278190335
-0.096518397 0.079764098 0.68301302 4282006212
-0.29312801 -0.023836801 0.68946999 4294045965
0.149037 0.140394 0.66767502 4278190335
0.033686198 0.117555 0.67481703 4278190335
0.40162599 0.098122202 0.66182601 4278190335
0.505795 -0.063890196 0.62309998 4278190335
-0.23990899 -0.24347299 0.61849099 4290493251
-0.188171 -0.123802 0.67344499 4293782801
0.58876401 0.160513 0.52398098 4294703875
0.29081601 0.083094999 0.68290597 4278190335
0.31857401 0.0596564 0.68505299 4278190335
0.148506 0.17457899 0.65536499 4282532540
0.186924 -0.23336899 0.62490499 4279440363
0.44605401 -0.096543796 0.64664799 4278190335
-0.087409697 0.102673 0.67908299 4286480000
0.35283399 0.13194799 0.66358697 4278190335
0.47459501 -0.053505599 0.64157999 4278190335
0.136871 0.163004 0.659518 4278190335
0.284881 -0.0776188 0.68409699 4278190335
0.35199001 0.045373 0.68239403 4278190335
0.27711901 0.088614397 0.681593 4278190335
-0.092499897 0.034463201 0.68944198 4282927286
0.18200199 -0.0405127 0.68834603 4278190335
0.210164 0.123857 0.67274201 4278190335
0.068944797 -0.26134199 0.60640699 4290559042
-0.21733101 -0.28358501 0.59021598 4292006444
0.36679599 -0.37527299 0.47251701 4288387939
0.169365 0.25098401 0.613603 4281282511
0.31647599 -0.211876 0.63518298 4278190335
0.33111399 -0.132403 0.66745299 4278190335
0.17471699 0.24033201 0.62149203 4280953556
0.058965102 -0.091876 0.68136501 4278190335
-0.211628 0.032835901 0.68900502 4294769666
0.320586 0.402172 0.43812799 4287072119
0.219063 -0.22913601 0.62728101 4288585312
0.36928499 -0.069324397 0.67565203 4278190335
-0.087352604 0.077427998 0.68398899 4282466749
0.14552701 -0.30150199 0.575104 4291809071
0.57469201 -0.11036 0.559811 4291874862
-0.11776 0.119286 0.674514 4288980058
0.35123301 0.105897 0.671974 4278190335
0.39027399 -0.217546 0.61807197 4283124659
0.077973202 -0.31184399 0.565588 4293914383
0.47937 -0.138862 0.61840999 4281085138
0.103115 0.098214999 0.67985702 4278190335
0.128378 0.0074065002 0.69009101 4278190335
0.458823 -0.13196699 0.63103998 4282335167
0.26852399 -0.00722392 0.69058597 4278190335
0.44317999 -0.100515 0.64652199 4278190335
0.35181099 0.00333793 0.68406999 4278190335
0.071771197 -0.182467 0.65188402 4278190335
0.500453 0.0215833 0.63124198 4278190335
-0.15904 -0.102677 0.67897099 4293585428
0.022795301 0.23226 0.62557501 4286019463
0.58100098 0.0098058097 0.57316703 4290887997
-0.27460799 -0.26411599 0.604931 4290822206
0.367241 0.087831803 0.67216599 4278190335
0.28916901 0.15249 0.66419297 4278190335
-0.303983 0.141443 0.66680199 4294309129
0.104179 0.20272499 0.642721 4280098273
-0.056806698 0.109503 0.67736399 4282861495
0.0063902098 0.18457 0.65089399 4286808955
-0.24046201 -0.020100299 0.69037002 4294901248
0.11723 0.13882101 0.66856301 4278190335
0.449229 0.067550696 0.65074998 4278190335
-0.20616101 0.32279801 0.55423403 4285493135
0.116181 -0.38144201 0.478773 4291940653
0.0148891 -0.077065699 0.68409401 4278190335
-0.42955199 -0.031977501 0.662615 4278190335
0.10154 -0.096266299 0.68025398 4278190335
0.42147899 0.070033804 0.66161299 4278190335
0.47078899 0.037469901 0.64518398 4278190335
0.144393 0.227594 0.62884599 4282137794
-0.45078501 0.183805 0.61330497 4278190335
0.598876 -0.29651099 0.34604999 4278190335
0.45478001 -0.23607101 0.58031201 4290756415
-0.023486599 -0.222187 0.631585 4292730145
0.416585 0.0706027 0.662718 4278190335
0.33920601 0.0348805 0.68472803 4278190335
0.27636901 0.12720799 0.67237598 4278190335
-0.0158516 -0.080379099 0.682998 4285098389
0.46103099 -0.027509 0.64998299 4278190335
0.139479 0.141975 0.66747802 4278190335
0.51233 0.054609001 0.62071103 4287664238
0.44427001 0.071515597 0.65227002 4278190335
0.371216 0.124745 0.66292602 4278190335
0.393287 -0.139772 0.651968 4278190335
-0.057979301 0.14436001 0.66691202 4291348534
0.0185511 -0.10889 0.67760098 4278190335
-0.070275001 0.198229 0.64471799 4290230087
0.037759699 -0.101914 0.67830998 4278190335
0.069253698 -0.062819898 0.68630701 4278190335
0.47422501 0.33293599 0.47029999 4286216836
-0.071694396 -0.050381001 0.68734598 4281414093
-0.31339201 0.211017 0.63584799 4291414325
0.127735 0.16249 0.66064 4278190335
-0.152062 -0.040082499 0.68844801 4292401190
-0.056515601 -0.148046 0.66560298 4284111524
-0.122562 0.28088599 0.59213197 4293848592
-0.085691899 0.067616098 0.68558699 4281808839
0.48319399 -0.054790001 0.63691998 4278190335
0.22903401 0.142244 0.66693199 4278190335
-0.0491594 -0.00193455 0.690431 4278190335
-0.29271999 -0.154642 0.66274798 4293980174
0.094130903 -0.17693201 0.65425599 4278190335
0.268756 -0.14462499 0.66700602 4278190335
0.32437301 -0.100509 0.67636597 4278190335
-0.25079501 0.117216 0.67449802 4294835457
0.13234501 -0.158667 0.66209102 4278190335
0.1804 -0.25987101 0.60753697 4284374688
0.16093899 -0.31735101 0.55943203 4293914383
0.405671 -0.129741 0.65167499 4278190335
-0.18459301 0.040965199 0.68849498 4293848592
-0.063631304 -0.126039 0.67231399 4290230087
0.133894 0.166447 0.658225 4278190335
-0.027584599 0.18061601 0.65311098 4286743164
0.36372501 0.244102 0.60806799 4284374688
0.0087804999 0.025242699 0.68945003 4278190335
0.57216001 -0.114368 0.56035298 4293585428
0.216142 0.047964599 0.68781799 4278190335
-0.232565 -0.096242897 0.67975599 4294243338
0.20281801 0.035274599 0.68960297 4278190335
0.34435201 0.0268985 0.684416 4278190335
0.52266401 -0.085634999 0.60788101 4282927286
0.120721 0.207011 0.63972199 4279111408
-0.112903 0.068597302 0.68531197 4283650987
-0.403254 0.090690002 0.66266602 4286019463
0.49895501 0.045979999 0.62939799 4278190335
-0.0715608 0.047951501 0.68765903 4278190335
0.448329 -0.0094908997 0.65688199 4278190335
-0.23016199 -0.344753 0.52933198 4278190335
-0.047551502 -0.063587502 0.685799 4284966807
-0.026548 0.0433622 0.68848598 4278190335
0.023244901 0.0601977 0.68674898 4278190335
0.103333 0.161789 0.66073197 4278190335
-0.292927 0.042689402 0.68861002 4294901248
0.044893101 -0.30960399 0.56676102 4293914383
0.28102699 0.12788799 0.67215699 4278190335
0.113181 -0.37788001 0.48454401 4293190682
-0.34933701 -0.208543 0.63224399 4278190335
0.338799 -0.259271 0.60358298 4283848360
0.113577 -0.27512401 0.59719503 4288256357
0.67250597 -0.176998 0.363125 4280032482
0.499448 -0.095823802 0.62040502 4280821974
0.31721699 0.153015 0.66139501 4278190335
0.0058933399 -0.202163 0.64306903 4284769434
0.340588 -0.41488999 0.40432501 4284769434
-0.258553 -0.106707 0.67783803 4294901248
0.45962301 0.243717 0.57217401 4290230087
0.213744 -0.053375401 0.68711102 4278190335
-0.27954799 0.055383399 0.68751103 4294901248
-0.220961 0.053972099 0.687711 4292598563
0.409639 -0.016994299 0.669891 4278190335
0.200295 -0.178753 0.65308303 4278979826
0.381152 -0.212283 0.62328202 4278190335
-0.0080544697 -0.0587557 0.68682098 4278190335
0.66728699 -0.134369 0.422212 4283585196
-0.088066302 0.099664703 0.67885202 4282400958
-0.043914899 0.0493154 0.68782997 4278190335
0.059707601 -0.155485 0.66267103 4278190335
0.052694499 0.070924602 0.68532801 4278190335
0.14638101 0.123529 0.67288297 4278190335
0.246878 0.023542 0.68948698 4278190335
0.376921 0.16525701 0.64695603 4278190335
-0.215275 0.0060666702 0.69083101 4294769666
-0.058714598 -0.178321 0.65382802 4291348534
-0.38716 0.116868 0.66101998 4288782685
0.19023401 0.176994 0.65418202 4278190335
0.31089801 -0.028865 0.68791997 4278190335
0.127812 -0.0409333 0.68866199 4278190335
-0.087341398 0.230994 0.62611198 4293651219
-0.086018898 0.25442299 0.61133498 4293914383
0.22531199 0.24307001 0.61944902 4286282627
0.236323 0.24628399 0.61717898 4278848244
0.60710102 0.058928601 0.54054499 4294901248
0.32528099 -0.38904199 0.460637 4288848476
0.096854597 0.154934 0.66249901 4278190335
0.282455 -0.192779 0.64748102 4278914035
0.393107 -0.064365298 0.67101997 4278190335
-0.170467 0.29443699 0.580477 4294045965
0.42346099 -0.139991 0.64301997 4278190335
0.42041999 -0.150529 0.64014 4278519289
-0.14279801 -0.160849 0.66118598 4292598563
0.53790402 -0.240775 0.51744002 4294835457
-0.029928001 0.076928698 0.68418199 4280887765
0.413614 0.305318 0.541659 4294901248
0.39008099 0.10512 0.66358 4278190335
-0.140148 0.32577899 0.55119598 4283782569
0.450818 0.109068 0.64157701 4278190335
0.449123 0.094056197 0.64590901 4279835109
-0.242908 -0.14177901 0.66794199 4294901248
0.039493602 0.030111 0.68974602 4278190335
0.464077 0.0536801 0.646608 4278190335
-0.044617299 -0.378737 0.484139 4289374804
-0.26506999 0.0264703 0.689596 4294374920
0.366963 0.277439 0.58388698 4294309129
0.15699901 -0.032670598 0.68964899 4278190335
0.59988099 -0.078062497 0.54497302 4294309129
-0.074413598 -0.236654 0.62304801 4294177547
0.0147948 0.14093301 0.66756803 4278190335
0.59502703 0.0127343 0.558918 4293388055
-0.13343699 -0.36171699 0.50865501 4284637852
0.57043999 -0.15802 0.54396999 4294901248
-0.16459499 -0.071088403 0.68516898 4293256473
0.0587315 0.123669 0.673639 4278190335
0.21559399 0.31441301 0.56263798 4293190682
-0.0130632 0.00026751999 0.69016701 4278190335
0.219329 0.14881399 0.664765 4278190335
0.28494099 0.40782601 0.43052 4286808955
0.33774099 0.16108701 0.65596801 4278190335
0.53723598 0.00109133 0.60861897 4287006328
0.38260201 -0.0530992 0.67513698 4278190335
0.172975 0.27997699 0.592448 4293059100
0.42647099 0.099639401 0.65301198 4278190335
0.51405102 0.00024643901 0.62345499 4278190335
0.50717998 -0.25917301 0.52868903 4294506502
0.31314901 -0.195162 0.644337 4278190335
0.56021601 0.208404 0.52142102 4294901248
-0.33125001 0.17212901 0.652605 4281150929
0.202571 0.067896798 0.684928 4278190335
0.275783 -0.0126881 0.69059801 4278190335
0.303507 0.00061601499 0.68981898 4278190335
-0.098825 0.37709501 0.48573199 4287598447
0.28771701 -0.111411 0.67661202 4278190335
0.104895 0.0204261 0.689592 4278190335
0.131936 0.208878 0.63934201 4278190335
0.42788699 -0.11337 0.64953399 4278190335
0.50947899 -0.043782301 0.623869 4278190335
0.161024 -0.0135648 0.68994802 4278190335
-0.124088 0.234034 0.62475002 4294835457
0.025003901 0.0942121 0.68057001 4278190335
0.53657699 -0.034091499 0.60673201 4286414209
0.35554999 0.130582 0.66399902 4278190335
0.038716398 -0.127812 0.67231899 4278190335
0.575194 0.125524 0.553469 4294901248
0.025958899 -0.210023 0.63847703 4292269608
0.52233303 0.095779501 0.60580701 4285624717
0.061216701 0.130216 0.67097199 4278190335
0.0218444 0.15737 0.66162097 4278190335
0.31541699 -0.00238914 0.68925399 4278190335
0.30627701 0.26052999 0.60588902 4283322032
-0.0044154502 -0.111968 0.67623103 4282598331
0.117196 0.40485099 0.43797499 4288980058
-0.28920799 0.00093123998 0.69009399 4294309129
0.118707 0.16593701 0.65836501 4278190335
0.0060251299 -0.0401785 0.68834603 4278190335
0.197992 0.00172718 0.69065702 4278190335
0.0150833 -0.34635401 0.52846801 4293322264
0.061620802 -0.20932899 0.63914597 4287664238
-0.016657099 0.126701 0.67240697 4278190335
-0.468301 -0.0065225898 0.64797199 4278190335
0.13422 -0.0309576 0.68945801 4278190335
0.36422801 0.31290099 0.55186701 4292861727
-0.0212208 0.26870701 0.60184097 4292664354
0.400013 0.082826599 0.66582799 4278190335
-0.120505 0.16609199 0.65899003 4291019579
-0.090858899 -0.084650703 0.682401 4283124659
0.32707301 -0.243008 0.61658603 4285887881
0.46863601 0.245599 0.56559902 4292072235
-0.157204 -0.104046 0.67807502 4289901132
-0.19715901 -0.086962 0.68221998 4292598563
0.24383301 0.225803 0.62976998 4280427228
0.59197497 -0.070358701 0.55528802 4294440711
0.327867 -0.176889 0.651452 4278190335
-0.301626 0.245968 0.61678201 4289966923
0.59389901 -0.219634 0.47337699 4288058984
0.141725 0.358951 0.51159 4294901248
0.40972 0.31905201 0.52863801 4294901248
0.160505 0.140671 0.66747397 4278190335
-0.22670899 -0.32042301 0.55660599 4288453730
0.066778801 0.199779 0.64362901 4280493019
0.190505 0.27266899 0.59799403 4285690508
0.301072 0.29944301 0.57590801 4290887997
0.037598401 0.085013703 0.68236399 4278190335
0.39261299 0.049082499 0.67312002 4278190335
0.56949103 0.0114237 0.58283103 4291677489
0.16909499 0.39374 0.458579 4292203817
0.51884598 0.096666299 0.607876 4287335283
0.068180397 0.255795 0.61065698 4289111640
0.190364 -0.367562 0.50018603 4293190682
0.20278201 -0.375341 0.488958 4292466981
0.035011701 -0.089419 0.68116099 4278190335
0.319078 0.047592402 0.68581998 4278190335
-0.42492801 0.027478 0.66523999 4278190335
-0.13170899 0.128455 0.67174298 4289769550
0.37857899 -0.234513 0.611265 4288190566
0.16171999 -0.127212 0.67252302 4278190335
0.54644603 -0.0094771897 0.60083598 4283585196
0.154439 0.050409701 0.68763 4278190335
0.52267802 -0.289482 0.483031 4291151161
-0.421386 -0.159756 0.63569897 4278190335
-0.28383499 0.375067 0.48901001 4278190335
0.21258201 -0.107106 0.67727602 4278190335
0.13989601 -0.31783 0.55967498 4294901248
-0.38529599 -0.061671901 0.67326403 4290559042
0.37575999 0.091931202 0.67000699 4278190335
0.0061868699 0.083600603 0.68247902 4278190335
0.38871801 -0.232269 0.60914499 4290361669
0.25920701 -0.14593799 0.66631103 4278190335
0.39643499 -0.17892399 0.63633698 4278190335
0.48982301 -0.111721 0.62099099 4278848244
-0.25373599 0.042779502 0.68892902 4294703875
0.148746 -0.097190097 0.68036002 4278190335
0.40953901 0.15574899 0.64118201 4278190335
-0.30861399 0.183331 0.65067297 4292730145
0.27913699 0.400877 0.445912 4283914151
-0.16293 0.191091 0.64754403 4293453846
0.17415 0.362486 0.50768101 4292401190
-0.31460899 -0.064874798 0.68381703 4291414325
-0.080123402 -0.124976 0.67272598 4286282627
0.047752101 -0.0116241 0.69021302 4278190335
-0.098861597 0.163341 0.65938401 4288716894
-0.364317 0.073448397 0.675942 4291611698
0.229011 -0.191157 0.64816302 4278190335
0.092096597 -0.244765 0.61838502 4288058984
0.17034 -0.245359 0.617836 4286808955
0.36940801 -0.082534999 0.672795 4278190335
0.30924901 0.18113799 0.651658 4278190335
0.297672 -0.241558 0.619151 4288387939
0.22093999 0.234598 0.62467098 4281282511
-0.0108939 0.208931 0.63940901 4287203701
-0.34173501 -0.064408399 0.680758 4293848592
-0.349013 -0.188209 0.64337701 4285427344
0.232614 -0.133053 0.67020702 4278190335
-0.0524537 0.062826902 0.68610197 4281545675
-0.110154 0.134712 0.67018503 4288585312
0.336968 0.015882799 0.68632603 4278190335
0.439731 -0.056838799 0.65598798 4278190335
0.56930202 -0.120399 0.561728 4292203817
-0.0097452803 0.140907 0.66767001 4280690392
0.287543 -0.042873502 0.68789399 4278190335
0.496108 0.13656899 0.60894698 4281414093
-0.0044177198 0.39585599 0.45493901 4278190335
0.0301746 -0.084206201 0.68250799 4278190335
-0.0055582202 0.219944 0.63326102 4292401190
0.0231017 -0.086203799 0.68237102 4278190335
0.28211701 -0.187646 0.64912999 4278190335
0.15527999 0.31703901 0.55966502 4294901248
0.184931 0.20144001 0.64243698 4278190335
-0.0543084 -0.0148022 0.69045901 4282335167
0.0338329 0.291325 0.58344501 4294440711
0.0173281 -0.0045265602 0.69039202 4278190335
-0.329669 -0.069328301 0.68192601 4286940537
0.479238 -0.302154 0.50595599 4294901248
0.59273398 -0.121352 0.53745598 4293848592
-0.131163 0.053918499 0.68773502 4286545791
-0.129473 -0.26307699 0.60547602 4294901248
0.0520114 -0.0106284 0.68992698 4278190335
0.0704211 -0.0149652 0.68981302 4278190335
0.39479801 0.258784 0.59006202 4289966923
-0.39782801 0.28970301 0.562962 4278190335
0.22819 -0.27152699 0.59890002 4288980058
0.51553899 -0.054309599 0.61866701 4284308897
0.16983899 -0.37891099 0.48399499 4290559042
0.355308 0.295486 0.570207 4294901248
0.34952599 0.14838 0.659329 4278190335
-0.230606 0.047185302 0.68788803 4294440711
-0.044061001 -0.0596141 0.68694401 4278190335
0.110724 0.23587 0.62346703 4282664122
-0.19636799 0.033351801 0.68959701 4291545907
0.39823601 0.176837 0.636208 4278190335
0.34500599 -0.229339 0.621261 4279440363
0.42598301 -0.167522 0.63065702 4285558926
-0.0606317 0.0564465 0.68737602 4278190335
0.00600693 -0.19780201 0.64470899 4284440479
0.36680901 0.34048501 0.52086502 4294703875
0.36197799 -0.18556499 0.64178997 4278190335
0.161847 0.0097303698 0.69000101 4278190335
0.34564099 -0.038302999 0.68350601 4278190335
-0.105632 -0.37047699 0.49586999 4283782569
0.320456 0.20831899 0.636576 4278190335
0.31259599 -0.066288099 0.68421602 4278190335
0.31296301 -0.40706801 0.42842001 4287335283
0.0284964 -0.14682899 0.665721 4278190335
0.334892 0.165776 0.65482801 4278190335
0.166702 -0.24297 0.61982101 4286019463
0.482375 0.0652254 0.63576698 4278190335
0.58847898 -0.18972901 0.505449 4294835457
0.38954499 0.107236 0.66304803 4278190335
0.069467202 -0.16677199 0.65835601 4281479884
-0.0687479 0.154598 0.66306901 4292927518
-0.34196001 -0.049999502 0.68273598 4293980174
-0.42254099 0.16518299 0.63344997 4280164064
0.021720801 0.044314899 0.68870902 4278190335
0.51024699 -0.35310501 0.39436701 4285361553
-0.0221627 0.057125501 0.68675399 4278190335
0.414359 -0.172746 0.63300598 4278190335
-0.237204 0.067435101 0.68516999 4294374920
0.487169 0.095685303 0.62719101 4278190335
0.0379063 -0.167226 0.65783298 4286216836
0.16815899 0.134683 0.66951901 4278190335
-0.19497401 -0.240999 0.62088501 4294901248
0.37022901 0.0322836 0.67917103 4278190335
-0.093986101 -0.228191 0.62802202 4292401190
0.358309 -0.079647303 0.67567098 4278190335
0.40632001 0.21421599 0.61435199 4279242990
0.228328 0.043434199 0.68888801 4278190335
0.110967 -0.31860101 0.558698 4293322264
0.59082901 -0.217925 0.47909099 4290953788
0.020716799 -0.39477199 0.45743999 4278914035
0.36264899 -0.118917 0.665766 4278190335
0.26274699 -0.12515 0.672328 4278190335
-0.101665 -0.38192001 0.47908601 4278190335
-0.104293 0.33814999 0.53750497 4290493251
0.0532245 -0.119227 0.674779 4278190335
0.46814501 0.224004 0.58075702 4292795936
-0.302405 0.33527601 0.54010701 4278190335
0.025526701 0.20626201 0.64019197 4292138026
0.54931498 -0.13912199 0.57100499 4290822206
0.028760299 -0.0144184 0.69041198 4278190335
0.053109199 0.13913 0.668926 4278190335
0.16425399 -0.11738 0.67536098 4278190335
0.34742099 0.0249481 0.68414903 4278190335
0.69177699 -0.071963802 0.40101799 4285164180
0.20226 -0.00073305902 0.69097602 4278190335
0.511796 -0.145083 0.59573799 4286480000
0.160815 -0.13201 0.67121202 4278190335
0.34095499 -0.0086599505 0.68560898 4278190335
-0.168047 -0.30776399 0.56842297 4292664354
0.293428 -0.18100999 0.652569 4278190335
0.140614 -0.39863601 0.45022601 4282795704
0.352918 -0.156698 0.65594798 4278190335
0.149112 0.00300457 0.69090301 4278190335
0.300419 0.14483801 0.66571701 4278190335
-0.191798 -0.19308899 0.64704299 4294638084
-0.101771 0.28555399 0.58836299 4294901248
-0.20891599 -0.304138 0.57248998 4281611466
0.572182 -0.26033899 0.45980901 4292138026
0.41643101 0.146045 0.64235997 4278190335
0.28033999 0.263928 0.60494298 4288980058
0.515535 0.0072643701 0.62202501 4282400958
0.340866 -0.29023299 0.57807899 4291940653
0.207857 0.192265 0.64754599 4278190335
0.277282 -0.052908 0.68715799 4278190335
0.287 0.161762 0.65989298 4278190335
0.41582099 -0.050746001 0.66573799 4278190335
0.50802702 -0.129043 0.60471702 4290690624
0.34414199 -0.317202 0.55207199 4294440711
0.123192 0.193518 0.64658999 4278190335
0.104435 -0.15706301 0.66215903 4278190334
0.48949599 0.30718601 0.49184999 4294506502
0.30122101 0.15776201 0.66121 4278190335
0.315148 -0.0223621 0.68807602 4278190335
0.0054922202 0.063095599 0.68652999 4278190335
-0.242281 -0.070118703 0.68485999 4294506502
0.62630099 -0.218118 0.42415601 4286611582
0.033489399 -0.017013101 0.690005 4278190335
0.058541901 0.148344 0.66574502 4278190335
0.17552 0.188014 0.6494 4278190335
-0.0941943 -0.0167259 0.69001102 4278650871
0.32097799 0.231455 0.62403202 4280756183
-0.046907801 0.32766399 0.54921103 4292861727
0.505983 0.218027 0.56097502 4292730145
0.209682 -0.37329301 0.492221 4292861727
0.19949301 0.12985 0.671278 4278190335
0.704045 0.0593623 0.37153 4281743048
0.249659 -0.171279 0.65660101 4278190335
-0.18498699 0.35879499 0.51222998 4279900900
0.0283504 -0.140744 0.66778398 4278190335
-0.087648302 0.022926901 0.68961197 4280493019
-0.16910601 0.362214 0.50831503 4283585196
-0.218795 0.154484 0.663194 4294901248
0.206526 -0.16745301 0.657727 4278190335
-0.34040901 -0.25793299 0.60438401 4281085138
0.28863099 -0.156267 0.66275901 4278190335
0.0195373 -0.38537499 0.47238901 4290164296
0.051911999 0.030871401 0.689493 4278190335
-0.0093591698 -0.129089 0.67134398 4278190335
0.28248999 -0.157039 0.66218603 4278190335
-0.284426 -0.18110999 0.65284401 4292138026
0.31904501 -0.179563 0.650994 4278190335
-0.147614 0.116992 0.67537498 4294243338
0.213764 0.23373801 0.62523198 4286874746
0.50548202 -0.17956699 0.58431101 4294309129
0.19675399 0.39798099 0.45025799 4285361553
0.37971199 0.141265 0.65581203 4278190335
0.518659 0.233703 0.53970498 4294374920
0.405458 0.123561 0.65346098 4278190335
-0.380438 0.28512901 0.57339603 4278190335
0.36111501 -0.0090128304 0.682414 4278190335
0.33527601 -0.090514697 0.67729902 4278190335
-0.0680793 -0.042664699 0.68863702 4278190335
0.16591901 0.15961801 0.66107702 4278190335
-0.064553499 0.0303047 0.689946 4278190335
-0.066727601 0.080509298 0.683231 4280493019
0.438932 0.204905 0.60664999 4292138026
0.26482201 0.120757 0.67392498 4278190335
0.092624299 -0.186371 0.65017498 4278190335
-0.0267695 0.387207 0.46997699 4278190335
0.20668299 0.37494799 0.489391 4292401190
0.12979101 -0.084014297 0.68257701 4278190335
0.57300198 -0.117797 0.55915701 4293124891
0.30746299 0.237582 0.62139398 4278321916
-0.160981 -0.11485 0.675569 4294506502
0.51454401 0.33929801 0.416197 4286808955
-0.084962197 0.052728601 0.68732297 4282664122
0.57559901 -0.111214 0.55835199 4294111756
-0.22038899 -0.147469 0.66554499 4294638084
-0.047844701 0.198459 0.644925 4291216952
0.28334099 -0.0445024 0.68862098 4278190335
0.203192 0.13456599 0.66943902 4278190335
0.14654601 0.105386 0.67838502 4278190335
0.42155701 -0.038128 0.66561401 4278190335
0.39692801 0.100835 0.66263503 4278190335
-0.035527699 -0.181941 0.65163898 4284243106
0.27422199 -0.39233899 0.46040699 4285032598
0.589872 -0.18535601 0.50621599 4291216952
0.220548 0.193785 0.646788 4278190335
-0.059921499 0.274378 0.59719998 4294440711
0.30327699 -0.27407399 0.59692901 4289177431
0.25752699 0.049363401 0.68781698 4278190335
-0.32533899 -0.052500501 0.684623 4292598563
0.50227702 0.142885 0.60283297 4285098389
0.143684 0.123937 0.67326099 4278190335
-0.27779201 -0.22336701 0.63074499 4292730145
0.19355699 -0.33498999 0.54167002 4294769666
0.297775 0.109668 0.676678 4278190335
0.067028597 0.23751099 0.62305301 4284308897
0.400123 0.030337101 0.67257798 4278190335
0.44673499 -0.0210148 0.65680802 4278190335
0.073180601 -0.32632899 0.55028099 4294703875
0.36396599 0.105628 0.66938502 4278190335
0.165113 0.027908299 0.68936998 4278190335
0.29028901 0.32705101 0.54957598 4294045965
0.081036597 0.255301 0.61141402 4290822206
-0.0027360399 0.0113325 0.690795 4278190335
0.158695 -0.098869599 0.679254 4278190335
0.435496 0.167853 0.62727302 4281282511
-0.44048801 -0.167862 0.62516999 4278190335
0.424999 -0.248292 0.585612 4290756415
0.54379302 -0.0119419 0.603625 4285229971
0.28500599 -0.33118299 0.54499203 4294177547
0.34143901 -0.034914602 0.68409097 4278190335
0.50632799 -0.21326999 0.56388599 4294901248
0.218591 -0.160171 0.66084403 4278190335
0.56631398 0.057880599 0.58072299 4290953788
0.135335 -0.191282 0.647874 4281743048
0.0263355 -0.046083901 0.68785203 4278190335
0.082739003 0.089816898 0.68129998 4278190335
0.353558 0.244628 0.60996401 4286085254
0.0329349 0.048705898 0.68743598 4278190335
0.081711099 -0.0264979 0.68931401 4278190335
0.29100901 0.191442 0.64781803 4279835109
0.40762201 -0.27374101 0.57330102 4294703875
0.341052 -0.370518 0.488235 4291151161
0.374006 -0.16096801 0.64920998 4278190335
-0.332488 -0.082698204 0.679142 4290295878
0.209218 0.24310701 0.61941499 4278453498
0.071524598 -0.203218 0.64185899 4281611466
0.31695199 -0.0067479098 0.68911999 4278190335
0.52771902 -0.16624001 0.57507098 4293059100
0.38700101 0.089904398 0.66721702 4278190335
0.35921901 0.40483001 0.42047101 4287203701
0.36271599 -0.082840502 0.67413598 4278190335
0.39152801 -0.016793801 0.675883 4278190335
-0.0257544 0.213838 0.63672501 4293914383
-0.072887503 0.28740799 0.586788 4294703875
-0.247602 -0.18985 0.64849597 4290361669
-0.111601 -0.089994498 0.68150002 4283782569
0.111947 -0.062640198 0.68609101 4278190335
0.61175102 -0.055897798 0.53697097 4294111756
0.25551501 -0.219699 0.63306201 4286151045
0.37988299 -0.145872 0.65341502 4278190335
0.23304901 0.195464 0.64552599 4278190335
-0.28117901 0.111683 0.676153 4294901248
0.48923799 -0.00082387298 0.63766199 4284637852
0.23513 -0.075568199 0.68408799 4278190335
-0.201142 -0.00655969 0.69025201 4291874862
0.35214701 0.085334197 0.67567199 4278190335
0.31073299 -0.176677 0.65255201 4278190335
0.43003201 0.144504 0.63846999 4278190335
0.45529899 -0.36230201 0.44014201 4291085370
0.21513 -0.0277333 0.68918103 4278190335
0.44315499 -0.128282 0.63904297 4278190335
0.16470601 -0.35443401 0.517708 4294901248
-0.23785201 -0.20635 0.64015102 4294769666
0.15816399 -0.074070998 0.68457299 4278190335
0.53991401 -0.046062998 0.60302502 4288124775
0.35895801 -0.236644 0.61479199 4280427228
-0.044379499 -0.102628 0.67827898 4279242990
0.40290001 0.390012 0.42569399 4288585312
0.417503 -0.159844 0.63758498 4278190335
0.37561801 -0.16777 0.64652997 4278190335
0.43117201 0.096934602 0.65208101 4278190335
0.41975299 -0.0937851 0.656793 4278190335
-0.198974 0.26107001 0.60718298 4287993193
0.280967 0.32550299 0.551763 4294835457
-0.094268098 -0.042920198 0.68864697 4281348302
0.20597699 -0.082435302 0.68308401 4278190335
0.271797 0.073598601 0.684304 4278190335
0.34540001 0.151527 0.65929902 4278190335
0.39709401 -0.27427199 0.57726401 4294045965
0.0097709596 -0.20760299 0.64001 4287335283
0.374567 -0.057158001 0.67627299 4278190335
0.22058 0.10534 0.67808402 4278190335
0.31616199 0.208351 0.63709903 4278190335
0.338148 -0.079443298 0.67935598 4278190335
0.135901 0.185211 0.65072799 4280427228
0.28387901 -0.23743901 0.62256098 4281479884
0.33869499 0.304111 0.56599098 4292598563
-0.027925899 -0.208654 0.639323 4289572177
0.25635299 0.17678501 0.654562 4278190335
-0.067714401 -0.177315 0.65425497 4292730145
0.51705498 0.079348199 0.61257303 4282072003
-0.094544902 -0.163491 0.65981901 4287401074
-0.27880901 -0.204992 0.64063603 4288124775
0.62205499 0.081899703 0.51778102 4294243338
0.50493997 -0.227275 0.55601102 4293848592
-0.298859 -0.00078776298 0.68952 4294374920
0.444359 -0.281472 0.55008602 4293190682
0.431371 -0.109403 0.64897799 4278190335
0.111242 0.426635 0.382862 4278190335
0.039700501 0.0204024 0.68981802 4278190335
0.411125 -0.256917 0.58551002 4289177431
-0.32130599 -0.057560399 0.685112 4294440711
0.526218 -0.185221 0.56648302 4294901248
0.39644501 -0.063136801 0.670313 4278190335
0.38426399 0.126095 0.65953702 4278190335
0.400536 -0.14690401 0.64773899 4278190335
0.38227299 -0.0246314 0.67795002 4278190335
0.34044001 0.30417901 0.566625 4294703875
0.21551301 0.32895201 0.54798198 4294901248
0.46192899 0.106111 0.63689703 4278190335
0.428664 -0.0367162 0.66287303 4278190335
0.225951 0.0639745 0.68577999 4278190335
0.243411 -0.078629903 0.68310601 4278190335
-0.073249899 0.244407 0.61816502 4293585428
0.47605801 -0.25814599 0.55120897 4292993309
-0.34161201 -0.28534001 0.58312601 4278190335
-0.064402103 0.062834002 0.685835 4278190335
0.46538299 0.091143496 0.63925397 4278190335
0.60132498 0.082503997 0.541803 4294243338
0.041267499 0.102282 0.67916298 4278190335
0.36491901 0.081638403 0.67420101 4278190335
0.427376 0.123904 0.64605802 4281874630
0.1053 0.29505599 0.580257 4294901248
0.547337 0.062904403 0.59457302 4292730145
0.182723 0.15124901 0.66430497 4278190335
0.249045 -0.112362 0.67654997 4278190335
-0.034347702 0.215211 0.63623798 4290032714
-0.142545 -0.194144 0.64625001 4293322264
0.025843199 0.0085295802 0.69058102 4278190335
0.26995599 0.280458 0.59278899 4293585428
0.32460001 -0.30184001 0.57140797 4293190682
0.0121806 0.17878 0.65368801 4279835109
-0.178314 0.0092502004 0.69006002 4290493251
-0.13303 0.042480901 0.68824399 4286348418
0.148105 -0.110811 0.67659402 4278190335
-0.307693 0.101475 0.67807299 4294111756
0.471515 -0.079168104 0.63900203 4278190335
-0.47870299 -0.011128 0.64261901 4278190335
0.062364101 0.140898 0.667485 4278190335
0.388742 -0.20954099 0.62348199 4282072003
0.19168501 0.017042801 0.69066799 4278190335
0.47655201 0.0913449 0.63386101 4279637736
0.328004 -0.14162301 0.664994 4278190335
0.13034 0.26157501 0.60635298 4290756415
-0.175157 -0.0141729 0.69028801 4290624833
0.107145 0.31776401 0.55904502 4294309129
-0.29053301 0.211981 0.636949 4289374804
0.334663 0.29818201 0.57300502 4293322264
0.20526899 -0.30884001 0.56712699 4292072235
0.32190299 0.31723601 0.55716401 4293585428
0.340794 0.42762199 0.36550701 4278190335
0.49156299 -0.30088699 0.49834299 4293256473
0.0034441601 0.087328903 0.68179399 4279571945
0.225214 0.067731798 0.68518603 4278190335
0.43407601 0.073082201 0.65603 4278190335
0.20837501 -0.322418 0.55375999 4293256473
0.41215801 0.122473 0.65165699 4278190335
-0.02667 -0.115676 0.67518598 4278190335
-0.41331699 0.209831 0.61459601 4278190334
0.086324103 0.0160824 0.68993098 4278190335
0.45848 0.194097 0.60361201 4291282743
-0.32184601 0.12152 0.67155099 4289835341
0.51089001 -0.053865001 0.62189102 4279177199
0.370738 -0.177982 0.64336002 4278190335
-0.140962 0.34537199 0.52871001 4288716894
-0.086606704 -0.19542199 0.64545798 4291348534
-0.051697299 -0.125486 0.67310798 4285361553
-0.44122601 -0.00040784699 0.659971 4280098273
-0.20067 0.087853298 0.68197697 4294835457
-0.35838601 0.10863 0.66951501 4291151161
0.63813502 -0.035344899 0.50800198 4294638084
0.33268201 0.097966 0.67574298 4278190335
0.58538097 -0.060399 0.563555 4292664354
0.47292501 0.078653798 0.63776797 4278190335
0.58853799 0.14913499 0.52946299 4294703875
0.52172899 0.29523501 0.47629201 4292532772
-0.16667999 -0.287303 0.586514 4290098505
0.34254199 0.223519 0.62594199 4280032482
0.16093899 0.139641 0.66793001 4278190335
0.38769099 0.36610401 0.478719 4293717010
0.354871 -0.188437 0.64160901 4278190335
0.30846199 0.130273 0.670003 4278190335
0.53327399 -0.169947 0.56931299 4291480116
0.28833699 0.0218294 0.68944502 4278190335
0.051473498 -0.068079703 0.68568999 4278190335
-0.067998096 0.13220499 0.670582 4289901132
0.0140865 -0.032625001 0.68980598 4278190335
0.0532782 0.0034549001 0.69036603 4278190335
0.44795999 0.292815 0.53674501 4294177547
0.43441799 -0.062875502 0.65787202 4278190335
-0.29648101 0.212332 0.63669503 4293059100
0.44080299 -0.205709 0.60607398 4291151161
0.424196 -0.376865 0.43774799 4284637852
0.44530001 -0.15886299 0.62644798 4278190335
0.54863697 0.0550953 0.59559399 4286414209
0.49468201 -0.152739 0.60361302 4285493135
0.049081098 -0.14253999 0.66711497 4278190335
0.43805 -0.168034 0.62623 4286743164
0.281802 -0.27338099 0.59835702 4284835225
0.35893199 0.29411501 0.57185799 4292138026
-0.220863 -0.034979802 0.68911201 4294901248
0.19117901 -0.026228299 0.68948299 4278190335
0.65189701 0.069317997 0.48014 4293782801
0.38127899 -0.081080303 0.67034101 4278190335
-0.086179301 0.0068798498 0.69019198 4281019347
0.33507299 -0.027723899 0.68563497 4278190335
0.18133301 -0.109593 0.67730898 4278190335
0.46742401 0.334732 0.474071 4292532772
0.61034697 -0.16968 0.491593 4288585312
-0.18923 0.0507157 0.68730199 4294703875
0.55096698 0.229201 0.51527399 4294440711
