0.566119 -0.100479 0.570329 255 255 0
0.539669 -0.104119 0.590651 249 249 5
0.479362 -0.0540304 0.638899 154 154 100
0.16176 -0.21151 0.637767 17 17 237
0.55842 0.00221714 0.592612 255 255 0
0.0684584 0.0037671 0.690843 4 4 250
0.210256 0.19723 0.64494 33 33 221
-0.0210518 -0.298968 0.577402 0 0 254
0.424308 0.0295756 0.66486 130 130 124
0.115886 0.302808 0.572755 2 2 252
0.361991 -0.158448 0.653498 69 69 185
0.0633469 0.0109273 0.689978 0 0 254
-0.0195037 -0.25268 0.612948 0 0 254
0.0492301 -0.159906 0.660815 0 0 254
0.4183 -0.335877 0.505233 140 140 114
0.300972 0.339636 0.535143 58 58 196
0.0499608 0.157333 0.662611 4 4 250
0.0383786 0.392186 0.461626 0 0 254
-0.471501 -0.0150459 0.645917 156 156 98
0.5167 -0.325993 0.43733 238 238 16
0.3329 0.145715 0.662673 85 85 169
0.261994 -0.259612 0.608541 40 40 214
-0.0664369 -0.0691636 0.685011 0 0 254
0.4303 -0.00264976 0.664209 155 155 99
0.0659272 -0.158746 0.661112 5 5 249
0.405205 -0.0393255 0.670446 135 135 119
0.406045 -0.0858127 0.663006 120 120 134
0.347324 0.163698 0.653714 73 73 181
-0.286709 0.030042 0.689114 40 40 214
0.403758 -0.100745 0.660308 138 138 116
0.551581 0.065891 0.591891 239 239 15
0.24336 -0.216488 0.634535 42 42 212
0.502913 -0.0721926 0.623029 202 202 52
0.115717 -0.0994367 0.67952 3 3 251
-0.198639 0.107578 0.677784 23 23 231
0.184678 0.126837 0.672269 24 24 230
0.0719934 0.33485 0.541778 4 4 250
0.0354906 0.0732015 0.684104 1 1 253
0.16961 -0.304842 0.571969 24 24 230
0.253747 -0.213944 0.63642 56 56 198
0.0515707 -0.0670085 0.685894 0 0 254
0.035884 -0.0657998 0.685934 1 1 253
0.437831 0.243811 0.582904 175 175 79
-0.313677 -0.0429152 0.687146 51 51 203
-0.151294 -0.26446 0.604189 9 9 245
0.290112 -0.219157 0.632781 58 58 196
0.337066 0.0619688 0.68214 64 64 190
-0.201876 -0.03628 0.689462 21 21 233
0.416976 0.119502 0.651192 117 117 137
0.322071 0.0283139 0.687575 50 50 204
0.508369 -0.0389079 0.625322 207 207 47
0.199696 0.100699 0.679128 15 15 239
0.305591 -0.305009 0.570819 71 71 183
-0.124763 0.220624 0.633146 6 6 248
0.336676 0.343364 0.524787 79 79 175
0.00881171 -0.0465561 0.687805 0 0 254
-0.296167 0.0371626 0.688086 46 46 208
-0.00217667 0.0155714 0.689999 0 0 254
0.012932 0.150842 0.664991 0 0 254
0.641892 0.176326 0.437301 255 255 0
-0.167153 -0.188107 0.649805 9 9 245
-0.174307 -0.244768 0.618326 21 21 233
-0.0138223 -0.0506037 0.68768 0 0 254
0.157626 0.155499 0.66282 15 15 239
0.366729 0.0657944 0.676528 86 86 168
0.2696 0.104819 0.677646 33 33 221
0.18516 0.166108 0.658709 21 21 233
-0.389533 0.0851341 0.668384 87 87 167
-0.301081 -0.155188 0.662681 75 75 179
-0.1227 0.124908 0.673207 4 4 250
-0.119828 -0.236548 0.623057 3 3 251
0.157551 -0.0840768 0.682871 15 15 239
0.268553 -0.0165652 0.689736 31 31 223
0.478016 0.0323104 0.642 204 204 50
-0.402666 -0.163019 0.641319 122 122 132
0.0572237 -0.0508988 0.687389 2 2 252
-0.0689846 -0.0260898 0.690146 3 3 251
-0.305416 0.131528 0.670384 55 55 199
0.392781 -0.0512311 0.672333 135 135 119
0.190133 0.135829 0.669159 36 36 218
0.157867 -0.111985 0.676556 14 14 240
0.0651825 -0.222015 0.632235 7 7 247
-0.273636 -0.214893 0.636334 34 34 220
0.0303671 -0.114949 0.676039 0 0 254
0.241105 -0.221881 0.632391 50 50 204
0.336703 -0.092735 0.676567 83 83 171
0.199716 -0.200333 0.643681 22 22 232
0.249866 0.0963537 0.680314 47 47 207
0.420507 -0.284564 0.558502 146 146 108
-0.358403 -0.259667 0.598922 116 116 138
0.462186 -0.194697 0.602074 157 157 97
0.0274788 0.0938475 0.680311 2 2 252
0.195467 -0.14093 0.667618 22 22 232
-0.0291674 -0.0552775 0.686965 0 0 254
-0.381169 -0.0677669 0.673039 89 89 165
0.184049 0.372098 0.492978 29 29 225
0.111182 -0.0549275 0.687133 7 7 247
0.266532 0.388675 0.466571 38 38 216
0.480495 -0.299872 0.507203 153 153 101
-0.430229 -0.00236699 0.663531 130 130 124
0.588724 -0.204138 0.493433 243 243 11
0.413341 0.107637 0.655297 133 133 121
0.324148 -0.0904013 0.678889 91 91 163
0.263168 -0.21688 0.634748 44 44 210
0.279978 -0.0502976 0.68744 69 69 185
0.460855 -0.00640091 0.651954 153 153 101
0.117024 0.337263 0.538755 5 5 249
0.469249 -0.125213 0.627778 162 162 92
0.296689 0.214656 0.635619 65 65 189
0.35243 0.249046 0.607175 89 89 165
-0.168032 0.0236325 0.68986 17 17 237
-0.270501 -0.178069 0.654283 38 38 216
0.0988652 0.0187905 0.689733 7 7 247
0.358723 -0.123567 0.665435 93 93 161
0.309124 0.030395 0.688435 81 81 173
0.0557013 0.104988 0.677803 3 3 251
0.00892486 0.187825 0.649892 0 0 254
0.155905 -0.0814869 0.683159 25 25 229
0.0177111 0.122066 0.673503 1 1 253
0.43333 -0.0609537 0.657982 134 134 120
0.583471 -0.0445956 0.56739 255 255 0
0.177104 -0.143225 0.667299 14 14 240
0.385878 -0.0591011 0.673451 120 120 134
-0.26325 -0.388755 0.466354 46 46 208
0.0754493 0.00980565 0.690174 3 3 251
0.313618 -0.296755 0.576239 71 71 183
-0.196721 0.0434425 0.688552 30 30 224
0.41609 -0.048496 0.666283 132 132 122
0.252834 0.0885962 0.681385 49 49 205
0.340445 0.0181059 0.685541 97 97 157
0.57726 -0.219675 0.494786 255 255 0
0.221251 0.219398 0.633183 36 36 218
0.221347 -0.19807 0.644342 46 46 208
0.135504 -0.116003 0.675053 18 18 236
0.505158 -0.188371 0.579606 198 198 56
0.537098 -0.0312101 0.607008 206 206 48
0.258709 -0.18295 0.651238 39 39 215
0.320444 0.124055 0.67128 91 91 163
0.158476 0.081396 0.683178 8 8 246
-0.304116 0.0836815 0.682222 45 45 209
0.34697 0.259817 0.601763 82 82 172
0.484892 0.2155 0.577362 186 186 68
0.0482574 0.052672 0.68782 3 3 251
0.0363751 0.263558 0.605037 3 3 251
0.365066 0.220548 0.622422 109 109 145
0.533924 0.29863 0.458826 219 219 35
0.0811002 -0.0848467 0.682675 1 1 253
0.31253 -0.15239 0.662153 73 73 181
0.454663 0.335822 0.482506 147 147 107
0.183082 0.204411 0.64093 26 26 228
-0.10348 -0.0760684 0.683731 4 4 250
0.342264 -0.0853911 0.677967 87 87 167
0.638744 -0.169105 0.450065 255 255 0
0.439785 0.0815248 0.652591 157 157 97
0.29928 0.237737 0.621387 45 45 209
-0.316598 0.0907772 0.679299 74 74 180
0.518328 0.0771148 0.613211 201 201 53
0.00704719 0.12253 0.673722 0 0 254
0.494934 -0.137524 0.610247 219 219 35
0.350487 0.171491 0.650525 86 86 168
-0.116524 0.246442 0.617308 4 4 250
0.252079 0.227333 0.62912 52 52 202
-0.150677 0.0776084 0.683696 15 15 239
0.124355 -0.138011 0.669184 16 16 238
0.451175 -0.177642 0.616057 166 166 88
0.380226 0.185312 0.63781 106 106 148
0.491516 0.118996 0.617848 203 203 51
0.608824 0.152225 0.504589 255 255 0
0.389772 -0.115745 0.660235 121 121 133
-0.140325 -0.227895 0.628116 8 8 246
0.0525648 0.0248824 0.689982 3 3 251
-0.123075 -0.0113797 0.690264 7 7 247
0.600486 -0.0411931 0.550879 255 255 0
0.518946 -0.0342441 0.618731 242 242 12
0.515705 -0.167647 0.583001 194 194 60
0.227885 -0.119564 0.674371 20 20 234
0.15562 0.205884 0.640826 13 13 241
0.361262 -0.202317 0.633816 86 86 168
0.364966 0.37246 0.477391 93 93 161
-0.168927 0.0149624 0.689816 14 14 240
-0.0575925 -0.354747 0.517474 3 3 251
0.214663 0.27404 0.597259 30 30 224
0.379753 0.268996 0.586931 115 115 139
0.180028 -0.0913151 0.681523 25 25 229
0.11124 -0.175605 0.655125 4 4 250
0.0697271 -0.00074047 0.690241 0 0 254
0.257398 -0.337496 0.537993 30 30 224
0.327389 0.202113 0.639129 77 77 177
-0.292377 -0.245712 0.616853 65 65 189
0.127456 0.0738575 0.684136 5 5 249
0.655641 0.0992113 0.463871 255 255 0
-0.0631267 0.414899 0.415174 0 0 254
-0.0881558 -0.0821902 0.682594 3 3 251
0.250513 0.125707 0.672264 53 53 201
-0.120528 0.137513 0.669218 10 10 244
0.0628511 -0.0601788 0.686224 2 2 252
-0.202799 0.148914 0.665419 21 21 233
-0.191175 0.224894 0.630065 12 12 242
0.444877 -0.102483 0.645099 134 134 120
-0.370273 0.0827697 0.673445 80 80 174
0.181219 -0.235172 0.624722 20 20 234
0.341335 -0.20798 0.634284 75 75 179
-0.330414 0.239685 0.617723 67 67 187
0.0981653 0.284828 0.589035 5 5 249
0.300835 -0.0486718 0.686982 44 44 210
0.339492 -0.124928 0.667866 61 61 193
0.309452 0.124164 0.671914 54 54 200
0.464149 0.034399 0.648609 161 161 93
0.00204794 0.185357 0.650496 0 0 254
0.253714 0.298962 0.577219 43 43 211
0.455364 0.195634 0.605005 140 140 114
0.0462226 0.317688 0.558869 0 0 254
0.112424 -0.0369977 0.688983 3 3 251
0.095656 -0.0206072 0.690486 6 6 248
0.314174 -0.162961 0.658383 55 55 199
-0.000192886 -0.0699247 0.68488 0 0 254
0.288497 0.21716 0.63473 59 59 195
0.167723 0.367448 0.500251 20 20 234
-0.128759 0.278495 0.59337 6 6 248
0.0959402 -0.173633 0.655847 12 12 242
0.461119 -0.00662525 0.651074 142 142 112
0.51511 -0.168838 0.583322 204 204 50
0.020308 0.136851 0.669161 0 0 254
0.0348534 0.132501 0.670916 2 2 252
0.452939 -0.216366 0.59365 183 183 71
0.332414 -0.340348 0.52947 84 84 170
0.450312 0.0147354 0.656129 151 151 103
0.455824 -0.0697381 0.647431 161 161 93
-0.0819922 0.0568541 0.687283 1 1 253
0.42431 -0.112755 0.650744 155 155 99
0.400197 0.162884 0.642118 132 132 122
0.45754 -0.0105237 0.652553 146 146 108
0.213179 -0.217076 0.635125 39 39 215
-0.415803 -0.0798694 0.66098 113 113 141
0.205075 0.0405787 0.688733 21 21 233
-0.0518747 0.104441 0.678133 0 0 254
0.446825 -0.243223 0.57896 167 167 87
0.454531 -0.262481 0.559848 134 134 120
0.359408 -0.098557 0.671807 117 117 137
0.232419 0.152936 0.663764 29 29 225
0.149279 0.0336392 0.689243 24 24 230
-0.17915 0.387844 0.467822 20 20 234
0.437467 -0.173816 0.622992 152 152 102
0.406912 0.306387 0.543525 123 123 131
0.187434 0.0864034 0.682604 14 14 240
0.381332 0.103198 0.665782 99 99 155
-0.0609156 0.0637965 0.685492 1 1 253
0.38235 -0.104587 0.665753 104 104 150
-0.277548 -0.330923 0.545659 37 37 217
0.379126 0.370807 0.474838 91 91 163
-0.0610932 -0.0398948 0.688848 7 7 247
0.251575 0.200467 0.643092 26 26 228
-0.16995 0.164889 0.659089 26 26 228
-0.319616 0.197458 0.643056 69 69 185
0.287754 0.245602 0.617594 44 44 210
-0.0560545 -0.0165505 0.69051 2 2 252
0.391042 0.000537245 0.675727 119 119 135
0.31092 -0.115535 0.674548 55 55 199
0.144969 -0.257433 0.610023 10 10 244
0.148998 -0.142486 0.667444 24 24 230
0.397155 -0.15955 0.64357 141 141 113
0.00249961 0.235424 0.624245 0 0 254
0.223225 -0.196395 0.645315 24 24 230
0.18752 -0.121139 0.674273 26 26 228
0.429125 0.264152 0.572346 123 123 131
-0.0137356 -0.174863 0.655019 0 0 254
0.303706 -0.0745563 0.683974 83 83 171
0.436524 0.0132748 0.660979 156 156 98
0.193015 0.0221508 0.689747 13 13 241
0.352764 0.254748 0.604034 66 66 188
0.200082 -0.281558 0.590929 18 18 236
0.237923 -0.238966 0.62157 22 22 232
0.318069 -0.360226 0.507002 70 70 184
-0.337086 0.20301 0.638237 85 85 169
0.302227 0.220839 0.631352 72 72 182
0.292879 -0.142651 0.666855 48 48 206
0.00416965 -0.044918 0.68809 1 1 253
0.0872667 -0.0280792 0.6899 0 0 254
0.405584 -0.38498 0.435099 125 125 129
0.150895 0.0632344 0.68568 20 20 234
0.385637 0.148827 0.65118 118 118 136
-0.000350011 0.216104 0.634713 1 1 253
0.059428 -0.198778 0.643879 3 3 251
-0.0134471 -0.0612035 0.686596 0 0 254
0.0494917 -0.101647 0.679081 3 3 251
0.0589582 0.00896242 0.689929 2 2 252
0.370943 0.168731 0.646691 84 84 170
-0.291155 -0.217286 0.634812 48 48 206
0.461653 0.199821 0.599793 174 174 80
0.424251 0.317658 0.524182 114 114 140
-0.270169 -0.157318 0.662545 34 34 220
-0.112947 -0.123527 0.67288 7 7 247
0.0265094 0.312507 0.56374 0 0 254
0.45469 0.034738 0.652186 186 186 68
0.222018 -0.158427 0.661333 32 32 222
0.490244 -0.250882 0.547547 182 182 72
0.15904 0.215857 0.635396 25 25 229
0.299834 0.100174 0.679077 70 70 184
0.257297 0.370081 0.495783 47 47 207
0.272291 -0.164168 0.659011 57 57 197
-0.00515339 -0.230194 0.627237 0 0 254
0.0723247 0.104324 0.678593 1 1 253
0.266251 0.0844719 0.682183 63 63 191
0.614769 -0.0911223 0.523729 255 255 0
0.129339 0.059722 0.686476 10 10 244
-0.0481497 0.367552 0.500084 0 0 254
-0.13487 -0.180929 0.652767 10 10 244
0.0294749 0.0355098 0.689538 0 0 254
0.295673 -0.164982 0.658843 52 52 202
-0.381129 0.0947578 0.668206 100 100 154
0.25759 0.39137 0.461639 50 50 204
0.493309 -0.120729 0.617015 197 197 57
0.620991 -0.166202 0.478906 255 255 0
0.021964 0.117114 0.675308 0 0 254
0.277384 0.227857 0.628794 50 50 204
0.218583 0.215254 0.636059 28 28 226
0.0192856 -0.0357935 0.688737 2 2 252
0.0228934 -0.0287106 0.689805 0 0 254
0.206985 -0.131773 0.670731 24 24 230
0.499516 0.376144 0.349578 172 172 82
-0.431426 -0.0857414 0.654504 155 155 99
0.464051 -0.114716 0.634027 138 138 116
0.171178 -0.16818 0.658034 23 23 231
0.092125 0.0319184 0.689434 1 1 253
0.155372 -0.256751 0.610141 7 7 247
0.12269 0.31058 0.566702 7 7 247
0.369918 0.013277 0.68072 105 105 149
-0.0298436 -0.145233 0.666189 0 0 254
0.0763508 -0.0225513 0.689631 1 1 253
0.304066 -0.165677 0.657725 72 72 182
0.323835 -0.362128 0.502996 83 83 171
0.224715 -0.157846 0.662386 27 27 227
0.258679 0.261253 0.606696 42 42 212
0.298144 -0.0335192 0.688911 40 40 214
-0.40932 0.104904 0.6583 98 98 156
0.234877 -0.122838 0.672905 49 49 205
0.37245 0.145969 0.65594 82 82 172
0.213097 0.227293 0.629378 18 18 236
0.629347 0.166071 0.466456 255 255 0
-0.324314 0.0244454 0.687362 72 72 182
0.136663 -0.200771 0.643678 14 14 240
0.286797 -0.312996 0.563565 43 43 211
0.0969512 0.396704 0.451944 1 1 253
0.099583 0.0770664 0.683649 6 6 248
0.447145 -0.00124228 0.656895 141 141 113
0.277319 -0.0331295 0.689578 33 33 221
0.485048 -0.00844503 0.640211 192 192 62
0.0846782 -0.364268 0.505551 0 0 254
0.0718302 -0.137509 0.668518 5 5 249
0.635738 0.212788 0.411084 255 255 0
-0.0739724 0.214249 0.635706 7 7 247
0.171186 -0.136835 0.668718 27 27 227
0.206137 0.142978 0.667404 22 22 232
0.0883526 -0.135773 0.669714 5 5 249
0.300992 0.0529577 0.686788 49 49 205
-0.207112 0.21733 0.634446 16 16 238
0.100829 0.0866798 0.68187 11 11 243
0.316437 0.358933 0.509479 56 56 198
0.415802 0.161768 0.63758 100 100 154
0.192308 -0.0296263 0.689186 28 28 226
0.480828 -0.0396068 0.639721 209 209 45
0.26751 -0.223964 0.630959 58 58 196
0.373345 0.188701 0.637576 108 108 146
0.433498 0.323282 0.511406 134 134 120
0.102099 0.0461848 0.687776 8 8 246
0.189766 0.176902 0.654403 25 25 229
0.00400084 -0.148296 0.665777 1 1 253
-0.12943 0.328866 0.547374 19 19 235
0.382292 -0.256353 0.594966 90 90 164
-0.123727 -0.0367542 0.689482 9 9 245
0.0275913 0.0541759 0.686725 1 1 253
0.348973 -0.0597762 0.680751 76 76 178
0.15167 -0.149505 0.665122 12 12 242
-0.115692 0.0735796 0.684029 2 2 252
0.0948173 0.251523 0.614067 7 7 247
0.220671 0.177378 0.653974 19 19 235
0.396059 -0.024028 0.673957 131 131 123
0.227455 -0.138448 0.668783 42 42 212
-0.235572 -0.134271 0.669678 28 28 226
0.330074 0.0284024 0.686249 90 90 164
0.0974426 0.0396519 0.688514 12 12 242
0.61148 -0.11706 0.518499 255 255 0
0.0741913 0.00738447 0.690903 3 3 251
0.491934 0.0311303 0.634889 188 188 66
0.0924821 0.137772 0.668972 5 5 249
-0.171101 -0.0948731 0.680866 28 28 226
0.20937 0.00331809 0.690725 26 26 228
0.403504 0.376251 0.452615 130 130 124
0.294765 -0.0735675 0.684454 43 43 211
0.449365 -0.266656 0.559182 130 130 124
-0.280571 0.0929013 0.680485 69 69 185
0.306869 -0.240905 0.619972 79 79 175
0.0961001 -0.115008 0.675592 9 9 245
0.366133 -0.171428 0.647405 83 83 171
0.284767 0.16089 0.660417 56 56 198
0.143433 0.428624 0.376226 6 6 248
0.539869 0.104812 0.590436 255 255 0
-0.122735 0.149922 0.664467 13 13 241
-0.0636627 0.0161966 0.689874 4 4 250
0.338278 -0.152852 0.659872 75 75 179
0.450722 0.131489 0.63422 147 147 107
-0.401136 -0.141028 0.650036 128 128 126
0.301286 0.0627414 0.685001 71 71 183
0.427457 0.240374 0.590747 151 151 103
0.323035 -0.266124 0.600526 53 53 201
0.119893 -0.209049 0.63919 13 13 241
0.619451 0.0326096 0.531289 255 255 0
0.39102 0.0220946 0.675708 118 118 136
0.0780815 -0.0410179 0.688843 5 5 249
0.509251 0.0931344 0.614959 199 199 55
0.0195521 0.333421 0.543048 0 0 254
0.511449 -0.192707 0.573091 230 230 24
-0.213722 0.287549 0.586604 26 26 228
0.310127 -0.371266 0.491914 62 62 192
-0.219786 -0.0985536 0.679248 31 31 223
-0.153898 -0.0738664 0.683996 9 9 245
-0.187494 0.359688 0.510739 16 16 238
0.368754 -0.0058035 0.680727 117 117 137
0.356718 -0.17939 0.645503 80 80 174
0.415631 -0.195149 0.621295 122 122 132
0.383173 -0.135658 0.656193 126 126 128
0.440742 0.0629521 0.655274 135 135 119
0.497645 -0.180155 0.589472 187 187 67
0.437253 0.202011 0.609973 123 123 131
0.381822 -0.201176 0.629772 118 118 136
0.128576 -0.175749 0.655063 13 13 241
0.52652 0.179569 0.569571 222 222 32
0.278715 -0.17198 0.655946 57 57 197
0.235264 -0.363178 0.506098 29 29 225
0.0170676 -0.100541 0.678671 0 0 254
0.135393 -0.138717 0.668847 17 17 237
0.0570011 -0.202837 0.642716 3 3 251
-0.016382 -0.047609 0.688143 0 0 254
0.47688 -0.163299 0.609147 199 199 55
0.345601 0.0412074 0.683801 79 79 175
0.638571 -0.216848 0.397788 255 255 0
0.0653382 -0.173168 0.656266 6 6 248
0.302676 -0.208308 0.639029 47 47 207
0.182077 -0.201982 0.642783 20 20 234
0.672627 -0.00925693 0.454959 255 255 0
0.363363 0.0777289 0.67582 106 106 148
0.154392 0.212288 0.63765 8 8 246
-0.225092 -0.315829 0.561273 19 19 235
0.204675 -0.0774813 0.683439 23 23 231
0.550034 -0.016359 0.597887 215 215 39
0.501974 0.0939723 0.61942 188 188 66
-0.0892216 0.284874 0.588749 2 2 252
0.441812 -0.304249 0.527883 168 168 86
0.280074 0.0287363 0.68999 70 70 184
0.296112 -0.217681 0.634249 61 61 193
0.13857 0.216027 0.635265 5 5 249
-0.431835 -0.122059 0.64487 144 144 110
0.301138 -0.292146 0.581945 52 52 202
0.023529 0.301038 0.575261 0 0 254
0.111432 0.00290441 0.690549 10 10 244
-0.130638 0.393611 0.458078 9 9 245
-0.271645 0.217902 0.633783 65 65 189
-0.105399 0.049245 0.687973 9 9 245
0.349785 0.117864 0.669215 67 67 187
-0.0986685 -0.0845178 0.68208 3 3 251
0.121419 0.207365 0.640425 7 7 247
0.469327 0.29176 0.524637 145 145 109
0.10244 0.0873063 0.681459 4 4 250
-0.170992 -0.0132921 0.689905 27 27 227
0.000501248 -0.0295624 0.689932 0 0 254
0.083538 0.0298219 0.689927 3 3 251
0.38136 0.15416 0.650733 96 96 158
0.270267 -0.0711297 0.684671 56 56 198
0.237797 0.0776342 0.68392 24 24 230
0.534594 0.257327 0.505285 197 197 57
0.421596 0.0159085 0.666287 120 120 134
0.257287 -0.000529379 0.690579 48 48 206
0.0855574 0.0892165 0.681238 5 5 249
-0.4454 0.101897 0.645241 169 169 85
0.575482 0.286628 0.419284 255 255 0
0.381557 -0.0823006 0.670058 97 97 157
0.307515 -0.358954 0.510076 84 84 170
0.2635 -0.160187 0.661361 30 30 224
0.0724454 0.0766074 0.68375 9 9 245
0.0526877 0.0170615 0.689959 0 0 254
0.568002 -0.295854 0.414497 255 255 0
0.237046 -0.0382577 0.688461 24 24 230
0.0335876 0.29011 0.584556 0 0 254
0.338932 -0.0154731 0.686119 85 85 169
0.0851965 0.142053 0.667291 12 12 242
0.469741 0.111822 0.632166 171 171 83
0.113377 0.1707 0.656936 2 2 252
0.580016 0.146646 0.53929 255 255 0
0.279615 0.17505 0.655093 32 32 222
0.463327 -0.145607 0.623181 155 155 99
0.263527 0.312891 0.563488 57 57 197
0.210023 0.0587279 0.686875 22 22 232
0.108048 -0.0458233 0.688425 6 6 248
0.399684 -0.0462439 0.67105 113 113 141
0.497029 -0.289373 0.505837 217 217 37
0.1431 0.297462 0.578211 6 6 248
-0.00314118 -0.048636 0.687525 0 0 254
0.480702 0.0633234 0.636649 197 197 57
0.151848 -0.117693 0.674663 15 15 239
0.0538182 -0.199097 0.644079 0 0 254
-0.0679184 -0.177433 0.654004 1 1 253
-0.08797 0.266345 0.602763 7 7 247
0.115592 0.0083925 0.690834 8 8 246
0.232856 -0.102845 0.678984 21 21 233
0.249222 0.334405 0.541293 44 44 210
-0.294594 -0.283942 0.588873 38 38 216
0.420108 -0.00511165 0.666956 142 142 112
0.00522989 0.384398 0.475066 0 0 254
0.40163 0.104477 0.660465 140 140 114
0.428353 0.233817 0.594418 124 124 130
0.0254892 -0.144269 0.667017 0 0 254
0.402492 0.062898 0.667718 99 99 155
0.142306 0.289782 0.584335 10 10 244
-0.218972 0.098375 0.679922 18 18 236
-0.190481 0.0375946 0.689416 27 27 227
0.21655 0.202254 0.642477 27 27 227
0.53483 -0.117644 0.590595 211 211 43
0.0198872 0.254588 0.611995 0 0 254
-0.16533 -0.0713793 0.685244 8 8 246
0.67996 -0.158771 0.363127 255 255 0
0.0199428 -0.035903 0.689549 0 0 254
0.0639509 -0.0619188 0.686121 0 0 254
-0.155728 -0.0867359 0.681797 10 10 244
0.114424 -0.32595 0.550891 13 13 241
0.445305 -0.323379 0.50508 167 167 87
0.124332 -0.118231 0.675023 7 7 247
0.179225 -0.192409 0.647153 12 12 242
0.475378 0.157298 0.613317 156 156 98
0.30877 0.0538982 0.686056 76 76 178
0.194167 -0.0694105 0.685295 22 22 232
0.120776 0.074287 0.683825 13 13 241
0.395232 -0.143609 0.650842 142 142 112
0.529278 -0.00436343 0.613848 219 219 35
0.291045 -0.0814383 0.683214 41 41 213
-0.312229 -0.140582 0.666157 51 51 203
0.111239 0.309356 0.566633 11 11 243
0.0824541 0.364455 0.50365 4 4 250
0.162064 0.0853293 0.68219 15 15 239
0.118126 0.369128 0.497706 3 3 251
0.467145 -0.0996588 0.636344 181 181 73
0.0322425 0.0688086 0.68489 2 2 252
-0.159395 -0.28801 0.585801 21 21 233
0.155866 0.27098 0.599137 24 24 230
0.392641 0.0750607 0.668884 135 135 119
-0.112488 0.130529 0.671614 6 6 248
0.606513 0.0265769 0.546758 255 255 0
0.00766821 -0.0183336 0.690553 0 0 254
0.464347 0.269432 0.548835 182 182 72
0.362762 -0.261651 0.596122 110 110 144
0.543232 -0.0390647 0.602014 255 255 0
0.0136136 -0.0696221 0.684907 1 1 253
0.478369 0.301379 0.508384 182 182 72
0.463203 -0.00428547 0.649996 183 183 71
0.428606 -0.13393 0.642345 150 150 104
0.428423 -0.156777 0.634819 150 150 104
0.21376 0.0871157 0.682198 27 27 227
0.119645 -0.158179 0.662186 6 6 248
0.489405 0.188405 0.589396 196 196 58
0.261093 0.230486 0.627242 27 27 227
0.0804944 0.256816 0.610527 6 6 248
-0.0391721 0.102909 0.67869 0 0 254
0.377367 -0.0266207 0.678308 76 76 178
0.202102 0.192403 0.647491 16 16 238
0.0866803 -0.368969 0.498165 3 3 251
0.314344 0.110143 0.675218 68 68 186
-0.16909 -0.251806 0.613238 23 23 231
0.410422 0.189217 0.626097 103 103 151
-0.0282419 0.121864 0.674186 0 0 254
-0.21564 0.0722081 0.684322 33 33 221
0.106516 -0.166954 0.658112 6 6 248
0.290071 0.139656 0.667802 37 37 217
-0.450895 0.171102 0.618907 130 130 124
0.390722 -0.0113867 0.67624 108 108 146
0.203741 -0.169963 0.657216 30 30 224
-0.0226835 -0.16763 0.658237 0 0 254
0.285832 -0.143174 0.667339 37 37 217
0.314945 0.151954 0.66232 77 77 177
0.20131 -0.223452 0.631526 33 33 221
0.290318 -0.184629 0.650477 70 70 184
0.554359 -0.190329 0.539881 242 242 12
0.291563 0.183515 0.651489 44 44 210
0.0428628 -0.0684084 0.685475 1 1 253
0.0795083 0.157613 0.661615 9 9 245
0.528927 -0.135395 0.588661 205 205 49
0.527694 0.184923 0.565526 214 214 40
0.348132 0.165205 0.652937 66 66 188
0.39283 -0.232962 0.608145 113 113 141
-0.333286 0.0424608 0.6854 59 59 195
0.393546 0.314132 0.540554 128 128 126
-0.023566 0.0425124 0.688238 0 0 254
-0.404627 -0.0816525 0.664593 102 102 152
0.344718 0.146241 0.660246 97 97 157
0.50172 -0.180673 0.58595 186 186 68
0.46191 -0.0620702 0.646157 155 155 99
0.161428 0.177839 0.654047 15 15 239
0.263684 -0.118588 0.674583 57 57 197
-0.245359 -0.0706547 0.685344 32 32 222
0.657517 0.141893 0.436262 255 255 0
0.517432 0.100428 0.607832 243 243 11
0.227657 0.0700709 0.68459 46 46 208
-0.0110501 0.0230838 0.689698 0 0 254
0.266571 -0.268246 0.602351 60 60 194
-0.0515541 -0.0826132 0.682574 1 1 253
0.467281 -0.0184906 0.648237 192 192 62
0.468951 -0.229672 0.577362 181 181 73
0.550259 -0.131492 0.573798 228 228 26
0.345464 0.117755 0.669392 103 103 151
0.216471 0.131336 0.670616 44 44 210
0.458649 0.117099 0.635067 134 134 120
0.0143475 -0.0972001 0.679494 0 0 254
0.256755 -0.141402 0.667839 41 41 213
0.282988 -0.288937 0.584819 67 67 187
0.409284 -0.015452 0.670399 124 124 130
0.0364624 0.251772 0.613896 1 1 253
0.0871679 0.0886613 0.681882 1 1 253
0.522884 0.185982 0.569078 209 209 45
0.0498294 -0.0473296 0.687997 0 0 254
0.571665 0.0725668 0.573739 254 254 0
0.0313074 -0.0986329 0.679926 4 4 250
0.411098 0.34219 0.500963 96 96 158
-0.274015 0.200647 0.642952 61 61 193
0.0702495 -0.245527 0.617978 2 2 252
-0.363141 0.0484725 0.67922 75 75 179
0.341867 0.320015 0.550272 73 73 181
0.109519 0.0706284 0.685266 5 5 249
0.135325 0.109748 0.677194 5 5 249
-0.299949 -0.01451 0.68999 64 64 190
-0.206385 -0.131655 0.670811 17 17 237
0.291636 -0.0194721 0.689939 37 37 217
0.646468 0.126311 0.465917 255 255 0
-0.0887857 0.179452 0.652912 1 1 253
0.331689 0.253832 0.607826 94 94 160
0.11937 0.0381017 0.688712 12 12 242
0.249288 0.173332 0.655798 48 48 206
0.0966945 0.10098 0.679021 12 12 242
0.232899 -0.281878 0.591632 27 27 227
0.414578 0.0436807 0.666577 102 102 152
0.110513 -0.362625 0.507118 6 6 248
-0.00794959 -0.129048 0.672023 0 0 254
0.436264 0.0960976 0.65085 123 123 131
-0.266358 -0.123102 0.67371 31 31 223
0.414167 -0.0377572 0.667558 134 134 120
0.450865 0.169567 0.620183 160 160 94
-0.0900541 -0.0409375 0.68834 0 0 254
-0.248195 0.0681953 0.685105 38 38 216
-0.179294 -0.300382 0.57548 13 13 241
0.127136 0.149947 0.664783 11 11 243
-0.0120126 -0.130133 0.671105 0 0 254
-0.143902 0.0727966 0.684398 13 13 241
0.457945 0.149522 0.625151 157 157 97
0.544538 -0.0270259 0.602086 255 255 0
-0.190526 -0.0710804 0.685214 21 21 233
0.130014 -0.205156 0.640992 10 10 244
0.00828065 -0.0774002 0.68388 0 0 254
-0.194276 0.205717 0.640475 35 35 219
0.0662023 -0.076176 0.683839 2 2 252
-0.0410856 0.151376 0.664721 2 2 252
0.28493 0.233716 0.625435 53 53 201
-0.404502 0.152127 0.644626 131 131 123
0.410639 0.330662 0.514735 137 137 117
0.182456 0.341761 0.53372 18 18 236
0.114371 -0.0151436 0.689947 3 3 251
-0.0155217 -0.205892 0.641092 0 0 254
0.223865 -0.23753 0.622339 44 44 210
-0.216722 0.227686 0.629153 26 26 228
-0.0746518 -0.106437 0.677848 2 2 252
0.308795 -0.0782621 0.68212 56 56 198
-0.27248 -0.333446 0.542452 59 59 195
-0.109552 0.0042273 0.69053 3 3 251
0.416043 -0.346359 0.492272 156 156 98
-0.345788 -0.0503223 0.682941 76 76 178
-0.14074 -0.16367 0.659227 17 17 237
0.23024 -0.306863 0.569299 47 47 207
0.134056 0.111804 0.676436 7 7 247
0.549712 -0.263343 0.483974 228 228 26
0.176973 -0.197224 0.644686 28 28 226
-0.164986 0.355349 0.517096 13 13 241
-0.285215 0.214333 0.635882 37 37 217
-0.0390293 0.00565585 0.690362 0 0 254
0.0517476 -0.358293 0.512284 2 2 252
0.327371 -0.225621 0.627133 63 63 191
0.180567 -0.248981 0.615269 34 34 220
-0.207485 0.195879 0.646061 42 42 212
0.198062 -0.147462 0.665211 33 33 221
0.229671 -0.163951 0.659063 30 30 224
0.321294 0.321196 0.552307 61 61 193
0.430668 0.182502 0.622451 122 122 132
0.219369 -0.252396 0.613622 43 43 211
-0.229366 -0.0487406 0.688255 42 42 212
0.383301 0.0774156 0.670492 111 111 143
-0.0656699 -0.295475 0.579458 0 0 254
0.0170444 -0.221785 0.632156 2 2 252
0.0469662 -0.22821 0.628522 4 4 250
0.274895 0.166638 0.658677 49 49 205
0.0220172 0.262567 0.605679 1 1 253
0.0808752 0.0336692 0.689154 2 2 252
0.0611092 -0.158137 0.66129 8 8 246
-0.202767 -0.248354 0.61623 34 34 220
0.308512 0.238052 0.621294 71 71 183
0.31519 0.320128 0.555029 89 89 165
0.125089 0.094064 0.681029 5 5 249
0.446778 0.0320113 0.65637 135 135 119
0.103646 0.276116 0.595731 9 9 245
0.0595542 -0.0304906 0.689368 2 2 252
0.383764 -0.0736738 0.671135 126 126 128
0.628516 0.0313185 0.519976 255 255 0
0.362169 0.0814665 0.674835 76 76 178
0.512367 0.0126604 0.623772 184 184 70
0.298383 -0.342231 0.531252 71 71 183
0.352888 -0.16724 0.651306 78 78 176
0.578756 -0.0725436 0.566803 255 255 0
0.405844 -0.0488503 0.668914 124 124 130
-0.295625 -0.199099 0.644157 49 49 205
0.15658 -0.13919 0.668021 10 10 244
-0.125605 -0.149332 0.664793 16 16 238
0.537698 -0.112004 0.589906 223 223 31
-0.0642559 0.0054924 0.690659 0 0 254
0.197322 0.417035 0.40926 20 20 234
-0.00589863 0.0601454 0.686745 0 0 254
0.524105 0.197058 0.561518 221 221 33
0.130218 -0.129938 0.671383 6 6 248
0.0421713 -0.231646 0.626057 4 4 250
0.257445 0.126427 0.67253 35 35 219
0.114905 0.290694 0.583494 2 2 252
-0.0431204 -0.122661 0.673577 0 0 254
0.298416 -0.307156 0.568982 54 54 200
0.617328 -0.0847337 0.523067 255 255 0
0.0497773 0.132547 0.670752 2 2 252
0.152081 -0.175214 0.65462 21 21 233
0.407752 0.141603 0.647486 147 147 107
0.200125 0.152291 0.663484 19 19 235
-0.406244 0.109604 0.657961 99 99 155
0.43269 0.185853 0.619325 154 154 100
0.251345 0.249212 0.61462 26 26 228
0.297194 0.142517 0.667307 46 46 208
-0.191331 -0.315202 0.56179 33 33 221
-0.0429027 -0.145351 0.666459 0 0 254
-0.0228988 0.275099 0.596618 1 1 253
-0.287214 0.306311 0.569434 48 48 206
-0.256496 -0.173837 0.655054 53 53 201
0.056731 -0.30261 0.573909 1 1 253
0.199626 -0.0704245 0.685272 35 35 219
0.256024 -0.208185 0.639563 46 46 208
0.316307 0.255346 0.609179 62 62 192
0.0923646 -0.0579551 0.687102 3 3 251
0.317861 0.148562 0.662918 68 68 186
0.150468 -0.161107 0.66106 14 14 240
0.225207 0.256288 0.610131 25 25 229
0.366858 0.0170912 0.680765 118 118 136
0.406632 -0.368864 0.463447 106 106 148
0.188995 0.0542483 0.686734 14 14 240
-0.0736782 -0.0192603 0.690428 5 5 249
0.0956975 0.133699 0.669697 13 13 241
0.247653 0.0557963 0.687511 48 48 206
0.485087 -0.274934 0.530336 208 208 46
0.482695 -0.112902 0.625087 175 175 79
-0.00977106 -0.295751 0.579337 0 0 254
-0.130808 0.0402291 0.688428 11 11 243
0.158323 -0.111143 0.676869 22 22 232
0.591412 0.210282 0.484878 255 255 0
-0.115528 0.0280611 0.689498 7 7 247
-0.51412 0.051292 0.619573 180 180 74
0.507416 -0.0442531 0.624938 220 220 34
0.364479 0.191233 0.638098 111 111 143
0.435377 0.231151 0.592473 129 129 125
0.00869052 -0.0376446 0.688793 1 1 253
0.427743 -0.18391 0.622569 128 128 126
-0.00844084 -0.298541 0.577219 0 0 254
0.440098 0.0178762 0.659633 139 139 115
0.458528 -0.162051 0.61977 161 161 93
0.411712 -0.0487353 0.66754 153 153 101
-0.152283 0.0692681 0.685235 10 10 244
-0.119446 0.226248 0.629971 16 16 238
0.194619 0.0763428 0.683707 24 24 230
-0.248586 -0.245969 0.617735 44 44 210
0.0851491 0.0228746 0.68982 5 5 249
0.226356 0.241645 0.619812 41 41 213
0.515717 -0.339957 0.413835 239 239 15
0.514506 -0.166544 0.584336 237 237 17
-0.000112566 -0.10777 0.677569 0 0 254
0.123667 -0.327198 0.5491 5 5 249
-0.256939 -0.304911 0.571411 28 28 226
0.112717 -0.162099 0.659874 7 7 247
0.389929 0.0183128 0.675376 136 136 118
0.258116 -0.217791 0.634294 27 27 227
0.370638 0.373959 0.472943 86 86 168
-0.0361523 -0.27104 0.599872 0 0 254
0.573041 0.288002 0.421274 255 255 0
0.19199 -0.0950625 0.680048 32 32 222
0.205445 0.169422 0.657867 38 38 216
0.0712973 0.0556757 0.687362 4 4 250
0.598945 0.0853857 0.544442 255 255 0
0.275086 -0.242132 0.619696 61 61 193
-0.00133108 0.0476516 0.688155 0 0 254
-0.200179 -0.0371863 0.689369 17 17 237
-0.29298 -0.0973513 0.679518 50 50 204
0.0971347 0.368547 0.498591 5 5 249
-0.161723 0.275644 0.596595 11 11 243
-0.207724 0.301867 0.574023 18 18 236
0.0494092 0.118008 0.674403 1 1 253
0.489557 -0.12528 0.617217 198 198 56
0.344875 0.224057 0.624979 104 104 150
0.379727 0.15055 0.652492 112 112 142
0.625315 -0.15818 0.478185 255 255 0
0.0236324 -0.158205 0.661511 1 1 253
0.655721 -0.0387194 0.482193 255 255 0
0.250023 -0.158837 0.66192 30 30 224
0.0973391 0.240986 0.620385 8 8 246
0.446263 0.241721 0.580005 123 123 131
0.599325 -0.0888469 0.542526 255 255 0
0.0611686 -0.402372 0.442445 1 1 253
0.465888 0.207232 0.592149 162 162 92
0.341201 0.350772 0.514923 75 75 179
0.0349402 -0.155298 0.66291 0 0 254
0.176952 0.0210901 0.690045 20 20 234
-0.127511 -0.0690225 0.685221 8 8 246
0.0370841 0.0801964 0.682943 0 0 254
0.527626 -0.126573 0.591977 233 233 21
0.0171126 0.166657 0.658296 0 0 254
0.036217 0.134279 0.670165 2 2 252
-0.154213 0.337283 0.539018 10 10 244
0.433734 -0.0923517 0.652038 155 155 99
-0.0289801 0.00494554 0.689993 0 0 254
0.347288 -0.317029 0.551888 90 90 164
0.571744 0.0343106 0.579682 255 255 0
0.102417 0.254629 0.611042 7 7 247
-0.00205542 0.0874342 0.682368 0 0 254
-0.277105 0.378936 0.483046 33 33 221
-0.0436421 -0.27691 0.595792 2 2 252
0.54578 -0.0488308 0.598184 248 248 6
0.376024 -0.0159451 0.679636 119 119 135
0.148352 -0.262079 0.606194 15 15 239
0.500458 0.113309 0.615184 191 191 63
0.103891 0.409834 0.426416 7 7 247
0.0505884 -0.0493776 0.688151 0 0 254
0.0254179 0.103727 0.678715 0 0 254
-0.0927379 -0.0475351 0.687721 1 1 253
0.609986 0.131885 0.512906 255 255 0
0.358754 0.0639088 0.678647 109 109 145
0.134755 0.242128 0.619927 13 13 241
0.209384 -0.157868 0.662306 36 36 218
0.078114 0.147283 0.66546 7 7 247
0.318045 -0.018783 0.688317 84 84 170
0.330334 -0.148321 0.662537 68 68 186
0.432112 -0.334417 0.498776 146 146 108
0.668117 -0.0079196 0.464098 255 255 0
0.148166 -0.154699 0.663535 6 6 248
0.242716 -0.196964 0.645507 27 27 227
0.116653 0.00658015 0.690692 9 9 245
0.211262 -0.142193 0.667423 23 23 231
0.602666 0.131724 0.522799 255 255 0
0.242856 -0.327005 0.550021 41 41 213
0.319384 0.0589318 0.685147 62 62 192
0.0780795 0.0910978 0.681392 2 2 252
0.0108983 -0.039295 0.688329 0 0 254
-0.336238 -0.155158 0.65862 62 62 192
0.216599 0.16696 0.658133 29 29 225
0.104938 0.281244 0.591834 5 5 249
0.211623 -0.0348068 0.689579 35 35 219
-0.272474 0.291669 0.583456 39 39 215
0.406616 -0.328415 0.519454 132 132 122
0.30702 0.049587 0.686517 65 65 189
0.125994 -0.0653 0.685602 8 8 246
0.456861 -0.222054 0.587878 169 169 85
0.514671 -0.0428736 0.620085 204 204 50
0.381812 0.0156797 0.678068 86 86 168
0.0249249 0.339937 0.535522 1 1 253
0.294584 0.00350609 0.689986 44 44 210
-0.400642 0.052239 0.670362 95 95 159
-0.00642515 0.0667709 0.685735 0 0 254
0.310234 -0.318627 0.556059 71 71 183
0.629647 0.0479861 0.516291 255 255 0
-0.0440424 0.36364 0.505944 1 1 253
0.262823 -0.114905 0.675676 55 55 199
0.43465 -0.152668 0.633538 135 135 119
0.457598 -0.0632147 0.648525 172 172 82
0.0552022 0.256598 0.610473 0 0 254
0.35476 -0.324774 0.542769 91 91 163
0.0708757 -0.176063 0.65474 2 2 252
0.341906 0.232136 0.620556 105 105 149
0.0661611 -0.156134 0.662565 6 6 248
0.439423 -0.0317716 0.659439 142 142 112
0.118052 0.203779 0.64218 14 14 240
0.115909 0.196366 0.645845 6 6 248
0.224647 0.409701 0.426663 42 42 212
-0.254823 0.198197 0.644403 36 36 218
0.0271202 -0.0656058 0.686185 0 0 254
0.462422 -0.126812 0.630835 149 149 105
-0.249862 0.0251298 0.690043 29 29 225
0.300048 0.0841502 0.681574 52 52 202
-0.374104 0.336351 0.523389 76 76 178
0.507073 0.13119 0.605273 232 232 22
0.285179 -0.0152999 0.68996 60 60 194
0.40692 0.14146 0.647974 100 100 154
0.416898 -0.00296216 0.668259 121 121 133
-0.253481 -0.277126 0.595045 26 26 228
0.129264 -0.0228911 0.690095 6 6 248
0.0810996 0.156638 0.662517 4 4 250
0.166093 -0.04395 0.68808 17 17 237
0.0709877 0.118415 0.674412 2 2 252
0.436786 -0.109046 0.647001 156 156 98
0.222031 0.0285503 0.68982 32 32 222
0.566707 -0.242031 0.486417 255 255 0
-0.340228 -0.149118 0.660369 98 98 156
0.527211 -0.0574501 0.610114 211 211 43
0.449695 -0.0591524 0.652409 151 151 103
0.29573 0.182497 0.651541 54 54 200
-0.104567 -0.0359744 0.68921 11 11 243
0.302355 -0.0131154 0.68926 47 47 207
0.367646 0.317689 0.546768 108 108 146
0.168973 0.11781 0.675038 17 17 237
-0.161373 0.0605346 0.686478 12 12 242
0.0584112 0.097537 0.680225 1 1 253
0.247049 0.409556 0.426845 56 56 198
0.333505 -0.213075 0.632437 99 99 155
0.016665 -0.0463915 0.688402 0 0 254
0.0821294 -0.0925594 0.681011 0 0 254
-0.217488 -0.152447 0.66351 44 44 210
0.138922 -0.051515 0.687206 6 6 248
-0.292762 -0.217386 0.634628 47 47 207
0.663093 0.012975 0.473253 255 255 0
0.131192 -0.323186 0.553801 9 9 245
0.328348 0.0418259 0.685868 78 78 176
-0.49596 0.0293841 0.632356 162 162 92
0.153191 0.0320201 0.689846 8 8 246
0.0275256 -0.0412725 0.689052 3 3 251
-0.271575 -0.310026 0.566316 32 32 222
-0.185334 0.220054 0.633595 15 15 239
0.550788 0.0275506 0.597159 244 244 10
0.324606 -0.228492 0.625591 78 78 176
-0.164253 0.0810559 0.683195 23 23 231
-0.412985 -0.106162 0.655787 108 108 146
-0.123683 0.224155 0.630252 5 5 249
0.401591 -0.147614 0.647099 127 127 127
-0.31139 -0.0381536 0.68803 71 71 183
0.124808 0.0330852 0.688978 4 4 250
0.449256 -0.111078 0.641736 131 131 123
0.539386 -0.344474 0.363541 238 238 16
0.480575 -0.372118 0.391582 186 186 68
0.120533 -0.214599 0.635638 12 12 242
-0.302421 -0.0960272 0.679606 64 64 190
0.587114 0.109904 0.548579 255 255 0
-0.195689 -0.371543 0.495098 35 35 219
-0.203072 0.00218074 0.690824 32 32 222
-0.182204 -0.214703 0.636303 14 14 240
0.574259 -0.158968 0.539411 236 236 18
0.625555 -0.132186 0.493274 255 255 0
-0.373592 0.200255 0.631719 98 98 156
0.499526 -0.194356 0.579866 228 228 26
0.230898 -0.180771 0.652313 31 31 223
0.154456 0.43109 0.368582 21 21 233
0.366901 -0.0545979 0.678419 97 97 157
0.247364 0.0285775 0.68998 42 42 212
0.37424 -0.356614 0.496625 91 91 163
-0.0670646 0.281767 0.591408 1 1 253
0.0209869 0.0447528 0.688255 0 0 254
0.576708 -0.0487048 0.573623 254 254 0
0.556239 0.0230458 0.592749 243 243 11
0.478007 -0.0551161 0.639936 150 150 104
-0.144142 -0.365843 0.50326 21 21 233
0.194002 -0.205662 0.640633 23 23 231
-0.101253 -0.111411 0.676863 8 8 246
0.37106 0.36473 0.486771 123 123 131
0.152177 0.0262473 0.689267 9 9 245
0.436408 -0.188857 0.616231 146 146 108
0.519705 0.000409555 0.620168 191 191 63
0.455364 0.25365 0.566874 157 157 97
0.4211 0.231039 0.5989 127 127 127
0.439675 -0.00514538 0.660259 168 168 86
0.547787 0.212477 0.531237 251 251 3
0.578697 -0.0313716 0.572886 255 255 0
0.420101 -0.136126 0.644708 117 117 137
-0.0755823 -0.0690011 0.685414 9 9 245
0.378631 0.345776 0.509758 101 101 153
0.64929 0.0821586 0.480895 255 255 0
0.0340471 -0.0496917 0.688163 4 4 250
0.226497 0.0743014 0.68479 48 48 206
0.365767 0.340265 0.521286 117 117 137
-0.369665 0.0868406 0.672047 77 77 177
0.317827 -0.101091 0.677287 84 84 170
0.384634 -0.099609 0.665678 83 83 171
-0.0235589 -0.225005 0.629821 0 0 254
0.61611 0.0917438 0.52257 255 255 0
0.258639 0.126766 0.672694 45 45 209
0.40096 0.0374913 0.671717 106 106 148
-0.0256045 0.0611409 0.686207 0 0 254
-0.118802 0.0520247 0.687421 4 4 250
0.298199 -0.116282 0.674984 50 50 204
0.480462 -0.0129169 0.642443 197 197 57
-0.220704 -0.110911 0.676139 24 24 230
0.0220972 -0.0768407 0.684101 0 0 254
0.541202 0.0941441 0.592703 240 240 14
0.0724483 -0.180476 0.652834 2 2 252
0.115139 -0.29458 0.58031 6 6 248
0.487142 -0.0759562 0.631288 186 186 68
0.366506 0.216451 0.624687 91 91 163
-0.0728591 -0.0514729 0.687804 7 7 247
0.257315 -0.138586 0.669045 36 36 218
0.0435681 -0.0828917 0.683281 0 0 254
0.559554 0.00487086 0.590691 255 255 0
-0.153312 -0.0889163 0.681505 10 10 244
0.0649336 0.101838 0.678935 3 3 251
0.0344059 -0.107002 0.677662 2 2 252
0.235295 0.410713 0.424034 30 30 224
0.538969 0.0949016 0.594539 226 226 28
0.184242 -0.0569045 0.686568 30 30 224
-0.0493399 0.0227057 0.689906 2 2 252
0.0446722 -0.0798153 0.683761 0 0 254
0.155253 -0.283336 0.589575 13 13 241
0.0688214 -0.111569 0.676507 5 5 249
0.444063 0.043506 0.656624 155 155 99
0.307887 -0.298137 0.576591 64 64 190
-0.168108 0.0569627 0.687186 26 26 228
0.439273 0.241232 0.584303 167 167 87
0.423866 -0.320453 0.520863 142 142 112
0.549533 -0.223512 0.520335 222 222 32
0.295025 -0.0317198 0.689437 41 41 213
0.208795 0.0450292 0.687893 24 24 230
-0.247078 0.10742 0.67729 29 29 225
0.310966 -0.228366 0.626421 70 70 184
-0.213219 -0.0807318 0.683221 23 23 231
0.601143 -0.19598 0.484842 255 255 0
-0.0100764 0.323176 0.553283 0 0 254
0.0494043 -0.191422 0.647924 2 2 252
0.413742 -0.0136149 0.668937 147 147 107
0.310247 0.369399 0.495894 70 70 184
-0.325497 0.107095 0.675097 56 56 198
-0.0450508 0.13329 0.669822 0 0 254
0.0315545 -0.127953 0.671643 2 2 252
0.0759646 0.0123788 0.689905 1 1 253
0.36956 -0.0746825 0.674282 110 110 144
0.452243 0.275312 0.550095 186 186 68
0.558003 0.201208 0.529729 254 254 0
0.296552 0.191941 0.646856 72 72 182
0.321769 -0.209166 0.63596 51 51 203
0.197316 -0.347085 0.527465 36 36 218
0.424041 -0.0208661 0.665337 125 125 129
-0.311205 -0.257101 0.607987 73 73 181
0.12355 0.0148519 0.690523 13 13 241
-0.175565 -0.206974 0.639899 11 11 243
-0.111147 -0.0194863 0.690474 5 5 249
0.345137 0.13073 0.665348 105 105 149
0.577626 0.0134168 0.575419 252 252 2
0.506433 -0.195414 0.574501 208 208 46
-0.167022 -0.28078 0.592793 11 11 243
0.112085 0.10118 0.679035 8 8 246
0.15703 0.2162 0.635632 24 24 230
0.614216 0.180518 0.479079 255 255 0
0.588285 -0.0409589 0.564045 255 255 0
0.0369459 0.0557702 0.68734 0 0 254
0.066385 0.0564301 0.687237 0 0 254
0.488928 0.0959525 0.626411 200 200 54
-0.269958 -0.0588845 0.686753 37 37 217
-0.170841 -0.00592247 0.690858 14 14 240
0.509016 0.0988504 0.613757 196 196 58
-0.0365893 0.201778 0.642277 4 4 250
0.200942 -0.255625 0.610984 27 27 227
0.350819 0.169054 0.65147 98 98 156
0.279239 0.209593 0.6386 42 42 212
0.593948 -0.010512 0.5597 255 255 0
0.330969 0.17031 0.653217 97 97 157
-0.169372 0.110868 0.677033 17 17 237
0.318618 -0.347115 0.52356 84 84 170
0.195014 -0.174283 0.655206 19 19 235
0.339069 0.069343 0.681287 62 62 192
0.444249 -0.192062 0.612266 162 162 92
0.210985 -0.344432 0.530412 30 30 224
0.239291 0.339344 0.535485 53 53 201
0.455027 -0.0722813 0.647785 147 147 107
0.373355 0.279816 0.579233 104 104 150
0.298235 0.139534 0.667814 41 41 213
0.477275 -0.337425 0.461008 197 197 57
-0.250254 -0.292185 0.582727 36 36 218
0.511657 -0.262501 0.521874 212 212 42
0.191995 -0.157492 0.661635 30 30 224
0.41709 0.039855 0.666384 109 109 145
0.245875 -0.0275382 0.689437 32 32 222
-0.00137159 0.125733 0.672461 1 1 253
0.558519 0.0218707 0.591715 255 255 0
0.287935 0.264138 0.60484 49 49 205
0.618877 -0.00899911 0.533057 255 255 0
0.39157 -0.1283 0.65622 116 116 138
0.109382 0.282119 0.591359 5 5 249
0.504392 0.198013 0.575037 190 190 64
0.426646 -0.0538378 0.661662 158 158 96
-0.069898 0.155277 0.662739 1 1 253
0.152044 0.209718 0.638846 20 20 234
0.367577 0.108556 0.668302 98 98 156
-0.404598 0.142319 0.648266 97 97 157
0.303311 -0.285946 0.58727 56 56 198
0.296821 0.244599 0.617799 51 51 203
0.183898 0.102636 0.67819 12 12 242
0.149105 -0.139386 0.668573 8 8 246
0.313641 -0.31526 0.559943 58 58 196
-0.103383 -0.00717574 0.690486 8 8 246
0.33241 -0.0326254 0.685558 90 90 164
0.447416 -0.172097 0.620488 133 133 121
0.250815 -0.16447 0.659902 29 29 225
0.59379 0.165958 0.514922 255 255 0
0.228202 0.23228 0.625663 33 33 221
0.507508 0.298423 0.487042 223 223 31
0.275169 -0.182641 0.6522 52 52 202
0.0130069 0.288563 0.585255 1 1 253
0.256826 0.194687 0.646471 31 31 223
0.119577 0.108576 0.677472 4 4 250
0.102764 -0.133225 0.670017 6 6 248
-0.148584 -0.254622 0.610978 18 18 236
0.0789929 -0.0189862 0.689884 7 7 247
0.233256 -0.065259 0.686232 26 26 228
0.458192 -0.0779159 0.645081 173 173 81
0.395565 0.0335532 0.673586 110 110 144
-0.0589685 0.0332253 0.689342 6 6 248
0.287453 -0.264588 0.604975 63 63 191
0.070997 -0.220315 0.633258 6 6 248
0.19395 -0.183504 0.651721 17 17 237
0.0984357 0.098125 0.679398 2 2 252
0.480677 -0.257532 0.548558 167 167 87
0.504131 -0.176391 0.586845 233 233 21
-0.0397333 -0.207211 0.640354 0 0 254
0.350417 0.068469 0.679337 92 92 162
0.0033508 0.0300961 0.68951 0 0 254
-0.279123 -0.387164 0.469506 39 39 215
0.250809 -0.0130354 0.690694 52 52 202
0.459716 0.0675988 0.646272 180 180 74
0.00596813 0.112897 0.675867 1 1 253
0.192403 0.0280211 0.689808 27 27 227
0.253783 -0.0036115 0.690389 45 45 209
0.612625 -0.0688237 0.53323 255 255 0
0.558903 -0.015848 0.59111 239 239 15
0.422734 -0.207733 0.612505 151 151 103
0.0925002 -0.198654 0.644439 2 2 252
0.378409 -0.238243 0.608356 127 127 127
0.202859 0.1527 0.66354 19 19 235
-0.11738 0.0490483 0.688109 9 9 245
0.134984 -0.155885 0.662803 9 9 245
-0.396163 -0.196035 0.62778 141 141 113
-0.301423 0.162394 0.659047 46 46 208
0.562631 0.186751 0.534018 253 253 1
0.410948 -0.110773 0.6563 130 130 124
0.406116 -0.0965954 0.660999 113 113 141
-0.212148 0.135276 0.669193 42 42 212
0.145849 0.225329 0.629953 14 14 240
0.10614 -0.0272361 0.689329 2 2 252
0.0530266 0.271247 0.600049 1 1 253
0.415519 -0.0756188 0.662039 154 154 100
0.354686 0.167524 0.651479 75 75 179
0.162666 0.0282858 0.689972 10 10 244
-0.168079 -0.0429334 0.688429 15 15 239
-0.108939 -0.12942 0.671991 10 10 244
-0.096856 -0.184232 0.651298 11 11 243
0.326742 0.153647 0.660275 91 91 163
0.441759 -0.0342706 0.657597 163 163 91
-0.435715 0.0677607 0.656554 122 122 132
0.285334 -0.314218 0.562875 58 58 196
0.417668 -0.0787431 0.66126 109 109 145
0.248911 -0.123695 0.672752 39 39 215
-0.126471 -0.0453726 0.687837 10 10 244
0.311482 0.180227 0.651153 73 73 181
-0.341683 0.0371324 0.684543 65 65 189
-0.270063 -0.100844 0.67928 41 41 213
-0.15111 0.0945769 0.68005 6 6 248
-0.10596 -0.0238595 0.690138 2 2 252
0.487041 0.124886 0.618778 215 215 39
0.111763 0.165349 0.659555 8 8 246
0.265452 -0.0425149 0.688372 56 56 198
0.0307839 0.262376 0.605897 0 0 254
0.3325 0.147849 0.661425 62 62 192
0.0953409 0.110586 0.676617 12 12 242
0.000984378 -0.219488 0.633258 0 0 254
0.482101 -0.0876767 0.631081 184 184 70
0.317599 0.183888 0.648724 61 61 193
-0.26021 -0.249565 0.61521 44 44 210
0.299698 0.328199 0.547325 67 67 187
0.278146 -0.265525 0.604132 41 41 213
0.42715 0.12361 0.646437 159 159 95
0.240569 -0.140694 0.6676 54 54 200
-0.0191438 -0.150056 0.664805 0 0 254
0.271656 -0.273907 0.597548 39 39 215
0.517265 0.159245 0.587042 187 187 67
0.0488925 -0.19099 0.647766 1 1 253
0.0324593 -0.350357 0.523061 4 4 250
0.0441219 -0.00346655 0.690719 1 1 253
-0.237866 0.0489322 0.688324 49 49 205
-0.0339032 -0.0636736 0.685528 3 3 251
0.244022 0.0866892 0.681659 40 40 214
-0.218284 0.143397 0.667083 19 19 235
-0.121378 0.0429911 0.688845 4 4 250
0.158751 -0.163165 0.660247 14 14 240
0.536934 0.0826034 0.598975 203 203 51
0.278789 -0.0350214 0.688811 45 45 209
-0.0673394 0.176924 0.654612 2 2 252
0.406242 0.147269 0.645884 127 127 127
0.526969 -0.0837985 0.605741 227 227 27
-0.0308318 0.154401 0.662804 0 0 254
0.0625605 -0.303451 0.573463 7 7 247
0.543613 -0.119849 0.582443 229 229 25
0.473771 -0.082227 0.636864 191 191 63
0.43323 -0.018828 0.661821 164 164 90
0.514795 0.324044 0.442561 205 205 49
0.44979 0.228074 0.587983 140 140 114
-0.431769 0.127766 0.643717 167 167 87
0.138399 0.11532 0.675133 16 16 238
0.279871 -0.0246624 0.689809 37 37 217
-0.239033 -0.0731234 0.684741 33 33 221
-0.0112351 0.0407718 0.688324 0 0 254
0.341903 -0.172039 0.651672 62 62 192
0.0171553 -0.38653 0.470339 0 0 254
0.346278 0.297862 0.570848 73 73 181
0.262735 0.111524 0.676926 38 38 216
0.44114 -0.294828 0.538784 133 133 121
0.0141375 0.110523 0.676426 0 0 254
0.160315 -0.00659425 0.690479 16 16 238
-0.339824 -0.326057 0.544213 59 59 195
0.199629 -0.247919 0.615591 30 30 224
-0.228669 -0.076378 0.684049 27 27 227
0.255314 0.0247277 0.689405 41 41 213
-0.0548887 -0.195089 0.645969 4 4 250
0.41328 -0.139033 0.646285 143 143 111
0.108264 -0.25609 0.610341 9 9 245
0.045176 0.182618 0.651843 0 0 254
-0.00417116 0.340363 0.534121 0 0 254
0.222417 -0.169562 0.657021 24 24 230
0.565246 0.122845 0.563859 255 255 0
0.340061 -0.317609 0.552918 104 104 150
0.276952 0.128308 0.671646 42 42 212
0.285042 0.0694356 0.684984 71 71 183
0.257451 0.139329 0.668803 43 43 211
0.124644 -0.00677525 0.690829 15 15 239
-0.00852239 -0.152379 0.663413 0 0 254
0.319694 -0.0231975 0.688335 53 53 201
0.444242 0.0131804 0.658215 158 158 96
0.616572 0.0251206 0.535228 255 255 0
-0.232222 0.0247306 0.69021 45 45 209
0.103072 0.042154 0.688738 14 14 240
0.460873 -0.00819513 0.651036 158 158 96
0.309446 -0.00515436 0.689482 83 83 171
0.262009 0.230568 0.627209 29 29 225
0.400708 0.289823 0.561453 110 110 144
0.395825 0.114893 0.658948 132 132 122
-0.00272422 0.0771211 0.683341 1 1 253
0.330717 0.303042 0.568687 73 73 181
0.0413637 0.371413 0.49543 0 0 254
0.0222689 -0.195271 0.646307 0 0 254
-0.255022 -0.0421971 0.688701 47 47 207
0.563587 0.146491 0.555035 255 255 0
0.473114 0.245166 0.563284 204 204 50
0.629382 0.256517 0.355854 255 255 0
0.135565 -0.0586517 0.687141 11 11 243
0.180831 0.404195 0.438243 31 31 223
0.141177 -0.434938 0.357342 10 10 244
0.261046 -0.218849 0.634146 28 28 226
0.289612 -0.185681 0.650306 39 39 215
0.385426 0.00868038 0.677053 116 116 138
0.146316 0.171518 0.657051 10 10 244
0.631194 -0.0317133 0.516606 255 255 0
-0.380621 0.0419027 0.67646 102 102 152
-0.0334694 0.223085 0.631375 0 0 254
-0.269927 0.217218 0.635053 34 34 220
0.150008 0.149372 0.66537 10 10 244
0.214231 0.0298838 0.689502 38 38 216
0.0529233 -0.00968577 0.690632 0 0 254
0.365734 0.083454 0.674219 89 89 165
0.437094 0.304984 0.52993 156 156 98
0.50666 -0.00890803 0.627764 213 213 41
0.46269 -0.0948386 0.639349 164 164 90
0.225173 -0.131845 0.67075 32 32 222
0.0150299 -0.100339 0.678676 0 0 254
0.542438 0.0325449 0.602602 245 245 9
-0.317007 -0.354478 0.514602 69 69 185
0.377821 -0.237038 0.60993 115 115 139
0.450861 0.0550791 0.652168 161 161 93
0.281655 -0.323979 0.553026 70 70 184
0.269756 -0.185696 0.65091 43 43 211
0.165693 0.244511 0.618337 21 21 233
0.493934 0.0305327 0.634276 194 194 60
-0.0404892 0.00643832 0.690571 2 2 252
0.312274 0.199157 0.643016 86 86 168
-0.355816 0.227832 0.621168 101 101 153
0.0209533 -0.0490496 0.687579 0 0 254
0.0515623 -0.0828391 0.68237 1 1 253
0.0440025 -0.00537046 0.690109 1 1 253
0.314202 0.176825 0.652961 61 61 193
0.4847 -0.277144 0.528194 193 193 61
-0.310508 -0.11851 0.673073 66 66 188
0.350347 0.111382 0.67065 92 92 162
0.361758 0.0351981 0.681186 101 101 153
0.0277093 0.283175 0.590472 0 0 254
0.101409 -0.221545 0.632434 11 11 243
0.249591 -0.123665 0.673001 52 52 202
0.475614 -0.134371 0.621599 192 192 62
0.370802 0.420693 0.369345 91 91 163
0.386095 0.221 0.616606 86 86 168
0.29243 -0.295596 0.579896 74 74 180
0.0340371 -0.22651 0.629351 0 0 254
0.430502 -0.0856932 0.654432 120 120 134
0.0364714 -0.117437 0.674981 1 1 253
-0.0993888 -0.0557704 0.686884 3 3 251
0.537156 -0.0627836 0.602898 255 255 0
0.196367 0.396942 0.453074 33 33 221
0.356813 0.17772 0.646078 99 99 155
-0.0474178 0.262166 0.606662 0 0 254
-0.316528 -0.159063 0.659326 54 54 200
0.144445 -0.118135 0.674562 24 24 230
0.11702 -0.0596418 0.686295 6 6 248
0.0130834 0.173855 0.655318 0 0 254
0.115321 -0.113452 0.67625 8 8 246
-0.235455 -0.194758 0.646082 46 46 208
0.462839 0.190377 0.603662 167 167 87
0.117639 -0.312353 0.564314 6 6 248
0.229592 -0.12249 0.673432 21 21 233
0.25519 -0.388962 0.466994 50 50 204
0.626769 0.136037 0.48994 255 255 0
0.390849 0.0688428 0.670704 124 124 130
0.158866 0.155085 0.663268 14 14 240
-0.234503 -0.129157 0.671501 32 32 222
0.044007 -0.104655 0.678455 3 3 251
0.30303 0.263017 0.604131 73 73 181
0.126686 0.148853 0.665664 9 9 245
0.444877 0.221059 0.595391 134 134 120
0.277575 0.065936 0.685178 35 35 219
0.186314 0.332561 0.544274 27 27 227
0.139958 -0.361186 0.509489 6 6 248
0.190451 0.116539 0.674668 27 27 227
0.419298 0.114687 0.652173 105 105 149
0.041117 -0.108209 0.677534 3 3 251
0.374509 -0.222349 0.619248 115 115 139
0.495104 -0.20472 0.576615 184 184 70
0.140588 0.123685 0.673147 13 13 241
0.12882 -0.00020879 0.69071 5 5 249
-0.0476157 -0.0895336 0.681388 0 0 254
-0.00993877 0.0402762 0.688837 0 0 254
0.1538 -0.317611 0.559368 23 23 231
0.334469 -0.0677498 0.681656 70 70 184
0.378558 0.186765 0.637624 94 94 160
-0.300041 0.0505604 0.687539 58 58 196
-0.0739916 0.036699 0.688696 5 5 249
-0.127989 -0.209734 0.638836 9 9 245
0.180641 -0.109383 0.676652 10 10 244
0.178853 -0.395794 0.454231 26 26 228
-0.0178431 0.382754 0.477631 0 0 254
0.0430847 0.166415 0.658748 0 0 254
0.469541 -0.000753034 0.647362 177 177 77
0.187683 -0.103848 0.678432 17 17 237
0.513534 -0.230313 0.546595 235 235 19
0.417917 0.0963748 0.656653 138 138 116
0.430559 0.023924 0.663434 154 154 100
0.188657 0.0324387 0.689123 22 22 232
0.447627 -0.123533 0.63856 133 133 121
-0.376432 -0.0946356 0.669043 97 97 157
0.370893 0.089094 0.6712 90 90 164
-0.438048 0.0799887 0.653246 121 121 133
0.00891642 0.0315109 0.689087 0 0 254
0.65439 0.0572996 0.479429 255 255 0
0.30249 0.245602 0.616596 52 52 202
0.408225 -0.0614831 0.667106 124 124 130
0.186843 -0.136059 0.66996 34 34 220
0.295348 0.175513 0.654228 46 46 208
0.359479 -0.103643 0.67062 112 112 142
0.178635 0.243269 0.61915 31 31 223
-0.117236 -0.102387 0.678881 14 14 240
0.196909 -0.419113 0.404226 18 18 236
0.2055 -0.151418 0.664683 25 25 229
0.0264679 0.313299 0.563975 0 0 254
-0.127934 0.335976 0.539777 18 18 236
-0.047982 -0.165033 0.659049 0 0 254
-0.108521 0.17391 0.655901 2 2 252
0.0674454 0.235577 0.623515 2 2 252
0.195502 -0.162378 0.660434 26 26 228
-0.0716532 0.155378 0.662698 0 0 254
-0.239226 0.266062 0.603622 50 50 204
0.153652 0.074502 0.684671 19 19 235
0.192601 0.29818 0.577467 34 34 220
0.279193 0.408297 0.429547 43 43 211
0.547377 -0.123586 0.578155 248 248 6
0.436918 -0.327897 0.504551 149 149 105
0.371841 -0.204379 0.629641 98 98 156
-0.302617 -0.146716 0.665536 61 61 193
0.539979 -0.0481104 0.60345 212 212 42
0.41867 -0.138784 0.644762 115 115 139
-0.347611 0.140684 0.662497 68 68 186
-0.183792 -0.158232 0.66158 17 17 237
0.658442 -0.0177788 0.480012 255 255 0
0.367178 0.114308 0.666095 118 118 136
0.370504 -0.136936 0.659275 97 97 157
-0.261533 0.163768 0.659189 37 37 217
0.234748 -0.34512 0.529461 41 41 213
0.213626 -0.129605 0.671795 27 27 227
0.049839 -0.11667 0.675134 6 6 248
-0.0707193 0.0328253 0.689237 3 3 251
0.249893 0.0738249 0.684638 32 32 222
0.159211 -0.114507 0.675479 24 24 230
-0.191175 -0.125802 0.673004 31 31 223
0.189194 -0.269697 0.600615 23 23 231
0.37684 -0.0647773 0.674513 84 84 170
-0.345656 0.119881 0.669213 68 68 186
0.400224 -0.209215 0.619916 99 99 155
0.450576 0.10181 0.643722 182 182 72
-0.151962 0.117008 0.67519 14 14 240
0.202517 0.106213 0.6775 14 14 240
0.395735 0.141977 0.651261 97 97 157
0.161977 -0.126521 0.672142 23 23 231
-0.0602374 0.0776252 0.683582 2 2 252
0.409839 -0.113545 0.654996 134 134 120
0.158662 -0.0911676 0.681457 17 17 237
0.624353 0.104281 0.508196 255 255 0
0.14598 -0.240404 0.620874 17 17 237
0.127122 -0.223524 0.63061 12 12 242
-0.0504953 0.366885 0.501337 0 0 254
0.407023 -0.0870451 0.66237 128 128 126
0.422557 0.0711985 0.660221 137 137 117
0.465504 -0.121755 0.63106 179 179 75
0.509407 -0.115328 0.608704 191 191 63
0.225533 -0.187441 0.649708 29 29 225
0.0613603 -0.139231 0.668495 2 2 252
0.449808 0.0584474 0.652363 181 181 73
0.462601 -0.154199 0.620217 195 195 59
0.0165968 -0.233592 0.624792 0 0 254
0.466025 0.0685413 0.643734 190 190 64
0.638213 0.129519 0.475927 255 255 0
-0.114608 0.113472 0.675511 5 5 249
0.402968 0.0264453 0.672192 138 138 116
0.393517 -0.16509 0.643165 133 133 121
0.19816 0.149497 0.664728 14 14 240
0.526308 -0.318607 0.438983 215 215 39
0.473846 0.0456552 0.642333 163 163 91
0.495929 0.303755 0.490625 158 158 96
-0.234434 -0.168724 0.657197 29 29 225
0.24908 -0.206697 0.639669 26 26 228
0.443385 0.0686719 0.652639 172 172 82
-0.24009 -0.170075 0.656733 26 26 228
-0.413185 -0.0790096 0.661949 122 122 132
0.0421198 -0.131914 0.670412 0 0 254
0.310461 -0.264957 0.602349 77 77 177
0.509372 -0.294928 0.489511 172 172 82
-0.142059 -0.142595 0.666936 12 12 242
0.208576 0.317844 0.55975 26 26 228
0.158421 0.279228 0.59316 17 17 237
-0.278148 -0.254657 0.611456 36 36 218
0.397812 0.267818 0.58145 91 91 163
-0.208211 -0.218387 0.633994 17 17 237
-0.196214 0.0645832 0.685917 14 14 240
0.395854 -0.181736 0.635294 129 129 125
-0.0821242 -0.13778 0.668775 2 2 252
0.317338 0.0622293 0.684835 54 54 200
0.0772985 -0.0870762 0.681895 6 6 248
0.0110236 -0.0601059 0.686757 0 0 254
0.281622 0.187275 0.64974 66 66 188
0.519899 -0.052653 0.616349 207 207 47
0.517122 0.0943611 0.609498 190 190 64
0.365205 -0.00924349 0.68202 118 118 136
-0.299062 -0.285719 0.587321 41 41 213
-0.14777 -0.133329 0.670513 6 6 248
0.64421 0.0882452 0.486421 255 255 0
0.31133 0.39336 0.457192 67 67 187
-0.13548 -0.153345 0.663668 17 17 237
0.0597852 0.228101 0.628731 4 4 250
0.157526 -0.213478 0.636621 13 13 241
0.00566555 0.311556 0.564874 0 0 254
0.0286254 0.127413 0.671586 0 0 254
-0.340961 0.0671624 0.681161 78 78 176
0.190268 0.187544 0.649527 13 13 241
-0.254124 -0.161401 0.660614 55 55 199
0.201266 0.186468 0.649909 36 36 218
0.50836 -0.0581888 0.622025 202 202 52
0.281769 -0.184848 0.650226 67 67 187
0.420142 0.112297 0.652543 129 129 125
-0.355846 0.125771 0.665366 83 83 171
-0.10289 -0.00482942 0.690848 5 5 249
0.218925 0.136843 0.669373 25 25 229
0.564986 0.111103 0.567872 252 252 2
-0.157551 0.00803456 0.690061 26 26 228
0.0211116 -0.310816 0.565312 0 0 254
-0.0544838 -0.0198605 0.690056 1 1 253
-0.0703015 0.150599 0.664445 8 8 246
0.111938 0.117418 0.674913 2 2 252
0.522957 0.268085 0.506411 187 187 67
0.216275 -0.172154 0.656788 32 32 222
0.341817 -0.220525 0.626996 97 97 157
0.292534 0.395815 0.453387 49 49 205
0.471311 -0.0447492 0.644415 155 155 99
-0.146885 0.155006 0.663283 6 6 248
0.0698398 -0.240584 0.620947 2 2 252
-0.152581 -0.117437 0.675334 6 6 248
-0.0644759 -0.213943 0.636918 4 4 250
0.399637 0.0143116 0.673386 106 106 148
0.280251 -0.0917506 0.680987 68 68 186
0.42892 0.207928 0.610275 133 133 121
-0.0846816 -0.162749 0.660155 5 5 249
-0.172999 0.070687 0.684442 24 24 230
0.33401 0.183892 0.647296 97 97 157
0.24923 0.148039 0.665316 43 43 211
-0.156766 0.149488 0.664836 13 13 241
0.500832 0.31538 0.471039 179 179 75
0.521823 0.139823 0.591593 188 188 66
0.047853 0.0846292 0.682792 3 3 251
0.154942 -0.354993 0.516282 24 24 230
0.334081 -0.138321 0.664599 62 62 192
0.367615 0.152612 0.654336 74 74 180
0.274275 -0.178367 0.653924 53 53 201
0.254421 -0.0690721 0.685032 33 33 221
0.326602 0.095018 0.677451 76 76 178
0.269211 0.245306 0.61719 29 29 225
0.249827 0.145788 0.666604 37 37 217
0.230372 0.209289 0.63934 25 25 229
0.0769231 0.0532946 0.687037 4 4 250
0.105692 0.0426546 0.688233 7 7 247
0.1307 -0.0775038 0.683437 13 13 241
0.200039 -0.0182818 0.690059 39 39 215
0.456391 -0.0517459 0.649746 154 154 100
0.547516 -0.0815812 0.591698 218 218 36
-0.311728 0.0901208 0.679967 49 49 205
-0.393412 -0.0374146 0.67378 112 112 142
0.632924 -0.194471 0.436878 255 255 0
0.290769 0.0777945 0.683251 64 64 190
0.457481 -0.0187697 0.652201 130 130 124
0.223825 -0.121165 0.67408 36 36 218
0.0625901 -0.18664 0.649778 7 7 247
0.442348 0.138886 0.635464 134 134 120
0.335378 -0.0680545 0.681252 68 68 186
0.170971 -0.0134191 0.690579 15 15 239
-0.0491124 0.00532728 0.6903 1 1 253
0.609719 0.150211 0.504888 255 255 0
0.35008 -0.104527 0.672339 68 68 186
-0.391878 -0.0733891 0.669401 121 121 133
0.432629 -0.141239 0.638725 129 129 125
0.355853 0.0899205 0.673936 78 78 176
-0.201456 -0.0985899 0.679199 21 21 233
-0.211773 -0.0386587 0.68908 32 32 222
0.431762 0.177262 0.624862 130 130 124
0.122505 0.290077 0.584704 7 7 247
0.417989 -0.304188 0.541242 105 105 149
0.437489 0.130564 0.640293 139 139 115
-0.346728 -0.0350443 0.683464 68 68 186
0.626583 -0.174673 0.464015 255 255 0
0.112488 -0.0494682 0.68759 3 3 251
0.437385 -0.0600476 0.657141 161 161 93
-0.268941 -0.318655 0.557898 33 33 221
0.172063 0.0868621 0.681715 10 10 244
0.240013 0.245426 0.617402 29 29 225
-0.208373 -0.109369 0.676615 22 22 232
-0.0895657 0.0486344 0.688 2 2 252
0.402815 -0.0774656 0.665577 110 110 144
0.496802 0.0164073 0.632811 205 205 49
0.476796 -0.0699975 0.638074 193 193 61
0.311364 0.157843 0.66021 52 52 202
0.599291 0.0530841 0.550829 255 255 0
0.05055 -0.242558 0.619682 4 4 250
0.196031 -0.19451 0.646443 14 14 240
0.447811 -0.215142 0.59662 149 149 105
0.627999 -0.00155109 0.523027 255 255 0
0.448076 0.180698 0.616175 147 147 107
0.202437 -0.130725 0.671209 15 15 239
0.476728 0.262343 0.547361 195 195 59
0.308935 0.210104 0.637428 47 47 207
-0.0958809 0.154943 0.662526 2 2 252
0.540611 -0.00878342 0.606046 249 249 5
0.0663448 -0.119127 0.673961 2 2 252
0.565783 -0.0195589 0.58595 232 232 22
0.22146 0.291471 0.583665 42 42 212
0.286742 0.110111 0.67676 49 49 205
-0.261123 -0.208697 0.638886 33 33 221
0.231447 0.114387 0.675754 33 33 221
0.517339 -0.215135 0.5543 207 207 47
0.157073 0.174969 0.65521 21 21 233
0.246876 -0.214355 0.636453 48 48 206
-0.429648 0.231998 0.594996 113 113 141
0.371228 -0.138946 0.657669 73 73 181
0.400947 0.0713584 0.667729 123 123 131
0.0654493 -0.320191 0.557016 8 8 246
0.0698962 -0.122214 0.673815 3 3 251
0.208292 -0.339958 0.535989 20 20 234
0.104731 0.0954104 0.679781 15 15 239
-0.133814 -0.167041 0.658615 8 8 246
0.0229385 0.119274 0.673962 0 0 254
0.0667044 -0.251327 0.613801 8 8 246
-0.0664883 0.241423 0.620836 2 2 252
0.323489 0.110224 0.674026 71 71 183
-0.0966657 0.0474371 0.687721 3 3 251
0.466375 0.112787 0.632901 161 161 93
0.221348 0.127154 0.672182 19 19 235
0.00644137 0.234928 0.623906 0 0 254
0.378839 -0.0507167 0.676171 88 88 166
0.0460397 0.147517 0.665273 3 3 251
0.432484 0.084359 0.654838 167 167 87
-0.0472655 -0.352608 0.520855 1 1 253
0.281515 -0.00160474 0.690318 56 56 198
0.197828 0.272242 0.599094 15 15 239
0.406206 -0.1624 0.639629 118 118 136
-0.149878 -0.36554 0.5038 5 5 249
0.106491 -0.371955 0.492953 3 3 251
0.363801 -0.0037803 0.682138 93 93 161
0.325523 0.172175 0.653376 59 59 195
0.153249 0.0368387 0.689118 8 8 246
-0.00425107 -0.368208 0.499331 0 0 254
0.109473 0.155532 0.662854 8 8 246
-0.00747222 -0.281428 0.592167 0 0 254
0.226807 -0.229808 0.627357 30 30 224
0.552316 -0.106195 0.580363 225 225 29
-0.115836 0.204688 0.640997 7 7 247
0.432699 0.00634176 0.662401 136 136 118
0.263661 -0.112926 0.676439 55 55 199
-0.0199279 -0.296905 0.579219 0 0 254
0.226481 -0.435592 0.354771 33 33 221
0.265232 -0.0657507 0.685259 39 39 215
0.0667109 -0.107923 0.677489 2 2 252
0.034133 0.107515 0.677401 0 0 254
0.327156 -0.0464762 0.685117 66 66 188
0.0549506 -0.114294 0.676219 2 2 252
0.318976 -0.332483 0.541489 60 60 194
0.0494372 0.13803 0.668955 0 0 254
0.0265804 -0.078009 0.683775 1 1 253
0.366229 -0.0524632 0.678668 119 119 135
0.157857 0.0710111 0.684629 9 9 245
0.215091 -0.00595505 0.69041 38 38 216
-0.0900191 -0.00677454 0.690047 5 5 249
0.30938 -0.0901409 0.680056 43 43 211
-0.0529346 -0.0226327 0.689913 1 1 253
0.397753 -0.198903 0.626322 139 139 115
0.0835268 -0.00804357 0.690169 9 9 245
-0.172364 -0.186726 0.649723 25 25 229
0.27025 0.167504 0.657775 36 36 218
0.0826475 -0.126702 0.672014 5 5 249
-0.0519202 -2.62604e-05 0.69099 4 4 250
0.185785 -0.123865 0.673209 32 32 222
0.178371 0.133239 0.670005 28 28 226
0.130484 -0.105511 0.677907 10 10 244
0.317107 0.0849033 0.680698 58 58 196
0.155903 0.137211 0.669008 6 6 248
0.0115797 0.0811379 0.683536 0 0 254
0.246976 -0.0871474 0.681751 49 49 205
0.488643 0.0320196 0.636606 202 202 52
-0.108392 0.190969 0.647558 5 5 249
0.226211 0.30601 0.569799 32 32 222
-0.335481 0.0390145 0.684982 68 68 186
0.271128 0.323469 0.553398 49 49 205
0.318187 0.333916 0.538772 63 63 191
0.351605 -0.0975567 0.674021 82 82 172
0.380187 -0.0455509 0.675788 115 115 139
0.0721507 0.180822 0.652037 3 3 251
0.102866 -0.232455 0.625894 11 11 243
0.0296328 0.00565493 0.690938 2 2 252
0.508558 0.116826 0.608122 186 186 68
0.48733 0.227343 0.566709 150 150 104
0.189719 0.211268 0.637428 30 30 224
0.425648 0.0387063 0.664145 128 128 126
0.508575 0.214942 0.561814 181 181 73
0.451461 0.273541 0.552445 167 167 87
0.372214 0.16682 0.647087 126 126 128
0.169611 0.100366 0.678947 19 19 235
0.130368 0.127026 0.672284 20 20 234
-0.0793008 -0.000763428 0.690083 2 2 252
0.273588 -0.294622 0.580898 54 54 200
0.0837122 -0.244397 0.617933 8 8 246
0.0226158 -0.370384 0.495818 0 0 254
-0.460747 -0.0327478 0.650545 159 159 95
0.424646 -0.0837845 0.657222 119 119 135
0.133399 -0.108772 0.676811 8 8 246
0.490636 0.267302 0.533303 155 155 99
-0.16214 -0.0653956 0.685373 27 27 227
0.342107 -0.0855469 0.67748 97 97 157
0.0766456 0.108288 0.67733 3 3 251
0.144974 0.269364 0.601078 8 8 246
0.332963 0.00245052 0.686654 64 64 190
0.0809568 0.103491 0.678535 2 2 252
-0.0245728 0.0933383 0.680724 0 0 254
0.501561 0.199007 0.576428 172 172 82
0.457146 0.271446 0.550997 148 148 106
0.389158 0.141302 0.653442 108 108 146
0.211643 -0.212068 0.637551 21 21 233
-0.28843 0.339596 0.535426 40 40 214
0.167111 0.153053 0.66356 11 11 243
0.398049 0.0699012 0.667999 114 114 140
-0.0401293 -0.14677 0.666238 2 2 252
0.376826 0.191598 0.635536 113 113 141
-0.0742316 -0.000225824 0.690791 3 3 251
0.0257121 -0.0256683 0.689736 0 0 254
0.589802 0.121603 0.541102 255 255 0
-0.0245128 -0.372762 0.493048 0 0 254
0.359018 -0.148714 0.657305 96 96 158
0.134283 -0.0542868 0.686954 10 10 244
-0.0812002 -0.147034 0.6653 5 5 249
0.152742 -0.116399 0.675253 26 26 228
-0.129463 -0.0472567 0.688071 19 19 235
0.0675875 -0.0192643 0.690256 0 0 254
0.30488 0.13118 0.669626 55 55 199
0.236852 -0.147589 0.665385 26 26 228
-0.0890943 -0.178538 0.653642 4 4 250
0.141491 0.283378 0.590473 21 21 233
-0.0552618 -0.00198834 0.690886 1 1 253
-0.269371 -0.049903 0.688134 35 35 219
-0.0477792 -0.250023 0.614856 1 1 253
0.489999 -0.156159 0.605204 157 157 97
-0.0415102 0.127927 0.672094 2 2 252
-0.0361554 -0.282016 0.591601 1 1 253
0.192465 0.148577 0.665615 23 23 231
0.558854 0.0494783 0.587724 213 213 41
0.103906 0.408331 0.428993 10 10 244
-0.350849 0.288311 0.577687 88 88 166
0.265332 0.357257 0.514812 56 56 198
-0.191044 -0.0729124 0.684939 17 17 237
0.562038 -0.0918889 0.576448 245 245 9
-0.339473 -0.10183 0.674134 64 64 190
0.559237 0.0383737 0.589789 255 255 0
0.188679 -0.339226 0.536123 26 26 228
0.361592 0.0932061 0.672929 83 83 171
0.0384943 0.119116 0.674142 2 2 252
0.129204 0.342649 0.532889 17 17 237
-0.29312 -0.259134 0.607935 47 47 207
0.171068 -0.19117 0.647649 18 18 236
0.423329 -0.252828 0.582695 136 136 118
0.249692 -0.0552347 0.687343 31 31 223
-0.293944 0.0440962 0.687804 53 53 201
0.448508 0.0518033 0.653476 157 157 97
0.207203 0.332652 0.543959 15 15 239
0.0326214 -0.130837 0.670584 2 2 252
-0.0608731 -0.0533601 0.687684 1 1 253
0.271731 -0.250398 0.614162 36 36 218
0.46344 0.0646685 0.645322 154 154 100
0.252078 0.121177 0.673418 46 46 208
0.41098 0.129935 0.650128 96 96 158
0.0501787 0.288323 0.585672 6 6 248
0.326181 -0.0613634 0.68323 92 92 162
0.422337 0.27682 0.56469 150 150 104
0.254354 0.0114252 0.690346 59 59 195
0.553729 0.0981745 0.582236 245 245 9
-0.0799916 -0.238567 0.622078 10 10 244
0.0336221 0.256639 0.60994 4 4 250
0.26339 -0.352324 0.520419 50 50 204
0.300361 0.24369 0.618659 61 61 193
0.123568 0.0851151 0.682568 6 6 248
0.619544 0.0245917 0.532404 255 255 0
-0.145137 0.197387 0.64456 11 11 243
-0.0551401 -0.173511 0.656145 1 1 253
0.348958 -0.228928 0.62144 101 101 153
0.298714 0.168861 0.657383 71 71 183
0.0634912 0.11916 0.674301 1 1 253
0.610319 0.157012 0.498822 255 255 0
0.101126 0.0614908 0.685996 8 8 246
-0.0015128 -0.210258 0.638227 0 0 255
-0.386064 -0.227407 0.613653 120 120 134
0.452501 0.0619705 0.650551 141 141 113
0.228444 -0.106163 0.678042 19 19 235
0.533721 0.150156 0.579269 254 254 0
0.248833 -0.281312 0.592051 38 38 216
0.0729398 -0.0421301 0.688091 2 2 252
0.651102 0.0555793 0.485991 255 255 0
0.406404 0.316972 0.532151 141 141 113
0.413891 -0.288997 0.55787 107 107 147
0.376382 -0.356479 0.497288 95 95 159
0.0782437 0.267472 0.601781 2 2 252
0.179116 0.113254 0.675692 32 32 222
0.281176 0.181655 0.65184 50 50 204
0.526452 -0.0388007 0.61326 216 216 38
0.308289 0.253679 0.611352 46 46 208
-0.0203181 -0.344749 0.529588 0 0 254
0.342872 0.0592194 0.681552 87 87 167
0.00899858 0.300668 0.575506 0 0 254
0.388022 -0.312368 0.545732 130 130 124
0.126809 0.217645 0.634233 6 6 248
0.345898 -0.376855 0.475922 87 87 167
0.110671 -0.31825 0.559111 13 13 241
-0.328607 -0.271014 0.59588 74 74 180
-0.247484 0.117793 0.675184 26 26 228
0.386247 -0.264194 0.588375 119 119 135
-0.234079 0.328482 0.548718 34 34 220
-0.111771 -0.14696 0.665422 3 3 251
-0.388592 -0.11719 0.66046 97 97 157
0.407839 0.226584 0.607281 136 136 118
0.284727 2.88627e-05 0.690049 63 63 191
-0.178606 -0.292995 0.582093 10 10 244
0.506731 0.21191 0.564085 204 204 50
0.349202 0.245678 0.610142 84 84 170
0.154123 -0.254353 0.611229 11 11 243
0.216771 -0.109041 0.67666 32 32 222
0.0175305 0.0883121 0.681422 0 0 254
0.457251 0.196822 0.603416 155 155 99
0.186837 0.249835 0.614726 23 23 231
0.14169 -0.160958 0.660935 7 7 247
0.386084 0.256479 0.593845 100 100 154
0.0112892 -0.149217 0.665137 0 0 254
-0.341057 0.203818 0.636473 60 60 194
-0.0742678 -0.179908 0.652835 7 7 247
0.363685 -0.120735 0.665008 77 77 177
0.179745 0.168056 0.657951 25 25 229
-0.00397652 -0.257415 0.60929 0 0 254
0.132923 0.425483 0.385519 9 9 245
-0.137358 0.276759 0.595004 9 9 245
0.0802978 0.167538 0.658517 10 10 244
-0.147979 0.354738 0.518005 6 6 248
0.195971 -0.00835181 0.690327 29 29 225
0.316126 0.0730633 0.682707 59 59 195
0.43084 -0.0759004 0.657038 122 122 132
-0.382728 0.160033 0.647191 122 122 132
0.369306 -0.233874 0.613394 115 115 139
-0.29227 -0.168744 0.657739 52 52 202
0.0742328 0.0839158 0.682523 1 1 253
0.320084 -0.3272 0.546692 87 87 167
0.11058 0.37572 0.487933 7 7 247
-0.218072 -0.205113 0.640978 26 26 228
-0.463018 0.00134155 0.650731 149 149 105
0.33755 -0.0596538 0.682926 80 80 174
0.396874 0.279505 0.571776 104 104 150
0.0618438 -0.195313 0.645634 2 2 252
0.182196 0.120958 0.673939 23 23 231
0.405251 0.0716223 0.666338 120 120 134
-0.124043 -0.00650762 0.69072 5 5 249
0.415962 0.168382 0.63367 143 143 111
0.0860371 -0.117834 0.675217 2 2 252
-0.0538999 0.0634797 0.686057 0 0 254
0.278236 -0.211541 0.638029 33 33 221
-0.114686 0.0488871 0.688144 3 3 251
0.141483 0.371507 0.494868 17 17 237
0.456471 0.0772989 0.645653 181 181 73
-0.0281088 0.174448 0.654991 0 0 254
0.646226 -0.0363435 0.49684 255 255 0
0.377865 0.150895 0.652689 115 115 139
0.121437 0.167234 0.65846 10 10 244
-0.0980217 0.28169 0.59132 7 7 247
0.430839 -0.0513867 0.660373 134 134 120
-0.277907 0.29076 0.58352 40 40 214
0.0253496 0.249373 0.615365 0 0 254
0.0852604 -0.32866 0.547247 8 8 246
0.0250796 -0.0672453 0.685591 0 0 254
-0.396764 -0.127937 0.65461 95 95 159
0.332295 0.253316 0.607919 91 91 163
0.0766113 0.0129395 0.690634 1 1 253
0.276694 0.064457 0.685432 33 33 221
0.327428 -0.213168 0.633751 59 59 195
0.227621 -0.0138262 0.689812 42 42 212
0.149355 0.187714 0.649054 11 11 243
0.446796 0.0167189 0.656838 141 141 113
0.0525613 -0.0439157 0.688037 0 0 254
-0.260265 0.185442 0.651021 53 53 201
-0.298528 -0.159948 0.66067 42 42 212
0.267771 0.158109 0.6616 57 57 197
0.390612 0.164771 0.644215 111 111 143
0.173473 0.0753021 0.683941 12 12 242
0.405571 0.136236 0.650375 107 107 147
0.00383291 0.0466515 0.687734 0 0 254
0.333421 0.177033 0.650955 85 85 169
0.341602 -0.0239289 0.685034 97 97 157
-0.135659 -0.0882956 0.681993 18 18 236
-0.348593 -0.0152694 0.685105 73 73 181
0.591315 0.0920363 0.549585 255 255 0
0.403342 -0.221796 0.611852 123 123 131
-0.496299 0.111638 0.617413 164 164 90
0.2141 0.168891 0.657737 19 19 235
-0.139731 0.363113 0.507055 8 8 246
-0.222179 0.321857 0.555536 26 26 228
-0.0561248 0.0940681 0.680601 2 2 252
0.202607 0.087104 0.681998 15 15 239
0.321226 0.29447 0.577639 88 88 166
0.315117 0.0923121 0.679482 85 85 169
-0.0394961 -0.293161 0.582349 0 0 254
0.437901 0.180815 0.620661 135 135 119
0.181094 -0.176743 0.654525 30 30 224
0.295165 -0.0537411 0.686741 51 51 203
0.204151 0.214004 0.635827 37 37 217
0.158464 -0.0923413 0.680726 16 16 238
0.248357 -0.160376 0.660967 40 40 214
0.23653 0.272878 0.598143 28 28 226
-0.124601 -0.0636674 0.686071 4 4 250
0.258273 -0.0816004 0.682919 60 60 194
0.155141 -0.227782 0.628522 14 14 240
0.15161 -0.3963 0.45439 25 25 229
0.51481 0.260153 0.520542 239 239 15
-0.129375 0.0113544 0.690509 5 5 249
0.349427 -0.19553 0.639743 66 66 188
-0.00365549 0.080963 0.683479 0 0 254
0.0967648 0.110831 0.676295 7 7 247
0.163965 -0.0981435 0.679773 15 15 239
0.377161 -0.2104 0.62608 89 89 165
0.570986 0.160074 0.542054 228 228 26
0.0141678 -0.0447138 0.688288 1 1 253
0.0988808 0.341515 0.533165 13 13 241
-0.10507 -0.179978 0.65257 10 10 244
-0.121125 -0.00796832 0.690764 15 15 239
0.502057 -0.0746801 0.622785 198 198 56
0.567293 0.0977365 0.570775 255 255 0
-0.361167 -0.142079 0.65884 87 87 167
-0.209685 -0.108801 0.676946 43 43 211
0.0134444 -0.0408671 0.68903 1 1 253
0.344376 0.333156 0.535859 82 82 172
0.460288 0.141252 0.626849 134 134 120
0.0288253 0.183453 0.651895 2 2 252
0.359299 0.15626 0.654809 107 107 147
0.182468 0.0896103 0.681132 22 22 232
0.0484768 -0.241875 0.619599 5 5 249
-0.0387551 0.0049301 0.690034 0 0 254
-0.23964 0.236188 0.624059 27 27 227
0.229927 -0.150817 0.66488 49 49 205
-0.0511965 -0.194049 0.646611 0 0 254
0.00391179 0.0526215 0.687227 0 0 254
0.255922 -0.221054 0.632308 32 32 222
0.376948 -0.0289657 0.678461 105 105 149
0.0259118 0.0167726 0.690243 1 1 253
-0.012293 0.0981816 0.679219 0 0 254
0.526758 -0.0581897 0.610505 233 233 21
0.538097 0.320238 0.420028 228 228 26
0.0583307 -0.194922 0.646419 2 2 252
0.411093 0.234696 0.600334 105 105 149
0.470808 -0.0451544 0.643871 185 185 69
0.436223 0.00113142 0.662087 126 126 128
-0.0422494 -0.402562 0.442605 0 0 254
0.353522 0.398077 0.436582 75 75 179
0.376257 0.163884 0.647486 113 113 141
0.184953 0.110165 0.676776 16 16 238
0.396221 0.0957956 0.664285 130 130 124
0.324405 0.0345623 0.687081 93 93 161
0.2808 0.000800913 0.690675 45 45 209
0.577696 -0.118373 0.553836 239 239 15
0.30179 -0.106416 0.67709 78 78 176
-0.130618 0.24601 0.617058 8 8 246
0.289063 0.05015 0.687956 53 53 201
0.404626 0.172115 0.63616 140 140 114
0.457228 -0.0248369 0.652783 158 158 96
0.233563 0.209337 0.638612 39 39 215
0.0145381 0.185052 0.650664 0 0 254
0.374129 -0.0998944 0.668095 111 111 143
0.307186 -0.181787 0.650927 47 47 207
0.544839 0.158084 0.565811 228 228 26
-0.294912 0.153042 0.663431 54 54 200
0.0244886 -0.240646 0.62072 0 0 254
0.16362 -0.165328 0.658625 16 16 238
-0.340356 -0.164105 0.655265 79 79 175
0.532128 -0.0624295 0.606366 218 218 36
0.447332 -0.219407 0.595232 154 154 100
0.334639 -0.183695 0.647317 80 80 174
0.536863 0.185802 0.557872 244 244 10
0.23117 0.194427 0.646046 47 47 207
0.241595 -0.0712348 0.684405 46 46 208
-0.119901 0.0765556 0.683721 7 7 247
0.0327657 0.189973 0.648428 0 0 254
-0.278427 0.256557 0.610531 40 40 214
-0.106252 0.398189 0.44954 9 9 245
-0.0951755 0.20503 0.641083 1 1 253
0.125864 -0.00379434 0.690097 13 13 241
0.13547 -0.0512064 0.687801 8 8 246
-0.186861 0.286896 0.587204 12 12 242
0.359981 0.193915 0.637784 96 96 158
0.204596 0.0629048 0.686084 17 17 237
-0.165605 -0.155326 0.66311 13 13 241
0.264581 -0.229769 0.626946 51 51 203
0.405751 -0.194305 0.625958 116 116 138
0.47571 -0.157207 0.613302 148 148 106
-0.139183 0.161826 0.660438 8 8 246
0.42745 -0.171839 0.628134 125 125 129
0.298897 -0.140098 0.667934 71 71 183
0.429577 -0.196864 0.615664 163 163 91
-0.23801 -0.232928 0.625765 28 28 226
0.131737 -0.316223 0.560584 6 6 248
0.324765 -0.242938 0.616617 82 82 172
0.29485 0.301276 0.573822 44 44 210
0.201529 -0.19777 0.64442 14 14 240
0.214212 0.162492 0.659648 19 19 235
0.530122 0.0317656 0.611211 228 228 26
-0.0118241 -0.225171 0.630069 1 1 253
-0.0384589 0.394324 0.456318 2 2 252
-0.312681 -0.197178 0.643116 60 60 194
0.422102 -0.0544905 0.662978 127 127 127
-0.0271814 0.0769271 0.684094 0 0 254
0.0678509 -0.0719993 0.684276 2 2 252
0.3904 -0.112825 0.661427 108 108 146
-0.156191 0.0626012 0.686592 20 20 234
0.676743 -0.172318 0.356417 255 255 0
-0.180982 0.0122473 0.690286 20 20 234
0.387915 -0.219632 0.617966 115 115 139
0.370571 -0.0387549 0.678785 86 86 168
0.240429 0.0235985 0.690056 53 53 201
0.361219 0.13157 0.662351 113 113 141
0.401939 -0.118329 0.657012 118 118 136
0.120427 -0.0272819 0.689305 10 10 244
-0.172765 0.0795268 0.683725 14 14 240
0.62103 0.102681 0.511782 255 255 0
0.402376 -0.180412 0.633208 125 125 129
-0.241367 0.0524838 0.687307 30 30 224
-0.0150611 -0.0956595 0.68028 0 0 254
0.427033 0.0485904 0.662392 151 151 103
0.394113 0.199273 0.626949 128 128 126
0.369175 -0.103317 0.668565 95 95 159
-0.185194 0.0874738 0.682067 17 17 237
0.376124 -0.108499 0.665576 105 105 149
0.251025 0.14739 0.665933 30 30 224
-0.396462 0.109691 0.66061 128 128 126
0.357006 0.290758 0.574741 93 93 161
0.243123 0.195811 0.645694 42 42 212
-0.0741675 -0.239711 0.621237 8 8 246
-0.0711513 -0.0691099 0.68474 2 2 252
0.414888 -0.038906 0.666893 103 103 151
0.334514 0.159756 0.657177 97 97 157
0.367717 0.058313 0.6772 109 109 145
0.226806 0.0301703 0.689575 19 19 235
0.118328 0.178334 0.6539 5 5 249
0.421725 -0.211527 0.610862 122 122 132
0.00779552 0.304 0.572559 0 0 254
0.130097 0.222405 0.631448 9 9 245
-0.0136852 0.23182 0.625943 2 2 252
0.180669 -0.336275 0.54013 15 15 239
-0.0851434 -0.0366473 0.68851 5 5 249
-0.257229 0.186269 0.650498 35 35 219
0.408486 -0.0893526 0.66195 133 133 121
0.146866 0.141667 0.667343 15 15 239
-0.378801 0.0498289 0.676385 96 96 158
0.106402 0.167436 0.657883 5 5 249
-0.0149876 -0.182332 0.651886 2 2 252
-0.166399 0.0312084 0.689556 14 14 240
0.0891005 0.114248 0.675294 8 8 246
-0.0204277 -0.070241 0.685362 0 0 254
-0.428921 -0.0902732 0.654563 139 139 115
0.245996 0.32559 0.551425 45 45 209
-0.103259 -0.423135 0.394175 2 2 252
0.0849791 -0.154239 0.663368 0 0 254
0.289184 0.182091 0.65203 37 37 217
-0.172087 -0.114308 0.675718 14 14 240
0.295821 -0.0558271 0.686644 47 47 207
0.38885 0.33717 0.516348 103 103 151
0.687516 -0.00727241 0.425419 255 255 0
0.303271 0.0606909 0.686036 66 66 188
0.370456 -0.114725 0.666013 101 101 153
0.196825 0.0158693 0.690254 16 16 238
-0.428285 0.140797 0.640359 153 153 101
0.341467 0.189411 0.643412 94 94 160
-0.183395 0.332754 0.543003 12 12 242
0.424621 0.112735 0.650722 109 109 145
0.225817 0.129878 0.671139 27 27 227
0.289581 0.304317 0.571316 59 59 195
0.650157 0.079871 0.480809 255 255 0
-0.347602 0.260087 0.601087 78 78 176
-0.276101 -0.202325 0.642713 32 32 222
0.19681 -0.00181652 0.690088 18 18 236
0.173938 -0.0513343 0.687099 20 20 234
0.252264 -0.256137 0.610726 40 40 214
0.518686 -0.266402 0.511669 236 236 18
0.652692 0.0692098 0.479481 255 255 0
-0.172422 -0.177025 0.654207 12 12 242
0.194345 0.189633 0.648131 25 25 229
0.42178 0.179071 0.627666 133 133 121
0.468827 -0.0124193 0.647462 153 153 101
0.533105 -0.201086 0.551713 216 216 38
0.0806751 0.0438031 0.688151 2 2 252
0.553227 -0.143489 0.566203 224 224 30
0.217975 -0.36617 0.502267 41 41 213
0.261551 0.0132282 0.690062 56 56 198
0.437099 -0.0670551 0.655968 159 159 95
0.526625 -0.184164 0.566678 199 199 55
-0.196173 0.331277 0.544367 20 20 234
0.600242 -0.171136 0.504024 255 255 0
0.42252 0.0456846 0.664386 120 120 134
0.402898 -0.152546 0.644529 119 119 135
0.301518 0.256254 0.609932 45 45 209
-0.235715 -0.0305519 0.689711 26 26 228
0.258568 0.122659 0.673133 43 43 211
0.0960293 -0.123835 0.672988 4 4 250
0.377456 0.182078 0.639262 93 93 161
-0.24552 0.300511 0.57609 39 39 215
0.102498 0.158827 0.661553 4 4 250
0.333304 -0.0974453 0.675953 61 61 193
0.163991 -0.0994945 0.679662 12 12 242
0.531791 -0.213724 0.543896 255 255 0
-0.36182 -0.0383877 0.68043 79 79 175
0.0190538 0.0267658 0.689638 0 0 254
0.484785 -0.07811 0.632576 188 188 66
0.422307 -0.240785 0.591582 139 139 115
0.434298 -0.113928 0.646257 131 131 123
0.393931 -0.0208204 0.675053 99 99 155
0.0131464 -0.234409 0.624579 0 0 254
0.528045 -0.0671203 0.608244 188 188 66
0.562239 -0.0368156 0.586852 255 255 0
-0.18959 0.0903075 0.681312 21 21 233
0.150948 0.197164 0.644502 15 15 239
0.457298 0.208914 0.596573 139 139 115
0.336326 -0.330733 0.539267 97 97 157
-0.21904 0.116233 0.675591 35 35 219
0.306294 0.305627 0.568915 83 83 171
0.39758 0.0210101 0.673985 122 122 132
-0.364223 -0.117771 0.666402 109 109 145
-0.161225 0.365 0.503877 26 26 228
-0.146144 0.0870639 0.681815 23 23 231
0.422337 -0.0817159 0.658481 162 162 92
-0.0165005 0.0326472 0.689208 0 0 254
-0.140008 0.0662093 0.685711 15 15 239
0.0801908 -0.205305 0.640904 3 3 251
0.41284 -0.36431 0.466787 147 147 107
0.303875 0.394368 0.45631 60 60 194
-0.117435 -0.15172 0.663736 12 12 242
-0.05719 -0.201828 0.642309 6 6 248
0.544035 0.118545 0.583387 255 255 0
0.612171 0.23545 0.428027 255 255 0
0.150334 0.333831 0.542034 10 10 244
-0.147584 -0.151983 0.664101 8 8 246
-0.390028 -0.298001 0.557779 86 86 168
0.326554 -0.156274 0.659632 60 60 194
0.515171 -0.00762779 0.623104 191 191 63
0.479635 0.0946676 0.631567 160 160 94
0.383517 0.0894248 0.668208 110 110 144
0.120063 -0.0811473 0.683041 18 18 236
0.148685 -0.356659 0.514702 12 12 242
0.137522 -0.259851 0.607624 7 7 247
-0.0232855 0.246069 0.617783 0 0 254
0.517484 -0.123246 0.601159 185 185 69
0.0166185 0.160249 0.66094 0 0 254
0.382679 0.17611 0.64088 116 116 138
0.40423 0.300525 0.550115 127 127 127
-0.131843 -0.204023 0.641975 6 6 248
0.382832 0.131551 0.657925 102 102 152
0.492398 -0.305795 0.491554 183 183 71
0.0377446 -0.0512625 0.687342 0 0 254
0.480077 -0.115657 0.624806 155 155 99
0.12982 0.0954627 0.680515 13 13 241
0.515625 -0.0149818 0.622396 205 205 49
0.0617136 -0.116658 0.675142 1 1 253
0.292572 0.347204 0.526927 46 46 208
0.00614222 -0.0396878 0.68858 1 1 253
-0.0476269 -0.177093 0.653956 2 2 252
0.354182 0.281244 0.583764 95 95 159
0.373694 0.0802158 0.673043 121 121 133
0.4246 0.0512232 0.663206 136 136 118
-0.100777 0.0261374 0.689476 9 9 245
-0.051135 0.328711 0.548127 2 2 252
0.615227 -0.0454371 0.533784 255 255 0
-0.000494474 0.12654 0.672686 0 0 254
0.110581 0.337993 0.537215 10 10 244
0.321198 0.205074 0.638379 67 67 187
-0.0667341 -0.011771 0.69054 3 3 251
-0.262999 0.213431 0.637219 38 38 216
0.295172 -0.0796904 0.682742 64 64 190
0.236419 -0.331662 0.545092 44 44 210
0.108488 -0.259137 0.607906 13 13 241
0.0533525 0.00155889 0.690196 2 2 252
0.00764479 -0.128334 0.671972 0 0 254
0.421587 0.116004 0.650447 148 148 106
0.499989 0.33312 0.445592 179 179 75
0.18759 0.261047 0.607123 19 19 235
-0.0094478 -0.133021 0.670459 0 0 254
0.399258 0.21075 0.619313 109 109 145
0.281326 -0.32196 0.554245 37 37 217
-0.0607122 0.0287129 0.689595 0 0 254
0.542415 0.0356139 0.602528 254 254 0
0.415283 0.275517 0.56896 134 134 120
0.123409 0.0728831 0.684762 3 3 251
0.375211 -0.0240885 0.679435 85 85 169
0.226591 -0.124031 0.673175 34 34 220
0.393633 0.0496426 0.671935 131 131 123
0.338981 0.220591 0.62736 86 86 168
0.226857 0.143673 0.666715 22 22 232
0.37499 0.196546 0.632993 80 80 174
-0.0199617 0.0220824 0.689982 0 0 254
0.103714 -0.106947 0.678019 2 2 252
0.0688008 0.106405 0.67819 1 1 253
0.561875 0.0264324 0.588448 240 240 14
0.389149 0.0835081 0.668682 94 94 160
-0.00195831 -0.202844 0.642439 1 1 253
-0.235805 -0.29556 0.579288 34 34 220
0.153026 0.257389 0.609795 10 10 244
-0.0611815 -0.00182727 0.690263 2 2 252
0.0709829 -0.143922 0.667077 3 3 251
0.284194 -0.283862 0.589747 42 42 212
0.229572 0.0927306 0.68066 27 27 227
0.577932 0.1334 0.547687 255 255 0
0.35604 0.234616 0.616881 85 85 169
0.330307 0.0941265 0.6771 81 81 173
-0.0338112 0.0928624 0.681188 0 0 254
-0.118662 0.142419 0.666963 17 17 237
-0.00695283 0.00373788 0.690144 0 0 254
0.126202 0.149582 0.66536 8 8 246
-0.0312951 -0.163843 0.660113 0 0 254
0.363282 0.0395536 0.680018 111 111 143
0.455732 -0.014667 0.653382 183 183 71
0.292707 0.0782688 0.683596 49 49 205
-0.0319658 0.103272 0.678178 0 0 254
0.314402 0.159147 0.659848 56 56 198
-0.0218743 0.182791 0.651775 0 0 254
0.0746611 -0.332533 0.544333 2 2 252
0.240803 0.268381 0.602192 31 31 223
0.150016 0.0516496 0.687954 8 8 246
0.21419 -0.216837 0.635304 20 20 234
0.189446 -0.225565 0.630022 32 32 222
0.443046 0.0622646 0.6541 149 149 105
0.326624 0.230491 0.623457 64 64 190
0.220061 0.121044 0.67351 42 42 212
-0.136084 0.281423 0.591341 8 8 246
0.0561079 0.122213 0.673806 6 6 248
-0.10684 -0.103302 0.678616 9 9 245
0.044595 0.0716589 0.685151 6 6 248
-0.0656246 -0.0400127 0.688784 2 2 252
-0.0225153 0.151522 0.663766 0 0 254
0.438865 0.212665 0.603143 161 161 93
0.347957 -0.0478016 0.68265 93 93 161
0.347415 -0.0653129 0.680385 96 96 158
-0.00046072 0.381871 0.478208 0 0 254
0.282476 -0.0481166 0.687975 64 64 190
0.445277 0.26099 0.566273 144 144 110
-0.320464 0.150251 0.662635 60 60 194
-0.0784647 0.242734 0.618964 1 1 253
-0.0890085 -0.304692 0.571565 3 3 251
0.36558 0.0232639 0.681677 100 100 154
0.474811 -0.0672043 0.638973 171 171 83
0.559969 -0.0973359 0.577153 214 214 40
0.399864 0.126249 0.655216 117 117 137
-0.0213847 -0.033833 0.689628 0 0 254
-0.360926 0.162804 0.651142 77 77 177
-0.0376915 -0.103264 0.678563 0 0 254
0.463579 -0.168097 0.614361 166 166 88
0.0154666 0.108374 0.677521 0 0 254
0.523642 -0.135682 0.59155 208 208 46
-0.341924 -0.077572 0.678692 100 100 154
0.0933706 -0.0231767 0.690257 7 7 247
0.117401 0.345011 0.529994 12 12 242
-0.0513775 -0.197806 0.645106 0 0 254
-0.114683 0.0523533 0.68763 2 2 252
0.442325 0.172805 0.621491 170 170 84
-0.0869375 0.114283 0.675516 5 5 249
0.236083 0.275363 0.596954 30 30 224
0.350408 -0.0869338 0.675766 77 77 177
0.249759 0.192964 0.647031 47 47 207
0.249375 -0.114488 0.675634 47 47 207
0.570674 0.0855614 0.571255 255 255 0
0.0908751 0.286992 0.587316 12 12 242
0.0202044 -0.13109 0.670991 0 0 254
0.189704 -0.00248085 0.690239 16 16 238
-0.382156 -0.0882898 0.668946 86 86 168
0.312506 -0.313487 0.561927 65 65 189
0.195616 0.213959 0.636001 19 19 235
-0.298042 -0.240709 0.620409 41 41 213
0.183503 -0.0973602 0.680102 26 26 228
-0.167128 0.297582 0.57859 18 18 236
0.502458 0.12627 0.60932 163 163 91
0.32612 0.00442307 0.687783 54 54 200
0.389107 0.307048 0.549899 133 133 121
0.46775 0.22447 0.581388 197 197 57
-0.00692273 0.343456 0.531357 0 0 254
0.25881 0.0133289 0.690725 35 35 219
0.403863 -0.222232 0.611304 134 134 120
0.43813 -0.198072 0.610702 118 118 136
-0.380988 -0.253317 0.598027 124 124 130
0.176315 -0.11509 0.675289 30 30 224
0.00901251 0.216738 0.634931 1 1 253
0.479062 -0.0715269 0.635929 188 188 66
0.559444 -0.142995 0.560831 255 255 0
0.381567 0.019746 0.678236 113 113 141
0.331453 0.305631 0.566757 66 66 188
-0.0417315 0.226554 0.629734 4 4 250
0.183953 -0.153185 0.663844 34 34 220
0.249813 -0.221468 0.632055 49 49 205
0.171912 -0.43698 0.346132 29 29 225
0.258494 -0.0658696 0.685552 48 48 206
0.274903 0.0552057 0.686906 45 45 209
0.471568 0.114866 0.630509 158 158 96
-0.476777 0.19653 0.59335 146 146 108
0.0407737 0.308555 0.568018 0 0 254
0.0820838 -0.15548 0.662536 6 6 248
0.0776776 0.120454 0.674117 6 6 248
0.339983 -0.125662 0.667861 99 99 155
-0.204588 -0.195163 0.646065 37 37 217
0.252718 0.187091 0.649217 48 48 206
0.216215 0.239774 0.621063 33 33 221
0.00997026 0.152283 0.663686 0 0 254
-0.152326 -0.081667 0.683078 10 10 244
0.261233 0.0654721 0.685848 51 51 203
-0.0264114 0.106131 0.678192 0 0 254
-0.15567 -0.276375 0.595029 17 17 237
0.43191 0.00105071 0.66343 134 134 120
-0.214435 0.0713636 0.684904 38 38 216
0.176541 -0.0949352 0.680448 18 18 236
0.234943 -0.20711 0.640247 47 47 207
0.221744 0.0610101 0.686305 24 24 230
0.359843 0.385252 0.457378 99 99 155
0.166383 -0.0800116 0.683626 27 27 227
-0.0248511 -0.135197 0.670065 0 0 254
-0.207974 0.0363881 0.689199 26 26 228
0.400907 0.207624 0.620536 101 101 153
0.575162 -0.227982 0.489637 255 255 0
-0.275567 0.188424 0.649157 58 58 196
0.512244 -0.0125212 0.624809 217 217 37
0.239806 0.124074 0.672798 34 34 220
-0.269959 0.255929 0.611163 46 46 208
0.118078 -0.183845 0.651086 12 12 242
-0.195061 -0.0428905 0.688738 16 16 238
-0.389393 0.18691 0.63394 106 106 148
-0.046716 0.159636 0.661548 0 0 254
-0.292098 -0.278232 0.593863 52 52 202
-0.307472 0.0445601 0.686896 56 56 198
0.294164 -0.16564 0.658388 51 51 203
0.22009 -0.0238427 0.690352 44 44 210
0.235639 0.0824076 0.682986 35 35 219
0.12648 0.21097 0.637727 5 5 249
0.301401 -0.273813 0.596271 51 51 203
0.263059 -0.0799959 0.683803 29 29 225
0.437894 -0.173478 0.623718 123 123 131
0.316844 -0.334202 0.538547 66 66 188
0.0753969 0.13828 0.668568 4 4 250
0.227231 0.182878 0.651241 39 39 215
0.397703 0.0491693 0.671023 101 101 153
0.359941 0.129765 0.663594 117 117 137
0.477933 0.00374051 0.643981 186 186 68
0.547439 -0.0358122 0.598442 243 243 11
0.340546 0.351918 0.513262 89 89 165
0.489283 -0.0930303 0.626853 190 190 64
0.435803 0.0456531 0.659386 153 153 101
0.187436 0.0601149 0.686296 12 12 242
0.125994 -0.197781 0.64451 9 9 245
0.248507 0.0892819 0.681471 38 38 216
0.577289 -0.065652 0.570052 255 255 0
-0.401517 -0.05765 0.669299 120 120 134
0.298968 -0.0672319 0.684539 45 45 209
0.0549043 0.197251 0.644513 0 0 254
0.475266 0.204887 0.589515 169 169 85
-0.404775 0.104294 0.659348 142 142 112
0.395358 -0.045035 0.672153 99 99 155
0.280706 0.184822 0.650571 46 46 208
-0.241379 0.0228362 0.689709 47 47 207
-0.148994 -0.141202 0.667718 9 9 245
0.153873 0.124326 0.673163 8 8 246
0.466033 -0.14775 0.621734 157 157 97
-0.357325 0.075955 0.676316 96 96 158
0.403157 -0.255047 0.588871 95 95 159
0.192776 -0.186809 0.649724 34 34 220
0.289998 -0.3303 0.54555 58 58 196
-0.153572 0.231992 0.626026 18 18 236
0.38356 0.250495 0.59927 103 103 151
0.0628638 -0.0391371 0.689061 1 1 253
-0.053763 0.181479 0.652704 1 1 253
-0.0378178 -0.0858998 0.682731 0 0 254
0.268702 -0.150722 0.664291 49 49 205
0.103968 0.124304 0.672934 2 2 252
0.124522 -0.0512898 0.687897 5 5 249
0.326006 0.11216 0.673299 95 95 159
-0.37193 -0.0508762 0.677545 82 82 172
0.106049 -0.067813 0.685247 11 11 243
-0.195665 -0.02497 0.68975 19 19 235
0.122264 -0.248816 0.615954 8 8 246
0.0877305 0.180191 0.652493 9 9 245
0.296836 -0.0354654 0.688458 47 47 207
0.489463 -0.108177 0.622681 167 167 87
0.233285 0.124733 0.672722 32 32 222
0.0450376 0.150299 0.664685 0 0 254
0.310243 0.167821 0.656989 82 82 172
-0.0426208 0.200694 0.643698 0 0 254
-0.3526 0.0784877 0.677382 70 70 184
0.416634 0.101682 0.655923 131 131 123
0.545632 -0.137091 0.574676 209 209 45
-0.177115 0.111953 0.676132 10 10 244
0.43094 -0.214405 0.604674 160 160 94
0.188639 -0.0295645 0.689708 19 19 235
-0.295498 0.034549 0.688478 57 57 197
0.00430066 0.0140935 0.690316 0 0 254
-0.100375 0.025087 0.690275 8 8 246
0.639289 0.0228103 0.506936 255 255 0
0.0490247 0.0961649 0.680296 1 1 253
0.189374 0.00210566 0.690956 28 28 226
-0.488254 -0.146488 0.610391 169 169 85
0.0957095 -0.336573 0.539348 2 2 252
0.146658 -0.13373 0.670388 8 8 246
-0.204258 -0.303405 0.572743 35 35 219
0.504307 0.0367056 0.627794 174 174 80
0.56336 -0.130653 0.563286 247 247 7
-0.172711 -0.168473 0.658025 18 18 236
-0.101616 0.00696804 0.690869 12 12 242
-0.166335 -0.243443 0.618612 13 13 241
-0.0685512 -0.291282 0.582999 5 5 249
0.0587663 0.110427 0.676853 2 2 252
0.376256 -0.0913464 0.669662 118 118 136
0.543696 -0.0797278 0.594743 251 251 3
-0.00730395 -0.327623 0.549 0 0 254
-0.0939416 -0.0708626 0.685353 2 2 252
-0.157328 0.320757 0.556507 11 11 243
0.38725 0.0427273 0.674874 113 113 141
0.410247 0.0285835 0.669569 104 104 150
0.0252837 0.135886 0.669813 0 0 254
0.363383 0.0855078 0.673605 116 116 138
0.339722 0.172544 0.650917 77 77 177
0.576243 0.0178113 0.576736 255 255 0
0.0273814 0.00150668 0.690457 0 0 254
0.156013 -0.212342 0.636773 13 13 241
0.473132 -0.253537 0.557415 205 205 49
0.191828 0.198217 0.644463 28 28 226
0.261219 0.0336871 0.689475 35 35 219
0.138308 -0.163104 0.660112 4 4 250
0.558738 0.120268 0.571023 250 250 4
0.104389 0.01832 0.690622 8 8 246
0.478226 -0.224081 0.575761 183 183 71
0.0622449 0.103473 0.678394 2 2 252
0.125348 0.205626 0.641323 8 8 246
0.0595537 -0.132398 0.670667 1 1 253
0.209504 0.299425 0.576412 15 15 239
0.388923 0.060191 0.672351 123 123 131
0.104344 0.136078 0.669499 4 4 250
-0.233409 0.0254832 0.689905 36 36 218
0.291866 0.153394 0.663807 51 51 203
0.445246 0.121528 0.640053 121 121 133
-0.372637 0.20919 0.627347 112 112 142
0.483997 -0.138385 0.615093 203 203 51
0.453687 0.0696991 0.648304 155 155 99
0.062592 0.0862019 0.6825 0 0 254
0.242495 -0.328811 0.547274 25 25 229
0.352983 -0.0177403 0.683956 74 74 180
-0.164833 0.302177 0.574485 29 29 225
-0.294904 0.354228 0.517971 41 41 213
0.0764995 0.324045 0.55331 2 2 252
0.460497 -0.049332 0.648526 174 174 80
0.335707 -0.118986 0.670691 58 58 196
0.201002 0.0893261 0.681645 37 37 217
0.390469 0.237423 0.606006 88 88 166
0.379524 -0.0832273 0.6708 88 88 166
-0.0360933 0.276093 0.596391 0 0 254
-0.150515 0.135061 0.669945 9 9 245
0.117088 -0.339018 0.537004 16 16 238
0.306411 -0.389363 0.463624 47 47 207
0.354107 0.0970422 0.672986 72 72 182
0.0527401 0.0422205 0.688928 0 0 254
0.451328 -0.0419609 0.653969 155 155 99
0.0365703 0.191049 0.647767 2 2 252
0.0562498 -0.0870623 0.681751 1 1 253
0.350065 0.263501 0.597498 92 92 162
0.454948 0.307061 0.517513 180 180 74
0.49201 0.00394282 0.636675 217 217 37
0.410952 0.0617373 0.665451 126 126 128
0.143914 -0.0712408 0.684979 20 20 234
-0.00982818 0.137663 0.668651 0 0 254
0.190102 0.152184 0.664045 13 13 241
-0.0834053 0.202275 0.642173 7 7 247
0.397613 -0.0678363 0.66922 132 132 122
0.568883 0.158257 0.544574 255 255 0
0.331164 -0.0214811 0.68707 57 57 197
0.0637222 -0.0629543 0.685877 0 0 254
0.634795 -0.0804786 0.50141 255 255 0
0.168656 0.0708068 0.684916 16 16 238
0.331601 -0.0038211 0.687524 86 86 168
-0.190188 -0.12347 0.673256 20 20 234
0.549924 -0.0867155 0.588249 255 255 0
0.183802 -0.311629 0.565776 31 31 223
0.0631562 0.158396 0.6622 0 0 254
0.36669 -0.35488 0.501861 86 86 168
-0.0874256 0.0414874 0.688567 4 4 250
-0.196599 0.0789124 0.683801 20 20 234
0.173514 0.109711 0.677251 17 17 237
0.354473 0.167288 0.651004 90 90 164
0.380219 0.0819669 0.67117 87 87 167
-0.0547695 0.00258397 0.690522 0 0 254
0.550936 -0.0398794 0.596118 248 248 6
0.0274261 0.149487 0.664797 0 0 254
-0.0312809 -0.0129983 0.690395 0 0 254
0.231628 -0.354535 0.518053 27 27 227
-0.0821624 0.081348 0.682671 6 6 248
0.478259 0.206472 0.586308 176 176 78
-0.0268417 -0.133022 0.67047 0 0 254
0.363463 0.128663 0.662932 96 96 158
0.604797 -0.0485102 0.545067 255 255 0
-0.322089 -0.0222461 0.6874 71 71 183
0.259132 0.0867787 0.682384 33 33 221
0.106045 0.135453 0.669541 2 2 252
-0.239987 -0.202907 0.641804 26 26 228
0.431311 -0.0193977 0.662947 156 156 98
0.319863 -0.427102 0.375247 86 86 168
0.0871584 -0.0597719 0.686249 1 1 253
-0.118142 -0.124798 0.673255 7 7 247
0.0309467 -0.0947454 0.680812 2 2 252
0.174115 0.0418774 0.688479 14 14 240
0.299816 0.230199 0.626128 54 54 200
0.025633 0.0376645 0.688541 1 1 253
0.47468 0.162128 0.61076 164 164 90
0.249713 0.347123 0.5276 44 44 210
0.346262 0.082506 0.677688 97 97 157
0.665487 -0.101152 0.444382 255 255 0
0.167202 0.162882 0.65984 14 14 240
0.247669 -0.164118 0.659104 31 31 223
0.0843114 -0.0606266 0.686154 4 4 250
0.328487 0.234546 0.62122 78 78 176
-0.231907 0.223615 0.631533 32 32 222
-0.163938 -0.086858 0.682535 13 13 241
0.420179 0.1848 0.625613 125 125 129
0.33878 0.138713 0.664345 95 95 159
0.408762 0.0963618 0.659703 149 149 105
0.125194 0.0799895 0.682883 7 7 247
0.0162145 -0.247684 0.615651 0 0 254
-0.165152 -0.36282 0.506811 21 21 233
0.0216559 -0.138704 0.668091 0 0 254
0.534585 0.126663 0.587708 238 238 16
-0.0428145 0.114458 0.675829 0 0 254
0.0563248 0.0876253 0.682075 4 4 250
0.335074 -0.1282 0.667702 74 74 180
-0.26935 -0.28221 0.591436 51 51 203
0.334697 -0.374867 0.482273 83 83 171
0.181869 -0.0148955 0.69033 16 16 238
0.0393211 -0.173043 0.65619 1 1 253
0.603181 -0.0621395 0.544859 255 255 0
0.361031 0.145136 0.658733 113 113 141
-0.146553 -0.0198269 0.689856 9 9 245
-0.308139 0.125007 0.671932 60 60 194
0.280638 -0.0457009 0.688284 42 42 212
0.235047 -0.178724 0.653652 46 46 208
0.0847763 -0.183953 0.650674 2 2 252
0.247918 -0.215329 0.635101 32 32 222
0.0163164 -0.0413693 0.688829 2 2 252
0.412444 -0.0232475 0.669126 143 143 111
0.340553 0.372423 0.485212 102 102 152
0.387517 -0.228369 0.612205 127 127 127
0.427281 0.197683 0.615908 133 133 121
0.668696 0.000463139 0.46245 255 255 0
0.193181 0.215487 0.635263 13 13 241
0.445929 0.230324 0.588042 131 131 123
0.422791 -0.220686 0.604772 129 129 125
0.612766 0.0645048 0.534477 255 255 0
0.249589 0.10773 0.677221 26 26 228
0.481085 -0.157087 0.609741 160 160 94
-0.324786 -0.0730814 0.682147 77 77 177
0.102603 -0.226098 0.629584 10 10 244
0.0665203 -0.381654 0.479072 8 8 246
0.318762 0.146777 0.663751 71 71 183
0.176268 0.138684 0.668149 10 10 244
0.0204517 -0.174869 0.655431 2 2 252
0.0123106 0.317142 0.559472 0 0 254
0.454782 -0.0170287 0.653871 155 155 99
0.325072 0.10723 0.674806 86 86 168
0.219573 0.0953109 0.680233 18 18 236
0.349279 0.0847164 0.67617 99 99 155
0.277403 0.0577964 0.68645 46 46 208
0.300511 0.406288 0.433719 61 61 193
0.296995 -0.218399 0.633969 42 42 212
0.331138 -0.284428 0.585231 85 85 169
-0.181726 0.263658 0.604757 27 27 227
0.0970508 0.0203621 0.690074 5 5 249
-0.028455 0.192898 0.647161 0 0 254
0.0832229 0.251645 0.613033 8 8 246
-0.363079 -0.0588811 0.678386 74 74 180
0.53023 0.0486645 0.609403 221 221 33
0.291315 -0.0137024 0.690004 47 47 207
-0.338781 -0.122451 0.66874 65 65 189
0.0796506 0.212908 0.637023 8 8 246
0.0803543 -0.16286 0.660464 7 7 247
0.238635 -0.000104566 0.690991 45 45 209
0.618866 0.145448 0.495597 255 255 0
0.312262 0.1884 0.647192 67 67 187
-0.415192 -0.117895 0.65257 108 108 146
0.175539 0.0211548 0.690443 33 33 221
0.0319161 -0.0710396 0.685192 3 3 251
-0.0170262 -0.295091 0.5799 0 0 254
0.433696 -0.00812362 0.662266 153 153 101
0.140298 -0.155453 0.662399 13 13 241
0.535578 0.07779 0.600333 255 255 0
0.201192 -0.22201 0.632465 24 24 230
0.289945 -0.11736 0.674681 60 60 194
-0.303105 -0.279869 0.592498 43 43 211
0.0624281 -0.0861378 0.681972 2 2 252
-0.0446585 -0.196897 0.644953 4 4 250
-0.238645 -0.269191 0.600631 29 29 225
0.391573 -0.228342 0.611221 97 97 157
0.592093 0.0118315 0.561492 255 255 0
0.36457 0.355756 0.501818 90 90 164
0.174187 0.046213 0.687914 20 20 234
0.469784 0.063546 0.6421 170 170 84
-0.0515038 -0.0980551 0.679877 2 2 252
0.0634818 -0.0938375 0.680624 3 3 251
-0.0448002 -0.332484 0.543608 1 1 253
0.432388 0.104258 0.650135 146 146 108
0.372279 0.135752 0.659156 89 89 165
0.117732 0.386888 0.46951 6 6 248
-0.0910093 0.0114949 0.690634 3 3 251
0.181532 0.132807 0.669975 18 18 236
-0.352738 -0.02692 0.682936 105 105 149
0.0602857 -0.281079 0.591687 1 1 253
0.390154 0.0457902 0.673314 102 102 152
-0.0308142 0.0377398 0.688891 0 0 254
0.0020824 -0.14023 0.668389 0 0 254
0.312064 0.14234 0.665671 66 66 188
0.115058 -0.202982 0.641965 15 15 239
-0.259182 0.350972 0.521935 43 43 211
0.435456 0.21604 0.601733 153 153 101
-0.00435222 -0.0757274 0.684494 0 0 254
-0.0226375 -0.290121 0.584807 0 0 254
0.388293 -0.0588958 0.672567 127 127 127
-0.0346221 -0.0707613 0.685221 1 1 253
0.294493 -0.0518902 0.687193 53 53 201
0.483433 -0.0219393 0.639722 186 186 68
-0.0276146 -0.187295 0.649944 0 0 254
0.11965 -0.0121216 0.690157 13 13 241
0.690419 0.0482633 0.412616 255 255 0
0.106111 -0.138538 0.669101 12 12 242
0.3683 -0.0264289 0.68018 104 104 150
0.0328163 -0.188686 0.649443 3 3 251
0.299945 0.320976 0.555251 57 57 197
0.111018 0.00351421 0.690197 2 2 252
0.511908 -0.210274 0.561945 178 178 76
0.115286 0.330815 0.545933 10 10 244
0.552764 0.204604 0.532485 224 224 30
0.227939 0.259146 0.60801 20 20 234
-0.339129 0.194926 0.641527 82 82 172
0.376551 -0.199654 0.631887 117 117 137
0.209766 -0.211156 0.637731 33 33 221
0.446701 0.229594 0.589173 162 162 92
0.488456 -0.102243 0.624238 176 176 78
0.096184 -0.038812 0.688412 5 5 249
0.50282 0.208017 0.569369 204 204 50
0.339638 -0.258283 0.603555 97 97 157
-0.277912 0.068001 0.685742 32 32 222
0.547197 -0.0585125 0.595388 214 214 40
0.188084 0.202731 0.641771 29 29 225
-0.122306 -0.0625225 0.686136 7 7 247
0.430188 0.144661 0.638734 144 144 110
0.0245881 0.0508735 0.687646 0 0 254
0.390118 -0.189718 0.632357 102 102 152
0.389593 -0.268699 0.583862 124 124 130
0.410721 0.208389 0.616906 134 134 120
0.364104 -0.167095 0.648947 104 104 150
0.275174 0.187353 0.649647 43 43 211
0.508502 -0.137878 0.601089 222 222 32
0.348888 0.125931 0.66707 98 98 156
-0.0477909 0.285199 0.588702 0 0 254
0.0246953 0.25864 0.609048 2 2 252
0.0792202 0.00701409 0.690898 3 3 251
0.559895 0.064976 0.585484 240 240 14
0.370531 -0.353295 0.503955 92 92 162
0.00368297 -0.215312 0.635557 0 0 254
0.347584 0.354457 0.509323 72 72 182
-0.378542 0.322982 0.53675 83 83 171
0.401423 0.272737 0.576234 111 111 143
0.641751 0.0823098 0.491916 255 255 0
0.0647553 -0.0767666 0.683793 3 3 251
0.353757 0.0363461 0.682361 102 102 152
0.380008 0.212422 0.623573 119 119 135
0.253222 0.136207 0.669056 54 54 200
0.304884 -0.117166 0.674248 75 75 179
0.54126 -0.116656 0.586471 255 255 0
0.505409 -0.112065 0.612409 184 184 70
0.142214 0.0086531 0.690201 12 12 242
0.072711 0.250537 0.614085 1 1 253
-0.0242703 -0.0140969 0.690521 1 1 253
0.447021 -0.2107 0.599757 121 121 133
0.428471 -0.0196852 0.664118 140 140 114
0.208962 0.180815 0.652566 18 18 236
-0.153097 0.0900818 0.680893 8 8 246
-0.0416412 0.0792435 0.683701 2 2 252
-0.0300901 0.011572 0.690378 0 0 254
0.281123 -0.220357 0.633331 65 65 189
0.11327 -0.297192 0.578023 6 6 248
0.321571 0.159831 0.658754 59 59 195
0.544659 -0.305574 0.434666 242 242 12
0.187748 0.156916 0.662465 16 16 238
0.431667 0.172179 0.627223 138 138 116
-0.361685 -0.0244133 0.682074 108 108 146
-0.00584922 0.187431 0.649992 0 0 254
0.365467 -0.174654 0.645664 89 89 165
-0.262104 -0.323545 0.553572 37 37 217
-0.0844002 0.109099 0.677326 1 1 253
0.430218 0.13368 0.641977 114 114 140
0.0448443 -0.322804 0.553931 2 2 252
0.661911 0.172897 0.399285 255 255 0
0.282494 -0.404102 0.43899 69 69 185
0.581623 0.104943 0.555808 255 255 0
0.310803 -0.297198 0.576895 48 48 206
0.466931 -0.0471567 0.64575 166 166 88
0.0963209 -0.0157305 0.689832 1 1 253
-0.199641 0.0356319 0.689279 16 16 238
0.404556 0.388048 0.430793 120 120 134
0.425615 -0.160824 0.634136 146 146 108
0.348439 0.0091227 0.684472 67 67 187
-0.0661215 -0.265099 0.604528 4 4 250
-0.270074 0.105659 0.677761 42 42 212
0.413187 -0.373957 0.450011 152 152 102
0.447767 -0.0816797 0.649249 162 162 92
-0.188543 0.0312078 0.689336 12 12 242
0.140471 0.152182 0.663637 8 8 246
0.634731 0.0431992 0.510024 255 255 0
0.286819 -0.417928 0.407236 56 56 198
0.321827 -0.174681 0.653302 75 75 179
0.287282 0.293196 0.581624 73 73 181
-0.345616 -0.179136 0.64724 75 75 179
-0.402457 0.0725511 0.667086 97 97 157
-0.240982 -0.167369 0.657709 34 34 220
0.351741 0.348646 0.515713 110 110 144
-0.0572828 0.152008 0.664437 5 5 249
0.0894908 0.126844 0.672209 3 3 251
0.572218 0.241987 0.479316 229 229 25
0.112174 0.207438 0.639955 6 6 248
0.161982 0.144909 0.6667 26 26 228
0.268289 -0.138177 0.668515 47 47 207
0.0849015 0.073398 0.684087 3 3 251
0.33317 -0.175761 0.650582 80 80 174
0.404185 0.0949248 0.66125 126 126 128
-0.352673 0.0597375 0.679754 71 71 183
0.0550913 0.137839 0.66903 4 4 250
0.189404 0.0959693 0.680407 12 12 242
0.240063 -0.21752 0.634201 39 39 215
0.154114 0.0453583 0.688316 8 8 246
0.125736 -0.141377 0.668045 10 10 244
0.246911 0.0961472 0.679741 52 52 202
-0.0904711 -0.307695 0.569079 3 3 251
-0.0491381 0.00398111 0.690306 0 0 254
-0.0777347 -0.0414791 0.688507 0 0 254
0.113784 -0.171487 0.657003 6 6 248
0.599292 -0.0193268 0.55414 255 255 0
0.578508 0.267762 0.441449 255 255 0
0.456185 -0.0217379 0.653288 133 133 121
0.544602 0.267967 0.48491 223 223 31
0.38407 0.201778 0.627807 90 90 164
0.0404607 -0.106158 0.678017 1 1 253
0.333671 0.32094 0.551517 67 67 187
0.101555 0.17724 0.653621 14 14 240
0.458384 -0.333918 0.481847 139 139 115
0.592826 0.172169 0.511005 255 255 0
0.376858 -0.0192607 0.678746 110 110 144
0.259168 -0.284763 0.589391 41 41 213
0.0135732 0.161286 0.660978 0 0 254
0.312827 -0.0758371 0.682395 84 84 170
0.306105 -0.0635972 0.684731 62 62 192
0.597028 0.158758 0.514494 255 255 0
0.142729 0.125961 0.672635 10 10 244
0.451057 0.159664 0.62424 181 181 73
0.304858 0.136921 0.667914 81 81 173
0.115911 -0.412369 0.420882 4 4 250
0.125144 0.198148 0.644359 3 3 251
-0.200943 0.201906 0.642131 22 22 232
0.533322 -0.128272 0.587206 219 219 35
0.453045 0.0478995 0.652264 161 161 93
0.150817 0.0791592 0.68326 19 19 235
0.516932 0.285398 0.492985 180 180 74
0.376823 -0.194073 0.634231 102 102 152
0.534908 -0.321789 0.420235 226 226 28
0.342082 0.282513 0.584248 93 93 161
0.116872 -0.022958 0.690009 3 3 251
0.281454 0.0755128 0.683842 65 65 189
0.52655 -0.208686 0.551331 190 190 64
0.178464 -0.119742 0.674453 30 30 224
0.490043 -0.245158 0.55278 215 215 39
0.381094 -0.141616 0.654464 92 92 162
0.442147 0.29574 0.537546 135 135 119
0.315867 0.132714 0.668912 68 68 186
-0.112156 0.000403937 0.690292 8 8 246
-0.0735308 -0.353996 0.517605 3 3 251
0.541244 0.203509 0.543002 226 226 28
-0.0378027 -0.180676 0.652539 0 0 254
-0.177311 0.0701439 0.684911 32 32 222
0.535187 0.195349 0.553493 209 209 45
0.230355 0.317877 0.559405 31 31 223
0.0649037 -0.178111 0.654009 5 5 249
0.0821024 0.0208998 0.690094 3 3 251
-0.247157 -0.347595 0.526313 32 32 222
0.571967 -0.159629 0.541707 255 255 0
-0.0728294 -0.184585 0.650786 2 2 252
0.341919 0.0128606 0.685566 69 69 185
-0.0701375 0.0430451 0.688318 5 5 249
0.35564 0.195243 0.638689 77 77 177
-0.260798 0.218208 0.633592 38 38 216
0.31915 -0.222126 0.629457 54 54 200
0.446287 -0.101507 0.644994 176 176 78
0.47164 0.00604738 0.646403 182 182 72
0.0180909 -0.0238392 0.690018 0 0 254
0.226165 0.310324 0.566801 20 20 234
-0.327096 -0.0992665 0.676614 60 60 194
0.325712 -0.0623204 0.683255 70 70 184
0.209944 0.0880299 0.681451 31 31 223
0.545836 -0.311 0.423984 243 243 11
0.534843 0.0120314 0.609351 218 218 36
-0.0421642 0.179487 0.652896 0 0 254
0.598013 0.123609 0.531196 255 255 0
0.0108154 0.145784 0.665887 0 0 254
-0.378881 -0.246023 0.603941 92 92 162
0.0944629 -0.0468317 0.68802 13 13 241
-0.0491119 -0.0242051 0.689636 0 0 254
-0.035897 0.0236147 0.690169 0 0 254
0.0957342 -0.154271 0.663573 10 10 244
0.326975 0.21458 0.633234 94 94 160
0.198975 -0.301247 0.574162 27 27 227
0.439583 0.121898 0.64278 134 134 120
0.154895 0.148165 0.66585 13 13 241
0.357811 0.26352 0.596172 95 95 159
0.673573 0.104427 0.427968 255 255 0
0.407923 0.184499 0.6299 122 122 132
0.238292 -0.0331578 0.689313 26 26 228
0.330819 -0.182635 0.647985 92 92 162
0.439607 0.135478 0.63816 169 169 85
0.192971 -0.169942 0.657117 26 26 228
0.143957 0.0211825 0.689769 6 6 248
0.12203 0.150119 0.664718 14 14 240
0.426717 -0.0682945 0.659434 160 160 94
0.0322227 -0.180048 0.652496 1 1 253
0.227938 -0.230906 0.626868 32 32 222
0.55942 -0.214402 0.518572 243 243 11
0.392591 0.150222 0.648726 120 120 134
0.27842 -0.0373253 0.689402 63 63 191
0.438896 0.0819527 0.652034 136 136 118
0.565924 -0.036199 0.584649 255 255 0
0.211981 0.0310614 0.689223 30 30 224
-0.325587 0.0307131 0.687139 61 61 193
0.21839 -0.161364 0.660686 41 41 213
0.0619257 0.340691 0.534619 5 5 249
0.0356137 0.118434 0.674359 1 1 253
0.0410627 -0.134401 0.670428 5 5 249
0.62426 -0.0664555 0.519614 255 255 0
0.567679 0.247183 0.480666 234 234 20
0.346256 0.236161 0.616837 77 77 177
-0.0889481 -0.116115 0.675595 3 3 251
0.243652 0.114607 0.675846 25 25 229
0.135747 0.037533 0.689122 13 13 241
0.503221 -0.000782241 0.62936 201 201 53
-0.385263 -0.0606427 0.672811 88 88 166
0.0347343 0.402327 0.441952 0 0 254
0.447602 -0.258855 0.567104 139 139 115
0.00100826 -0.132738 0.670342 0 0 254
0.0828624 -0.073313 0.684801 2 2 252
0.454792 -0.0821197 0.646238 173 173 81
0.204106 0.237418 0.622696 30 30 224
-0.0317663 0.214444 0.636641 0 0 254
0.00686252 -0.0289372 0.689093 0 0 254
0.0364052 0.0965116 0.68008 0 0 254
0.476369 -0.157766 0.611955 161 161 93
0.127892 -0.0503773 0.688013 13 13 241
0.243726 -0.0157361 0.689795 24 24 230
0.306507 0.21898 0.633052 57 57 197
0.204632 -0.120397 0.674327 41 41 213
-0.401362 -0.107574 0.659036 113 113 141
-0.045685 -0.306752 0.569262 0 0 254
0.312193 -0.357056 0.512291 48 48 206
-0.282962 0.0935137 0.680874 39 39 215
-0.17716 0.153341 0.663574 14 14 240
0.31383 0.20579 0.639435 78 78 176
-0.215291 0.334037 0.541472 18 18 236
0.465393 -0.0450769 0.646615 176 176 78
0.189249 -0.201755 0.642221 16 16 238
-0.172419 -0.336104 0.540056 10 10 244
-0.0512435 0.256323 0.609885 1 1 253
0.630336 0.033938 0.517997 255 255 0
0.342667 0.176268 0.64974 76 76 178
-0.287349 0.184956 0.650472 72 72 182
-0.339717 0.165447 0.654406 68 68 186
0.209624 -0.161671 0.660039 16 16 238
0.113084 -0.0759179 0.683561 9 9 245
0.277772 0.200684 0.64324 42 42 212
0.381691 -0.346844 0.507502 82 82 172
0.525862 0.0773195 0.607591 221 221 33
0.501623 -0.20106 0.57543 213 213 41
0.510613 0.0315979 0.623908 213 213 41
0.0412683 0.0518545 0.687062 0 0 254
-0.280701 0.101445 0.679007 37 37 217
0.303706 -0.0519187 0.686631 49 49 205
0.25341 0.120875 0.67397 46 46 208
-0.272956 -0.177937 0.653891 54 54 200
0.12042 -0.151179 0.66431 9 9 245
0.0554453 0.156255 0.662427 1 1 253
0.0354259 -0.0569081 0.687064 0 0 254
0.0122818 -0.324482 0.552041 0 0 254
0.59122 0.19963 0.493536 255 255 0
-0.0647385 0.355789 0.516403 0 0 254
0.271701 -0.122271 0.673787 62 62 192
0.43039 0.0926125 0.653526 131 131 123
0.17425 0.138778 0.668246 32 32 222
0.209166 0.101452 0.678719 25 25 229
-0.413707 0.170198 0.63423 99 99 155
0.377862 0.202091 0.629582 104 104 150
-0.158903 -0.226951 0.628722 9 9 245
0.0731231 -0.122497 0.673669 8 8 246
0.298163 0.0139078 0.690011 45 45 209
0.346069 0.0555519 0.682083 81 81 173
0.0551963 -0.0871366 0.682089 3 3 251
0.438667 0.0948571 0.649389 124 124 130
0.347252 0.321045 0.547657 62 62 192
0.507139 0.00449075 0.627724 190 190 64
0.569572 -0.130397 0.557477 255 255 0
-0.34091 0.211704 0.632872 64 64 190
0.508084 -0.00846044 0.627061 186 186 68
-0.175389 0.0412643 0.688774 28 28 226
0.0262071 -0.0855449 0.682445 0 0 254
-0.396277 0.0902575 0.665197 101 101 153
0.374881 0.0719103 0.673718 87 87 167
0.235717 -0.339074 0.535771 41 41 213
0.525342 -0.0392521 0.614385 188 188 66
0.176684 0.286515 0.58698 22 22 232
-0.116549 0.117545 0.674932 11 11 243
0.228965 0.102702 0.678792 23 23 231
0.000684623 -0.262724 0.605263 0 0 254
-0.0960622 0.131214 0.671052 4 4 250
0.341015 0.412842 0.407411 65 65 189
-0.0151956 0.133644 0.669877 0 0 254
0.306967 0.372202 0.491722 49 49 205
-0.070865 -0.295485 0.580122 1 1 253
0.301556 -0.124557 0.672592 56 56 198
0.46293 0.219199 0.587682 143 143 111
-0.249677 0.11374 0.675572 54 54 200
0.585844 -0.0448088 0.565534 255 255 0
0.131485 0.191489 0.64816 16 16 238
0.526741 0.0375488 0.613718 239 239 15
0.0179173 -0.272445 0.598549 0 0 254
0.0733359 0.0905477 0.681411 8 8 246
0.496627 -0.174861 0.592191 169 169 85
0.247346 -0.228488 0.627639 41 41 213
0.431008 0.171812 0.626832 124 124 130
0.336526 0.0534399 0.683289 71 71 183
0.0632876 0.0848697 0.682032 1 1 253
0.417109 -0.14594 0.643161 149 149 105
0.251604 0.0967909 0.679715 50 50 204
0.00535907 -0.338714 0.537445 1 1 253
0.306222 0.00119789 0.689289 73 73 181
0.377173 -0.126063 0.660516 102 102 152
0.113642 0.32283 0.553656 9 9 245
-0.18013 -0.102681 0.678591 19 19 235
-0.0086367 -0.0291354 0.689776 0 0 254
-0.0812277 -0.061615 0.68615 1 1 253
0.288726 -0.0387061 0.688678 49 49 205
-0.257493 -0.234089 0.625286 34 34 220
0.369192 0.131639 0.660976 87 87 167
0.310781 -0.020834 0.689225 79 79 175
0.480257 -0.247246 0.557474 195 195 59
0.417981 0.0478253 0.66504 157 157 97
0.19903 0.197306 0.645259 28 28 226
-0.323065 -0.0953107 0.678127 79 79 175
0.441165 0.173506 0.621973 150 150 104
0.564514 -0.114564 0.567609 243 243 11
-0.336031 0.291842 0.577609 80 80 174
0.294675 0.217615 0.633549 50 50 204
0.170378 -0.0118916 0.690614 31 31 223
0.292092 -0.0429275 0.68858 72 72 182
-0.219803 0.30653 0.569376 38 38 216
0.153546 0.219535 0.63365 11 11 243
0.322182 0.176863 0.652199 67 67 187
0.347419 -0.108863 0.671981 79 79 175
0.150647 -0.269293 0.600669 14 14 240
0.0758682 -0.22781 0.628451 10 10 244
-0.0216391 0.359416 0.511004 2 2 252
0.203158 0.101974 0.678766 24 24 230
0.374738 -0.209347 0.626326 88 88 166
0.0383087 0.28679 0.587438 0 0 254
0.212473 -0.101015 0.679343 28 28 226
0.181076 -0.227841 0.628302 21 21 233
0.467894 -0.0634517 0.643034 193 193 61
0.339009 -0.0521724 0.682994 94 94 160
0.536018 0.220009 0.535395 225 225 29
0.448589 -0.0684129 0.651419 149 149 105
0.678866 -0.144682 0.384923 255 255 0
0.383017 -0.0482225 0.674889 90 90 164
-0.378149 0.211248 0.625319 115 115 139
0.440758 -0.149744 0.631925 148 148 106
0.10888 -0.299641 0.57619 3 3 251
0.309843 -0.00999361 0.688838 81 81 173
0.463849 0.241039 0.571897 149 149 105
0.338101 0.187237 0.644726 71 71 183
0.387982 0.313374 0.543443 135 135 119
0.135881 -0.0907753 0.680911 8 8 246
0.113569 0.14484 0.666538 9 9 245
0.381928 0.274754 0.580905 89 89 165
0.359939 -0.216584 0.625927 97 97 157
0.167426 0.292191 0.58315 28 28 226
0.314114 -0.0224259 0.687979 57 57 197
0.434466 -0.185472 0.618999 137 137 117
0.0622937 -0.165098 0.659134 2 2 252
0.303973 -0.245038 0.616484 58 58 196
0.125885 -0.222568 0.631976 15 15 239
0.415943 -0.139148 0.645279 116 116 138
0.0995572 -0.136411 0.669081 11 11 243
0.468635 0.233891 0.574299 139 139 115
0.17656 -0.180198 0.653236 25 25 229
0.363014 -0.0755236 0.676321 99 99 155
0.558802 -0.184061 0.539627 228 228 26
0.0850325 -0.0308558 0.689129 7 7 247
-0.05623 -0.0166864 0.689754 0 0 254
0.448654 0.305105 0.523168 148 148 106
0.101929 -0.00414391 0.690405 1 1 253
-0.350954 0.224114 0.623509 107 107 147
0.137387 0.187774 0.649219 21 21 233
-0.00694249 0.0966034 0.679811 0 0 254
-0.244818 -0.0979539 0.679277 39 39 215
-0.352429 -0.117754 0.66858 72 72 182
-0.404896 0.0873294 0.66317 121 121 133
0.355335 -0.178308 0.646779 84 84 170
0.212953 -0.0334823 0.689403 44 44 210
-0.434561 -0.0432726 0.660067 116 116 138
-0.327601 -0.344071 0.526315 68 68 186
0.297297 0.300625 0.574842 70 70 184
0.263625 0.183068 0.651516 38 38 216
0.594337 -0.194116 0.493972 255 255 0
-0.17418 -0.0907266 0.68153 26 26 228
-0.144399 0.114839 0.675547 16 16 238
0.0237071 -0.258907 0.608033 0 0 254
0.544082 -0.10662 0.587376 245 245 9
0.280479 0.1483 0.665511 62 62 192
0.102173 -0.313743 0.562566 4 4 250
-0.272794 -0.155194 0.662947 47 47 207
-0.0771862 0.0965711 0.680348 0 0 254
0.377461 0.155052 0.650827 80 80 174
-0.1473 0.122295 0.67391 22 22 232
0.0383907 -0.130896 0.670742 1 1 253
-0.00615199 -0.0171964 0.69019 1 1 253
0.549408 -0.205333 0.53471 239 239 15
0.167759 -0.0153959 0.689833 12 12 242
0.385622 0.307173 0.551291 120 120 134
0.30365 0.247252 0.615096 80 80 174
-0.333179 0.0710298 0.681494 74 74 180
-0.0369515 0.0307124 0.689468 0 0 254
0.367405 -0.301431 0.562909 107 107 147
0.392039 0.268862 0.582289 88 88 166
-0.0146445 -0.305387 0.571154 0 0 254
0.0614822 0.114283 0.675824 1 1 253
0.394747 -0.0406122 0.673361 117 117 137
-0.147168 0.0234628 0.69032 14 14 240
-0.271281 0.159752 0.660861 46 46 208
0.430472 0.259505 0.575356 153 153 101
-0.145298 0.167964 0.658239 14 14 240
0.233671 -0.40158 0.444079 27 27 227
0.295606 -0.121348 0.673176 69 69 185
0.190185 0.188024 0.64904 12 12 242
0.342394 0.299859 0.569631 91 91 163
0.245687 0.126925 0.671715 35 35 219
0.462314 0.198859 0.599372 166 166 88
0.503716 -0.134736 0.605428 182 182 72
-0.149254 -0.104493 0.678605 12 12 242
-0.354915 0.104328 0.671 96 96 158
0.280147 0.226168 0.629452 46 46 208
-0.0236074 -0.212208 0.637857 0 0 254
0.478769 -0.1205 0.624324 198 198 56
-0.388329 -0.194097 0.631309 135 135 119
0.0976464 0.172986 0.655573 13 13 241
0.20789 -0.105021 0.67768 20 20 234
0.316444 0.141271 0.665981 53 53 201
0.256239 0.283192 0.590517 30 30 224
-0.0705968 0.21998 0.633111 5 5 249
0.282372 -0.0588356 0.686807 52 52 202
-0.414333 0.139441 0.645859 98 98 156
0.251878 -0.21105 0.637574 29 29 225
0.483102 0.122359 0.62218 169 169 85
0.437285 -0.0225624 0.660189 122 122 132
-0.105409 0.373703 0.490857 5 5 249
0.48122 -0.00184533 0.642226 166 166 88
0.0162804 0.00430709 0.690066 0 0 254
0.283063 -0.0894351 0.681717 51 51 203
0.508454 -0.0136139 0.626018 204 204 50
0.214542 0.176475 0.654384 27 27 227
0.0232401 -0.146087 0.665894 1 1 253
0.293393 0.195796 0.645575 49 49 205
0.272505 0.2089 0.638562 55 55 199
0.0876952 -0.19622 0.645685 6 6 248
0.328332 -0.0770754 0.681053 72 72 182
0.0665511 0.0334447 0.689028 3 3 251
-0.329479 -0.333571 0.538766 55 55 199
0.117079 0.284787 0.589312 16 16 238
-0.270891 0.321469 0.555772 38 38 216
0.378404 0.0660494 0.673736 82 82 172
0.597434 -0.283068 0.380926 255 255 0
0.426529 0.133549 0.644046 165 165 89
-0.262194 0.287032 0.587663 27 27 227
0.113407 0.00459531 0.690725 3 3 251
0.213398 0.250692 0.614415 26 26 228
0.338099 -0.0904583 0.677501 91 91 163
0.424172 0.344966 0.490371 112 112 142
0.417541 0.00687767 0.667872 157 157 97
0.461166 0.138565 0.626865 184 184 70
0.179998 0.178593 0.653346 24 24 230
0.292049 -0.0115136 0.689836 48 48 206
0.167262 0.154356 0.663666 12 12 242
0.0916602 0.312026 0.564524 7 7 247
0.31659 -0.046084 0.686759 85 85 169
0.0330561 -0.0499344 0.687283 0 0 254
-0.037806 -0.0851145 0.682565 0 0 254
-0.208254 0.0704749 0.684551 22 22 232
-0.0754244 0.278465 0.5941 0 0 254
0.500314 -0.222496 0.562512 174 174 80
-0.395085 -0.13458 0.653807 119 119 135
0.420083 0.127658 0.647487 132 132 122
-0.120387 0.102482 0.678497 3 3 251
0.40396 0.0849619 0.664296 120 120 134
0.0864542 0.0313521 0.688933 8 8 246
0.452157 -0.174577 0.616618 153 153 101
0.304775 -0.00275167 0.69001 62 62 192
0.0382957 -0.248 0.615707 0 0 254
0.454383 0.090884 0.643677 129 129 125
-0.332368 0.00891206 0.687077 83 83 171
0.113704 -0.166901 0.658093 4 4 250
0.00753117 -0.0064961 0.690278 0 0 254
0.351869 0.199086 0.636691 85 85 169
0.408675 -0.222437 0.60876 114 114 140
-0.386339 -0.089985 0.668033 88 88 166
-0.0354305 -0.0538757 0.687498 0 0 254
-0.348625 -0.0715116 0.679075 67 67 187
0.0357573 -0.134103 0.670502 0 0 254
0.565283 -0.075923 0.577802 255 255 0
0.151002 0.386725 0.470322 19 19 235
0.496631 0.136379 0.609175 185 185 69
0.33423 -0.066247 0.681619 84 84 170
0.446244 -0.127042 0.637412 168 168 86
0.439391 -0.157035 0.630289 133 133 121
0.298579 -0.354518 0.516247 61 61 193
-0.209358 0.0635229 0.686181 18 18 236
0.0781832 -0.0016993 0.690604 7 7 247
0.375491 -0.172623 0.644825 104 104 150
0.0869204 0.235763 0.623327 3 3 251
0.354261 0.0772876 0.676738 96 96 158
0.461781 -0.0530356 0.648136 157 157 97
-0.0767128 0.0455781 0.688193 1 1 253
-0.0596938 0.405298 0.435851 1 1 253
-0.0020325 -0.213052 0.636693 0 0 255
0.290419 -0.210847 0.637671 52 52 202
-0.358436 0.263543 0.595907 81 81 173
0.622962 -0.0574474 0.522417 255 255 0
0.10681 -0.083117 0.682846 8 8 246
-0.23315 0.252432 0.61259 38 38 216
0.353764 -0.123037 0.666218 109 109 145
0.0473593 -0.118703 0.674774 0 0 254
0.110387 -0.0485394 0.688361 5 5 249
0.507526 0.064746 0.621726 197 197 57
0.452722 -0.0580944 0.651227 137 137 117
-0.223659 0.00754135 0.690029 24 24 230
0.0473834 0.116844 0.674581 0 0 254
0.127295 -0.19442 0.646622 14 14 240
-0.261939 -0.255021 0.61086 60 60 194
0.623422 -0.104253 0.509329 255 255 0
0.0724697 -0.0225323 0.690196 6 6 248
0.421957 -0.193476 0.620167 138 138 116
0.541368 0.183572 0.555925 238 238 16
0.377739 -0.105114 0.666014 125 125 129
0.2012 0.0930571 0.68048 27 27 227
-0.0276359 0.233472 0.625059 0 0 254
0.325377 -0.184152 0.648676 60 60 194
-0.0949557 -0.139744 0.668578 4 4 250
0.0702534 0.426395 0.383013 1 1 253
0.0554285 0.135844 0.669888 2 2 252
0.44213 0.129495 0.638681 164 164 90
-0.154918 0.292069 0.583384 15 15 239
0.303596 0.194526 0.645466 50 50 204
0.12051 -0.00909645 0.690345 3 3 251
0.493403 0.0864241 0.626174 180 180 74
0.422621 -0.0234413 0.66615 159 159 95
-0.00741979 0.128564 0.67201 0 0 254
0.319019 0.232262 0.623255 52 52 202
0.253033 -0.213766 0.636568 33 33 221
0.164801 -0.182099 0.652231 25 25 229
-0.349406 -0.0613874 0.680411 63 63 191
0.176013 0.104819 0.677621 17 17 237
0.148437 0.00109285 0.690032 8 8 246
-0.148907 -0.0966257 0.68032 6 6 248
0.396145 0.0679271 0.669263 127 127 127
-0.00890401 -0.209253 0.639361 0 0 254
0.192632 -0.0201962 0.690008 22 22 232
0.0971706 0.0253154 0.689979 13 13 241
0.365609 -0.0388815 0.680465 82 82 172
-0.0583536 -0.0129916 0.690778 1 1 253
0.374055 0.315456 0.547124 83 83 171
0.114296 -0.272876 0.598174 11 11 243
-0.177008 -0.282896 0.591038 11 11 243
-0.00700419 0.00042229 0.690648 0 0 254
0.476521 0.292701 0.518435 174 174 80
0.546621 0.0216608 0.600938 255 255 0
-0.22134 -0.267959 0.601539 22 22 232
-0.361099 -0.279581 0.583414 91 91 163
0.456197 0.21038 0.596578 146 146 108
0.190116 -0.264985 0.60438 13 13 241
0.327637 0.101911 0.675529 62 62 192
-0.290197 -0.170125 0.657365 48 48 206
0.0402581 0.176723 0.654308 4 4 250
0.312349 -0.147615 0.663885 64 64 190
0.28858 0.223742 0.630317 56 56 198
-0.0142515 -0.380005 0.481177 2 2 252
0.34632 -0.111496 0.670969 81 81 173
-0.0993067 0.323413 0.553687 11 11 243
0.397914 0.113475 0.658833 120 120 134
0.0876316 0.126378 0.67229 12 12 242
-0.369115 -0.228162 0.61718 84 84 170
0.505837 0.250977 0.536184 220 220 34
0.0984034 0.214722 0.636035 13 13 241
-0.294114 0.0107225 0.690432 59 59 195
-0.0332365 -0.117215 0.67456 0 0 254
0.154978 -0.138249 0.668324 12 12 242
0.0669566 0.0278779 0.689553 4 4 250
0.192444 -0.171699 0.656818 34 34 220
0.200268 -0.207545 0.639752 16 16 238
0.668695 0.020476 0.461429 255 255 0
-0.213832 0.0206576 0.690262 29 29 225
0.256875 -0.0463419 0.688042 39 39 215
0.0966756 0.0987583 0.679714 3 3 251
0.400883 0.295654 0.557139 99 99 155
0.453363 -0.167979 0.619038 133 133 121
0.101116 0.109935 0.67727 6 6 248
0.616165 -0.140894 0.50075 255 255 0
-0.37443 -0.00137567 0.680015 100 100 154
0.180327 -0.289984 0.58433 17 17 237
0.299416 0.161501 0.65985 75 75 179
0.171753 0.00877803 0.690107 16 16 238
0.177431 0.0857914 0.681898 11 11 243
0.00880775 -0.111405 0.676502 1 1 253
-0.00763258 0.142287 0.667678 0 0 254
-0.0154855 0.0512986 0.687435 0 0 254
0.171194 -0.386487 0.471352 15 15 239
-0.350626 -0.161305 0.653714 96 96 158
-0.237627 0.164969 0.659095 34 34 220
0.436092 -0.307812 0.528392 145 145 109
-0.485757 -0.0328311 0.63809 167 167 87
0.173285 -0.183332 0.650948 27 27 227
-0.0354522 -0.161221 0.661095 0 0 254
-0.0891955 0.0245497 0.689578 1 1 253
0.0672383 -0.102296 0.678503 2 2 252
0.452955 -0.393482 0.369709 166 166 88
0.413091 0.0990199 0.657828 113 113 141
0.0899909 0.136681 0.668978 11 11 243
0.295584 -0.124752 0.671969 70 70 184
0.405855 -0.0953589 0.661685 127 127 127
0.153824 -0.166011 0.658938 13 13 241
-0.307036 -0.341671 0.532077 56 56 198
-0.0466278 -0.30872 0.56773 1 1 253
0.0589709 0.353627 0.518876 2 2 252
-0.226057 -0.247624 0.616829 24 24 230
0.364683 0.310625 0.554195 108 108 146
0.0663434 0.00882746 0.690449 5 5 249
0.361464 -0.207229 0.631249 79 79 175
0.0345403 0.355244 0.517152 1 1 253
0.280689 0.226163 0.629749 58 58 196
0.431882 -0.144375 0.637284 127 127 127
0.315717 -0.0198379 0.688224 69 69 185
-0.243171 -0.135361 0.669341 40 40 214
-0.118677 0.0541348 0.687371 10 10 244
0.351968 0.0978265 0.673474 87 87 167
0.409488 0.177112 0.632171 117 117 137
-0.344905 0.241523 0.61411 97 97 157
0.0453752 0.265164 0.604573 3 3 251
0.217504 0.237352 0.623312 32 32 222
0.31245 -0.161671 0.659036 69 69 185
0.344563 -0.0531684 0.681961 68 68 186
0.153782 -0.120344 0.673918 20 20 234
0.539485 0.210769 0.539696 255 255 0
0.446434 0.057851 0.653146 157 157 97
0.263002 -0.353444 0.519221 45 45 209
0.0833829 0.0817634 0.682929 1 1 253
0.231828 -0.171017 0.656554 45 45 209
0.202247 -0.286396 0.587445 36 36 218
0.274828 -0.152361 0.663854 45 45 209
0.133418 0.299651 0.575902 15 15 239
0.369847 -0.131687 0.660469 80 80 174
0.0704199 0.178522 0.653983 0 0 254
0.478446 0.0818353 0.634304 172 172 82
0.122914 0.286725 0.58781 8 8 246
0.222603 -0.0624953 0.686511 43 43 211
-0.358189 -0.282366 0.581366 114 114 140
-0.0150977 0.142724 0.667566 0 0 254
0.166038 0.222995 0.631654 25 25 229
-0.15416 -0.341481 0.533627 8 8 246
0.197566 0.0972613 0.679935 30 30 224
0.223996 0.153498 0.664003 43 43 211
0.543381 0.206566 0.538457 222 222 32
0.0233443 0.0911709 0.680829 1 1 253
0.461534 0.0339703 0.649526 176 176 78
0.325439 0.29073 0.580658 57 57 197
-0.14124 -0.0440496 0.688104 16 16 238
0.181415 0.0201016 0.690271 17 17 237
0.237738 0.153644 0.663139 50 50 204
-0.255124 -0.178062 0.654145 38 38 216
0.428198 -0.0406318 0.662724 140 140 114
0.151703 -0.416474 0.409957 14 14 240
0.284298 -0.111189 0.676046 69 69 185
0.104886 0.102627 0.678223 7 7 247
0.329097 0.337083 0.533538 79 79 175
0.211894 -0.223306 0.630666 27 27 227
-0.0218289 -0.415695 0.413525 1 1 253
0.130156 0.121272 0.673844 10 10 244
0.307975 0.0503501 0.686262 85 85 169
0.281382 0.190478 0.648315 63 63 191
0.475327 -0.0660774 0.639687 180 180 74
0.321412 -0.0361934 0.686707 93 93 161
0.28824 0.0278134 0.689433 61 61 193
-0.422746 0.00541887 0.665977 113 113 141
-0.0270917 -0.0687003 0.685355 0 0 254
-0.206663 -0.0154665 0.690144 27 27 227
0.325665 0.0724541 0.681577 84 84 170
0.075146 -0.366074 0.501747 2 2 252
0.175665 0.282444 0.591204 9 9 245
0.244026 -0.00425122 0.690679 38 38 216
0.491188 -0.174406 0.596195 221 221 33
-0.169382 0.0161035 0.689936 16 16 238
0.38349 -0.225901 0.61511 123 123 131
0.528194 -0.025567 0.612818 249 249 5
0.390814 -0.331571 0.522634 98 98 156
0.140484 -0.157429 0.661582 11 11 243
0.302685 -0.415321 0.412556 59 59 195
-0.0250357 -0.0571108 0.686661 0 0 254
-0.0276962 0.338205 0.536781 1 1 253
0.0873596 -0.144905 0.667039 2 2 252
0.467748 -0.0647282 0.642629 149 149 105
0.110417 0.0906331 0.681034 3 3 251
0.658617 0.0744355 0.467854 255 255 0
0.241835 0.349287 0.52473 33 33 221
0.363356 -0.102498 0.670418 91 91 163
0.457519 0.0970647 0.641899 152 152 102
0.0598585 -0.172177 0.656123 2 2 252
0.013809 0.0199894 0.690259 2 2 252
0.436812 -0.293936 0.541469 152 152 102
0.368216 -0.0738212 0.675345 99 99 155
-0.0850815 0.293536 0.581412 5 5 249
-0.0841279 0.0792514 0.683583 3 3 251
-0.280355 0.0996131 0.679362 50 50 204
0.040278 0.0128683 0.690499 4 4 250
0.144702 -0.0983721 0.67977 12 12 242
-0.00906385 -0.0234157 0.690377 0 0 254
-0.305395 -0.282243 0.589997 57 57 197
0.154048 0.0408315 0.688385 9 9 245
0.355344 0.113579 0.668687 95 95 159
0.291893 0.226108 0.629196 65 65 189
0.652085 -0.155422 0.436647 255 255 0
0.364557 0.390959 0.44468 93 93 161
-0.0162317 0.0194593 0.690519 0 0 254
-0.312053 0.0480593 0.686307 52 52 202
0.431148 0.220439 0.601105 116 116 138
-0.317324 -0.0851676 0.680345 53 53 201
0.494037 -0.238204 0.555252 204 204 50
0.379015 0.169747 0.644379 80 80 174
0.4882 0.0715239 0.631196 206 206 48
0.225815 0.165734 0.65896 40 40 214
-0.223352 0.182616 0.651247 29 29 225
-0.208542 0.399556 0.447422 31 31 223
0.331166 -0.175724 0.65182 74 74 180
0.279448 0.308213 0.568876 56 56 198
-0.00295403 0.0182946 0.68985 1 1 253
0.301113 0.332698 0.542118 44 44 210
0.36105 -0.0894683 0.673207 106 106 148
0.419613 0.165017 0.634527 160 160 94
-0.208264 0.165954 0.658336 17 17 237
-0.244557 0.288864 0.584977 40 40 214
0.516659 0.0474542 0.619266 230 230 24
0.199244 0.127543 0.672495 31 31 223
0.25086 -0.339719 0.536356 28 28 226
0.36633 0.1048 0.668965 95 95 159
0.352006 0.059206 0.680012 103 103 151
0.251751 0.201395 0.642629 58 58 196
0.323087 0.0732305 0.681952 75 75 179
0.131237 0.0671591 0.68536 3 3 251
0.0883193 0.163141 0.659739 2 2 252
-0.167579 -0.235927 0.623739 29 29 225
0.349696 0.013911 0.684269 64 64 190
0.0126339 -0.163174 0.659749 2 2 252
0.459784 -0.269897 0.550876 141 141 113
-0.307674 -0.298152 0.575866 62 62 192
0.473404 0.100478 0.632946 152 152 102
0.398342 -0.176509 0.636655 105 105 149
-0.0382534 0.0430653 0.688745 0 0 254
-0.0717593 -0.382898 0.477147 1 1 253
-0.302077 -0.13571 0.668418 46 46 208
-0.226616 0.129285 0.671273 25 25 229
0.356082 -0.265972 0.594508 109 109 145
-0.0146181 0.04561 0.688448 0 0 254
0.50694 0.00828104 0.627898 172 172 82
0.177646 0.0779806 0.683705 9 9 245
0.682869 0.111535 0.400371 255 255 0
0.222693 -0.183578 0.651373 23 23 231
-0.0319017 0.096613 0.679611 1 1 253
0.55377 -0.201403 0.533604 228 228 26
0.190695 0.0539068 0.686785 14 14 240
0.293986 -0.0878123 0.681799 61 61 193
0.462023 0.0896519 0.641333 155 155 99
0.368729 -0.153286 0.653151 79 79 175
0.402361 0.185986 0.630607 129 129 125
0.388072 0.143811 0.651859 104 104 150
0.233374 0.0206573 0.690417 31 31 223
0.311503 -0.421122 0.395244 58 58 196
0.233155 -0.0661984 0.686044 23 23 231
0.42089 0.0956456 0.656627 114 114 140
0.0886275 0.0909423 0.680968 4 4 250
0.259865 -0.0159988 0.690095 35 35 219
0.396238 -0.171776 0.638804 119 119 135
-0.188714 0.0158957 0.689997 36 36 218
0.401891 0.130559 0.65247 128 128 126
0.497474 -0.0367481 0.631447 174 174 80
0.278544 -0.325123 0.551565 48 48 206
-0.438161 -0.0381709 0.65901 150 150 104
0.125727 -0.194195 0.64684 14 14 240
-0.00381565 -0.0802415 0.682986 0 0 254
0.487628 0.00699487 0.638867 174 174 80
0.479135 -0.0847227 0.633862 154 154 100
0.0750794 0.347604 0.526663 2 2 252
0.495578 -0.0741436 0.626892 180 180 74
-0.170881 0.196342 0.64587 9 9 245
-0.143699 0.0467558 0.688308 6 6 248
0.0441156 0.19468 0.646415 0 0 254
-0.232014 -0.36279 0.507555 21 21 233
0.366881 0.139398 0.659071 83 83 171
0.120006 -0.0267096 0.69002 6 6 248
0.108219 0.127882 0.67174 6 6 248
0.14056 0.0551481 0.687086 10 10 244
-0.216778 -0.246529 0.617382 18 18 236
0.265685 0.192943 0.646613 41 41 213
-0.150355 0.278201 0.593604 25 25 229
0.396277 0.0434811 0.672836 91 91 163
0.202969 0.00388026 0.690275 34 34 220
0.579924 0.166304 0.529639 237 237 17
-0.00127526 0.291268 0.583026 0 0 254
0.310501 0.243045 0.617312 79 79 175
-0.232595 0.28325 0.590247 29 29 225
0.341291 0.146687 0.660693 103 103 151
0.242123 0.2625 0.606542 32 32 222
0.0255388 0.0881913 0.681986 0 0 254
0.0762509 0.20111 0.643518 3 3 251
0.0143704 -0.119364 0.673925 0 0 254
0.52176 -0.0495807 0.614938 230 230 24
0.137975 -0.0248546 0.689718 8 8 246
0.465053 0.0480987 0.647052 183 183 71
0.348133 -0.406043 0.421038 89 89 165
0.21204 -0.0255389 0.689672 17 17 237
0.475554 0.329731 0.474559 175 175 79
0.213515 0.278349 0.593912 34 34 220
0.290562 0.16468 0.659097 50 50 204
0.132534 -0.154846 0.663463 6 6 248
0.215762 0.203998 0.641735 34 34 220
0.379533 0.0443023 0.676089 100 100 154
0.129517 0.0710168 0.684515 8 8 246
0.219314 0.222034 0.632021 28 28 226
0.0326683 0.0332603 0.689659 1 1 253
0.400819 0.339175 0.509126 142 142 112
0.426138 -0.0221125 0.665001 165 165 89
0.0461088 0.0781711 0.683617 6 6 248
0.444691 0.0878773 0.64894 138 138 116
-0.0672183 0.121669 0.674109 4 4 250
0.604423 -0.0393923 0.54796 255 255 0
-0.068945 -0.387837 0.468556 1 1 253
0.171012 -0.00177431 0.690761 15 15 239
0.0241126 -0.093051 0.680522 3 3 251
0.340958 -0.0187583 0.686006 100 100 154
0.0799671 0.0798757 0.682899 2 2 252
-0.063281 0.0373202 0.689301 1 1 253
-0.00715247 -0.0828346 0.683306 0 0 254
0.285324 -0.39191 0.460753 61 61 193
0.461242 -0.0412271 0.649753 172 172 82
0.00151086 -0.103551 0.678434 0 0 254
0.478049 0.292798 0.517316 183 183 71
-0.0682861 0.0596375 0.686661 2 2 252
-0.310894 -0.151203 0.662962 52 52 202
-0.0856329 -0.38108 0.478891 2 2 252
-0.0935237 0.156933 0.662518 1 1 253
0.354238 -0.151567 0.65695 67 67 187
0.249662 0.0925421 0.680423 38 38 216
0.265069 0.18443 0.650423 31 31 223
0.537477 0.181519 0.559201 206 206 48
-0.106995 0.404487 0.43719 3 3 251
0.522718 -0.237249 0.534558 224 224 30
0.427818 -0.383006 0.423334 137 137 117
-0.437151 0.144248 0.636052 116 116 138
0.301962 0.328789 0.546919 72 72 182
0.367277 -0.0939932 0.671054 103 103 151
-0.058432 -0.196449 0.645336 0 0 254
0.40289 0.159688 0.64216 123 123 131
0.159276 0.150495 0.664873 18 18 236
0.125481 0.155433 0.663273 4 4 250
0.226226 -0.0301141 0.689274 47 47 207
-0.111634 0.116886 0.674857 15 15 239
0.162964 0.0956901 0.680545 9 9 245
-0.317642 0.131153 0.668846 73 73 181
0.258812 0.204123 0.641372 49 49 205
0.505325 0.270054 0.518764 202 202 52
-0.225292 0.0178908 0.690207 24 24 230
0.291616 0.13646 0.668783 67 67 187
-0.111631 -0.124526 0.673382 4 4 250
0.635071 0.184925 0.44213 255 255 0
0.248348 0.128499 0.671496 33 33 221
0.051013 -0.178537 0.653749 0 0 254
0.196983 -0.00244652 0.690056 27 27 227
0.119578 0.157631 0.661572 5 5 249
0.0186598 0.00687944 0.690108 0 0 254
-0.0638301 0.158219 0.661289 0 0 254
0.119757 -0.152306 0.663749 5 5 249
0.421805 0.0913928 0.657193 130 130 124
0.0202514 -0.0505837 0.687794 0 0 254
-0.322066 0.00781751 0.687841 57 57 197
0.344446 -0.0129163 0.68513 100 100 154
-0.3351 0.199447 0.639523 80 80 174
-0.0211213 0.173219 0.655863 0 0 254
0.456573 -0.0285845 0.652223 148 148 106
0.362576 0.291626 0.572473 74 74 180
0.207218 -0.0737629 0.684683 34 34 220
-0.194747 0.0167249 0.690597 38 38 216
-0.279187 0.0829567 0.682949 38 38 216
0.134151 -0.35856 0.512605 14 14 240
0.315817 -0.225335 0.627907 80 80 174
0.348136 0.155892 0.656962 98 98 156
0.685549 0.0136017 0.430612 255 255 0
0.390451 -0.198366 0.627987 86 86 168
0.120322 -0.207444 0.639322 11 11 243
0.400305 -0.257767 0.588196 127 127 127
0.208514 0.274802 0.596956 39 39 215
0.153608 -0.0576394 0.687261 10 10 244
0.245896 0.0446241 0.688635 34 34 220
0.0876583 0.100866 0.679153 5 5 249
0.439461 0.231333 0.590894 127 127 127
0.395538 0.232855 0.606622 94 94 160
-0.165642 -0.156255 0.662754 27 27 227
0.3816 0.396553 0.427167 98 98 156
0.560945 0.162424 0.550381 253 253 1
0.491972 0.136442 0.611653 213 213 41
0.393641 0.164974 0.642291 102 102 152
0.44025 -0.121024 0.642207 138 138 116
0.142075 0.250767 0.613855 16 16 238
-0.408302 0.109055 0.656907 100 100 154
-0.442926 -0.1653 0.624578 120 120 134
-0.191196 -0.219004 0.633189 25 25 229
0.130345 0.15106 0.664299 19 19 235
0.0903373 0.12174 0.674091 3 3 251
0.222972 -0.223869 0.630547 40 40 214
0.142718 -0.1543 0.662915 21 21 233
0.0690194 -0.122254 0.673628 1 1 253
-0.162549 0.00206438 0.690176 9 9 245
0.248464 0.347165 0.526373 35 35 219
0.360246 0.149401 0.656765 92 92 162
-0.317792 -0.193483 0.6451 56 56 198
0.0529566 -0.323591 0.553852 0 0 254
0.470237 0.110877 0.632147 159 159 95
0.00473493 0.182711 0.652034 1 1 253
0.160408 -0.177605 0.653592 21 21 233
0.209669 -0.237959 0.622478 28 28 226
0.535192 -0.230946 0.528746 220 220 34
0.285061 0.0903444 0.68159 61 61 193
0.0884889 -0.0580712 0.686861 2 2 252
0.211489 -0.180364 0.65326 24 24 230
0.68105 -0.157244 0.362892 255 255 0
-0.357784 -0.186712 0.641856 67 67 187
0.153422 0.321006 0.555174 11 11 243
0.226417 -0.11963 0.673845 25 25 229
0.26757 -0.177844 0.653471 34 34 220
-0.0371518 -0.105815 0.67745 1 1 253
0.222033 -0.303628 0.572371 21 21 233
0.392995 -0.00581005 0.675214 124 124 130
0.51085 -0.0872599 0.615882 178 178 76
0.229483 0.0630667 0.686543 31 31 223
0.464311 -0.369857 0.415977 148 148 106
0.303455 -0.26918 0.600467 53 53 201
-0.0636702 0.136353 0.669435 1 1 253
0.346928 -0.175303 0.649254 91 91 163
-0.259469 0.139574 0.668252 32 32 222
0.517636 0.24604 0.531473 207 207 47
0.286516 -0.141397 0.667643 50 50 204
0.230921 -0.428897 0.376031 38 38 216
-0.38882 0.187283 0.634507 99 99 155
0.405144 -0.041849 0.669991 132 132 122
0.402584 -0.0898684 0.663433 118 118 136
-0.0206776 -0.0404929 0.688369 0 0 254
0.489155 -0.245363 0.55248 206 206 48
0.124226 -0.0325893 0.689577 9 9 245
-0.320934 0.0156858 0.688002 60 60 194
0.0581312 -0.1774 0.654299 7 7 247
0.015183 0.0072061 0.690845 0 0 254
0.278311 -0.094484 0.680768 67 67 187
0.484369 -0.196559 0.588494 157 157 97
0.4757 0.324514 0.481859 204 204 50
0.207155 -0.133724 0.670052 38 38 216
0.210794 -0.0989256 0.679234 16 16 238
-0.432562 0.109881 0.648624 170 170 84
-0.32403 0.00342642 0.687794 63 63 191
0.102589 0.179796 0.653434 12 12 242
0.104824 -0.280087 0.59279 14 14 240
0.254169 -0.0836938 0.6826 30 30 224
0.486531 0.27309 0.530915 154 154 100
0.314796 0.173372 0.654235 58 58 196
0.341107 -0.235078 0.618392 73 73 181
0.353094 -0.0142373 0.683666 96 96 158
0.12202 -0.270723 0.599792 11 11 243
-0.344196 0.0649836 0.680514 68 68 186
0.590404 -0.220569 0.477024 255 255 0
0.180046 -0.308961 0.567718 16 16 238
0.0400853 0.107782 0.677327 5 5 249
0.581472 0.159277 0.531393 255 255 0
0.409253 -0.103093 0.658455 116 116 138
0.0837211 -0.303233 0.572704 8 8 246
-0.0704943 -0.111023 0.676867 0 0 254
0.143848 0.342609 0.53178 22 22 232
0.354563 0.15384 0.656722 98 98 156
0.541069 0.0113298 0.605742 234 234 20
0.0357039 -0.0877589 0.682344 0 0 254
0.299014 0.109032 0.676636 60 60 194
0.0234633 0.0663215 0.685266 0 0 254
-0.222813 0.273562 0.597685 41 41 213
-0.200382 -0.257986 0.609587 18 18 236
0.429816 0.118016 0.647427 136 136 118
-0.139533 0.253909 0.611618 20 20 234
0.0378632 -0.124 0.673282 0 0 254
0.393358 0.25096 0.595854 107 107 147
0.371647 -0.170068 0.646199 103 103 151
0.180629 -0.412944 0.418288 28 28 226
0.220724 -0.0422451 0.688913 39 39 215
0.241651 0.161507 0.66092 32 32 222
0.271308 -0.111989 0.676601 36 36 218
0.153267 0.150473 0.664396 16 16 238
0.407273 -0.273098 0.573744 104 104 150
0.26621 -0.370096 0.496958 48 48 206
0.377419 -0.093636 0.669112 126 126 128
0.0297313 -0.298007 0.577794 0 0 254
0.60726 -0.0602784 0.541104 255 255 0
0.475193 0.012634 0.644684 154 154 100
0.556605 0.0419043 0.591712 232 232 22
0.171971 -0.203973 0.641359 16 16 238
-0.292446 0.211147 0.637509 48 48 206
0.264126 -0.0109445 0.690794 29 29 225
0.393518 0.163807 0.643136 105 105 149
-0.492742 -0.0264873 0.635394 171 171 83
0.25675 0.2471 0.616279 56 56 198
-0.0186707 -0.128417 0.672015 0 0 254
0.483907 -0.145918 0.612951 182 182 72
0.330186 0.0712583 0.681769 58 58 196
-0.161797 0.188562 0.648582 23 23 231
-0.0104576 0.125422 0.672628 0 0 254
-0.0422135 0.147394 0.665366 0 0 254
0.00324417 -0.159842 0.660984 0 0 254
-0.147699 -0.0185728 0.690287 6 6 248
0.465249 0.0332008 0.648146 169 169 85
0.387713 0.0930992 0.66698 134 134 120
0.44982 0.0846219 0.647752 159 159 95
0.332518 0.111301 0.67298 71 71 183
0.0439067 -0.143271 0.667012 3 3 251
-0.0202892 -0.131209 0.670677 0 0 254
0.510674 0.0843759 0.615844 204 204 50
0.0982465 -0.12076 0.673924 4 4 250
0.0859924 0.228787 0.627629 1 1 253
0.317608 0.411873 0.418345 60 60 194
0.0109064 -0.0144307 0.689916 0 0 254
0.221768 0.235686 0.623719 36 36 218
0.0581406 -0.0853205 0.681998 1 1 253
0.606066 -0.103123 0.530165 255 255 0
0.486575 0.0565547 0.635321 214 214 40
0.318808 -0.299699 0.573563 56 56 198
-0.013253 -0.257384 0.609877 0 0 254
0.154014 -0.0134086 0.690446 24 24 230
0.392299 0.081491 0.668406 127 127 127
-0.241854 -0.0382248 0.688641 31 31 223
0.151657 -0.248027 0.615857 14 14 240
0.544218 0.0335752 0.601783 223 223 31
0.496408 0.111738 0.616949 177 177 77
0.282658 0.13269 0.670229 47 47 207
0.606408 0.111851 0.526112 255 255 0
-0.054252 -0.248207 0.615763 1 1 253
0.459725 -0.00253193 0.651725 142 142 112
0.430277 -0.36836 0.448228 159 159 95
0.291332 0.219096 0.633612 49 49 205
0.303966 0.0827364 0.682168 70 70 184
-0.033964 -0.0978734 0.679911 0 0 254
0.306237 0.0882671 0.681042 50 50 204
0.0483068 -0.184754 0.650701 2 2 252
-0.0218048 0.0660659 0.685911 0 0 254
-0.146382 -0.248342 0.616001 7 7 247
0.212026 0.014263 0.690748 23 23 231
0.640887 0.0394948 0.503565 255 255 0
0.00602236 -0.200596 0.643446 1 1 253
0.449631 0.0307062 0.655413 156 156 98
0.0310658 0.155943 0.662737 4 4 250
0.624389 0.173774 0.469459 255 255 0
0.491269 -0.127426 0.615635 200 200 54
0.117102 0.181508 0.652579 6 6 248
-0.0520477 0.0722638 0.684578 0 0 254
-0.122247 -0.0242271 0.689366 6 6 248
-0.171273 -0.1694 0.657498 20 20 234
-0.150879 -0.261376 0.607234 11 11 243
0.27467 0.2246 0.631009 34 34 220
0.529435 0.239043 0.526104 232 232 22
0.346772 0.0809103 0.677523 89 89 165
0.409148 0.17166 0.634951 119 119 135
0.372614 -0.0017121 0.680063 84 84 170
-0.0452532 -0.214602 0.635884 0 0 254
0.346572 0.155219 0.657009 67 67 187
0.103212 -0.00844256 0.690276 2 2 252
0.519891 0.112965 0.602536 199 199 55
0.130359 0.266953 0.602835 3 3 251
0.309003 -0.207056 0.638297 72 72 182
-0.0581845 -0.0547064 0.687537 6 6 248
0.522134 -0.118236 0.599769 214 214 40
-0.014314 -0.210662 0.638133 0 0 254
0.459802 -0.0621253 0.647768 188 188 66
0.038581 0.0940058 0.680851 0 0 254
0.407924 -0.379354 0.443764 129 129 125
0.370836 -0.0783897 0.674018 113 113 141
0.41977 0.0989116 0.6561 112 112 142
-0.384382 -0.00739768 0.677361 82 82 172
0.187127 0.207004 0.640478 12 12 242
0.444988 0.0547455 0.654079 130 130 124
-0.181237 0.172694 0.656475 18 18 236
0.560177 -0.00264358 0.590739 255 255 0
-0.146853 -0.0656119 0.685922 16 16 238
-0.0814024 -0.133255 0.669927 3 3 251
0.210362 -0.136882 0.669139 35 35 219
0.509181 0.174912 0.584033 172 172 82
0.0515867 0.0526214 0.687845 2 2 252
0.348662 -0.264729 0.597268 88 88 166
0.276254 0.0920889 0.680845 66 66 188
0.272945 0.175617 0.654693 45 45 209
0.556413 0.192012 0.537179 239 239 15
0.31596 -0.0417275 0.687159 62 62 192
0.239691 0.169061 0.6576 24 24 230
0.395183 0.198606 0.626382 128 128 126
0.609203 -0.0741496 0.535132 255 255 0
-0.0121105 -0.0304442 0.689166 0 0 254
0.495106 -0.0164474 0.63419 203 203 51
0.392249 -0.136902 0.653414 103 103 151
0.100958 0.363209 0.505961 4 4 250
0.0287963 -0.0652828 0.685699 0 0 254
-0.216406 0.279428 0.593203 33 33 221
0.454568 -0.109642 0.639675 189 189 65
0.58236 0.172484 0.522686 255 255 0
0.202265 -0.0839331 0.682262 24 24 230
-0.0665069 0.183458 0.651408 0 0 254
0.317194 -0.208863 0.637244 73 73 181
-0.150057 0.315295 0.562173 14 14 240
0.13517 0.0265303 0.689613 4 4 250
-0.0150692 0.202919 0.641689 1 1 253
0.530308 -0.0263781 0.611392 212 212 42
0.0820957 -0.0386846 0.689223 5 5 249
0.0830145 -0.352109 0.520616 4 4 250
0.508481 0.331753 0.437758 201 201 53
-0.121861 -0.288741 0.586125 9 9 245
-0.149381 -0.154551 0.662767 9 9 245
0.250763 0.0730756 0.684736 47 47 207
0.106983 0.272104 0.598922 7 7 247
-0.263552 -0.228528 0.627884 61 61 193
0.473271 0.10118 0.633381 181 181 73
0.487084 0.114866 0.621928 212 212 42
0.647927 0.0239385 0.495724 255 255 0
-0.41425 0.00527743 0.669224 127 127 127
-0.145325 0.273191 0.598582 7 7 247
0.34215 -0.358066 0.505421 64 64 190
0.317009 0.172918 0.653864 85 85 169
0.194643 0.11498 0.675193 17 17 237
0.0848342 0.0876197 0.681854 7 7 247
-0.0597368 -0.0268745 0.689653 2 2 252
-0.469335 0.217133 0.585151 145 145 109
0.0801752 0.180604 0.65296 3 3 251
0.334489 0.16398 0.65599 94 94 160
-0.103513 -0.32856 0.548668 10 10 244
0.217836 0.185948 0.650417 19 19 235
0.471744 -0.0448662 0.643998 173 173 81
-0.037357 0.0501902 0.687319 0 0 254
0.0967541 -0.219138 0.633449 2 2 252
0.379041 -0.028999 0.678099 104 104 150
0.0295941 0.0793369 0.683228 0 0 254
0.180928 -0.112656 0.675903 13 13 241
-0.177585 -0.293735 0.581082 11 11 243
-0.23916 0.346548 0.527968 29 29 225
0.2428 0.119201 0.674628 22 22 232
0.16441 -0.0801688 0.682842 19 19 235
0.40725 0.176835 0.633643 140 140 114
0.207841 0.1415 0.667767 42 42 212
-0.317958 -0.0393411 0.686951 88 88 166
0.133562 -0.380137 0.481358 4 4 250
-0.247284 0.0232737 0.689552 51 51 203
0.163238 -0.0329947 0.689256 28 28 226
-0.141924 -0.0342029 0.688898 9 9 245
0.0167735 0.0716145 0.684562 0 0 254
0.015775 0.194223 0.64616 1 1 253
0.164684 -0.130416 0.670944 18 18 236
0.648704 0.0540993 0.489546 255 255 0
0.327809 0.0463304 0.685684 76 76 178
0.426963 -0.0163183 0.664671 144 144 110
-0.257216 -0.00786982 0.690013 33 33 221
0.5545 -0.0657415 0.589122 243 243 11
0.451495 -0.0436502 0.653322 182 182 72
-0.167871 -0.00956354 0.690588 13 13 241
0.205369 0.302894 0.573832 20 20 234
0.182016 -0.0237883 0.690271 31 31 223
0.0433727 0.297472 0.577782 1 1 253
0.317431 -0.355948 0.513438 63 63 191
0.273538 -0.135325 0.669537 31 31 223
-0.0329707 -0.0241188 0.68984 1 1 253
0.291994 0.330402 0.545454 44 44 210
0.397401 0.130061 0.653933 104 104 150
0.133089 -0.18224 0.652339 11 11 243
0.151966 0.135211 0.669576 15 15 239
0.0898776 0.0877605 0.681857 5 5 249
-0.15882 -0.393981 0.457735 12 12 242
0.320748 0.080465 0.681377 50 50 204
0.453063 0.0098921 0.65431 141 141 113
0.361495 0.288516 0.575455 89 89 165
0.016042 -0.190978 0.648208 0 0 254
0.261861 -0.0543728 0.687356 43 43 211
0.607944 0.265447 0.391327 255 255 0
0.477557 0.017671 0.643213 185 185 69
0.00813523 0.0150905 0.690061 1 1 253
0.407819 -0.262669 0.582444 101 101 153
0.218894 0.0193794 0.690346 43 43 211
-0.227533 0.0065224 0.690757 28 28 226
0.277875 0.0805788 0.683108 40 40 214
0.15047 -0.0297743 0.689436 25 25 229
0.215692 -0.0947302 0.680039 19 19 235
0.326761 -0.222135 0.628192 75 75 179
0.418155 0.22041 0.607291 104 104 150
0.332892 0.20789 0.635433 75 75 179
0.174489 -0.107098 0.67768 28 28 226
0.393564 0.415103 0.369885 109 109 145
-0.0210077 0.0112188 0.690428 0 0 254
0.294532 -0.28553 0.587526 54 54 200
-0.448114 0.06559 0.651981 165 165 89
0.36316 -0.180626 0.643966 114 114 140
-0.0250866 -0.0184682 0.690333 0 0 254
0.105605 -0.00398401 0.690058 6 6 248
0.318609 0.418792 0.400514 63 63 191
-0.0596913 0.0465145 0.688339 2 2 252
0.152648 -0.386454 0.47069 17 17 237
-0.000913858 -0.0691243 0.685211 0 0 254
0.449495 0.393758 0.37444 154 154 100
-0.0277263 -0.117794 0.674759 1 1 253
0.353039 0.311466 0.555966 92 92 162
0.326917 -0.324797 0.547301 81 81 173
0.339873 -0.158994 0.657376 79 79 175
0.595528 -0.0792881 0.548753 255 255 0
0.243739 -0.0307928 0.689532 34 34 220
0.394748 0.23098 0.608997 106 106 148
0.25924 0.161611 0.660305 44 44 210
0.0261572 0.354752 0.517756 0 0 254
0.31256 0.229761 0.625325 54 54 200
0.357258 0.287724 0.577173 86 86 168
0.536502 0.234521 0.523729 224 224 30
0.503814 -0.0644744 0.62395 211 211 43
0.335968 0.221566 0.627632 88 88 166
0.414329 0.356139 0.479865 131 131 123
0.170512 -0.30754 0.568523 20 20 234
0.064658 0.083755 0.682253 0 0 254
0.303596 0.163135 0.658665 81 81 173
0.15632 -0.160229 0.660642 19 19 235
0.0969344 -0.101105 0.679275 7 7 247
0.396562 0.132939 0.653472 124 124 130
0.40893 -0.209675 0.616693 106 106 148
0.125807 -0.185137 0.650643 11 11 243
-0.348087 0.0784137 0.678196 66 66 188
-0.262391 0.144701 0.666342 41 41 213
-0.252381 0.170067 0.657167 35 35 219
0.379521 0.0971344 0.668293 105 105 149
0.329922 -0.239318 0.617856 86 86 168
0.118856 0.199493 0.643481 17 17 237
-0.016804 0.0377023 0.688821 0 0 254
0.466528 -0.0798115 0.640967 176 176 78
0.293564 0.217679 0.634591 67 67 187
0.237316 -0.140802 0.668214 46 46 208
0.115174 0.146559 0.665649 8 8 246
0.524907 0.348579 0.380901 194 194 60
-0.17087 -0.391028 0.46377 22 22 232
0.613121 -0.053533 0.535426 255 255 0
0.378665 0.0916644 0.66908 109 109 145
0.360147 -0.028069 0.682242 98 98 156
0.462331 0.045636 0.648709 136 136 118
0.106953 -0.112224 0.676561 7 7 247
-0.0728403 -0.130353 0.671369 0 0 254
0.498108 0.182823 0.588104 223 223 31
0.112725 -0.0966399 0.67962 2 2 252
0.191322 -0.0520011 0.687227 18 18 236
-0.00250065 0.0971975 0.680245 0 0 254
-0.149725 -0.112092 0.676026 9 9 245
0.300967 0.157379 0.661228 45 45 209
-0.250726 -0.16887 0.657117 42 42 212
0.216733 0.175913 0.654665 21 21 233
0.561687 -0.281713 0.447162 255 255 0
-0.0685468 -0.175016 0.655402 2 2 252
-0.292309 -0.0471634 0.688134 71 71 183
0.351983 0.24492 0.610679 68 68 186
0.339259 -0.369166 0.490143 98 98 156
0.473172 0.288831 0.524662 186 186 68
-0.270563 0.0542452 0.686839 48 48 206
0.312259 0.262088 0.604212 69 69 185
0.627748 -0.0918692 0.507525 255 255 0
0.392272 -0.345238 0.504971 124 124 130
0.358811 -0.0214489 0.68246 68 68 186
0.0946652 0.082116 0.683358 7 7 247
0.352409 -0.296572 0.571046 71 71 183
0.451906 0.0737988 0.649156 155 155 99
-0.00669184 0.0245305 0.690295 1 1 253
0.232525 0.411182 0.423922 48 48 206
0.309819 0.10586 0.677177 73 73 181
0.375083 -0.22068 0.620502 108 108 146
0.444944 -0.16736 0.622828 143 143 111
0.347859 -0.247648 0.609279 65 65 189
-0.201753 0.0292583 0.689711 20 20 234
-0.113173 0.22363 0.630785 13 13 241
0.108065 0.00622878 0.690146 4 4 250
0.17462 0.281354 0.591809 18 18 236
0.261572 0.21051 0.638033 48 48 206
0.423278 -0.160535 0.634349 116 116 138
-0.148424 -0.00908865 0.690307 7 7 247
-0.195363 -0.211702 0.637505 14 14 240
0.312295 0.119185 0.672963 62 62 192
0.49117 -0.0168111 0.636342 168 168 86
-0.0951786 0.134315 0.669776 5 5 249
0.178522 0.0022263 0.690145 19 19 235
-0.0473545 0.22321 0.631503 0 0 254
0.411514 0.168596 0.635601 99 99 155
0.526266 0.0220996 0.615189 234 234 20
0.366183 -0.0908002 0.671757 115 115 139
0.371216 -0.109725 0.66709 120 120 134
0.313067 -0.0762232 0.682756 46 46 208
0.0393177 0.112563 0.676579 0 0 254
0.45812 -0.0168519 0.652704 178 178 76
0.145137 0.358243 0.512199 10 10 244
0.390831 -0.147328 0.650111 97 97 157
0.00173006 0.109601 0.677425 0 0 254
0.0291409 -0.368001 0.498628 0 0 254
0.3748 -0.279356 0.578976 80 80 174
0.667831 -0.0207209 0.463587 255 255 0
0.223513 -0.410365 0.424405 24 24 230
0.136628 0.160063 0.66095 6 6 248
0.104696 0.115338 0.675559 7 7 247
-0.0221037 0.0423726 0.688986 0 0 254
0.450504 -0.104895 0.642675 143 143 111
0.0059464 -0.217588 0.634214 0 0 254
0.336286 -0.337736 0.531691 67 67 187
0.582099 -0.021417 0.570777 244 244 10
0.48996 -0.187939 0.590091 165 165 89
0.123762 0.126074 0.672785 11 11 243
0.0238957 0.199252 0.643709 3 3 251
0.372076 -0.170592 0.646445 106 106 148
0.419304 -0.128152 0.64745 150 150 104
0.16057 -0.00843085 0.690845 8 8 246
-0.185565 0.135252 0.669304 18 18 236
0.171784 -0.140783 0.668271 21 21 233
0.283238 0.0425334 0.688715 56 56 198
0.599048 0.0506935 0.550722 255 255 0
-0.383799 -0.1653 0.645 81 81 173
0.411075 0.0269951 0.669874 126 126 128
0.20848 -0.0823235 0.682748 25 25 229
0.547218 0.140551 0.572197 255 255 0
0.42857 -0.0260419 0.663759 167 167 87
-0.00354434 -0.015626 0.690013 0 0 254
0.0566546 0.122396 0.673969 5 5 249
-0.192527 -0.107212 0.67737 19 19 235
0.182222 0.362101 0.50701 19 19 235
0.130395 0.16127 0.660475 11 11 243
0.28643 0.129742 0.671278 64 64 190
0.542994 0.268734 0.484813 255 255 0
0.413516 -0.133794 0.647855 135 135 119
0.0201181 0.143689 0.666732 1 1 253
0.116263 -0.0527602 0.687828 9 9 245
0.544483 -0.107949 0.58641 207 207 47
0.133467 0.20776 0.63951 15 15 239
-0.0378912 -0.2054 0.641443 0 0 254
0.263129 -0.218945 0.633361 40 40 214
0.565073 0.182367 0.534039 255 255 0
0.457144 0.107814 0.638664 139 139 115
-0.0446253 0.0444068 0.687808 0 0 254
0.554652 -0.0100328 0.594513 214 214 40
0.535394 0.000870042 0.609412 210 210 44
0.505197 -0.159039 0.594979 192 192 62
0.220881 0.0816169 0.683534 30 30 224
0.0209799 0.351269 0.522032 0 0 254
0.379262 -0.15253 0.651351 85 85 169
-0.313769 -0.00743559 0.688552 50 50 204
-0.171811 -0.322444 0.553976 14 14 240
-0.0380707 0.397335 0.452521 1 1 253
0.505293 0.232669 0.550935 186 186 68
-0.0752962 -0.0101434 0.690387 1 1 253
0.257907 -0.0331359 0.689449 44 44 210
-0.0617795 0.00729771 0.690282 0 0 254
-0.0477893 -0.317349 0.560093 0 0 254
0.324079 -0.179077 0.650259 53 53 201
0.407905 0.271778 0.574622 101 101 153
0.387607 0.0188928 0.676236 112 112 142
0.131264 0.131052 0.671224 15 15 239
0.0119359 -0.27113 0.599042 0 0 254
0.0623666 -0.171318 0.656396 2 2 252
0.304071 -0.200267 0.643019 76 76 178
0.316883 -0.115674 0.674002 60 60 194
-0.00247155 -0.282852 0.590079 0 0 254
0.28864 0.0163381 0.69053 43 43 211
0.0990242 0.0423752 0.688974 5 5 249
0.132016 -0.000948101 0.690773 15 15 239
0.230192 -0.0919975 0.680889 49 49 205
0.109819 -0.365534 0.503211 5 5 249
0.00731371 0.0121875 0.690678 0 0 254
-0.123426 0.223822 0.630713 18 18 236
0.130207 0.106545 0.678099 14 14 240
0.0249993 -0.138316 0.668253 2 2 252
0.31349 -0.0787409 0.68207 49 49 205
0.299096 0.244886 0.617656 53 53 201
-0.00670254 -0.180173 0.652501 0 0 254
-0.0755493 -0.258887 0.608335 3 3 251
-0.00514668 0.201383 0.642774 0 0 254
0.253714 0.164668 0.659314 55 55 199
0.297155 0.050812 0.68685 53 53 201
-0.020497 -0.110369 0.676954 1 1 253
0.385127 -0.136746 0.6557 103 103 151
0.200463 0.101968 0.678441 19 19 235
0.246733 -0.313967 0.562785 32 32 222
0.343164 0.0206662 0.684977 98 98 156
-0.13705 -0.027858 0.689696 11 11 243
0.548068 0.184762 0.549016 232 232 22
0.400073 0.193878 0.627871 114 114 140
-0.267653 -0.228013 0.628043 52 52 202
0.536579 0.252344 0.508016 199 199 55
0.582302 0.161071 0.529946 238 238 16
0.542006 0.145489 0.574791 216 216 38
0.415733 0.0642513 0.663784 133 133 121
-0.146526 -0.337936 0.537504 15 15 239
0.00168649 0.174532 0.655181 0 0 254
0.0599925 -0.0904751 0.680965 2 2 252
-0.389014 -0.116107 0.661131 91 91 163
0.0952916 -0.147258 0.666209 2 2 252
0.558098 -0.0602102 0.586865 255 255 0
0.36535 -0.0929241 0.671638 70 70 184
0.584569 -0.0943495 0.555891 255 255 0
0.47991 0.1519 0.613248 180 180 74
0.0502684 0.0656046 0.685496 4 4 250
0.125231 0.428442 0.37853 5 5 249
0.355342 0.212527 0.629033 93 93 161
0.00076786 -0.0271567 0.689842 0 0 254
-0.301017 -0.0732673 0.684076 54 54 200
0.299844 -0.142279 0.667164 69 69 185
0.6738 -0.0109022 0.453388 255 255 0
0.490915 -0.352829 0.421835 161 161 93
0.257605 -0.354384 0.517272 53 53 201
0.149373 0.200303 0.643536 16 16 238
-0.0411858 0.297523 0.577558 0 0 254
0.484246 0.151271 0.610633 212 212 42
-0.472431 0.0701433 0.640464 161 161 93
0.397577 0.313841 0.539243 117 117 137
-0.00114824 -0.173587 0.655843 0 0 254
0.129435 0.269265 0.601241 6 6 248
0.343296 0.0915522 0.675811 84 84 170
0.261074 0.428237 0.377751 44 44 210
-0.131082 0.117666 0.67493 7 7 247
0.461887 -0.138199 0.627564 143 143 111
0.489032 -0.303875 0.495675 189 189 65
0.247569 -0.230714 0.62716 52 52 202
-0.112846 0.205772 0.640434 12 12 242
0.0255731 0.173232 0.656243 0 0 254
-0.040283 0.0985712 0.680042 0 0 254
0.0310732 -0.0187802 0.690146 2 2 252
0.0494922 -0.16596 0.658534 0 0 254
-0.22644 0.248965 0.61494 26 26 228
0.413871 0.0498776 0.666678 125 125 129
-0.374486 -0.141196 0.656633 95 95 159
0.525318 -0.163252 0.578819 201 201 53
-0.376131 -0.0544474 0.676328 116 116 138
0.415115 0.0181107 0.668773 106 106 148
0.190015 0.125988 0.672118 20 20 234
-1.48531e-05 0.0127802 0.689873 0 0 254
0.143478 -0.165667 0.659381 18 18 236
0.183413 -0.0115811 0.689856 11 11 243
-0.263282 -0.34475 0.530195 39 39 215
0.216142 -0.198337 0.644187 37 37 217
0.498038 0.184649 0.586955 223 223 31
0.359077 -0.209233 0.630376 99 99 155
-0.234929 0.248889 0.61488 34 34 220
-0.184544 -0.123445 0.673472 13 13 241
0.592098 0.0182778 0.562308 255 255 0
0.292462 0.340248 0.534189 63 63 191
0.492358 0.0674027 0.630684 193 193 61
0.401988 0.127669 0.653202 125 125 129
0.253538 0.227884 0.6287 55 55 199
0.334264 -0.0702092 0.681204 95 95 159
0.396332 0.0224034 0.674382 142 142 112
0.155614 -0.0946039 0.680057 9 9 245
0.303481 -0.0828543 0.681698 67 67 187
0.361618 -0.211436 0.62925 102 102 152
0.370826 0.00951022 0.68083 108 108 146
0.450161 0.0946667 0.644902 163 163 91
0.280329 -0.306581 0.569946 46 46 208
-0.31685 0.0885233 0.680247 67 67 187
0.400576 -0.209819 0.619673 90 90 164
-0.0430216 -0.0720288 0.684755 1 1 253
0.406181 0.254102 0.589496 101 101 153
0.598196 0.055196 0.551901 255 255 0
0.330639 -0.312777 0.560354 75 75 179
0.0351508 0.144231 0.666974 0 0 254
0.264129 0.120651 0.674479 60 60 194
0.4532 0.253414 0.567879 136 136 118
0.599067 0.00333935 0.554796 255 255 0
0.320352 0.0248882 0.687529 86 86 168
0.514086 -0.208723 0.562083 191 191 63
0.203543 -0.236488 0.623001 20 20 234
0.0725776 -0.0309416 0.688988 1 1 253
0.346584 0.0410144 0.682882 108 108 146
0.0816216 -0.337621 0.538738 4 4 250
0.457122 0.223843 0.587094 136 136 118
-0.266316 -0.177278 0.654068 34 34 220
0.0862417 0.0252611 0.689416 5 5 249
0.228217 0.212489 0.63669 27 27 227
0.146266 -0.251834 0.613796 15 15 239
0.371058 -0.102297 0.668135 119 119 135
0.0625009 0.383665 0.47607 4 4 250
0.0473847 -0.26573 0.603305 1 1 253
0.275855 -0.392952 0.460419 68 68 186
-0.0577882 -0.0263622 0.689707 0 0 254
-0.0651302 0.262577 0.606392 2 2 252
0.536488 -0.0330049 0.606698 253 253 1
-0.107973 -0.287006 0.586591 4 4 250
0.375992 0.195468 0.633382 114 114 140
-0.197118 -0.0485358 0.687683 20 20 234
0.591357 -0.016105 0.562382 255 255 0
0.512946 -0.203956 0.565807 203 203 51
0.679543 0.168312 0.352737 255 255 0
0.492226 0.217205 0.571367 198 198 56
0.474967 -0.118223 0.627495 161 161 93
0.493994 -0.19818 0.581927 223 223 31
0.479702 -0.14312 0.616364 162 162 92
0.353958 -0.0481042 0.681145 107 107 147
0.107306 -0.108199 0.67693 6 6 248
0.516368 -0.114862 0.603747 198 198 56
0.45958 0.264031 0.555497 162 162 92
0.00925542 0.0879602 0.681387 0 0 254
0.0572665 -0.317129 0.559067 0 0 254
-0.0191426 0.111404 0.676197 0 0 254
0.466013 0.0403025 0.647272 196 196 58
-0.309942 -0.283448 0.588503 49 49 205
0.440299 -0.0575246 0.656518 142 142 112
0.0100071 0.0118938 0.690639 1 1 253
0.404359 0.207436 0.619762 120 120 134
0.421056 0.198479 0.617814 149 149 105
0.45583 0.0446153 0.65118 167 167 87
-0.383041 0.129651 0.658391 99 99 155
-0.0105215 -0.332967 0.54383 1 1 253
0.315825 -0.207349 0.637537 73 73 181
0.047816 0.267844 0.601944 1 1 253
-0.149934 0.0087451 0.690655 12 12 242
0.318677 -0.107515 0.675062 73 73 181
0.15622 0.00540733 0.690171 7 7 247
0.485489 -0.0893231 0.629331 198 198 56
0.354212 -0.0729938 0.678251 100 100 154
0.390672 0.191267 0.63148 128 128 126
0.455788 0.225303 0.586987 179 179 75
-0.214308 0.368307 0.498929 32 32 222
0.195088 -0.291347 0.582834 13 13 241
-0.16979 -0.0814895 0.6833 13 13 241
0.136725 0.0253888 0.689314 6 6 248
0.278297 0.0361066 0.689303 44 44 210
-0.245394 -0.187643 0.64977 25 25 229
0.326471 0.112346 0.673069 69 69 185
0.227038 -0.0353731 0.689029 36 36 218
0.395922 0.390454 0.4312 116 116 138
-0.195975 -0.364782 0.503165 24 24 230
0.0218712 0.174108 0.65526 1 1 253
-0.28351 0.0212657 0.689769 55 55 199
0.275131 -0.0666831 0.685144 43 43 211
-0.261089 0.307944 0.568327 36 36 218
-0.00513274 0.0493639 0.688279 0 0 254
0.240561 -0.106923 0.678075 49 49 205
0.450658 0.13089 0.634976 133 133 121
0.461851 0.0423621 0.648579 175 175 79
0.358738 0.112634 0.668669 84 84 170
0.130696 0.0161325 0.689787 19 19 235
-0.00193734 -0.222015 0.631444 1 1 253
-0.126458 0.200334 0.643374 16 16 238
0.109642 -0.151665 0.664521 6 6 248
0.13835 0.11971 0.673874 20 20 234
0.0152017 -0.257985 0.609812 1 1 253
-0.291721 -0.0518437 0.687219 75 75 179
-0.000786606 -0.121926 0.67398 0 0 254
-0.264837 0.240363 0.620517 47 47 207
0.0753189 0.0773359 0.683857 1 1 253
-0.132319 -0.0319427 0.689513 10 10 244
0.378501 0.212599 0.623557 111 111 143
0.138233 -0.0738 0.683942 5 5 249
0.267975 -0.155235 0.662602 62 62 192
0.196525 0.138145 0.668376 17 17 237
0.393499 0.110054 0.661331 93 93 161
0.461092 0.026063 0.650119 167 167 87
-0.295298 -0.0287743 0.688895 43 43 211
0.312579 -0.0997001 0.678078 75 75 179
-0.101286 -0.115178 0.67597 5 5 249
-0.232819 -0.288866 0.584946 30 30 224
0.152227 0.317238 0.559416 17 17 237
0.0356284 -0.127759 0.672397 2 2 252
0.148746 -0.206781 0.640259 19 19 235
0.136519 -0.145032 0.666236 9 9 245
0.211027 -0.153073 0.663373 44 44 210
0.40343 -0.0628389 0.668189 121 121 133
0.0316302 0.170832 0.657126 2 2 252
0.505471 0.199318 0.57337 227 227 27
0.0582536 0.0943888 0.680474 0 0 254
-0.272425 0.207044 0.63989 65 65 189
0.0681229 -0.0638719 0.685597 3 3 251
0.588155 -0.0585181 0.560392 255 255 0
0.0223375 -0.0705075 0.684956 0 0 254
0.0467563 0.0365847 0.689019 0 0 254
0.0694303 -0.181001 0.652462 1 1 253
0.54505 0.243508 0.508252 229 229 25
-0.10368 -0.103311 0.678777 4 4 250
0.130271 0.0310952 0.689804 7 7 247
0.543756 0.189971 0.54979 228 228 26
0.176267 0.205009 0.641199 23 23 231
0.324671 0.183755 0.648659 60 60 194
0.233368 0.106397 0.678199 43 43 211
0.428123 0.236769 0.592221 117 117 137
0.432962 0.147326 0.636611 124 124 130
0.357211 0.083829 0.675069 86 86 168
0.456596 0.110157 0.63836 153 153 101
0.465302 -0.22259 0.583635 197 197 57
-0.196086 0.331126 0.545383 24 24 230
-0.163475 0.0420511 0.688447 25 25 229
0.224168 0.140233 0.66791 18 18 236
-0.226417 -0.0248522 0.690082 23 23 231
0.525424 0.301994 0.464184 206 206 48
0.541081 -0.172871 0.562023 202 202 52
-0.198135 0.0886168 0.681379 20 20 234
0.205977 -0.109634 0.676653 26 26 228
0.00447763 0.312372 0.565059 1 1 253
0.134223 -0.0867162 0.682302 9 9 245
-0.342106 -0.0776355 0.678722 98 98 156
-0.0103216 -0.0547043 0.687638 0 0 254
0.504275 -0.1045 0.614867 172 172 82
0.633965 -0.217586 0.408454 255 255 0
0.354261 -0.215036 0.628475 107 107 147
0.319779 -0.340528 0.532382 65 65 189
0.384041 0.208635 0.624174 134 134 120
0.345298 0.113937 0.670177 74 74 180
0.282565 -0.376333 0.486451 46 46 208
0.31674 -0.000788829 0.688638 88 88 166
0.441366 0.331218 0.497353 168 168 86
0.108134 -0.20635 0.640674 7 7 247
0.0439059 0.0253781 0.689834 0 0 254
0.312536 0.388604 0.464406 70 70 184
0.217306 -0.112776 0.676286 23 23 231
-0.0863574 -0.0229166 0.689613 2 2 252
-0.18528 0.152836 0.663324 20 20 234
0.3792 -0.130311 0.658724 88 88 166
0.0354023 -0.0059812 0.690335 1 1 253
0.0447777 0.0245592 0.69032 5 5 249
0.200582 -0.248483 0.615298 30 30 224
0.146814 -0.232839 0.625548 6 6 248
0.104303 0.020387 0.689804 6 6 248
0.278356 -0.284805 0.588605 39 39 215
0.31028 0.0111493 0.688942 70 70 184
0.621889 -0.217865 0.432565 255 255 0
0.157238 -0.178111 0.654138 15 15 239
-0.370057 0.105025 0.667989 82 82 172
0.130466 -0.222163 0.632258 13 13 241
0.473939 -0.158965 0.613193 169 169 85
0.0470181 0.187207 0.649613 0 0 254
0.120436 0.0178542 0.689682 8 8 246
0.462127 0.0264254 0.650413 152 152 102
0.242789 -0.213009 0.637294 44 44 210
0.169555 0.0134076 0.690216 13 13 241
0.315109 0.205098 0.639319 66 66 188
0.00644565 0.128788 0.67129 0 0 254
0.0588792 0.140353 0.667967 1 1 253
-0.0953819 -0.088899 0.68163 8 8 246
0.160237 -0.381131 0.47891 22 22 232
0.615842 -0.118281 0.513147 255 255 0
0.131931 -0.138784 0.668696 5 5 249
0.0387035 0.125575 0.672817 2 2 252
-0.300501 0.0174437 0.689286 43 43 211
0.337036 -0.239379 0.616569 77 77 177
0.129752 -0.124136 0.672649 11 11 243
0.371404 -0.101792 0.669046 100 100 154
-0.331824 -0.296236 0.574636 61 61 193
0.190793 0.254016 0.611731 30 30 224
0.47599 -0.0762847 0.636641 173 173 81
0.136168 0.135849 0.669786 18 18 236
0.285397 -0.211852 0.637667 43 43 211
0.509721 -0.266336 0.519286 194 194 60
0.0326642 0.248737 0.615687 0 0 254
-0.0279343 -0.16215 0.660333 0 0 254
0.433469 -0.101046 0.650474 157 157 97
0.231514 0.0756419 0.684411 22 22 232
0.660864 -0.110374 0.449398 255 255 0
0.632636 -0.0182147 0.516746 255 255 0
0.365594 -0.064113 0.67703 73 73 181
0.456559 0.0974486 0.641606 147 147 107
0.060706 0.0399502 0.689027 3 3 251
0.587242 -0.0231612 0.565971 255 255 0
-0.0109851 0.31539 0.561091 0 0 254
-0.0160025 -0.356031 0.515623 0 0 254
0.138969 0.149256 0.664636 23 23 231
0.375599 -0.194318 0.634062 109 109 145
-0.0602062 0.358792 0.512555 3 3 251
0.381249 -0.269122 0.585524 110 110 144
-0.0276358 0.362028 0.507068 2 2 252
0.374027 0.055685 0.676218 125 125 129
0.485709 0.098889 0.626612 175 175 79
0.408956 -0.28047 0.566542 117 117 137
-0.141943 0.216974 0.635297 9 9 245
0.344186 -0.40594 0.422338 69 69 185
0.559112 -0.175027 0.545363 255 255 0
-0.0975741 0.360488 0.509851 7 7 247
0.426749 -0.15552 0.635433 121 121 133
0.122852 -0.206595 0.640547 10 10 244
0.132419 0.115937 0.674824 9 9 245
0.37672 -0.203676 0.628929 106 106 148
-0.0347836 -0.185446 0.651015 0 0 254
0.402198 0.116119 0.657505 131 131 123
0.104119 -0.0914915 0.681046 6 6 248
0.113803 -0.1847 0.650307 4 4 250
0.192682 0.222227 0.63182 13 13 241
0.37824 -0.219071 0.620007 111 111 143
0.0356449 -0.0599619 0.685987 0 0 254
-0.0611576 -0.325763 0.550356 0 0 254
0.428161 0.0662699 0.659195 148 148 106
0.207193 -0.338336 0.53661 32 32 222
0.388126 -0.200311 0.627754 86 86 168
0.00894006 0.393291 0.458768 0 0 254
0.469735 0.365457 0.419403 149 149 105
0.0622462 0.046379 0.68836 2 2 252
0.432393 0.289959 0.547727 161 161 93
-0.320087 -0.299707 0.572925 78 78 176
0.611945 0.00750266 0.541291 255 255 0
0.329887 -0.372871 0.486761 66 66 188
0.0058528 -0.112731 0.676379 0 0 254
0.383608 -0.12424 0.659708 111 111 143
0.286976 -0.00314436 0.690371 67 67 187
0.409833 -0.0235174 0.669469 133 133 121
-0.064906 -0.00693658 0.690882 0 0 254
-0.0118922 -0.253781 0.612107 0 0 254
0.434927 0.0939514 0.651793 161 161 93
0.453303 0.119081 0.637367 154 154 100
0.0591648 0.0520334 0.687965 3 3 251
-0.0934782 -0.0893441 0.681692 4 4 250
0.589156 0.0505164 0.561018 255 255 0
0.505944 0.156409 0.595785 174 174 80
0.554451 -0.0943918 0.582949 238 238 16
0.503736 0.278827 0.512283 195 195 59
0.0563944 0.0520353 0.68773 2 2 252
-0.212319 -0.352347 0.520743 26 26 228
0.324101 0.0043313 0.687619 78 78 176
0.644581 -0.150922 0.453697 255 255 0
0.182262 0.139917 0.66868 24 24 230
0.329451 -0.0996341 0.676594 55 55 199
0.36765 -0.170674 0.647177 113 113 141
-0.0409587 0.129512 0.671782 5 5 249
-0.103725 0.007129 0.690914 2 2 252
0.297044 -0.369012 0.498031 47 47 207
0.35621 -0.236656 0.61563 91 91 163
0.382538 -0.022962 0.677745 83 83 171
0.494781 -0.0776971 0.627315 189 189 65
0.582378 -0.2229 0.484966 252 252 2
0.20983 -0.12763 0.671806 29 29 225
0.146447 0.062017 0.686538 8 8 246
0.190525 0.141607 0.667479 21 21 233
-0.0666673 -0.0860177 0.68211 0 0 254
-0.179989 0.0225135 0.68957 16 16 238
0.371126 0.235643 0.612072 116 116 138
0.380967 0.0408688 0.676969 87 87 167
0.138664 -0.218427 0.634246 14 14 240
-0.404747 -0.223788 0.609958 104 104 150
0.528046 -0.112236 0.597167 215 215 39
0.0449759 -0.0056377 0.690565 0 0 254
0.176396 -0.109404 0.676723 27 27 227
0.0804399 -0.0322743 0.689797 4 4 250
0.514877 0.246868 0.532817 194 194 60
0.585194 0.179748 0.514663 255 255 0
0.524191 -0.015465 0.616261 199 199 55
0.479892 0.205756 0.585321 164 164 90
0.0248 -0.00466234 0.690406 0 0 254
0.487269 0.0575345 0.634397 179 179 75
0.0622754 -0.129939 0.671115 1 1 253
0.216 -0.214842 0.635549 27 27 227
0.418524 -0.11906 0.65109 113 113 141
0.456339 -0.352364 0.456897 133 133 121
-0.0613115 0.183157 0.651017 4 4 250
0.541604 0.0269678 0.603967 236 236 18
-0.164732 0.159319 0.661419 20 20 234
0.398209 -0.114415 0.65873 141 141 113
0.312102 -0.149508 0.663346 57 57 197
-0.201008 -0.0396038 0.688812 20 20 234
0.0122857 -0.309839 0.566499 1 1 253
0.180377 0.340211 0.53545 23 23 231
0.0275354 0.0965546 0.679659 0 0 254
-0.279341 0.301818 0.573783 40 40 214
0.4149 -0.02372 0.668562 154 154 100
0.127193 0.188867 0.649005 8 8 246
0.202506 0.0106017 0.69012 18 18 236
0.647483 0.0300989 0.494207 255 255 0
0.355168 -0.27772 0.585507 86 86 168
0.494092 0.206532 0.576074 197 197 57
0.436934 -0.122978 0.642821 126 126 128
0.0716227 0.0607077 0.686853 1 1 253
-0.289281 -0.132027 0.670539 40 40 214
0.436406 -0.276854 0.557334 141 141 113
0.0867901 -0.302429 0.573622 8 8 246
0.397646 0.175299 0.637668 143 143 111
0.0340931 0.0861842 0.681871 1 1 253
-0.0585061 0.0639605 0.685786 0 0 254
-0.142999 0.182598 0.651888 11 11 243
0.402049 0.250097 0.593282 115 115 139
0.156652 0.0454207 0.688492 22 22 232
0.0619446 -0.0224285 0.690053 4 4 250
0.574898 0.0998319 0.563873 255 255 0
0.669788 -0.183243 0.361939 255 255 0
0.145182 -0.336279 0.539839 7 7 247
0.608008 0.140781 0.510908 255 255 0
-0.00837903 -0.278259 0.594112 0 0 254
0.507464 0.354835 0.395654 197 197 57
-0.191258 -0.084177 0.682854 14 14 240
0.514859 0.317567 0.454107 243 243 11
-0.391283 0.0391581 0.673665 98 98 156
-0.308713 -0.00146205 0.689383 51 51 203
0.160793 -0.173875 0.655813 8 8 246
0.403428 0.109334 0.658458 120 120 134
0.336649 0.217182 0.630211 101 101 153
0.376394 -0.0380159 0.678309 91 91 163
-0.191573 -0.0964621 0.680266 13 13 241
-0.190403 0.0336305 0.689466 31 31 223
0.109781 0.383103 0.476123 7 7 247
0.187004 -0.166138 0.658581 17 17 237
0.287286 -0.263874 0.604367 41 41 213
0.269865 -0.116779 0.674897 58 58 196
-0.454294 -0.151049 0.626019 153 153 101
0.528097 0.0259478 0.613577 192 192 62
0.0334005 0.13147 0.670347 1 1 253
0.41948 0.23608 0.596433 137 137 117
0.188958 0.257451 0.609147 30 30 224
0.0125839 -0.0429718 0.68846 0 0 254
0.448972 0.254617 0.569481 179 179 75
0.0103869 -0.229855 0.627924 2 2 252
0.398346 0.0153426 0.674153 89 89 165
0.408643 -0.253577 0.588098 101 101 153
0.0137951 0.0398798 0.688995 1 1 253
0.554736 0.125919 0.571703 255 255 0
-0.0384804 -0.153035 0.66321 0 0 254
0.275045 -0.0332292 0.689126 31 31 223
0.595513 0.0110958 0.558894 254 254 0
0.277983 -0.0771343 0.683619 61 61 193
-0.379288 0.195532 0.632679 126 126 128
0.384915 0.156328 0.648133 121 121 133
-0.166553 -0.169538 0.657836 19 19 235
0.000959915 -0.132286 0.670867 0 0 254
0.336242 0.0870619 0.677734 66 66 188
-0.190533 0.265636 0.603765 20 20 234
0.215381 0.378851 0.48247 29 29 225
0.0607556 -0.146525 0.666316 1 1 253
0.0498133 -0.0684798 0.684793 3 3 251
-0.00995645 -0.217622 0.634722 0 0 254
0.11615 0.0862735 0.682318 16 16 238
0.138719 0.218208 0.634286 13 13 241
0.327847 -0.0296591 0.686585 91 91 163
0.177016 -0.251855 0.613773 29 29 225
0.466241 -0.0787728 0.64086 177 177 77
-0.0233437 -0.0619714 0.68646 0 0 254
0.496656 0.269843 0.526861 214 214 40
-0.271223 0.23349 0.625095 49 49 205
0.344044 0.255451 0.604567 71 71 183
0.224547 -0.176714 0.654755 48 48 206
0.379006 0.193394 0.633653 97 97 157
0.07422 0.115468 0.675337 8 8 246
0.549858 0.0792088 0.589879 242 242 12
0.0521902 0.253131 0.612968 3 3 251
0.518369 -0.18437 0.573075 217 217 37
0.289165 0.0914923 0.681141 69 69 185
0.501938 -0.0183241 0.629893 172 172 82
-0.238931 -0.0112129 0.690697 37 37 217
0.33041 0.25876 0.604603 87 87 167
-0.289786 0.0082534 0.690446 41 41 213
-0.0223182 -0.275578 0.595635 0 0 254
0.375315 0.290721 0.570044 111 111 143
0.0355743 0.243068 0.619449 1 1 253
0.198067 -0.0798533 0.68322 33 33 221
0.00985269 -0.325732 0.55157 0 0 254
0.411428 -0.215271 0.61212 112 112 142
-0.0681305 0.285031 0.588265 3 3 251
0.29697 0.0728483 0.683917 79 79 175
0.599152 0.0321482 0.554211 255 255 0
0.22507 -0.298225 0.577217 20 20 234
0.00287264 0.128176 0.672216 1 1 253
0.467476 -0.0718914 0.642531 185 185 69
-0.248761 0.316576 0.55983 39 39 215
0.313533 -0.0512182 0.686532 69 69 185
0.296361 -0.210277 0.637518 44 44 210
0.14668 -0.0825617 0.682542 7 7 247
0.518852 0.0308821 0.619164 187 187 67
0.0999558 -0.105324 0.677855 14 14 240
0.508253 -0.19374 0.574305 210 210 44
-0.0445963 -0.163901 0.659745 0 0 254
0.15158 0.0872972 0.682102 9 9 245
0.631766 -0.0905904 0.503748 255 255 0
0.296131 -0.400922 0.44467 62 62 192
-0.437677 -0.0963133 0.650248 142 142 112
0.0122531 0.199447 0.644434 0 0 254
0.21203 -0.119689 0.674052 18 18 236
-0.298344 -0.117056 0.674258 54 54 200
0.306043 0.0583303 0.685468 59 59 195
-0.292822 0.133206 0.670336 46 46 208
0.36608 0.116317 0.666219 114 114 140
0.0555677 0.0345857 0.689518 4 4 250
0.429107 -0.162414 0.632064 161 161 93
-0.0727286 -0.0647133 0.685625 1 1 253
0.396104 -0.0958724 0.663742 133 133 121
-0.226922 -0.0267786 0.68957 30 30 224
0.309983 0.112875 0.675073 60 60 194
0.333608 0.382791 0.470891 94 94 160
0.0691357 0.238774 0.622481 7 7 247
0.403232 0.0821338 0.665204 141 141 113
0.525439 -0.134073 0.591536 248 248 6
0.0481645 0.150867 0.664837 1 1 253
0.471417 -0.125246 0.626399 153 153 101
0.227293 -0.203554 0.641816 49 49 205
0.0512857 -0.111124 0.676263 1 1 253
-0.067898 0.0441004 0.688681 1 1 253
-0.203962 -0.0118644 0.690826 22 22 232
0.211908 -0.399069 0.447954 39 39 215
0.146242 0.155596 0.662491 13 13 241
0.28908 0.23395 0.624348 49 49 205
-0.309169 0.186161 0.648421 44 44 210
-0.0123949 0.0355449 0.688902 0 0 254
0.103611 0.108631 0.677108 4 4 250
-0.169572 -0.127033 0.672436 12 12 242
0.0864265 0.0141785 0.690493 11 11 243
0.474083 0.256095 0.553347 204 204 50
0.270822 -0.129559 0.671173 30 30 224
0.159318 0.292861 0.582527 13 13 241
-0.134281 -0.139736 0.668355 5 5 249
0.0990831 0.0582012 0.686265 2 2 252
0.286325 -0.111096 0.676088 66 66 188
-0.14407 0.00751835 0.690356 10 10 244
-0.128595 -0.0202041 0.689983 7 7 247
0.205029 0.381281 0.479906 27 27 227
0.176818 -0.259784 0.607404 18 18 236
0.275822 0.212003 0.63706 34 34 220
0.463551 0.012859 0.649553 145 145 109
0.101119 -0.133964 0.670439 5 5 249
-0.0726988 -0.225032 0.630565 0 0 254
0.499912 0.205453 0.573297 199 199 55
0.617496 -0.134749 0.503063 255 255 0
0.103692 -0.173354 0.655565 14 14 240
0.0148587 0.0929264 0.68107 0 0 254
0.499248 -0.0659269 0.626075 215 215 39
0.0114663 0.158177 0.661937 0 0 254
0.18473 -0.136821 0.668757 29 29 225
0.503487 -0.348784 0.413515 191 191 63
0.237394 0.099637 0.679606 46 46 208
0.409382 -0.027389 0.670251 105 105 149
0.366051 -0.29494 0.568009 109 109 145
0.016973 0.266817 0.602629 0 0 254
0.19507 -0.141337 0.667265 24 24 230
0.385377 0.160541 0.646866 120 120 134
0.289553 0.0246019 0.689408 73 73 181
-0.0296981 -0.285509 0.588192 0 0 254
0.452252 0.232204 0.584245 169 169 85
0.370554 -0.0090601 0.681038 92 92 162
0.339258 -0.00147744 0.686169 67 67 187
0.308754 -0.0869762 0.6813 78 78 176
0.311128 0.328109 0.547048 58 58 196
0.130257 -0.113038 0.676487 6 6 248
0.315638 0.0573341 0.68514 55 55 199
-0.151159 -0.147954 0.665064 13 13 241
0.616198 0.25731 0.389061 255 255 0
0.369833 -0.0629499 0.676335 87 87 167
0.261435 -0.219868 0.633546 60 60 194
0.350565 -0.369322 0.487799 108 108 146
0.32851 0.0116191 0.68703 54 54 200
0.0212991 -0.40947 0.426788 1 1 253
0.256304 -0.200291 0.643158 48 48 206
0.634389 0.17097 0.455578 255 255 0
0.374696 -0.197437 0.632677 99 99 155
-0.38632 0.0141152 0.676437 87 87 167
0.0137319 0.132423 0.670606 0 0 254
0.227861 -0.0537711 0.687294 22 22 232
0.250417 0.0256528 0.689854 33 33 221
0.325963 -0.323701 0.55006 55 55 199
0.52691 -0.245154 0.523752 190 190 64
0.323777 0.145469 0.663971 53 53 201
-0.263643 -0.095893 0.68067 45 45 209
0.364386 -0.01394 0.682279 79 79 175
0.0882408 0.18587 0.650694 10 10 244
0.172662 -0.162325 0.659816 13 13 241
0.19714 0.0495324 0.688237 39 39 215
-0.0727402 0.172586 0.656206 3 3 251
0.0451403 -0.0177264 0.689879 1 1 253
-0.24857 -0.105658 0.678234 36 36 218
0.501378 -0.0188284 0.630116 186 186 68
0.570397 -0.101598 0.567367 255 255 0
0.655972 -0.0682451 0.474045 255 255 0
-0.412953 -0.166548 0.636469 118 118 136
-0.159266 0.13133 0.671246 15 15 239
-0.175455 0.174977 0.654963 18 18 236
-0.0882091 0.024135 0.689627 12 12 242
0.306347 -0.111295 0.675847 73 73 181
-0.039012 -0.0896285 0.681496 0 0 254
0.188303 -0.417138 0.408738 13 13 241
0.384038 -0.349361 0.503881 91 91 163
0.401915 -0.126019 0.654373 132 132 122
-0.0907562 -0.374885 0.489048 11 11 243
0.332266 0.0984589 0.675823 72 72 182
-0.359945 -0.15863 0.653366 82 82 172
0.433845 0.0944094 0.651644 140 140 114
0.299492 0.310788 0.56586 52 52 202
-0.108392 0.0543663 0.687298 4 4 250
0.550063 -0.0759352 0.590839 229 229 25
0.356105 0.291863 0.574261 70 70 184
0.50853 -0.316668 0.461339 211 211 43
0.18729 0.0179815 0.689823 26 26 228
0.299464 -0.0503164 0.687595 47 47 207
0.037127 0.0458188 0.687972 2 2 252
0.440025 -0.0349457 0.65852 138 138 116
-0.16654 -0.157218 0.662639 15 15 239
0.423611 0.390822 0.41006 150 150 104
0.541621 -0.127192 0.582571 221 221 33
0.237343 -0.116592 0.675578 45 45 209
0.0552664 0.186103 0.650176 0 0 254
-0.0509868 -0.0364139 0.689157 1 1 253
0.422782 -0.10103 0.65448 117 117 137
0.459344 -0.10077 0.640015 144 144 110
-0.0147787 -0.105163 0.678495 0 0 254
0.599119 0.0905013 0.542504 255 255 0
0.363323 0.171927 0.647438 101 101 153
0.4094 0.107316 0.656878 101 101 153
0.539649 0.286067 0.469164 242 242 12
0.323247 -0.211158 0.635705 77 77 177
-0.187316 0.230094 0.626861 16 16 238
0.374103 0.315244 0.547308 104 104 150
-0.0386723 -0.036429 0.688805 0 0 254
0.367294 -0.0360227 0.680031 74 74 180
0.152791 0.152601 0.663595 14 14 240
0.176796 0.0197636 0.689658 13 13 241
0.313577 -0.0108961 0.689328 52 52 202
0.463195 0.0404684 0.648712 160 160 94
-0.317319 -0.0863921 0.680066 88 88 166
-0.415181 -0.137474 0.645801 145 145 109
0.329933 0.368258 0.492977 81 81 173
0.0571801 0.0781504 0.683833 1 1 253
0.421246 -0.094152 0.656626 116 116 138
0.241573 -0.111097 0.676597 39 39 215
0.267925 -0.161857 0.66078 62 62 192
0.484742 0.0339637 0.639034 158 158 96
0.42044 -0.144965 0.642149 140 140 114
0.329056 0.0445768 0.685353 70 70 184
0.114468 -0.132859 0.670145 7 7 247
-0.00787192 0.0444428 0.687817 0 0 254
-0.000197709 0.0225746 0.690356 1 1 253
0.358734 0.105524 0.66999 82 82 172
-0.029292 -0.0977492 0.679901 3 3 251
0.531872 0.265446 0.499513 207 207 47
-0.326506 -0.152469 0.661323 59 59 195
-0.00799042 -0.0782774 0.683698 0 0 254
0.315342 0.10218 0.676751 52 52 202
0.177288 0.200211 0.643914 21 21 233
0.0980311 0.10787 0.677773 2 2 252
-0.0777835 -0.135149 0.669883 3 3 251
0.102045 0.154886 0.66345 8 8 246
-0.107836 -0.0320801 0.689806 5 5 249
-0.118436 0.128302 0.671999 8 8 246
0.501617 -0.177812 0.588446 188 188 66
0.165169 0.070193 0.684566 20 20 234
0.198488 -0.1791 0.65348 21 21 233
0.181191 -0.206561 0.640188 33 33 221
0.0642322 0.149756 0.665054 0 0 254
0.449924 0.195769 0.607556 161 161 93
0.171754 -0.0936797 0.681142 9 9 245
0.102165 -0.105406 0.678138 7 7 247
-0.416924 0.173429 0.631366 106 106 148
-0.177423 0.0150751 0.690245 20 20 234
-0.112651 -0.188163 0.649281 5 5 249
-0.115764 0.0930175 0.680913 9 9 245
-0.0109469 0.0120225 0.690345 0 0 254
0.335376 -0.0129693 0.686766 76 76 178
0.286703 0.144714 0.666858 70 70 184
0.0895123 0.0102386 0.690849 4 4 250
0.468922 -0.132224 0.625713 150 150 104
0.286856 -0.132329 0.670734 53 53 201
0.527541 0.0863103 0.604832 210 210 44
-0.0574935 -0.0998413 0.678937 4 4 250
0.0375763 0.389372 0.467055 3 3 251
0.000567124 0.372694 0.493462 0 0 254
0.509216 -0.0724205 0.619292 224 224 30
0.0363537 0.0970638 0.680367 1 1 253
-0.0798371 -0.29131 0.583182 0 0 254
0.368498 -0.0550739 0.677477 111 111 143
0.3878 0.0493842 0.673792 124 124 130
0.313665 0.137035 0.667745 79 79 175
0.0775291 0.295089 0.580533 2 2 252
0.494094 0.0241635 0.634213 184 184 70
-0.0380178 0.16875 0.657804 3 3 251
-0.0607082 -0.41795 0.408492 1 1 253
-0.0721 -0.337693 0.538655 1 1 253
0.317382 0.165756 0.657126 68 68 186
-0.0966683 -0.112767 0.676378 3 3 251
0.344419 0.0689647 0.679644 74 74 180
-0.314461 0.136439 0.668123 57 57 197
0.258794 -0.0177891 0.690436 43 43 211
0.0532798 -0.248911 0.615355 5 5 249
0.317801 0.301227 0.572138 68 68 186
-0.116366 -0.142145 0.667777 13 13 241
0.654025 -0.100565 0.465763 255 255 0
0.0734099 0.0136939 0.690429 1 1 253
0.574224 0.0709165 0.571301 255 255 0
0.282694 0.0367265 0.689187 37 37 217
0.000811334 0.157421 0.661589 0 0 254
-0.208067 0.206294 0.640023 25 25 229
0.550398 0.0247734 0.597376 244 244 10
0.272872 0.353115 0.519638 63 63 191
0.27739 0.0911519 0.680713 42 42 212
0.114676 -0.084641 0.682338 15 15 239
0.415695 -0.241701 0.594665 142 142 112
0.0459185 0.171736 0.656918 1 1 253
0.281731 0.256764 0.609431 36 36 218
0.236306 -0.0608299 0.686636 33 33 221
0.205946 -0.353379 0.519798 21 21 233
0.6723 0.0503266 0.45152 255 255 0
0.522814 0.130671 0.594071 182 182 72
0.36832 0.249955 0.603284 93 93 161
-0.129346 0.165177 0.658981 10 10 244
0.0875051 -0.132117 0.670147 6 6 248
0.479947 0.0740709 0.635776 203 203 51
-0.103407 0.272526 0.597964 2 2 252
0.497225 0.0947058 0.621434 167 167 87
0.33751 -0.238741 0.616756 67 67 187
0.480235 -0.153129 0.611533 181 181 73
0.0214303 -0.00443994 0.69059 1 1 253
0.384689 -0.107027 0.664729 128 128 126
0.0371939 -0.0576773 0.686662 4 4 250
0.391329 0.0899851 0.666114 131 131 123
0.46755 0.114144 0.632104 184 184 70
0.50306 -0.0132015 0.629476 218 218 36
0.264742 0.105618 0.678114 56 56 198
0.237776 -0.00617256 0.690201 33 33 221
0.327155 -0.0355684 0.686478 68 68 186
0.353425 -0.120222 0.666943 100 100 154
0.395101 -0.0205152 0.674307 107 107 147
-0.0211858 0.106664 0.67795 0 0 254
0.00959388 -0.186304 0.650223 0 0 254
0.507205 0.1669 0.589199 189 189 65
0.392991 -0.182354 0.635051 105 105 149
0.119517 -0.186292 0.650307 11 11 243
0.168622 0.188732 0.648906 18 18 236
0.222085 0.204531 0.64159 43 43 211
0.277179 -0.0188125 0.68967 54 54 200
-0.372489 -0.0545119 0.676699 85 85 169
0.580217 0.197563 0.509275 255 255 0
0.05456 0.138307 0.668968 6 6 248
-0.19586 0.327031 0.549291 37 37 217
0.442732 -0.172504 0.621426 144 144 110
0.589657 0.195457 0.498716 255 255 0
-0.277531 0.205858 0.640268 55 55 199
0.0260081 0.12072 0.674327 0 0 254
0.314775 0.136211 0.667976 72 72 182
-0.136203 0.106071 0.67806 7 7 247
-0.140693 0.188641 0.649474 8 8 246
0.464383 -0.176658 0.609304 138 138 116
-0.125659 0.0261165 0.689417 5 5 249
0.558303 0.125032 0.569366 246 246 8
-0.203508 -0.269626 0.600303 21 21 233
0.456706 -0.123601 0.633839 129 129 125
-0.202761 -0.102696 0.678196 29 29 225
0.323177 -0.0403282 0.686554 59 59 195
0.386043 0.16658 0.643665 123 123 131
0.422485 0.0677961 0.661471 126 126 128
0.0544505 -0.360353 0.509662 1 1 253
0.482955 0.00649529 0.641202 176 176 78
0.308033 -0.00420776 0.689554 79 79 175
0.0789174 -0.0919786 0.681151 5 5 249
0.498694 0.0869468 0.622166 199 199 55
0.473871 -0.298542 0.514641 191 191 63
0.537454 0.0585577 0.602972 226 226 28
-0.0519952 -0.124399 0.672871 0 0 254
0.00874319 0.21051 0.638012 0 0 254
0.401859 -0.222284 0.61203 128 128 126
0.0253547 -0.0934984 0.681118 0 0 254
0.365445 0.10684 0.668649 103 103 151
-0.0872295 -0.125508 0.673095 7 7 247
0.17171 -0.318874 0.558393 27 27 227
-0.014759 -0.0349627 0.689263 0 0 254
0.593189 -0.162381 0.516975 255 255 0
0.300601 0.33195 0.543474 67 67 187
0.0688612 0.14275 0.666974 5 5 249
0.259687 -0.0999301 0.67931 54 54 200
-0.0431899 -0.28204 0.591544 4 4 250
-0.179109 0.307127 0.569286 15 15 239
0.0705657 0.10691 0.677609 3 3 251
-0.119701 0.34937 0.523456 7 7 247
0.308707 -0.192848 0.645994 76 76 178
0.384976 0.13336 0.656899 89 89 165
0.450421 -0.227047 0.588593 140 140 114
0.463299 0.0749738 0.643775 164 164 90
0.42723 0.00676436 0.665009 147 147 107
-0.052353 -0.0550799 0.68714 0 0 254
0.254258 0.34265 0.532302 34 34 220
0.249048 0.217632 0.634674 57 57 197
0.567279 -0.0636804 0.578987 228 228 26
0.445574 0.0530758 0.655 144 144 110
0.0818571 0.264395 0.605237 4 4 250
-0.441648 -0.0278106 0.658593 158 158 96
-0.194317 0.22172 0.632281 14 14 240
0.245059 0.110166 0.676629 51 51 203
0.467207 0.312682 0.502996 161 161 93
0.359163 -0.322257 0.543579 97 97 157
0.189848 0.206547 0.640132 18 18 236
0.135442 -0.211966 0.637478 11 11 243
0.362547 -0.110306 0.668317 106 106 148
-0.159135 0.221177 0.631861 10 10 244
0.640037 0.00919153 0.506273 255 255 0
0.181973 -0.0150481 0.690345 20 20 234
0.0714143 -0.259522 0.608443 0 0 254
-0.226436 0.0648416 0.685723 20 20 234
0.140087 0.279585 0.592616 10 10 244
0.517952 -0.0304363 0.619375 215 215 39
0.0214571 0.0569872 0.686905 0 0 254
-0.326154 0.22417 0.627891 67 67 187
0.146995 -0.0435141 0.688054 6 6 248
0.442841 0.274829 0.556807 159 159 95
0.0935372 0.00405193 0.690337 6 6 248
0.342456 -0.00487225 0.685385 94 94 160
0.501004 0.367369 0.373485 194 194 60
0.593364 0.0261975 0.559407 255 255 0
0.432625 -0.162065 0.63009 148 148 106
-0.400515 0.234791 0.60363 113 113 141
0.345535 -0.0122629 0.685286 96 96 158
0.575729 -0.223061 0.493137 255 255 0
0.394657 -0.040296 0.672671 112 112 142
0.550333 0.212821 0.527902 244 244 10
0.311589 -0.086707 0.680769 48 48 206
-0.296546 0.0478066 0.68713 65 65 189
0.0220016 -0.374648 0.489304 0 0 254
0.370821 -0.0784046 0.673543 103 103 151
0.265473 -0.290653 0.584534 52 52 202
0.376932 -0.178895 0.641189 84 84 170
0.586329 -0.0349004 0.565805 240 240 14
0.494514 -0.0493997 0.631576 208 208 46
0.223676 -0.350848 0.521617 43 43 211
0.615064 0.121761 0.512223 255 255 0
-0.20312 0.150161 0.664403 17 17 237
0.126621 0.0709425 0.684728 4 4 250
0.280541 0.340165 0.53484 39 39 215
0.198952 0.281076 0.592476 18 18 236
0.340813 0.22889 0.622521 86 86 168
0.183107 -0.25659 0.609719 26 26 228
0.427955 0.132446 0.643317 108 108 146
0.464979 0.113256 0.633126 142 142 112
0.524544 0.270973 0.501283 191 191 63
0.188297 -0.0803347 0.683643 14 14 240
0.636988 -0.173773 0.449069 255 255 0
0.403017 -0.368356 0.466586 98 98 156
-0.108408 0.146768 0.665923 4 4 250
0.478843 0.0633613 0.638514 162 162 92
-0.00613947 -0.0335847 0.689085 1 1 253
0.523221 0.118049 0.59829 211 211 43
0.452114 -0.127056 0.63501 175 175 79
-0.00220443 -0.0835816 0.682808 0 0 254
0.445981 0.213492 0.598545 159 159 95
0.49329 -0.082229 0.626327 182 182 72
0.459124 -0.0723938 0.645567 159 159 95
0.193047 -0.113045 0.675784 18 18 236
-0.0646264 -0.0752056 0.684334 7 7 247
-0.00930376 0.00644156 0.690512 0 0 254
0.334775 0.0764508 0.680716 60 60 194
0.173713 -0.16428 0.659185 9 9 245
-0.10788 0.239413 0.621084 3 3 251
0.480461 0.300866 0.506319 184 184 70
-0.0930509 0.056585 0.687082 2 2 252
0.466082 -0.0414524 0.647398 165 165 89
0.307427 0.179722 0.652131 76 76 178
-0.108735 -0.228946 0.628105 3 3 251
0.197754 0.0643632 0.686341 28 28 226
0.246823 0.051674 0.687634 49 49 205
0.4035 -0.315084 0.53647 124 124 130
0.465636 0.0334563 0.648165 178 178 76
0.0499302 -0.0453068 0.688402 5 5 249
0.531145 0.0419792 0.609849 199 199 55
0.19637 -0.237046 0.623218 25 25 229
-0.233279 0.137936 0.668953 46 46 208
0.330027 0.167856 0.654214 86 86 168
0.0300692 -0.069109 0.68492 0 0 254
0.0906735 -0.348273 0.526039 4 4 250
0.362279 -0.200434 0.634845 118 118 136
0.204326 -0.405925 0.435112 26 26 228
0.24378 0.198224 0.644457 52 52 202
0.0703616 0.0510232 0.68742 0 0 254
0.511396 -0.247896 0.533834 179 179 75
0.501845 -0.0365529 0.6295 197 197 57
0.269521 -0.0310278 0.689048 32 32 222
0.616334 0.0640883 0.529659 255 255 0
0.449606 0.0800597 0.648922 150 150 104
0.481084 -0.0999371 0.629325 158 158 96
0.390183 -0.345709 0.506496 130 130 124
0.350773 0.194686 0.639735 105 105 149
0.339967 0.230916 0.62182 100 100 154
0.429528 0.263743 0.572234 130 130 124
0.595704 -0.18131 0.501269 255 255 0
0.0386489 -0.0728852 0.684268 0 0 254
0.0654257 -0.0876141 0.681551 3 3 251
0.386676 0.00314898 0.676746 122 122 132
0.0922537 -0.130219 0.670735 13 13 241
-0.108791 0.030372 0.688981 6 6 248
0.290554 0.129009 0.670963 59 59 195
-0.359338 -0.200102 0.634766 74 74 180
0.345728 0.0928813 0.675278 85 85 169
0.0229374 0.382108 0.47753 0 0 254
-0.19857 0.409491 0.42602 17 17 237
0.308951 0.0478328 0.686748 67 67 187
0.0168047 0.136152 0.669249 1 1 253
-0.100795 0.0442667 0.688723 4 4 250
-0.224797 -0.0329536 0.688892 34 34 220
0.608628 0.0399839 0.542247 255 255 0
-0.260909 -0.3209 0.55576 30 30 224
0.583076 -0.164329 0.526467 255 255 0
0.435602 -0.175374 0.623313 160 160 94
0.0926172 0.0925666 0.68101 4 4 250
0.0763201 -0.32622 0.551162 8 8 246
-0.343062 0.138834 0.663566 75 75 179
0.15894 0.11018 0.67728 13 13 241
-0.179817 0.295023 0.579965 14 14 240
0.435496 0.215933 0.602816 154 154 100
0.313455 0.102675 0.677253 74 74 180
0.325861 0.2745 0.593384 70 70 184
0.336787 0.170468 0.652556 56 56 198
0.623946 0.0953038 0.511934 255 255 0
-0.247845 0.0445424 0.68791 38 38 216
0.282865 0.0601867 0.686444 62 62 192
0.356696 0.0452723 0.681405 85 85 169
0.135162 0.0967564 0.680296 12 12 242
0.265492 -0.0182744 0.689967 32 32 222
-0.0305431 0.0554689 0.686993 0 0 254
0.472408 0.0573071 0.641572 181 181 73
0.333968 -0.271205 0.595716 59 59 195
-0.514996 -0.000256328 0.622519 173 173 81
0.605273 -0.201352 0.474682 255 255 0
0.391025 -0.0691501 0.670824 106 106 148
0.41205 0.0559642 0.666205 102 102 152
0.409288 0.220346 0.610423 140 140 114
0.0118889 -0.054955 0.687453 0 0 254
0.214068 -0.189616 0.648463 21 21 233
0.446685 0.165599 0.623122 147 147 107
0.124651 0.239557 0.621156 4 4 250
0.0438334 0.126593 0.671843 1 1 253
0.435038 -0.152545 0.633413 134 134 120
0.184238 0.203073 0.642414 24 24 230
0.473914 -0.204704 0.589879 197 197 57
-0.0631152 -0.08216 0.682783 1 1 253
0.141456 0.112179 0.676765 9 9 245
0.462687 0.080923 0.643019 184 184 70
0.0402745 0.349796 0.523128 0 0 254
0.00274875 -0.359603 0.511444 1 1 253
0.244724 0.182745 0.651907 25 25 229
0.521223 -0.0300057 0.618233 194 194 60
0.353878 0.0578247 0.680134 67 67 187
0.408362 -0.366515 0.466482 134 134 120
-0.114411 0.206483 0.640393 3 3 251
0.436081 -0.17024 0.625292 155 155 99
-0.188751 0.0759835 0.683913 18 18 236
-0.143087 -0.255814 0.610976 9 9 245
-0.00970905 -0.0457454 0.688155 0 0 254
0.455031 0.0162553 0.653661 176 176 78
-0.245111 -0.174417 0.655544 46 46 208
0.0337459 0.0425079 0.68878 0 0 254
0.287773 -0.173499 0.655138 60 60 194
0.354407 -0.0131095 0.684021 67 67 187
0.164696 -0.178131 0.653504 25 25 229
-0.174871 -0.353249 0.518943 17 17 237
0.201942 0.229762 0.627576 34 34 220
0.668751 -0.00041435 0.462256 255 255 0
0.652868 0.133207 0.450312 255 255 0
-0.188708 -0.0814625 0.683503 31 31 223
-0.28168 0.143542 0.666591 47 47 207
0.237765 0.0836589 0.682553 34 34 220
0.0587525 -0.400749 0.44488 1 1 253
0.33732 0.0430712 0.68476 78 78 176
0.104036 -0.259915 0.607486 7 7 247
0.528955 -0.003675 0.614065 211 211 43
-0.250834 0.0233223 0.689841 26 26 228
0.444693 -0.138431 0.635004 141 141 113
-0.197171 0.0994331 0.679834 22 22 232
0.5789 0.198567 0.508893 255 255 0
0.422091 -0.171907 0.630567 147 147 107
-0.341308 0.222545 0.625889 67 67 187
0.272811 0.114618 0.675782 30 30 224
0.318478 0.0364786 0.686665 75 75 179
0.497649 -0.148823 0.603947 164 164 90
-0.137041 0.359085 0.511376 9 9 245
0.0965054 -0.0249904 0.689845 6 6 248
0.434885 0.0632223 0.657608 165 165 89
0.413878 0.290161 0.556988 138 138 116
0.170825 -0.229772 0.626871 20 20 234
-0.00270046 -0.02049 0.69024 0 0 254
0.686292 -0.0756262 0.412512 255 255 0
0.510656 0.0106542 0.625263 237 237 17
0.0545967 -0.0192652 0.68994 0 0 254
0.366808 0.0447802 0.67879 78 78 176
0.319625 -0.0678305 0.68323 58 58 196
0.0102378 -0.202352 0.642985 0 0 254
-0.164177 -0.069151 0.684907 11 11 243
0.455974 -0.0729406 0.646785 171 171 83
0.398982 -0.342356 0.506668 133 133 121
0.0784538 -0.198364 0.644578 5 5 249
-0.329174 0.031054 0.686691 93 93 161
-0.260678 -0.253534 0.612417 27 27 227
0.429749 -0.0282359 0.663504 131 131 123
0.256466 -0.107891 0.677523 39 39 215
-0.120035 -0.103079 0.678264 8 8 246
0.29941 0.0982601 0.678881 46 46 208
0.633627 0.0547277 0.510388 255 255 0
0.289839 -0.00129467 0.690291 72 72 182
0.484176 0.0550919 0.636561 209 209 45
0.0322062 0.229278 0.628189 0 0 254
0.486132 0.0435578 0.636477 197 197 57
0.236248 0.236075 0.623031 35 35 219
0.567974 -0.14221 0.552871 255 255 0
0.555186 0.23831 0.502506 243 243 11
0.340409 -0.139952 0.66329 104 104 150
0.333606 0.350194 0.518227 84 84 170
0.407074 0.0920707 0.661821 104 104 150
0.226834 0.120009 0.674383 28 28 226
0.408909 0.0134709 0.670213 139 139 115
-0.0177261 0.071348 0.684319 0 0 254
-0.09241 0.404325 0.438431 1 1 253
0.385045 -0.00708756 0.677721 129 129 125
0.329194 -0.186512 0.646422 87 87 167
-0.0371396 -0.297784 0.577566 2 2 252
0.0450525 0.191813 0.647619 5 5 249
0.223026 -0.285747 0.588094 40 40 214
0.648074 -0.00683929 0.495433 255 255 0
0.292744 0.208199 0.639428 37 37 217
0.19789 -0.11125 0.676389 32 32 222
0.504573 -0.108827 0.613565 213 213 41
0.264436 0.385628 0.471632 49 49 205
0.286331 -0.258042 0.60915 48 48 206
-0.00924139 -0.256516 0.610381 0 0 254
0.142755 -0.200485 0.643796 12 12 242
0.00451854 -0.154586 0.662829 0 0 254
0.0664586 0.190855 0.647821 4 4 250
0.123355 -0.0969402 0.679578 5 5 249
0.272908 -0.293837 0.581748 41 41 213
0.229047 0.0625372 0.685973 37 37 217
-0.0528132 0.184281 0.651528 0 0 254
0.571271 -0.0115882 0.581733 255 255 0
0.442694 0.0207335 0.659085 134 134 120
0.537431 -0.0700302 0.600757 215 215 39
-0.201128 0.0995071 0.678857 17 17 237
0.400738 0.234697 0.60397 115 115 139
0.330036 -0.090487 0.67815 73 73 181
0.0363009 -0.248217 0.615454 1 1 253
-0.113067 -0.106045 0.678266 5 5 249
0.191577 0.00488305 0.690475 21 21 233
-0.135658 0.16051 0.660503 13 13 241
0.0265139 0.0930987 0.680449 0 0 254
0.240522 0.280519 0.592587 29 29 225
0.139569 -0.0239262 0.689974 9 9 245
0.254142 0.0799623 0.683195 46 46 208
0.0839454 -0.208714 0.639161 4 4 250
0.34132 -0.193268 0.642251 82 82 172
0.451742 -0.325625 0.497785 181 181 73
0.0608988 -0.0697627 0.684858 2 2 252
0.0785582 0.303932 0.571699 1 1 253
0.302455 0.140956 0.66731 74 74 180
0.166333 0.318339 0.558363 16 16 238
-0.0536461 0.377652 0.485142 0 0 254
0.0529909 0.084158 0.68251 0 0 254
0.314235 0.0478201 0.686054 87 87 167
0.555349 0.145228 0.563654 243 243 11
0.0440572 -0.17539 0.655012 3 3 251
0.440097 -0.292139 0.541872 153 153 101
0.591818 0.180501 0.507953 255 255 0
-0.220128 -0.0668116 0.685502 24 24 230
0.102554 -0.0943286 0.680881 5 5 249
0.413718 0.134471 0.648294 121 121 133
0.488011 -0.074476 0.631671 216 216 38
0.42652 0.0230887 0.664038 156 156 98
0.28298 -0.147794 0.665717 70 70 184
0.0378514 -0.0208831 0.689561 2 2 252
0.385453 0.244985 0.602317 105 105 149
0.478556 -0.186548 0.597106 163 163 91
0.446447 0.128476 0.637533 131 131 123
0.473347 0.083441 0.637141 193 193 61
0.461248 -0.360662 0.436521 171 171 83
0.155531 0.0685116 0.685421 16 16 238
0.45128 0.230155 0.586097 160 160 94
0.414429 -0.0955586 0.658283 154 154 100
0.31473 -0.053663 0.686093 72 72 182
-0.259392 -0.00308882 0.690059 57 57 197
0.101106 -0.0159055 0.690295 4 4 250
-0.251666 0.246088 0.6172 28 28 226
0.555838 0.108157 0.577744 237 237 17
-0.232136 -0.038739 0.689193 25 25 229
0.158086 -0.0483108 0.687484 9 9 245
0.204602 0.344643 0.529147 38 38 216
0.637639 -0.0292674 0.509197 255 255 0
0.460619 -0.0873501 0.64257 183 183 71
0.578393 0.164275 0.532408 255 255 0
-0.315527 0.018903 0.688315 56 56 198
0.211017 -0.0152254 0.69013 26 26 228
0.0285051 -0.0230727 0.689873 1 1 253
0.355058 0.311307 0.556067 73 73 181
0.148008 -0.0619332 0.686089 14 14 240
-0.0791069 -0.297817 0.57789 1 1 253
-0.197452 -0.125541 0.672232 14 14 240
0.408298 0.200697 0.621562 111 111 143
-0.2831 0.120461 0.673735 35 35 219
-0.255632 -0.0779703 0.684028 32 32 222
0.446078 -0.0202092 0.656813 146 146 108
0.425651 0.219072 0.604391 156 156 98
0.471392 -0.239184 0.568761 179 179 75
-0.165929 0.0198166 0.689587 10 10 244
-0.148615 -0.0214703 0.68975 10 10 244
0.0412559 -0.0409478 0.688586 0 0 254
0.0853352 -0.152062 0.663563 0 0 254
0.134901 -0.0371694 0.688765 5 5 249
-0.0672423 0.0535239 0.687375 8 8 246
0.374811 -0.167154 0.647315 95 95 159
0.252766 0.086989 0.681786 28 28 226
-0.131731 -0.228268 0.628431 13 13 241
0.61968 0.00174271 0.532955 255 255 0
0.421337 0.264344 0.574583 103 103 151
0.11922 -0.212073 0.637681 6 6 248
-0.480692 -0.0377557 0.640738 150 150 104
0.254414 0.124742 0.672507 42 42 212
0.328128 -0.203102 0.639228 58 58 196
0.469192 -0.218296 0.583867 156 156 98
0.404184 0.101472 0.660439 129 129 125
0.0390409 0.0715138 0.685079 4 4 250
0.348112 0.147758 0.659301 99 99 155
0.110655 -0.0905009 0.681337 8 8 246
0.450188 -0.0674117 0.651068 165 165 89
0.559569 -0.0461223 0.588476 252 252 2
-0.156142 0.0927185 0.681018 9 9 245
0.42827 -0.16605 0.630185 156 156 98
-0.392525 -0.210518 0.620713 139 139 115
-0.129591 -0.129612 0.67131 19 19 235
0.357188 -0.20767 0.631481 72 72 182
0.21286 -0.0438429 0.688861 17 17 237
0.480038 -0.182845 0.598048 177 177 77
0.175011 0.231756 0.625772 11 11 243
-0.118455 0.106974 0.677751 2 2 252
0.348849 -0.225467 0.623202 95 95 159
0.387995 -0.347497 0.504593 104 104 150
0.331892 0.32866 0.542968 62 62 192
0.0737588 0.314366 0.562491 1 1 253
0.53831 0.0061593 0.607059 223 223 31
0.335025 -0.17984 0.648475 81 81 173
0.125204 -0.0713115 0.685267 8 8 246
0.080964 0.110269 0.676926 1 1 253
0.0135786 -0.177529 0.654401 2 2 252
0.296147 0.225723 0.629117 47 47 207
0.256577 0.113663 0.676001 30 30 224
0.161881 0.0736522 0.684791 14 14 240
0.268379 -0.147517 0.666156 54 54 200
0.547572 -0.23021 0.517778 238 238 16
0.124866 -0.0868357 0.682056 18 18 236
0.318118 -0.0108903 0.688478 62 62 192
0.0214237 0.0661431 0.685654 0 0 254
0.425274 -0.324771 0.515332 156 156 98
-0.189429 -0.125745 0.672298 20 20 234
0.237574 -0.178737 0.653818 21 21 233
0.0343802 -0.318803 0.558109 1 1 253
-0.116763 -0.0414015 0.688853 5 5 249
0.135441 0.137771 0.669209 17 17 237
0.0950059 0.255478 0.610745 5 5 249
-0.0933914 -0.00596353 0.690772 4 4 250
-0.0336652 -0.363279 0.506789 0 0 254
0.637623 0.011272 0.509816 255 255 0
0.443545 -0.146168 0.632586 168 168 86
-0.083222 0.219634 0.633511 3 3 251
-0.346912 -0.00898042 0.685068 75 75 179
0.120023 0.22952 0.627971 4 4 250
0.379586 0.189149 0.635952 101 101 153
0.309746 -0.143381 0.665328 44 44 210
0.180384 0.064712 0.685643 15 15 239
-0.451797 -0.142595 0.630674 149 149 105
0.00412598 0.0160014 0.689812 0 0 254
-0.0691703 0.275986 0.595398 0 0 254
0.124803 -0.197551 0.645322 8 8 246
0.517445 -0.00193571 0.62079 192 192 62
0.353807 -0.239269 0.613717 93 93 161
-0.0371078 0.224384 0.630723 1 1 253
-0.0102171 -0.168493 0.65809 1 1 253
0.327754 -0.194616 0.642698 76 76 178
0.318363 0.237801 0.620538 75 75 179
0.414768 -0.359227 0.474451 135 135 119
0.022413 0.0640905 0.686175 0 0 254
0.53201 0.222834 0.537317 204 204 50
-0.197466 0.248715 0.615062 17 17 237
-0.36516 0.156359 0.653506 105 105 149
0.465306 -0.0073726 0.648868 162 162 92
-0.0473002 -0.281365 0.591486 0 0 254
0.14971 0.0538382 0.686988 14 14 240
0.502676 0.196318 0.576566 181 181 73
0.073634 0.0731511 0.6849 1 1 253
-0.304274 0.210775 0.63693 56 56 198
0.381058 -0.354217 0.498101 90 90 164
0.170905 -0.0351744 0.689092 20 20 234
0.468427 0.235465 0.572746 198 198 56
0.641103 0.23039 0.373381 255 255 0
0.246322 0.137779 0.668612 32 32 222
0.414379 0.190557 0.624096 121 121 133
0.0248062 -0.00121933 0.690867 1 1 253
0.0426559 -0.374777 0.488679 0 0 254
-0.285394 -0.155179 0.663085 41 41 213
0.0828722 -0.293086 0.582563 4 4 250
0.07536 0.295703 0.579052 1 1 253
0.0614286 -0.00887405 0.690234 1 1 253
-0.151001 -0.0676196 0.685223 8 8 246
0.459907 0.0983194 0.640322 154 154 100
-0.00827688 0.240913 0.620469 0 0 254
-0.212581 -0.0129541 0.690661 17 17 237
0.174857 -0.254894 0.611685 28 28 226
0.453859 -0.0346552 0.652648 180 180 74
0.0677371 0.153528 0.66353 0 0 254
0.105402 -0.0708171 0.685006 3 3 251
0.478001 0.00621892 0.643258 164 164 90
-0.238686 0.228086 0.627872 33 33 221
0.219061 0.17826 0.653239 39 39 215
-0.1456 0.0362785 0.689411 12 12 242
0.033445 0.316043 0.561503 2 2 252
0.465678 -0.02487 0.648974 151 151 103
0.0366116 -0.28713 0.586413 1 1 253
0.0564822 -0.276085 0.595509 5 5 249
0.562159 -0.0968802 0.575815 252 252 2
0.568827 0.0884226 0.571754 225 225 29
0.491711 0.0112175 0.63568 188 188 66
-0.162045 -0.0354101 0.68943 27 27 227
0.362225 0.237925 0.613475 95 95 159
0.63638 0.123844 0.482313 255 255 0
0.166409 -0.156836 0.662317 14 14 240
-0.418341 -0.295415 0.549652 119 119 135
0.404891 -0.017201 0.671741 147 147 107
0.4545 -0.0653186 0.649242 161 161 93
-0.16406 0.0699468 0.685017 18 18 236
0.376255 -0.21936 0.620819 100 100 154
0.386863 -0.15666 0.648331 121 121 133
0.0702185 0.0278799 0.68987 1 1 253
0.52693 -0.112996 0.597397 203 203 51
0.0599203 -0.116091 0.674862 6 6 248
0.346634 0.395809 0.443934 67 67 187
0.380921 0.0577401 0.67453 128 128 126
-0.403552 0.106148 0.659651 105 105 149
0.407961 0.0205687 0.670747 109 109 145
0.213921 -0.40062 0.444766 33 33 221
0.00224614 -0.230421 0.627175 0 0 254
-0.0734501 0.113632 0.676365 0 0 254
0.249749 0.0900341 0.681526 38 38 216
0.253078 0.205801 0.640482 37 37 217
0.375462 0.00429855 0.680158 123 123 131
0.378184 0.265067 0.589451 84 84 170
0.0411963 0.0458375 0.688524 0 0 254
0.331597 -0.158966 0.658426 86 86 168
0.167875 0.172301 0.655914 18 18 236
0.425938 0.00740706 0.665452 125 125 129
0.476854 -0.0810237 0.635665 161 161 93
0.655676 -0.041379 0.480496 255 255 0
-0.0756133 0.328408 0.548566 7 7 247
0.356491 0.00656896 0.683017 96 96 158
0.0949299 0.204986 0.640956 7 7 247
0.512035 -0.0580304 0.61996 201 201 53
-0.0502844 -0.145163 0.666819 0 0 254
0.463248 0.302155 0.518127 138 138 116
0.309755 0.314887 0.560813 77 77 177
0.309144 -0.198818 0.643508 70 70 184
0.487655 -0.134501 0.615246 170 170 84
0.385956 0.139075 0.654088 115 115 139
0.454898 0.1533 0.625145 136 136 118
-0.355819 0.0800046 0.676876 84 84 170
0.38891 0.403668 0.404016 104 104 150
0.189723 0.146907 0.665984 16 16 238
0.305908 -0.147986 0.66496 43 43 211
0.0346673 0.0819034 0.683325 0 0 254
0.429149 0.0781702 0.657204 150 150 104
0.143681 -0.13142 0.670468 15 15 239
0.493706 0.0269684 0.634129 196 196 58
0.377968 0.323645 0.536898 89 89 165
-0.0506406 0.0782815 0.684129 5 5 249
-0.078422 -0.0295919 0.689631 3 3 251
0.30012 -0.122194 0.673164 56 56 198
0.00274523 -0.20851 0.639215 0 0 254
0.215902 -0.00218254 0.69025 29 29 225
-0.20659 -0.136381 0.668839 27 27 227
0.163415 -0.351484 0.52199 15 15 239
0.562319 0.326144 0.362341 255 255 0
0.606134 -0.147423 0.509625 255 255 0
0.139105 -0.101908 0.678507 12 12 242
0.4071 0.123376 0.653799 148 148 106
0.164349 -0.0703359 0.685381 14 14 240
0.181578 0.200622 0.642891 21 21 233
0.0398982 0.157027 0.6623 4 4 250
0.433448 -0.0537477 0.659408 134 134 120
0.399961 0.31026 0.541947 108 108 146
-0.303472 0.337786 0.536946 56 56 198
0.297342 -0.400725 0.444872 58 58 196
-0.147169 -0.336175 0.539688 8 8 246
0.380943 0.178223 0.64071 129 129 125
0.497365 0.12576 0.612986 164 164 90
-0.203674 0.0089856 0.690295 23 23 231
0.336548 0.0899116 0.677443 63 63 191
-0.359142 0.138219 0.660746 74 74 180
0.0332587 0.0829792 0.682467 1 1 253
0.273107 0.105887 0.678037 65 65 189
-0.0894612 0.0625596 0.686254 2 2 252
0.350865 0.180938 0.646246 68 68 186
0.1534 0.247293 0.616785 21 21 233
0.388666 -0.11135 0.662292 87 87 167
0.109573 -0.0973297 0.679531 5 5 249
0.321818 -0.074608 0.682033 69 69 185
-0.0110402 -0.247511 0.616854 0 0 254
0.612382 -0.0528797 0.536721 255 255 0
-0.30007 -0.0718773 0.683871 51 51 203
0.586122 -0.00718598 0.567579 255 255 0
0.108771 0.252325 0.613322 10 10 244
0.395017 -0.166624 0.64197 123 123 131
0.199447 -0.211494 0.638081 21 21 233
0.194632 -0.226212 0.62928 36 36 218
0.0733293 -0.356056 0.516061 4 4 250
0.405794 -0.136936 0.649831 114 114 140
0.438219 -0.00155649 0.661128 122 122 132
0.509161 0.231678 0.549076 194 194 60
-0.0934733 -0.0165817 0.690612 6 6 248
0.459554 0.18283 0.609632 192 192 62
0.332099 0.162684 0.656154 66 66 188
0.0855565 -0.118492 0.674474 3 3 251
0.411607 0.164755 0.637022 150 150 104
0.399717 0.00415153 0.673134 120 120 134
0.164845 0.324354 0.553098 25 25 229
0.20039 -0.278067 0.594161 37 37 217
0.000812459 0.131508 0.670822 0 0 254
0.149743 -0.0121758 0.689922 8 8 246
0.454451 0.0904105 0.643741 157 157 97
0.2841 0.41663 0.409149 71 71 183
-0.37088 0.0620509 0.676101 83 83 171
0.650773 0.192356 0.403607 255 255 0
0.576517 0.246899 0.468981 251 251 3
-0.0240826 -0.117627 0.674527 0 0 254
0.607247 0.019376 0.54646 255 255 0
-0.154445 -0.358663 0.512479 17 17 237
0.0681906 0.158911 0.66104 7 7 247
-0.38879 0.187461 0.634747 85 85 169
0.000744415 -0.0814512 0.682802 1 1 253
-0.13644 0.148757 0.665234 12 12 242
-0.266262 0.238396 0.622534 30 30 224
0.644147 -0.0647255 0.493155 255 255 0
0.519812 0.127316 0.597708 186 186 68
0.513373 0.011582 0.623153 214 214 40
-0.370806 -0.130797 0.661014 77 77 177
0.436197 0.102358 0.648673 135 135 119
0.17266 0.257435 0.609211 13 13 241
0.0195231 -0.363312 0.505764 0 0 254
0.129634 0.212347 0.63698 13 13 241
0.159192 0.0634579 0.685932 12 12 242
0.305392 -0.0240564 0.688761 54 54 200
-0.276532 -0.127231 0.67224 66 66 188
-0.324318 -0.147935 0.662857 68 68 186
0.475547 0.280827 0.530961 154 154 100
-0.0671417 0.200933 0.64301 1 1 253
0.497066 0.148373 0.603789 211 211 43
0.365108 -0.242097 0.609351 113 113 141
0.336397 -0.194894 0.641902 78 78 176
0.0363359 0.0131437 0.690269 2 2 252
-0.0639768 0.0423699 0.688054 2 2 252
0.404535 0.255678 0.587994 108 108 146
0.202452 0.118365 0.674392 36 36 218
0.567362 -0.0924799 0.571609 253 253 1
0.434996 0.160228 0.630086 162 162 92
-0.118552 0.320104 0.5574 12 12 242
0.559863 -0.228266 0.506562 255 255 0
0.0672944 -0.231839 0.625765 2 2 252
0.249924 -0.186244 0.650589 49 49 205
0.28837 -0.0542837 0.687479 69 69 185
0.380833 0.126504 0.659978 89 89 165
0.508497 -0.111997 0.609963 209 209 45
0.39414 -0.0653041 0.66989 138 138 116
0.0694854 -0.0929159 0.681186 0 0 254
0.168849 0.165193 0.659301 26 26 228
0.334742 -0.415387 0.404142 82 82 172
-0.204996 -0.360215 0.510168 15 15 239
0.582402 0.0479184 0.568608 255 255 0
0.346122 0.300401 0.567941 93 93 161
-0.0167736 0.0744801 0.684442 0 0 254
-0.035693 0.0372216 0.688915 0 0 254
0.137203 0.17714 0.653865 7 7 247
0.32736 0.23416 0.621976 67 67 187
0.473428 0.387604 0.358337 177 177 77
-0.180804 -0.0637271 0.685919 18 18 236
-0.224307 -0.0055561 0.69073 20 20 234
0.46886 -0.0588306 0.643585 162 162 92
0.354235 -0.0501521 0.681258 108 108 146
0.016924 0.0155858 0.690171 1 1 253
0.338249 0.303076 0.567018 92 92 162
0.285115 -0.0811737 0.682895 45 45 209
0.116534 0.0672583 0.68573 4 4 250
-0.182607 0.10917 0.677377 21 21 233
0.144463 -0.398494 0.450206 21 21 233
0.138132 0.304924 0.57123 8 8 246
0.241895 0.0126203 0.689989 47 47 207
0.338126 0.192997 0.642992 97 97 157
-0.31427 -0.0442123 0.686347 81 81 173
0.617596 0.185018 0.469565 255 255 0
-0.0638153 0.165694 0.658727 0 0 254
0.347804 0.0567769 0.68148 71 71 183
0.265013 0.408204 0.428752 51 51 203
0.113184 0.12894 0.6712 4 4 250
-0.327151 -0.143726 0.663851 61 61 193
0.0985512 -0.0233297 0.689722 4 4 250
0.0909306 -0.12311 0.673254 2 2 252
0.122231 0.368183 0.498761 6 6 248
0.182062 -0.132863 0.670241 15 15 239
-0.12082 -0.242435 0.620031 3 3 251
0.130426 -0.150182 0.664314 4 4 250
0.45773 0.20897 0.596383 166 166 88
0.370408 -0.114355 0.665586 92 92 162
0.375888 0.242177 0.606374 125 125 129
0.212536 0.0176129 0.689964 32 32 222
-0.220549 0.168057 0.657633 20 20 234
0.0112844 -0.105901 0.677905 0 0 254
0.0922855 -0.187031 0.64999 8 8 246
0.547091 -0.0985848 0.58659 228 228 26
0.113426 -0.123665 0.673158 3 3 251
-0.118315 0.246384 0.617473 6 6 248
0.186275 -0.170016 0.65708 20 20 234
0.436893 0.337988 0.490854 166 166 88
-0.437554 -0.0178615 0.661071 164 164 90
0.271215 -0.296182 0.579785 44 44 210
-0.37589 0.168977 0.645358 99 99 155
0.439918 0.0117117 0.659944 153 153 101
0.0171239 -0.161075 0.661116 2 2 252
0.399261 -0.131142 0.653918 107 107 147
0.368906 -0.0557197 0.67752 85 85 169
-0.195292 -0.0972518 0.679656 15 15 239
0.232814 0.233209 0.625445 48 48 206
0.348489 -0.281766 0.583547 78 78 176
0.408157 -0.10163 0.658556 122 122 132
0.00854307 0.330489 0.54625 0 0 254
0.0192142 -0.357766 0.512914 0 0 254
0.0718764 -0.123379 0.673747 6 6 248
0.287451 0.0456099 0.687787 61 61 193
0.430014 0.302009 0.537234 134 134 120
0.156044 0.0303072 0.68978 8 8 246
0.318466 -0.0691886 0.683104 62 62 192
-0.34566 -0.115285 0.67033 63 63 191
-0.194175 -0.344229 0.53009 19 19 235
0.245825 0.0652533 0.686118 29 29 225
0.375726 -0.0944345 0.66906 120 120 134
0.422573 -0.0572948 0.662227 129 129 125
0.588667 0.164751 0.52085 255 255 0
-0.380851 -0.0364577 0.677279 94 94 160
0.292668 0.14784 0.664862 40 40 214
0.42558 -0.0482354 0.662993 128 128 126
-0.190026 -0.18266 0.651731 13 13 241
0.325255 0.0576068 0.684486 71 71 183
-0.266508 -0.124166 0.672523 53 53 201
0.324063 -0.11088 0.673678 67 67 187
0.0480779 0.0118779 0.690644 0 0 254
-0.35276 -0.151934 0.657222 72 72 182
0.0990747 0.0613006 0.686249 3 3 251
-0.021826 0.0390198 0.688932 0 0 254
0.0678449 0.215757 0.635877 6 6 248
0.0508445 0.0219325 0.690151 2 2 252
-0.110861 0.175386 0.655335 12 12 242
0.284258 -0.151885 0.664086 70 70 184
0.637294 0.0477697 0.506508 255 255 0
0.362958 0.0160169 0.681987 100 100 154
-0.200439 0.269997 0.600732 16 16 238
0.402165 -0.144586 0.648176 134 134 120
0.313942 -0.143835 0.665318 63 63 191
0.386866 -0.0350419 0.676089 117 117 137
-0.246715 0.203252 0.641678 31 31 223
0.18188 0.222236 0.631965 13 13 241
0.387167 -0.125797 0.658641 133 133 121
0.439943 0.266805 0.564337 151 151 103
0.456484 0.143267 0.628168 150 150 104
0.285744 0.346694 0.527966 60 60 194
0.125357 -0.286425 0.58814 8 8 246
0.371004 -0.119898 0.663673 88 88 166
0.19926 0.282761 0.590289 32 32 222
0.445959 -0.154261 0.628408 158 158 96
0.287808 -0.23531 0.62387 62 62 192
0.524396 -0.00978885 0.616981 183 183 71
0.401743 -0.0112641 0.6732 115 115 139
0.177746 0.190944 0.64835 10 10 244
0.412795 0.18991 0.624883 132 132 122
0.517727 0.183414 0.573896 233 233 21
0.384766 -0.0701233 0.672189 126 126 128
0.21248 0.0446646 0.687784 43 43 211
0.278156 -0.171976 0.656836 54 54 200
0.558995 0.297587 0.427368 249 249 5
0.442991 -0.078087 0.651763 149 149 105
0.302103 -0.179692 0.652429 44 44 210
0.0808516 -0.190804 0.648045 1 1 253
-0.0362085 -0.128208 0.671638 0 0 254
-0.0317679 0.0220569 0.689754 0 0 254
0.278822 -0.332344 0.544629 61 61 193
0.14712 -0.375132 0.488362 11 11 243
0.444843 -0.0574374 0.654264 143 143 111
0.402394 -0.30348 0.548434 113 113 141
0.193624 0.0711266 0.684741 27 27 227
-0.0689739 0.144551 0.667125 0 0 254
-0.446755 0.214968 0.598344 141 141 113
0.386585 -0.277593 0.577263 114 114 140
0.179534 -0.034713 0.689503 15 15 239
0.370708 -0.139396 0.658639 98 98 156
0.0415983 -0.0881889 0.682204 3 3 251
0.606939 0.145637 0.510343 255 255 0
0.0113734 0.223195 0.631328 0 0 254
0.443342 0.0945488 0.6477 153 153 101
0.35866 -0.1311 0.663418 108 108 146
0.657329 -0.142985 0.43547 255 255 0
0.28656 0.135537 0.669284 46 46 208
0.425862 0.28948 0.550841 139 139 115
0.00831867 0.273759 0.597366 0 0 254
0.595662 -0.00210557 0.558822 255 255 0
0.293757 0.184536 0.650734 72 72 182
-0.256114 -0.0253348 0.689511 48 48 206
0.324144 0.0139689 0.687547 52 52 202
0.0161125 -0.0768283 0.684299 0 0 254
0.4532 -0.0444805 0.652515 180 180 74
0.00938394 0.022236 0.690311 0 0 254
0.416096 -0.0194779 0.668115 134 134 120
0.0195507 -0.158109 0.662056 2 2 252
0.210229 -0.00504323 0.69045 42 42 212
0.391577 0.0617597 0.670938 124 124 130
0.405818 0.161669 0.640039 139 139 115
0.266077 0.0560514 0.686682 45 45 209
0.142849 -0.140323 0.668142 22 22 232
0.0429013 -0.137092 0.669394 1 1 253
0.357279 -0.159577 0.653189 95 95 159
-0.338037 -0.0660937 0.681851 63 63 191
-0.319348 0.2418 0.618073 63 63 191
0.647696 0.0515434 0.491904 255 255 0
0.332465 -0.0351361 0.686079 66 66 188
0.492472 -0.137428 0.610639 171 171 83
0.459738 -0.0925067 0.641517 158 158 96
0.354283 -0.0143804 0.684005 102 102 152
0.40493 -0.078891 0.665332 115 115 139
0.0329016 0.0782839 0.683392 0 0 254
0.411751 -0.399265 0.398369 142 142 112
0.201898 0.023385 0.68995 34 34 220
-0.0972557 -0.0595502 0.686699 2 2 252
0.423192 -0.0552151 0.66264 149 149 105
-0.39065 0.200295 0.627307 84 84 170
-0.307752 -0.253522 0.610808 78 78 176
0.0705215 0.124575 0.672789 9 9 245
0.154213 -0.216996 0.634699 8 8 246
0.21107 -0.302678 0.573501 30 30 224
0.4393 -0.0648064 0.655271 164 164 90
0.311032 -0.0270994 0.688535 48 48 206
-0.0113663 -0.0465863 0.688188 2 2 252
0.105897 -0.104068 0.6783 10 10 244
-0.0642144 0.0131481 0.690417 1 1 253
0.602323 -0.0462282 0.549207 255 255 0
-0.343579 -0.216136 0.629523 81 81 173
0.150895 -0.395315 0.456495 10 10 244
0.337422 0.0766932 0.680121 58 58 196
-0.0605626 -0.0813499 0.683329 0 0 254
0.0819517 0.246796 0.616276 4 4 250
0.347807 0.070443 0.679525 88 88 166
0.237871 -0.14368 0.66704 26 26 228
0.122894 -0.168856 0.657109 13 13 241
0.27607 -0.0869227 0.681773 42 42 212
0.0183225 0.108311 0.6769 2 2 252
-0.182574 -0.0621204 0.68652 16 16 238
0.480756 -0.02319 0.641776 200 200 54
-0.00152373 -0.165443 0.659402 0 0 254
-0.32433 0.268278 0.599268 84 84 170
0.353689 0.125235 0.66632 70 70 184
0.224479 -0.153333 0.66379 47 47 207
0.364458 -0.0893394 0.673212 106 106 148
0.386551 -0.142517 0.653484 114 114 140
0.0441124 -0.021068 0.690205 0 0 254
0.18536 0.192341 0.647347 18 18 236
0.382001 0.112577 0.662983 128 128 126
0.516788 -0.153939 0.589482 207 207 47
0.230014 0.231422 0.626812 35 35 219
0.285655 0.0195963 0.689871 35 35 219
0.309489 -0.129675 0.670742 70 70 184
-0.101548 -0.203588 0.641699 9 9 245
0.423152 -0.238844 0.592518 118 118 136
0.230486 -0.0479998 0.687532 32 32 222
-0.132087 -0.0181837 0.689815 8 8 246
0.268582 0.206615 0.640687 55 55 199
-0.161055 0.135563 0.669414 9 9 245
0.0546746 0.233226 0.625672 3 3 251
0.529741 -0.238572 0.526922 213 213 41
0.214432 -0.101945 0.67885 31 31 223
-0.170114 -0.0419955 0.688468 15 15 239
0.348546 0.113661 0.670423 67 67 187
-0.155752 0.0289134 0.689103 24 24 230
0.242105 0.048162 0.688159 27 27 227
0.428654 -0.259134 0.576239 143 143 111
-0.0382127 0.33519 0.540746 0 0 254
-0.0386747 -0.0360969 0.689398 1 1 253
-0.406718 -0.13142 0.650894 104 104 150
-0.154115 -0.225797 0.630117 10 10 244
0.383248 0.304931 0.553731 115 115 139
-0.286606 -0.281848 0.591204 40 40 214
0.491682 0.243815 0.552745 211 211 43
0.0115204 -0.154343 0.663373 2 2 252
-0.188492 -0.136311 0.668914 18 18 236
0.483313 0.116063 0.623398 173 173 81
0.392364 0.10778 0.662107 92 92 162
0.481834 -0.0812939 0.633023 186 186 68
-0.0885056 -0.246837 0.616514 10 10 244
0.35772 -0.188667 0.641344 93 93 161
0.0616493 0.156406 0.662341 3 3 251
-0.121298 -0.0422352 0.688571 10 10 244
0.441655 -0.0327864 0.657746 140 140 114
-0.178952 -0.00471808 0.690579 21 21 233
-0.0388675 -0.0923102 0.681421 0 0 254
0.302885 -0.109648 0.675864 77 77 177
0.524498 -0.123067 0.596453 234 234 20
-0.0722732 -0.238232 0.621901 1 1 253
0.499221 -0.120161 0.613148 179 179 75
-0.403954 0.197836 0.624141 128 128 126
0.334461 0.165824 0.65518 68 68 186
0.094081 0.367923 0.499362 5 5 249
-0.136183 -0.28993 0.584179 7 7 247
0.17537 -0.403769 0.43907 12 12 242
0.144198 0.132499 0.670257 16 16 238
-0.372587 -0.113967 0.665045 78 78 176
0.2681 0.032409 0.689653 61 61 193
0.543669 -0.0431307 0.601197 216 216 38
0.0779372 0.14959 0.664714 6 6 248
-0.489915 0.0673515 0.631549 167 167 87
0.379165 -0.138051 0.656056 97 97 157
0.428032 -0.309489 0.530979 123 123 131
0.0695382 0.295422 0.579889 5 5 249
-0.293108 0.00163776 0.690608 39 39 215
0.0384094 0.0528689 0.687756 0 0 254
0.383728 0.134648 0.65647 132 132 122
0.280778 -0.00201764 0.690022 68 68 186
-0.401174 0.21794 0.613903 109 109 145
0.113167 0.17805 0.654315 5 5 249
0.0418697 -0.141902 0.667158 5 5 249
-0.229821 -0.0507016 0.687364 25 25 229
0.0122354 0.0648923 0.685547 0 0 254
0.111502 0.316302 0.56002 7 7 247
-0.141806 0.0656782 0.685566 22 22 232
-0.0123014 0.189999 0.648758 0 0 254
0.533445 -0.0788233 0.602595 243 243 11
0.11345 -0.0720317 0.684955 16 16 238
0.0896085 0.07947 0.683254 2 2 252
0.142651 -0.156541 0.662738 15 15 239
-0.0428325 0.389478 0.465868 1 1 253
0.340208 -0.31244 0.557657 90 90 164
0.0711198 -0.130364 0.67092 8 8 246
0.195099 -0.249624 0.615003 38 38 216
-0.154427 0.259572 0.60869 11 11 243
0.0619903 0.182103 0.65173 0 0 254
0.151598 -0.0143407 0.69035 25 25 229
0.315322 -0.290461 0.582496 59 59 195
0.136566 0.278328 0.593934 7 7 247
0.162664 0.0568695 0.686834 12 12 242
-0.129471 0.0446781 0.688547 5 5 249
0.428663 -0.249887 0.58345 114 114 140
-0.0459955 -0.0396375 0.688766 4 4 250
0.632599 -0.0232543 0.515524 255 255 0
0.106162 -0.25175 0.614028 8 8 246
0.331263 0.123664 0.669491 90 90 164
-0.102782 0.22468 0.630284 5 5 249
-0.336552 0.181727 0.647835 75 75 179
0.188029 0.143015 0.667438 21 21 233
0.586667 0.0318483 0.56655 250 250 4
0.374433 0.00593046 0.679473 102 102 152
0.134393 -0.119443 0.674745 4 4 250
-0.219783 0.247405 0.616482 40 40 214
0.152814 -0.0688558 0.684799 24 24 230
-0.00854452 0.39118 0.462421 0 0 254
-0.186295 -0.168245 0.657433 15 15 239
0.34163 0.0654274 0.681514 100 100 154
0.0930745 -0.281145 0.591299 4 4 250
-0.0193532 0.269774 0.600827 0 0 254
0.0893692 0.0054813 0.69091 6 6 248
0.117498 0.0862487 0.682224 18 18 236
0.277197 -0.000230429 0.690666 38 38 216
0.505391 -0.157505 0.594666 173 173 81
0.240549 -0.19509 0.646099 33 33 221
-0.208874 -0.0107207 0.690059 20 20 234
0.506614 -0.247319 0.539259 192 192 62
0.0726491 -0.141926 0.667369 5 5 249
0.018112 0.229545 0.627776 0 0 254
0.481401 -0.0421976 0.639455 173 173 81
-0.307735 0.0557409 0.685918 48 48 206
0.25189 -0.169372 0.657167 48 48 206
0.0893841 -0.023951 0.689403 5 5 249
-0.265363 -0.20866 0.639082 33 33 221
-0.150156 -0.155087 0.662628 12 12 242
0.567037 0.0309047 0.583148 255 255 0
-0.115187 -0.284234 0.588914 4 4 250
0.357268 -0.109038 0.669989 105 105 149
-0.382237 -0.309234 0.549541 84 84 170
0.47489 0.13595 0.621694 195 195 59
0.402236 -0.0623452 0.668626 125 125 129
-0.246259 -0.0887402 0.682055 56 56 198
0.162824 -0.112606 0.676574 10 10 244
-0.0376021 -0.175143 0.655237 0 0 254
-0.234609 0.334193 0.54225 36 36 218
0.224714 0.186675 0.64972 43 43 211
-0.03189 -0.201367 0.642987 0 0 254
0.358048 0.22862 0.619249 97 97 157
0.157081 -0.174132 0.655098 24 24 230
-0.0321839 -0.0653202 0.68573 0 0 254
-0.108008 -0.267253 0.602134 5 5 249
0.0444471 -0.126196 0.672696 0 0 254
-0.383936 -0.0716477 0.671336 119 119 135
-0.064082 -0.219791 0.6335 0 0 254
-0.117388 0.261464 0.606639 9 9 245
-0.166789 -0.160199 0.661432 12 12 242
0.338831 -0.355194 0.509199 65 65 189
0.410543 0.197817 0.622099 127 127 127
-0.416547 0.165827 0.634732 141 141 113
0.368553 0.137349 0.65883 97 97 157
0.40888 0.147226 0.645151 110 110 144
-0.020117 -0.13194 0.670432 0 0 254
-0.157838 0.193675 0.646964 10 10 244
0.441977 0.0362645 0.657827 159 159 95
0.222846 0.101037 0.679502 31 31 223
-0.166214 0.19502 0.645778 15 15 239
-0.0193341 -0.00949808 0.690503 0 0 254
-0.0572517 -0.214358 0.635848 1 1 253
0.601494 0.239642 0.442031 255 255 0
0.315347 -0.047106 0.686284 70 70 184
0.586589 -0.198983 0.500537 247 247 7
-0.15178 0.00591587 0.69095 8 8 246
0.31136 -0.219253 0.631558 60 60 194
0.0662929 -0.075233 0.684211 1 1 253
0.541242 0.0417016 0.602324 222 222 32
-0.289384 -0.363734 0.50546 45 45 209
0.441908 0.121354 0.641639 120 120 134
0.348529 -0.128923 0.665678 104 104 150
0.539215 -0.00375187 0.606051 226 226 28
0.0630147 -0.243088 0.619283 1 1 253
0.278995 -0.264032 0.605079 63 63 191
0.25518 0.120952 0.673938 39 39 215
0.491915 -0.288981 0.511242 207 207 47
0.209577 -0.188803 0.648638 34 34 220
0.308463 -0.173228 0.654802 84 84 170
0.395977 0.0355845 0.672754 129 129 125
-0.295783 -0.098309 0.679468 40 40 214
0.226745 -0.0992283 0.679536 37 37 217
0.432894 -0.184909 0.619838 114 114 140
0.170909 -0.143685 0.666891 16 16 238
-0.0499454 0.120511 0.674368 0 0 254
0.585166 -0.0320646 0.567916 255 255 0
0.232467 -0.227501 0.628365 48 48 206
0.244125 -0.175415 0.65489 43 43 211
0.334786 0.0831672 0.678536 82 82 172
0.209542 0.195781 0.645538 21 21 233
0.0789484 -0.283168 0.589772 2 2 252
0.620432 0.176885 0.471732 255 255 0
0.338884 -0.12657 0.66747 92 92 162
0.313415 0.0751243 0.682718 61 61 193
0.0626473 0.233221 0.625351 2 2 252
-0.0590491 0.0750373 0.683773 0 0 254
0.407034 0.30555 0.544722 114 114 140
0.492341 -0.317287 0.477461 183 183 71
-0.0558362 -0.362957 0.506992 3 3 251
0.308799 0.107146 0.676618 49 49 205
0.445983 -0.0931042 0.646739 130 130 124
0.424328 0.108354 0.652357 134 134 120
-0.311218 -0.177756 0.652496 84 84 170
0.411942 -0.10001 0.658432 146 146 108
0.282817 -0.210086 0.638121 38 38 216
0.547823 -0.0319274 0.599023 214 214 40
0.0241183 -0.0518243 0.687697 0 0 254
0.273255 -0.221947 0.632175 67 67 187
0.467645 0.010329 0.648143 165 165 89
-0.0734638 0.000617658 0.690158 3 3 251
0.508769 -0.279907 0.507092 227 227 27
-0.294389 0.0525903 0.687462 42 42 212
0.426098 -0.329542 0.509086 140 140 114
-0.302087 -0.2322 0.624727 52 52 202
0.378181 0.162424 0.647384 112 112 142
-0.30799 -0.148388 0.664027 84 84 170
0.33433 -0.310128 0.561432 80 80 174
-0.0633241 0.131825 0.670517 4 4 250
0.167026 -0.114671 0.675774 30 30 224
-0.323607 -0.144658 0.663657 93 93 161
0.408459 0.0199308 0.670428 116 116 138
0.273156 -0.013052 0.690682 41 41 213
-0.295275 -0.163222 0.659832 47 47 207
0.580284 0.110816 0.555021 255 255 0
0.330261 0.0276881 0.686592 81 81 173
-0.276945 0.273995 0.596964 67 67 187
0.258121 -0.141111 0.667749 32 32 222
0.551944 -0.0727536 0.589674 238 238 16
0.306758 -0.187167 0.648222 69 69 185
-0.0677645 -0.225751 0.62923 3 3 251
0.577215 0.25439 0.459009 255 255 0
-0.0731318 -0.114783 0.675974 0 0 254
0.62332 -0.167057 0.475807 255 255 0
-0.236639 -0.0193493 0.690239 34 34 220
0.344031 0.134534 0.664834 94 94 160
0.170936 -0.344991 0.5294 14 14 240
0.465305 -0.28635 0.531745 168 168 86
0.136205 -0.0484682 0.687858 7 7 247
-0.101037 -0.277537 0.594106 5 5 249
0.386504 0.137912 0.654279 113 113 141
0.219679 0.106579 0.677862 17 17 237
0.241587 -0.244395 0.618486 45 45 209
0.156415 0.280427 0.59271 13 13 241
0.402778 -0.0346561 0.671865 107 107 147
-0.361762 -0.247807 0.606528 75 75 179
0.127992 0.0863774 0.681624 6 6 248
-0.0872256 0.290494 0.584543 10 10 244
-0.0144253 -0.0558997 0.687477 0 0 254
0.0599532 -0.0360183 0.688722 2 2 252
0.495238 -0.136601 0.610433 188 188 66
-0.191543 0.103257 0.678561 37 37 217
-0.102974 0.0345625 0.689067 11 11 243
0.226198 0.282565 0.590157 40 40 214
0.4935 0.0454379 0.633219 188 188 66
0.518092 -0.0121873 0.62029 203 203 51
-0.0825382 -0.0667577 0.685353 10 10 244
0.146002 -0.113537 0.675804 13 13 241
-0.250077 0.282424 0.590972 24 24 230
0.369414 -0.18687 0.639272 113 113 141
0.0765091 0.145567 0.665908 1 1 253
0.328029 0.172738 0.65267 80 80 174
-0.146784 -0.329256 0.546953 20 20 234
0.0250995 0.242728 0.619964 3 3 251
-0.298909 0.282307 0.590349 46 46 208
0.06848 -0.204148 0.64136 3 3 251
0.252353 0.0834107 0.682728 35 35 219
0.248034 0.171892 0.656148 36 36 218
0.044378 0.342139 0.532403 5 5 249
0.400855 -0.145044 0.648462 106 106 148
0.334229 0.0241225 0.686148 86 86 168
0.129326 -0.121001 0.673727 10 10 244
-0.22813 -0.275248 0.596151 26 26 228
0.318241 0.274074 0.594974 75 75 179
0.448452 -0.0712909 0.650127 128 128 126
0.376736 0.0410264 0.677989 78 78 176
0.262301 0.281388 0.592067 47 47 207
-0.334995 -0.242728 0.615086 57 57 197
-0.120548 -0.0546784 0.687427 6 6 248
0.0413782 -0.0635007 0.686441 4 4 250
-0.178676 0.0641599 0.686023 13 13 241
0.474293 0.0484585 0.64202 150 150 104
0.531955 -0.141003 0.584102 211 211 43
0.171805 0.176915 0.654378 10 10 244
0.301278 -0.324126 0.552316 70 70 184
0.0333444 -0.0862449 0.682242 0 0 254
0.437744 -0.0393982 0.659206 123 123 131
0.0217492 -0.059267 0.686338 0 0 254
0.668068 -0.0372797 0.461662 255 255 0
-0.0856785 0.178114 0.65381 0 0 254
0.47576 0.0467099 0.64163 148 148 106
0.394792 -0.309087 0.545107 108 108 146
0.491872 0.137071 0.61136 202 202 52
-0.219252 -0.048439 0.688146 46 46 208
0.257422 0.169746 0.657323 58 58 196
0.334208 -0.136848 0.665648 84 84 170
0.118857 -0.0177692 0.690175 16 16 238
0.627753 -0.0221248 0.521889 255 255 0
0.588637 -0.0575548 0.560883 250 250 4
-0.0515556 0.217684 0.633865 1 1 253
0.475686 0.0291848 0.643571 195 195 59
0.664394 0.11587 0.440145 255 255 0
0.092268 0.132926 0.67023 10 10 244
0.247324 -0.440664 0.329975 32 32 222
0.469805 0.121812 0.629077 175 175 79
-0.096347 0.234764 0.623853 2 2 252
0.217151 -0.197853 0.645092 27 27 227
-0.171151 0.040391 0.688859 12 12 242
0.0924736 -0.121965 0.673414 5 5 249
-0.0540034 -0.0659136 0.685763 0 0 254
0.0692556 -0.121422 0.673878 3 3 251
0.277203 -0.192211 0.64728 64 64 190
0.0710038 0.13168 0.671107 1 1 253
0.0828089 -0.199928 0.643739 3 3 251
0.046145 0.0537899 0.687386 2 2 252
0.142277 0.170769 0.657146 14 14 240
0.145612 -0.0735986 0.684666 11 11 243
0.163998 0.0442735 0.688464 14 14 240
0.242134 -0.404629 0.436982 46 46 208
0.335479 -0.0600802 0.6826 94 94 160
-0.0194545 0.0849426 0.682341 0 0 254
0.272694 -0.0256935 0.689687 34 34 220
0.0614443 -0.0440718 0.687901 2 2 252
0.461145 0.0729967 0.645364 189 189 65
0.640913 -0.0262972 0.504652 255 255 0
0.15589 0.197874 0.644544 12 12 242
0.441676 0.122713 0.640983 158 158 96
0.441733 -0.0974744 0.648389 135 135 119
-0.142648 0.255422 0.610782 7 7 247
0.111774 0.0567098 0.686529 17 17 237
-0.101658 0.124616 0.673128 3 3 251
0.320291 0.362623 0.503035 57 57 197
0.320339 -0.0972574 0.677426 76 76 178
0.0511728 -0.219142 0.633865 4 4 250
0.577223 0.0173727 0.575151 255 255 0
0.107827 -0.168752 0.657357 3 3 251
0.015501 0.0177257 0.690224 0 0 254
0.582049 0.0229671 0.571417 253 253 1
0.141683 -0.284586 0.589589 19 19 235
0.181057 0.321467 0.55591 29 29 225
0.320013 0.320198 0.553718 86 86 168
0.264478 -0.191232 0.647784 36 36 218
0.21908 0.26753 0.602588 29 29 225
-0.106133 -0.114662 0.676074 11 11 243
0.270341 0.0886107 0.681551 45 45 209
0.0630395 -0.132857 0.670296 4 4 250
0.0184566 -0.151586 0.664251 1 1 253
0.102273 -0.209806 0.638294 4 4 250
0.266127 0.187206 0.649282 31 31 223
-0.0289994 0.206683 0.639992 3 3 251
0.462951 0.0647682 0.645368 158 158 96
0.134479 -0.06286 0.685872 11 11 243
0.300649 0.0523482 0.687235 56 56 198
0.28691 -0.194021 0.646591 72 72 182
0.336393 0.264244 0.599627 66 66 188
0.444791 0.211015 0.60047 146 146 108
0.386414 0.314632 0.543112 135 135 119
0.0138744 -0.237844 0.622661 0 0 254
-0.111287 -0.201356 0.643331 2 2 252
0.201924 -0.220856 0.632993 28 28 226
0.33447 0.1818 0.647737 91 91 163
0.500813 -0.15448 0.599373 200 200 54
0.140717 0.354023 0.518037 6 6 248
0.154548 0.314454 0.562661 12 12 242
0.253875 0.0751995 0.683959 34 34 220
-0.020067 0.262657 0.605555 0 0 254
0.577772 -0.184084 0.520959 255 255 0
0.28581 0.102819 0.678934 56 56 198
-0.0322981 0.295493 0.580245 0 0 254
0.332773 -0.133002 0.666624 91 91 163
0.339618 0.189251 0.644001 94 94 160
0.343965 -0.145014 0.661517 81 81 173
-0.28776 0.0231494 0.689896 46 46 208
0.424935 0.171429 0.629912 143 143 111
0.55602 -0.164723 0.554002 222 222 32
0.535562 -0.10031 0.595835 239 239 15
0.440057 -0.0891674 0.650387 140 140 114
-0.0437727 0.342506 0.532529 0 0 254
0.561643 0.239538 0.494955 255 255 0
0.518802 0.0839876 0.610685 217 217 37
-0.104904 0.294907 0.580594 4 4 250
0.471983 -0.111152 0.630674 168 168 86
0.440837 0.367998 0.441942 135 135 119
0.414108 -0.250239 0.589253 126 126 128
-0.0856899 -0.0186164 0.690334 9 9 245
0.0170486 -0.259092 0.607947 0 0 254
0.361429 0.206475 0.631555 105 105 149
-0.326511 -0.110065 0.674525 60 60 194
0.37991 0.252075 0.599291 102 102 152
0.420426 0.0948093 0.656488 132 132 122
0.537187 -0.300075 0.451914 255 255 0
0.519705 -0.0130796 0.619118 230 230 24
-0.284116 -0.0831352 0.682637 68 68 186
-0.307071 -0.0152171 0.689606 49 49 205
0.129873 0.0683523 0.684938 5 5 249
0.0281624 0.148916 0.664616 0 0 254
0.40292 0.0832123 0.665027 122 122 132
0.42382 0.00186605 0.665961 139 139 115
0.0751537 0.0558639 0.68727 2 2 252
0.414178 0.142646 0.644708 156 156 98
-0.078847 -0.308088 0.569177 8 8 246
-0.304635 -0.129998 0.670899 58 58 196
0.470093 -0.244504 0.565257 169 169 85
0.460196 0.0753975 0.644673 167 167 87
-0.0955748 -0.123468 0.67287 4 4 250
0.287213 -0.069675 0.684998 71 71 183
-0.312033 0.360919 0.507224 50 50 204
0.438449 0.225366 0.594712 173 173 81
-0.0553058 0.00920817 0.690324 0 0 254
0.442377 -0.131313 0.63767 146 146 108
0.356275 0.0611196 0.679641 85 85 169
0.299318 0.0177206 0.689955 42 42 212
0.420028 -0.191825 0.621469 123 123 131
0.0250244 0.0373372 0.689347 0 0 254
0.153436 0.135914 0.669337 8 8 246
0.174962 0.0537923 0.687195 21 21 233
0.224614 0.114799 0.675198 42 42 212
0.407662 -0.16092 0.640041 108 108 146
0.125849 0.125256 0.672445 12 12 242
0.408509 -0.200324 0.621746 139 139 115
0.288262 0.0414453 0.68876 47 47 207
0.184856 0.312048 0.564675 22 22 232
-0.351062 0.27153 0.591408 68 68 186
-0.134698 0.138259 0.668544 7 7 247
0.325574 -0.0456514 0.685383 72 72 182
-0.025051 0.330082 0.547073 0 0 254
0.400143 0.187771 0.631162 133 133 121
0.315945 0.149323 0.663578 55 55 199
0.184042 -0.204254 0.641013 19 19 235
-0.195474 0.0785927 0.683633 23 23 231
0.476542 0.0308395 0.642993 174 174 80
0.245656 0.188425 0.648744 54 54 200
-0.319615 -0.0114373 0.688479 71 71 183
-0.103829 -0.0230253 0.690191 5 5 249
-0.117683 -0.185039 0.650303 5 5 249
0.518061 0.0121619 0.621168 206 206 48
-0.00964875 -0.0875587 0.682047 2 2 252
0.131923 -0.176082 0.654673 18 18 236
0.491236 -0.216994 0.571856 219 219 35
0.555202 -0.301673 0.425626 255 255 0
0.0840827 -0.199074 0.644564 9 9 245
0.496199 0.0950763 0.621851 164 164 90
-0.218051 0.230659 0.626371 17 17 237
0.533778 -0.0492562 0.607293 212 212 42
0.0412271 0.121918 0.673739 2 2 252
0.359891 -0.104841 0.670636 79 79 175
0.419779 0.25426 0.582955 109 109 145
0.0725025 0.0911582 0.680802 3 3 251
0.375636 0.117375 0.663933 119 119 135
0.440708 0.0804818 0.652533 151 151 103
0.194041 0.081094 0.683484 29 29 225
0.0554036 -0.245083 0.618393 1 1 253
0.0507545 0.192569 0.647753 0 0 254
-0.412155 -0.222204 0.607794 104 104 150
0.355326 0.0681822 0.678913 94 94 160
0.459059 0.0699714 0.646053 167 167 87
-0.162473 0.122593 0.673713 17 17 237
0.301277 -0.32975 0.546287 51 51 203
0.0712859 0.11836 0.674305 5 5 249
0.0859201 0.121571 0.673473 6 6 248
-0.00363748 0.13248 0.671057 0 0 254
-0.189582 0.2847 0.588448 24 24 230
0.520823 -0.199243 0.56216 243 243 11
-0.259211 0.233246 0.625781 34 34 220
0.337412 -0.275702 0.591452 77 77 177
0.376027 -0.110354 0.665095 113 113 141
0.497177 -0.0292935 0.632349 209 209 45
-0.128972 0.358629 0.51224 17 17 237
0.36188 0.131631 0.662406 94 94 160
0.180941 -0.18101 0.652273 17 17 237
0.329733 -0.333136 0.538496 77 77 177
0.255451 -0.0575592 0.686311 42 42 212
0.0917851 0.183695 0.651564 5 5 249
-0.237658 0.111697 0.676873 26 26 228
0.43164 0.159594 0.631754 130 130 124
-0.0936093 0.099825 0.679713 2 2 252
0.451662 0.35681 0.452923 150 150 104
-0.204129 -0.0517693 0.687978 23 23 231
0.0749096 -0.32831 0.548523 4 4 250
0.0744424 -0.106455 0.677954 2 2 252
0.418195 0.121615 0.650319 155 155 99
0.178326 0.170898 0.657183 23 23 231
0.308376 -0.0302161 0.688474 73 73 181
-0.0141195 -0.136271 0.66957 1 1 253
0.199437 -0.169913 0.656749 38 38 216
0.420775 -0.151203 0.639734 146 146 108
0.39444 0.109726 0.660941 140 140 114
-0.0592718 -0.166707 0.658675 4 4 250
0.164937 -0.244253 0.618403 24 24 230
0.281005 0.253171 0.612411 57 57 197
0.404872 -0.0437965 0.669742 105 105 149
0.01108 0.357773 0.513443 0 0 254
0.311367 0.0734223 0.683657 56 56 198
0.0724248 -0.11407 0.676279 4 4 250
0.46116 0.0187189 0.650414 166 166 88
0.0171706 0.200334 0.643077 0 0 254
-0.175533 0.286729 0.586715 26 26 228
0.47204 -0.0764987 0.638591 153 153 101
0.160619 -0.249778 0.615 19 19 235
0.426966 -0.109818 0.651011 147 147 107
0.349561 0.16436 0.653255 101 101 153
0.175798 -0.0012651 0.690063 23 23 231
0.18707 0.0461599 0.688432 14 14 240
-0.430296 0.182791 0.622206 115 115 139
0.0225838 0.143456 0.666507 0 0 254
-0.383478 -0.0960096 0.667664 108 108 146
0.472163 0.0685451 0.640516 199 199 55
0.216858 -0.237451 0.622902 37 37 217
-0.284852 0.290408 0.583886 35 35 219
0.421397 -0.27219 0.568088 155 155 99
0.485971 -0.0079426 0.639214 177 177 77
-0.382133 -0.0312685 0.677547 102 102 152
-0.148401 -0.105018 0.678292 16 16 238
0.13688 -0.253595 0.612217 20 20 234
0.359408 -0.260576 0.598748 72 72 182
-0.016799 -0.0410107 0.688983 0 0 254
0.343895 0.152107 0.658629 101 101 153
0.165401 -0.169325 0.657358 19 19 235
0.480552 -0.0208146 0.641212 161 161 93
0.485031 -0.0591188 0.635034 178 178 76
0.502054 0.350398 0.412765 176 176 78
0.0519575 -0.216468 0.635534 0 0 254
0.130688 -0.159643 0.661634 11 11 243
0.430683 0.360913 0.460916 146 146 108
0.440439 0.0193401 0.659131 136 136 118
0.107214 -0.130531 0.671365 5 5 249
0.43232 -0.0338423 0.661657 147 147 107
0.291484 -0.123159 0.672857 55 55 199
-0.0632134 0.0379552 0.688493 1 1 253
0.349759 0.226428 0.622241 68 68 186
0.570239 -0.0134829 0.582538 255 255 0
0.406329 0.0276608 0.670442 130 130 124
0.162971 0.171851 0.656862 18 18 236
-0.465249 0.172324 0.611288 133 133 121
-0.0652787 -0.235783 0.623244 2 2 252
0.148356 0.388036 0.468647 21 21 233
0.140782 -0.294379 0.580657 11 11 243
-0.287652 -0.0592288 0.686492 71 71 183
0.261865 0.208807 0.639683 36 36 218
0.277935 -0.304366 0.571418 60 60 194
-0.0262512 0.168353 0.657791 0 0 254
0.173344 0.303816 0.572529 25 25 229
-0.111962 0.0996403 0.678961 8 8 246
-0.0939411 0.308891 0.568394 13 13 241
0.0530792 -0.00565632 0.690326 3 3 251
0.448009 0.101055 0.644605 156 156 98
0.142306 0.195421 0.645557 7 7 247
-0.0969292 0.260077 0.608138 6 6 248
0.0537317 0.305196 0.570798 0 0 254
-0.0367432 -0.0167693 0.690621 0 0 254
0.501711 -0.0897271 0.620584 199 199 55
0.375552 0.115209 0.664338 95 95 159
0.14683 0.16906 0.657421 10 10 244
0.528592 -0.0961478 0.601961 210 210 44
0.0570332 0.211994 0.637172 6 6 248
0.295827 -0.0508567 0.687699 58 58 196
-0.0419238 -0.393566 0.45969 0 0 254
0.528904 -0.117611 0.59471 189 189 65
-0.0499312 -0.0460909 0.688152 0 0 254
0.213716 0.202992 0.641792 25 25 229
0.376644 -0.202504 0.629614 114 114 140
0.504982 0.0151799 0.629039 219 219 35
0.367493 -0.346374 0.512682 93 93 161
0.219275 -0.0281066 0.68941 25 25 229
0.436126 -0.287272 0.548011 169 169 85
-0.175679 -0.207789 0.639887 12 12 242
0.0743269 -0.184346 0.65118 0 0 254
0.445959 -0.155977 0.627313 159 159 95
0.284125 -0.141465 0.667337 37 37 217
0.332172 0.0110707 0.686661 62 62 192
-0.172594 -0.203913 0.641503 29 29 225
0.367025 -0.109553 0.667444 122 122 132
0.516847 0.0364754 0.620309 183 183 71
0.343493 -0.339333 0.528171 95 95 159
0.554878 0.160044 0.556426 255 255 0
0.554048 0.116022 0.575685 255 255 0
-0.0339903 0.207303 0.63989 0 0 254
0.419145 0.2464 0.589963 123 123 131
0.496172 -0.237103 0.553839 200 200 54
0.141128 0.393238 0.45939 12 12 242
0.0285784 0.407841 0.430654 3 3 251
-0.00714706 -0.0272352 0.690143 0 0 254
0.073157 0.113333 0.676211 8 8 246
0.165943 -0.228727 0.627584 20 20 234
-0.147961 -0.296276 0.578844 6 6 248
0.240514 -0.281077 0.592497 54 54 200
0.280512 0.237971 0.62271 35 35 219
0.0433132 0.14159 0.667181 0 0 254
-0.440969 0.00253972 0.659995 139 139 115
0.391654 0.158639 0.646395 139 139 115
0.108802 -0.370108 0.495652 15 15 239
0.499459 -0.056397 0.627524 204 204 50
-0.161046 0.0342139 0.689128 18 18 236
0.24874 0.367244 0.501173 25 25 229
-0.0554916 -0.0770575 0.684274 0 0 254
0.309146 0.16084 0.659853 58 58 196
0.35906 0.0689983 0.677445 109 109 145
-0.323635 0.0496883 0.685827 61 61 193
-0.19812 -0.104076 0.677998 30 30 224
0.514995 -0.0678694 0.61613 209 209 45
-0.192074 -0.111144 0.676612 14 14 240
-0.177051 -0.236239 0.624018 11 11 243
-0.0158718 -0.416665 0.410451 0 0 254
-0.272442 -0.127919 0.671971 35 35 219
0.334801 -0.0643228 0.681903 82 82 172
0.378294 -0.201777 0.62967 113 113 141
-0.264222 0.0312194 0.689195 35 35 219
0.356339 -0.0731706 0.677544 105 105 149
0.173465 0.0466196 0.687649 17 17 237
0.558093 0.154827 0.556286 229 229 25
0.167683 0.0275559 0.689575 17 17 237
0.0359703 -0.0162469 0.690539 0 0 254
0.189948 0.0830389 0.683253 17 17 237
0.14725 0.396776 0.451889 14 14 240
0.460053 -0.041242 0.650081 167 167 87
-0.131534 0.27726 0.595206 11 11 243
0.370489 0.0300094 0.679739 93 93 161
-0.216413 0.257293 0.610055 43 43 211
0.0397588 0.219773 0.633626 0 0 254
0.684854 0.0698741 0.419657 255 255 0
0.324399 -0.0320502 0.686802 86 86 168
0.0531781 0.366186 0.501904 5 5 249
0.579263 -0.137145 0.544893 255 255 0
0.141453 0.1125 0.676147 10 10 244
-0.098254 -0.104801 0.67818 3 3 251
0.178924 -0.177393 0.654311 28 28 226
0.444933 0.130822 0.637468 141 141 113
0.15856 0.269479 0.600576 22 22 232
0.48374 -0.112115 0.624261 158 158 96
0.371877 -0.296067 0.565563 111 111 143
-0.380447 -0.181255 0.63949 90 90 164
0.0439267 -0.10356 0.678417 0 0 254
-0.249816 0.0715983 0.68479 39 39 215
0.554955 0.205945 0.529508 255 255 0
0.280652 0.353184 0.519263 51 51 203
0.518281 0.177066 0.577065 214 214 40
0.0607993 -0.381307 0.480362 1 1 253
0.104608 -0.106543 0.677494 3 3 251
0.0139005 -0.087465 0.681509 0 0 254
0.0288036 0.219627 0.633469 0 0 254
-0.339782 0.234962 0.619806 64 64 190
0.249636 0.205457 0.640931 42 42 212
0.407802 0.133887 0.649445 119 119 135
0.0877576 -0.0641269 0.68582 2 2 252
0.419881 0.0213664 0.66677 144 144 110
0.174663 -0.0674873 0.685494 13 13 241
0.228987 -0.347551 0.526255 32 32 222
-0.0991082 -0.318727 0.557627 1 1 253
0.415808 0.0487365 0.666002 123 123 131
0.0491735 -0.0280364 0.689717 2 2 252
0.49064 0.0101501 0.636479 186 186 68
-0.194002 -0.0991489 0.679514 20 20 234
0.450601 -0.135878 0.633298 181 181 73
-0.0973709 -0.263301 0.60573 1 1 253
0.413501 -0.239439 0.59652 107 107 147
0.114927 0.273587 0.59725 13 13 241
0.00601221 -0.270255 0.600533 0 0 254
-0.0243208 -0.114219 0.676044 0 0 254
0.221881 0.232226 0.625705 41 41 213
-0.0567397 0.308449 0.568531 0 0 254
0.199971 -0.2343 0.625161 19 19 235
0.313991 -0.102733 0.677489 70 70 184
0.325164 -0.0264971 0.686774 61 61 193
0.406902 -0.0168443 0.671104 149 149 105
0.48292 -0.0313112 0.639683 149 149 105
0.300213 -0.131461 0.670189 81 81 173
0.0322518 -0.140638 0.667947 1 1 253
0.495553 0.101413 0.620615 182 182 72
0.574375 0.00446996 0.578878 255 255 0
0.221873 0.0258541 0.690181 39 39 215
0.164787 -0.00485898 0.690256 10 10 244
-0.0552274 -0.00132468 0.69015 1 1 253
0.407183 0.0477234 0.668427 127 127 127
0.542949 0.143298 0.574918 237 237 17
-0.12821 0.0227705 0.690388 8 8 246
0.089589 -0.270302 0.60008 2 2 252
0.47422 0.250798 0.557747 173 173 81
0.108696 -0.136215 0.669675 15 15 239
0.319127 0.0702998 0.682546 90 90 164
0.278526 0.310411 0.5658 40 40 214
-0.184959 -0.182276 0.652423 22 22 232
0.183484 -0.252095 0.613122 35 35 219
-0.013931 0.0887765 0.681184 0 0 254
-0.258345 0.256367 0.610033 32 32 222
0.0952421 0.058195 0.6864 10 10 244
0.0726997 0.234399 0.625126 2 2 252
0.513204 -0.0172157 0.62353 206 206 48
-0.286714 0.303115 0.573325 45 45 209
0.387387 0.0422466 0.675297 105 105 149
0.436371 0.353296 0.469245 153 153 101
0.109856 0.0568879 0.686526 2 2 252
0.385921 0.0960905 0.666739 105 105 149
0.57339 -0.251504 0.467227 254 254 0
0.0772376 0.0934305 0.680943 4 4 250
-0.0352927 0.219408 0.632991 1 1 253
-0.259479 -0.306382 0.569571 46 46 208
0.455286 0.334947 0.482385 166 166 88
0.232021 0.0931559 0.680886 22 22 232
0.0895431 0.0632835 0.686106 5 5 249
0.421296 0.15024 0.640059 133 133 121
0.223804 -0.31669 0.559745 39 39 215
0.391247 -0.0231384 0.675322 129 129 125
0.433839 -0.23627 0.590304 170 170 84
0.0616618 0.303383 0.572536 7 7 247
0.619528 -0.0852896 0.521066 255 255 0
0.29125 -0.312254 0.563598 57 57 197
-0.284522 0.0712905 0.685083 63 63 191
0.491715 0.137992 0.611971 175 175 79
0.284017 0.338362 0.536511 51 51 203
-0.269419 0.18603 0.649935 65 65 189
0.142478 0.374899 0.489525 16 16 238
-0.00167323 0.164524 0.658818 0 0 254
0.372329 -0.0540686 0.677482 115 115 139
0.30181 0.192968 0.646193 64 64 190
0.397262 0.16205 0.643135 110 110 144
0.339821 0.0132263 0.686385 63 63 191
0.128828 -0.120765 0.674087 19 19 235
0.197645 -0.0281552 0.689598 27 27 227
0.104817 -0.379519 0.482332 14 14 240
0.391056 0.112863 0.660672 85 85 169
0.0855613 -0.00963689 0.690278 2 2 252
0.349967 0.271964 0.591947 66 66 188
0.30708 -0.214946 0.634183 47 47 207
-0.103756 -0.241736 0.619992 7 7 247
0.263087 0.0612927 0.685849 59 59 195
0.15268 0.0178386 0.690249 16 16 238
-0.23687 -0.105174 0.678032 27 27 227
0.341758 -0.177518 0.649002 105 105 149
0.273602 -0.19404 0.646947 57 57 197
0.307777 -0.24504 0.61715 49 49 205
0.211193 -0.0394371 0.688828 21 21 233
0.449587 0.0633743 0.651184 155 155 99
0.572461 0.0725125 0.572991 255 255 0
0.586317 -0.0191381 0.567838 255 255 0
-0.082099 0.368606 0.499477 2 2 252
-0.166395 0.209986 0.638448 11 11 243
-0.0559431 0.339086 0.537055 6 6 248
-0.133708 -0.0469628 0.68781 5 5 249
-0.0485795 0.0307727 0.689922 1 1 253
0.161436 -0.322213 0.555227 9 9 245
0.274567 0.262318 0.606211 40 40 214
0.256915 -0.100268 0.679051 43 43 211
0.142842 0.0891364 0.681858 6 6 248
-0.413944 -0.0287189 0.668901 136 136 118
0.583411 0.250749 0.455069 248 248 6
0.582802 -0.0237244 0.570188 255 255 0
0.452835 -0.235407 0.581654 142 142 112
0.229291 -0.354129 0.518916 21 21 233
0.203642 -0.379288 0.482132 29 29 225
-0.405282 -0.0628375 0.66733 95 95 159
0.370123 0.170287 0.64672 97 97 157
0.0879443 -0.113326 0.676117 5 5 249
0.161671 -0.222317 0.632281 19 19 235
0.567136 -0.0525795 0.580939 235 235 19
-0.0977583 0.228596 0.628397 4 4 250
0.082486 -0.196101 0.64595 5 5 249
-0.388563 0.171095 0.641688 103 103 151
0.31315 -0.39799 0.447975 75 75 179
-0.0298419 -0.109875 0.676695 0 0 254
0.412817 0.0355088 0.668231 155 155 99
-0.137333 0.172976 0.656428 6 6 248
0.197898 0.292227 0.58309 27 27 227
0.290024 -0.317695 0.55916 45 45 209
-0.140635 -0.146128 0.666469 13 13 241
-0.0452046 -0.219392 0.633637 0 0 254
-0.0827976 -0.00124622 0.690371 2 2 252
0.494638 -0.0333132 0.632839 197 197 57
0.0859571 -0.0522072 0.687758 1 1 253
0.275272 -0.364633 0.504626 39 39 215
0.553307 0.280886 0.458546 240 240 14
0.260596 0.0933693 0.681212 33 33 221
0.561364 -0.134288 0.562708 253 253 1
-0.0268098 0.141766 0.66784 0 0 254
0.50572 -0.148845 0.599108 178 178 76
0.526173 0.204278 0.555306 194 194 60
-0.0335464 0.0137054 0.690394 0 0 254
0.396051 -0.130067 0.6548 136 136 118
-0.143315 0.103652 0.678427 10 10 244
0.202216 -0.286904 0.587094 34 34 220
0.525694 0.105731 0.600212 196 196 58
-0.15134 -0.10215 0.678993 15 15 239
0.41021 0.104777 0.657253 127 127 127
-0.117669 0.267898 0.60165 2 2 252
-0.0441539 -0.250689 0.613891 0 0 254
0.166028 -0.231443 0.626848 17 17 237
0.430159 -0.235701 0.592124 154 154 100
-0.134583 0.393272 0.458535 12 12 242
0.224529 0.174548 0.655775 32 32 222
-0.227203 -0.229295 0.627544 35 35 219
0.311495 -0.183415 0.649901 58 58 196
0.222251 -0.318836 0.558277 47 47 207
0.0728962 0.0468101 0.687984 2 2 252
-0.0108113 -0.0388244 0.688538 0 0 254
0.568334 -0.193159 0.524221 255 255 0
0.491998 0.00746437 0.636084 201 201 53
-0.119191 -0.131171 0.670949 8 8 246
0.4193 -0.164119 0.634853 123 123 131
0.629081 -0.145427 0.481051 255 255 0
-0.141671 0.253184 0.612662 12 12 242
0.378015 0.309283 0.551339 124 124 130
-0.200208 0.174948 0.655323 18 18 236
0.187162 -0.105883 0.677484 17 17 237
0.134515 -0.0754488 0.684412 5 5 249
0.132556 -0.0554273 0.687344 11 11 243
0.447219 -0.0825222 0.649095 180 180 74
0.111779 -0.248463 0.615272 8 8 246
0.138981 0.164432 0.659872 14 14 240
0.556675 -0.0905121 0.58181 236 236 18
0.416034 -0.0717259 0.662259 146 146 108
0.0886133 0.0108005 0.690719 6 6 248
0.470816 -0.0923437 0.636632 168 168 86
0.27011 0.385904 0.471088 39 39 215
0.276566 0.154704 0.663265 61 61 193
-0.0484253 -0.34394 0.530765 4 4 250
0.0390906 -0.262652 0.605786 2 2 252
0.161612 0.0400315 0.689152 27 27 227
0.332635 0.253869 0.608172 78 78 176
0.373678 0.207354 0.628469 109 109 145
0.480644 0.116023 0.624618 179 179 75
0.515096 -0.14194 0.595807 211 211 43
0.254544 0.137328 0.669164 25 25 229
0.145642 -0.126592 0.672361 11 11 243
0.456719 -0.303269 0.520266 171 171 83
0.459422 -0.202711 0.598545 175 175 79
0.253222 -0.277181 0.595314 42 42 212
0.413219 -0.341372 0.500587 120 120 134
-0.0406709 -0.0523287 0.6878 0 0 254
0.0659772 -0.306975 0.569755 2 2 252
-0.14209 0.170894 0.657141 8 8 246
-0.0821931 -0.0359651 0.688677 1 1 253
0.337926 -0.186568 0.645747 83 83 171
0.50165 0.0123103 0.630886 181 181 73
0.0332773 -0.130032 0.671532 0 0 254
-0.293208 0.0804252 0.683219 42 42 212
0.369988 -0.161309 0.650102 96 96 158
0.450458 -0.0453263 0.653937 147 147 107
-0.0951426 0.324845 0.552378 6 6 248
0.00108649 -0.0659444 0.685422 0 0 254
-0.0984199 -0.178921 0.653713 6 6 248
0.356084 0.206831 0.632354 88 88 166
0.0462948 0.0731502 0.68468 5 5 249
0.540492 -0.0174587 0.604853 226 226 28
0.497061 -0.0291883 0.631885 211 211 43
0.0478049 -0.103577 0.678304 0 0 254
0.283215 0.310063 0.566519 61 61 193
0.0799097 -0.139188 0.668373 3 3 251
-0.0358004 -0.137475 0.669 5 5 249
0.114449 -0.184147 0.65091 12 12 242
0.476845 0.0786444 0.636395 183 183 71
0.321032 -0.180872 0.650491 58 58 196
0.371451 -0.111778 0.666056 96 96 158
0.220847 0.133974 0.670034 25 25 229
-0.0449195 0.203682 0.641205 0 0 254
0.247553 -0.298277 0.577604 28 28 226
0.620371 -0.0390211 0.528922 255 255 0
-0.310817 0.0313949 0.687956 87 87 167
-0.249041 -0.261208 0.606472 26 26 228
0.405595 -0.239824 0.599153 121 121 133
0.369943 0.123307 0.663101 101 101 153
0.319744 0.172903 0.65427 92 92 162
-0.0941358 -0.0688674 0.684957 1 1 253
0.0821088 0.403672 0.439783 11 11 243
0.460277 -0.0486005 0.64897 144 144 110
0.466645 0.0463889 0.64652 196 196 58
0.448147 -0.045816 0.654349 134 134 120
0.385699 0.0740282 0.671506 130 130 124
0.0140909 0.242845 0.61905 1 1 253
0.336477 -0.0892374 0.677927 88 88 166
0.143176 0.0205406 0.689979 12 12 242
-0.0670185 -0.122022 0.67407 2 2 252
-0.302337 -0.237304 0.622021 47 47 207
0.623905 0.121298 0.501184 255 255 0
0.445899 -0.143201 0.632032 124 124 130
0.311478 -0.377363 0.484003 68 68 186
0.32811 -0.0272455 0.686331 78 78 176
0.0127899 0.0129797 0.690703 0 0 254
-0.179215 -0.257165 0.609914 15 15 239
-0.304586 -0.0489038 0.686556 46 46 208
-0.0403476 0.107161 0.677448 0 0 254
0.450741 -0.170565 0.618887 137 137 117
0.081118 0.0377268 0.688891 10 10 244
0.435857 -0.248291 0.581242 157 157 97
0.43883 -0.103167 0.647235 160 160 94
-0.253762 -0.217365 0.634196 36 36 218
-0.132324 -0.0552893 0.687306 4 4 250
-0.300797 0.0261736 0.689488 69 69 185
0.438025 -0.192286 0.614282 158 158 96
0.170658 -0.0567568 0.686911 10 10 244
-0.181735 0.104667 0.678671 20 20 234
0.373307 -0.0877385 0.671377 80 80 174
0.0945921 0.105261 0.678176 3 3 251
0.00577433 0.03984 0.688559 0 0 254
0.0434647 0.172618 0.65657 1 1 253
0.193789 0.0417613 0.688752 13 13 241
0.462187 0.230973 0.579505 187 187 67
0.397194 0.13863 0.65189 120 120 134
0.475441 0.236944 0.568302 169 169 85
0.124688 0.170781 0.657358 6 6 248
0.20228 0.166835 0.658686 19 19 235
0.0622574 0.0070451 0.690694 1 1 253
-0.250128 -0.0364012 0.688687 39 39 215
0.126141 -0.0846348 0.682174 6 6 248
0.430953 -0.207293 0.609228 130 130 124
0.160502 0.187664 0.649167 23 23 231
0.435157 -0.017904 0.661401 158 158 96
-0.00265881 0.00576519 0.690101 0 0 254
0.373323 -0.0713402 0.674623 102 102 152
0.551455 -0.297996 0.436801 255 255 0
0.417333 -0.116809 0.651482 104 104 150
0.286968 -0.272634 0.598565 52 52 202
0.155919 -0.0268732 0.690144 14 14 240
0.188786 -0.132286 0.670829 33 33 221
0.335035 0.0525388 0.683286 101 101 153
-0.10765 -0.00601486 0.690502 11 11 243
0.400724 -0.169934 0.638906 113 113 141
0.188887 0.0523968 0.687763 30 30 224
0.00904492 0.337412 0.538656 0 0 254
0.19086 -0.0044754 0.690055 14 14 240
-0.258527 -0.0224202 0.690271 32 32 222
-0.1477 0.0940926 0.680806 19 19 235
0.377393 -0.304422 0.556451 124 124 130
0.37181 -0.190577 0.636816 110 110 144
0.419631 0.382242 0.430058 152 152 102
0.0937797 0.00384596 0.69056 7 7 247
0.174038 -0.0165829 0.690142 11 11 243
0.421856 -0.138314 0.643604 107 107 147
0.169815 -0.117522 0.67514 12 12 242
0.245721 0.226807 0.628589 25 25 229
0.343967 0.00288105 0.685121 80 80 174
-0.194648 -0.201671 0.642696 20 20 234
0.529388 0.304988 0.456136 191 191 63
0.294014 0.182026 0.652117 57 57 197
0.459172 0.0763396 0.645376 167 167 87
0.565655 0.0118621 0.585704 230 230 24
-0.000980297 -0.0516017 0.687312 0 0 254
-0.102498 0.133317 0.670376 7 7 247
0.606239 0.0189546 0.546606 255 255 0
-0.176909 0.281616 0.591022 28 28 226
0.190338 -0.23312 0.62517 28 28 226
0.262102 -0.304845 0.571414 30 30 224
0.416985 -0.164632 0.635066 134 134 120
0.0668943 0.0706542 0.685062 2 2 252
0.229744 0.331259 0.545267 38 38 216
0.0293724 -0.10686 0.677968 0 0 254
-0.0715831 0.0907288 0.680857 0 0 254
0.0580828 -0.0107126 0.690036 1 1 253
0.00532223 0.189462 0.648514 1 1 253
0.195682 -0.116461 0.675051 26 26 228
0.276529 0.212176 0.636878 66 66 188
0.101506 -0.189909 0.648833 8 8 246
-0.0940001 -0.145612 0.666236 2 2 252
0.542718 0.122658 0.583418 231 231 23
0.427971 -0.0699926 0.658587 142 142 112
0.489425 -0.0103795 0.637394 180 180 74
-0.173362 0.234313 0.624694 10 10 244
0.179081 0.0374704 0.689347 25 25 229
0.114722 0.246227 0.616763 5 5 249
0.0557361 -0.0277812 0.689206 1 1 253
0.4134 0.0201271 0.668557 148 148 106
-0.0827092 -0.0447105 0.68861 3 3 251
0.192341 -0.399233 0.448121 27 27 227
0.476586 0.108494 0.628942 158 158 96
0.411079 0.182756 0.629413 124 124 130
-0.101285 -0.217966 0.633824 2 2 252
0.31922 -0.214078 0.63443 80 80 174
0.378057 0.143529 0.654665 98 98 156
0.310641 -0.00447619 0.689204 85 85 169
0.164887 -0.232752 0.625962 24 24 230
0.370922 -0.123195 0.663575 108 108 146
0.302993 0.102314 0.678408 63 63 191
0.288195 0.314667 0.562421 61 61 193
0.505638 0.025629 0.62709 167 167 87
0.548994 -0.0969863 0.586494 255 255 0
0.223781 0.029578 0.689925 48 48 206
0.253677 -0.177843 0.653479 46 46 208
0.130531 0.110817 0.676561 12 12 242
0.337708 0.256674 0.604934 90 90 164
0.549986 -0.238055 0.508783 239 239 15
0.594941 -0.241267 0.449642 251 251 3
-0.222268 0.116196 0.67496 26 26 228
0.127897 -0.10643 0.677862 19 19 235
-0.344545 -0.0355893 0.684051 103 103 151
0.113134 -0.0563635 0.687384 6 6 248
0.395591 0.326942 0.525581 90 90 164
0.15194 0.102189 0.678594 23 23 231
-0.408532 0.146104 0.645465 123 123 131
0.468501 -0.257502 0.556023 143 143 111
-0.324808 -0.259808 0.604279 58 58 196
0.353826 -0.0433637 0.681876 103 103 151
0.293814 -0.0831335 0.682221 53 53 201
-0.00850397 0.155188 0.662788 0 0 254
0.505585 0.0121443 0.628688 193 193 61
0.159629 0.0898918 0.68175 9 9 245
-0.0567742 -0.298819 0.57634 0 0 254
-0.279318 -0.118679 0.674931 63 63 191
0.262324 -0.0932048 0.68048 28 28 226
0.289115 0.163248 0.659483 57 57 197
0.537321 0.00555244 0.607642 239 239 15
-0.241594 -0.195264 0.646043 26 26 228
0.207137 0.0868131 0.682546 19 19 235
0.433417 0.0616284 0.657984 168 168 86
0.502215 0.0168058 0.630452 222 222 32
0.337212 0.324919 0.546775 88 88 166
0.181386 -0.38117 0.479348 25 25 229
-0.0941422 -0.124157 0.672822 2 2 252
0.042647 -0.294404 0.580572 4 4 250
0.151625 0.20501 0.641059 17 17 237
0.482298 0.124427 0.621861 176 176 78
0.480156 -0.0552316 0.638361 146 146 108
0.219906 0.135101 0.669978 38 38 216
0.392248 0.00155847 0.675425 129 129 125
0.323084 -0.2145 0.633061 84 84 170
0.0213035 -0.0970684 0.679524 0 0 254
0.564728 -0.118048 0.566247 255 255 0
-0.0956881 -0.241183 0.620262 3 3 251
0.255263 -0.128899 0.671898 47 47 207
0.407684 0.00471053 0.670826 131 131 123
0.0365497 0.0591901 0.686545 0 0 254
-0.403378 0.299129 0.552414 94 94 160
0.145751 0.213375 0.636927 12 12 242
-0.441203 -0.21835 0.598255 119 119 135
-0.321007 -0.26072 0.605184 49 49 205
0.54685 0.334875 0.374016 255 255 0
0.143325 0.393349 0.458932 12 12 242
0.360043 -0.125989 0.664881 95 95 159
-0.0190192 -0.235501 0.623538 3 3 251
-0.0572016 0.0356911 0.688995 1 1 253
0.0773629 0.337517 0.538668 2 2 252
0.417612 0.239453 0.594298 145 145 109
0.159991 -0.209088 0.638668 20 20 234
0.116703 -0.146955 0.666095 10 10 244
0.252007 -0.0603456 0.686882 51 51 203
0.31897 -0.180099 0.650701 55 55 199
0.263132 -0.116683 0.675426 61 61 193
0.208574 -0.193198 0.646881 27 27 227
0.177046 0.163278 0.660064 18 18 236
0.31727 -0.17703 0.652408 52 52 202
0.185673 0.0180507 0.690633 29 29 225
0.104534 -0.321678 0.554901 12 12 242
0.343809 -0.276231 0.58942 75 75 179
-0.151868 -0.187711 0.648996 13 13 241
0.466545 0.338251 0.468576 167 167 87
0.541294 0.00841569 0.604909 235 235 19
0.114345 0.128634 0.671711 3 3 251
0.453137 -0.0537189 0.651561 156 156 98
0.110415 -0.224469 0.630573 7 7 247
0.307635 -0.150643 0.663084 55 55 199
0.345232 0.120387 0.66845 82 82 172
-0.0115095 -0.0607796 0.686484 0 0 254
0.391266 0.187916 0.633729 97 97 157
0.419045 0.0213448 0.667291 146 146 108
0.357551 -0.21818 0.625325 81 81 173
0.293818 -0.11405 0.675609 73 73 181
0.482535 -0.0747947 0.633965 177 177 77
0.434217 -0.289586 0.547813 130 130 124
-0.0713982 0.292727 0.582849 6 6 248
0.384872 -0.140265 0.654932 101 101 153
0.111749 -0.21231 0.637717 16 16 238
0.460817 0.0734798 0.645127 159 159 95
0.0291036 -0.0834905 0.682485 3 3 251
0.354251 -0.0958198 0.673099 110 110 144
0.358921 -0.36899 0.484881 94 94 160
0.437906 -0.0969072 0.649918 159 159 95
-0.00391042 0.0510261 0.687188 0 0 254
0.0755048 -0.195214 0.646083 2 2 252
0.135377 0.20048 0.642922 11 11 243
0.580908 0.00220116 0.572436 249 249 5
0.290936 -0.0852215 0.682037 42 42 212
0.0455143 -0.34315 0.532033 1 1 253
0.499445 -0.0479079 0.629179 164 164 90
0.312204 -0.0803431 0.682325 86 86 168
0.355563 0.26281 0.597641 101 101 153
0.107097 -0.140825 0.668087 14 14 240
0.312324 0.013812 0.689025 54 54 200
0.17071 -0.264539 0.604702 28 28 226
-0.381277 0.197918 0.631459 104 104 150
0.403122 -0.20131 0.622853 142 142 112
0.124878 -0.127544 0.671656 12 12 242
0.11287 -0.234733 0.624254 16 16 238
0.0380434 0.0386273 0.688797 1 1 253
0.516272 -0.137893 0.59594 205 205 49
0.0504945 0.151644 0.663658 2 2 252
0.139395 -0.11197 0.6768 17 17 237
0.569663 0.172477 0.536231 235 235 19
0.0967499 0.0815306 0.683245 3 3 251
0.192165 -0.215173 0.635855 21 21 233
0.0150834 -0.204712 0.641702 0 0 254
0.554425 0.0691004 0.588746 255 255 0
0.427687 -0.261533 0.574172 146 146 108
0.45746 -0.0384378 0.651566 161 161 93
0.607856 -0.114411 0.523159 255 255 0
0.0171036 0.0224377 0.690239 0 0 254
0.25045 -0.208983 0.639168 25 25 229
0.235974 0.186759 0.649374 49 49 205
0.0866928 0.232712 0.625904 6 6 248
0.315708 -0.229768 0.62497 83 83 171
-0.182609 -0.049515 0.687593 11 11 243
-0.0905682 -0.338266 0.537689 4 4 250
0.0116938 0.224929 0.629949 0 0 254
0.169318 0.173342 0.65604 11 11 243
0.390621 -0.227354 0.612417 120 120 134
0.265856 0.260559 0.60792 35 35 219
0.388996 0.107646 0.66263 121 121 133
-0.393368 -0.198773 0.627795 88 88 166
0.407773 0.0343751 0.669397 122 122 132
-0.0832795 0.0286914 0.689907 3 3 251
0.323667 0.401715 0.437457 67 67 187
0.0199409 0.196179 0.64579 0 0 254
0.342909 0.0495982 0.68257 82 82 172
-0.148935 -0.0956615 0.679801 13 13 241
0.445851 0.315625 0.513829 181 181 73
0.587539 -0.0120233 0.567075 255 255 0
-0.261346 -0.23631 0.624017 34 34 220
0.209148 -0.051844 0.687688 31 31 223
-0.0868731 0.311378 0.566062 4 4 250
-0.357878 -0.235531 0.615548 104 104 150
0.189212 0.313092 0.563586 35 35 219
0.174344 0.100575 0.67862 26 26 228
0.040046 0.240685 0.621064 0 0 254
0.53189 0.194912 0.555859 218 218 36
0.21172 0.18683 0.65005 29 29 225
0.382739 0.169959 0.643913 111 111 143
0.222808 -0.112197 0.675979 19 19 235
-0.0547361 -0.0909035 0.681538 0 0 254
0.246122 0.31681 0.559689 30 30 224
0.132955 0.149603 0.664996 6 6 248
0.485271 -0.0584856 0.634908 193 193 61
-0.342628 -0.0319612 0.684697 62 62 192
-0.486771 -0.0118278 0.638367 152 152 102
-0.316244 0.078027 0.681999 61 61 193
0.486658 -0.00551319 0.638609 172 172 82
0.514412 0.0445366 0.620771 216 216 38
0.381741 0.0374983 0.676365 92 92 162
0.139936 -0.209069 0.638518 7 7 247
-0.188623 -0.276151 0.595853 12 12 242
0.511266 -0.107219 0.610009 185 185 69
0.454106 -0.280282 0.545292 175 175 79
0.0234455 0.0549943 0.68748 0 0 254
-0.128243 0.118345 0.674465 20 20 234
0.25566 -0.12343 0.67338 28 28 226
-0.44426 0.0832239 0.650613 148 148 106
0.424566 -0.0536204 0.662615 140 140 114
0.387814 0.11812 0.660298 128 128 126
0.179071 0.220309 0.632579 12 12 242
-0.0129281 -0.0930725 0.680905 1 1 253
-0.0193005 -0.171872 0.65688 0 0 254
0.464964 -0.252035 0.562495 172 172 82
0.328472 -0.153552 0.660499 94 94 160
-0.316633 0.00912465 0.688757 53 53 201
0.380054 0.121398 0.661906 82 82 172
0.387481 -0.100991 0.665429 115 115 139
0.248133 -0.093655 0.680646 53 53 201
-0.114538 0.276804 0.594704 6 6 248
-0.328521 -0.0117739 0.687132 60 60 194
0.359863 -0.170438 0.648441 103 103 151
-0.00465409 0.173026 0.656122 0 0 254
0.130366 -0.139214 0.668579 6 6 248
0.463594 -0.0957034 0.639127 171 171 83
0.134327 0.105096 0.67849 15 15 239
0.251511 0.158404 0.662218 26 26 228
0.363492 -0.130935 0.662276 87 87 167
0.0527379 0.239241 0.621153 3 3 251
0.085724 -0.0236313 0.689894 5 5 249
-0.0275485 -0.0601505 0.68656 0 0 254
0.364128 -0.0935724 0.67208 91 91 163
0.296839 0.0269857 0.689065 39 39 215
0.048392 0.158048 0.662061 5 5 249
0.10822 -0.204851 0.641169 11 11 243
0.191864 0.116442 0.674774 33 33 221
-0.171801 -0.12712 0.672529 11 11 243
0.0490308 -0.373419 0.492358 2 2 252
0.142259 -0.0574408 0.687061 14 14 240
0.414347 0.023698 0.668327 142 142 112
0.282705 0.170842 0.657193 35 35 219
0.527018 0.342488 0.392768 203 203 51
0.399146 -0.155318 0.644676 95 95 159
0.443441 0.190512 0.612949 172 172 82
0.445276 0.208854 0.602455 130 130 124
0.269549 0.227086 0.628839 63 63 191
-0.072562 -0.384973 0.473606 4 4 250
0.631161 0.123312 0.489915 255 255 0
-0.188709 -0.119304 0.674439 18 18 236
-0.305532 -0.146429 0.665067 53 53 201
0.379026 -0.115184 0.663435 129 129 125
-0.119675 -0.0521664 0.687463 2 2 252
0.456938 -0.298819 0.52471 135 135 119
-0.439919 -0.0318407 0.658486 123 123 131
0.134491 0.303488 0.572548 21 21 233
0.429414 0.372156 0.442224 158 158 96
0.383112 -0.236644 0.608045 116 116 138
-0.27206 0.0957363 0.680256 66 66 188
0.305823 -0.128693 0.671226 65 65 189
0.25446 0.24546 0.61799 40 40 214
0.0352424 0.0405461 0.688702 0 0 254
0.379644 0.374507 0.468265 93 93 161
-0.302848 0.00140755 0.690245 44 44 210
0.0293726 0.154507 0.663505 3 3 251
0.612201 -0.210724 0.454386 255 255 0
0.206556 -0.10874 0.677425 28 28 226
0.130664 0.1611 0.661206 10 10 244
0.249899 0.205939 0.640644 53 53 201
0.419426 0.0884283 0.658754 146 146 108
-0.192333 0.262375 0.605939 21 21 233
0.14215 -0.0185731 0.690614 12 12 242
0.41859 -0.33092 0.511648 111 111 143
-0.0014139 0.192694 0.647294 1 1 253
0.296654 0.264223 0.604289 62 62 192
0.469571 -0.204169 0.593115 141 141 113
0.58898 -0.105771 0.548064 255 255 0
0.169231 0.419082 0.405726 13 13 241
0.0463925 0.166725 0.658157 1 1 253
0.0736047 -0.14915 0.664568 4 4 250
0.535208 0.0117849 0.609839 229 229 25
0.0136931 0.0545196 0.687115 0 0 254
0.258671 0.0454373 0.688166 26 26 228
0.418996 -0.259515 0.580488 110 110 144
0.280612 0.19941 0.644154 42 42 212
-0.0399768 0.0908784 0.681312 3 3 251
0.0731236 -0.14393 0.667306 2 2 252
-0.165591 0.0715753 0.684993 11 11 243
0.535402 -0.0753892 0.601602 255 255 0
0.469434 0.237673 0.571508 179 179 75
-0.128628 -0.155108 0.662831 7 7 247
-0.0151743 -0.0238714 0.69005 0 0 254
-0.206843 -0.160127 0.661171 26 26 228
0.412213 0.311805 0.535527 138 138 116
0.182655 0.347703 0.526443 34 34 220
0.190483 0.268888 0.601593 32 32 222
0.517149 0.1166 0.603164 218 218 36
0.516802 0.0697902 0.61491 185 185 69
-0.0625204 -0.0312052 0.689354 1 1 253
-0.413324 -0.0989498 0.65757 110 110 144
0.101612 0.280075 0.592927 8 8 246
0.134764 0.0267782 0.689361 10 10 244
0.107279 -0.342073 0.532741 7 7 247
0.428371 0.090137 0.654927 141 141 113
0.670744 -0.107426 0.43144 255 255 0
0.346282 0.0236041 0.684201 83 83 171
0.254859 -0.308414 0.567934 27 27 227
0.576901 -0.0736869 0.568958 255 255 0
0.395771 -0.0791742 0.667022 125 125 129
0.42383 -0.104714 0.652696 138 138 116
0.333341 0.13106 0.666993 95 95 159
-0.32893 0.0523118 0.684897 55 55 199
-0.244011 -0.0940879 0.680201 49 49 205
0.172376 -0.21825 0.634483 26 26 228
0.153698 0.104155 0.678265 21 21 233
0.310176 -0.141832 0.666371 50 50 204
-0.297931 0.00796669 0.689813 44 44 210
-0.00184939 -0.120734 0.674192 0 0 254
0.085489 0.104828 0.678327 3 3 251
0.193236 -0.166965 0.658335 12 12 242
0.234991 0.000763926 0.69035 32 32 222
0.423359 0.0950969 0.655308 142 142 112
0.158639 -0.170243 0.656544 22 22 232
0.336987 0.219583 0.628468 84 84 170
-0.501388 -0.086713 0.621126 171 171 83
0.348629 -0.0697907 0.679406 83 83 171
0.316038 0.128416 0.669629 59 59 195
0.387645 0.400089 0.414329 102 102 152
0.151069 -0.0386304 0.688854 6 6 248
0.0106623 -0.34618 0.528147 0 0 254
-0.317154 -0.291573 0.580546 56 56 198
-0.365575 0.250915 0.603934 77 77 177
0.24823 0.0301472 0.68922 25 25 229
0.173217 0.197923 0.644693 10 10 244
0.0558265 -0.402589 0.441176 2 2 252
-0.0263732 0.0369006 0.688962 3 3 251
-0.232578 -0.290376 0.584822 22 22 232
0.221346 -0.147145 0.665319 22 22 232
-0.373468 0.0924346 0.670693 118 118 136
-0.00109852 -0.0531645 0.687534 0 0 254
0.266818 -0.0657027 0.686168 30 30 224
0.222245 0.17708 0.654559 31 31 223
0.291075 0.372962 0.491259 64 64 190
0.425886 -0.153406 0.636639 164 164 90
0.150107 -0.173271 0.655612 16 16 238
0.175706 0.014841 0.690573 10 10 244
0.070975 0.0293994 0.689072 3 3 251
0.346068 0.0481487 0.682875 97 97 157
0.229756 0.213199 0.636386 39 39 215
-0.0757952 0.140431 0.667932 5 5 249
0.122533 -0.166863 0.658423 10 10 244
-0.378231 -0.229845 0.613948 86 86 168
-0.00542285 0.0186558 0.690152 0 0 254
0.0453259 0.273537 0.598233 0 0 254
0.157906 -0.0892152 0.681301 11 11 243
0.205536 0.302607 0.574209 33 33 221
0.262403 -0.0388078 0.689237 60 60 194
0.593802 0.159497 0.518872 255 255 0
0.293507 0.0917703 0.680762 56 56 198
0.0343699 -0.205772 0.640278 4 4 250
0.540522 0.00861622 0.606142 219 219 35
0.616595 -0.217754 0.440322 255 255 0
0.159218 0.262609 0.6057 9 9 245
0.299947 0.0858365 0.681949 72 72 182
-0.0253076 -0.057939 0.686428 0 0 254
0.388667 0.213226 0.621184 132 132 122
0.172266 0.113111 0.676343 11 11 243
0.0167167 -0.283717 0.59035 0 0 254
0.389021 -0.179651 0.638067 106 106 148
-0.0347935 0.0296409 0.689465 0 0 254
0.00225559 0.0218862 0.689612 0 0 254
0.514912 -0.221535 0.551808 207 207 47
0.269538 -0.125692 0.672786 58 58 196
0.271629 -0.187562 0.649195 33 33 221
-0.359666 -0.0666474 0.678124 85 85 169
0.112978 -0.0714333 0.685163 15 15 239
0.0514055 0.167651 0.658103 0 0 254
0.430653 -0.0621521 0.659557 159 159 95
0.0394845 -0.348606 0.524321 3 3 251
0.619471 0.170051 0.479474 255 255 0
-0.223494 -0.177255 0.653817 29 29 225
0.486326 0.149359 0.610071 191 191 63
-0.130737 -0.131212 0.670879 15 15 239
0.121846 -0.0894677 0.681081 4 4 250
0.0738101 0.391489 0.461888 6 6 248
0.0900889 0.0982208 0.680103 5 5 249
-0.277014 0.129841 0.671655 43 43 211
0.325798 0.164709 0.656184 58 58 196
-0.19253 -0.140736 0.667684 13 13 241
0.266623 -0.145686 0.66596 37 37 217
0.32925 0.0216226 0.686669 86 86 168
0.194475 -0.0086635 0.690759 26 26 228
0.577004 0.184996 0.521454 243 243 11
-0.381156 0.200404 0.62987 80 80 174
-0.299195 0.170448 0.656548 70 70 184
0.287094 -0.343324 0.530733 66 66 188
-0.307433 0.0202553 0.689056 52 52 202
0.262724 -0.275318 0.596207 53 53 201
0.142431 -0.00595256 0.690279 10 10 244
-0.276166 -0.0475441 0.688478 38 38 216
0.00661236 -0.294463 0.580188 1 1 253
0.591945 -0.0802347 0.552359 255 255 0
0.647365 0.141228 0.455105 255 255 0
0.419176 0.182782 0.626419 120 120 134
0.471476 0.0397054 0.644724 147 147 107
0.430385 0.237564 0.591377 134 134 120
0.195303 0.212688 0.637129 37 37 217
0.0621796 -0.109759 0.676598 0 0 254
0.465782 -0.0303628 0.647963 160 160 94
0.0352176 -0.0897272 0.681332 0 0 254
0.0510985 -0.0992833 0.679527 2 2 252
-0.240184 0.332625 0.543375 31 31 223
-0.242431 -0.0229641 0.690158 27 27 227
0.125644 -0.0143056 0.690551 3 3 251
-0.0178919 -0.102988 0.678085 0 0 254
0.0849601 -0.294633 0.580018 3 3 251
0.33876 -0.173662 0.651589 89 89 165
0.314955 0.0898555 0.680336 67 67 187
-0.312605 -0.234936 0.622573 46 46 208
0.357944 -0.349523 0.513031 97 97 157
0.369825 -0.401886 0.419892 87 87 167
0.00603794 0.0654576 0.685773 0 0 254
0.274303 0.302799 0.572738 66 66 188
0.383269 -0.0531333 0.674406 126 126 128
0.384652 -0.00549534 0.677793 105 105 149
-0.40008 -0.0343705 0.672319 98 98 156
0.0398808 -0.296274 0.579419 0 0 254
0.427221 -0.229667 0.597973 165 165 89
0.211645 -0.134577 0.669787 26 26 228
0.0144657 0.0380018 0.688867 0 0 254
0.184799 0.322266 0.554868 31 31 223
-0.0996775 0.135305 0.669538 3 3 251
0.0835842 0.241516 0.61981 1 1 253
0.228995 -0.0309595 0.689464 22 22 232
0.378936 -0.111224 0.664784 122 122 132
0.20911 0.108251 0.677276 35 35 219
0.30952 0.247744 0.614944 75 75 179
0.390622 -0.351791 0.496541 132 132 122
0.365011 -0.383523 0.458038 78 78 176
-0.318669 -0.161634 0.658052 65 65 189
0.151344 -0.0887565 0.68207 20 20 234
0.0551841 0.087976 0.681827 3 3 251
0.449076 0.0182705 0.656185 174 174 80
-0.0343384 -0.0693432 0.684635 2 2 252
0.195733 -0.0584462 0.686876 17 17 237
-0.382372 0.0810595 0.670982 84 84 170
0.343342 -0.0904562 0.676675 106 106 148
0.302505 0.156054 0.661644 46 46 208
0.33055 0.109232 0.674139 87 87 167
0.450872 0.00687952 0.656158 162 162 92
0.514906 -0.0809213 0.613652 200 200 54
0.275842 -0.0984531 0.679109 31 31 223
0.12246 0.310904 0.565661 14 14 240
0.415363 0.0658885 0.663649 116 116 138
0.400893 -0.0291535 0.672271 127 127 127
0.455394 -0.0193094 0.653027 151 151 103
0.499554 -0.107586 0.616322 191 191 63
0.359188 -0.025539 0.681914 110 110 144
-0.101034 0.300556 0.575845 10 10 244
0.0923873 -0.158155 0.661433 8 8 246
-0.00317906 0.284108 0.589168 0 0 254
0.501304 -0.351306 0.41051 193 193 61
0.170488 0.311439 0.564662 29 29 225
-0.226172 0.235195 0.624122 38 38 216
0.076924 -0.112112 0.676456 1 1 253
0.00705383 -0.0613175 0.686666 0 0 254
0.0570452 0.0762221 0.684046 3 3 251
0.410276 -0.295779 0.552901 124 124 130
0.116748 -0.0791183 0.683402 10 10 244
-0.194139 0.0332306 0.689542 24 24 230
0.00214689 0.303916 0.572367 0 0 254
0.231827 0.328605 0.547777 29 29 225
-0.293473 0.170488 0.656334 41 41 213
0.0789157 0.110572 0.677015 2 2 252
-0.205549 -0.349323 0.523679 32 32 222
0.0106425 -0.0862187 0.682233 0 0 254
0.480295 0.0641547 0.636966 157 157 97
0.127451 0.317651 0.55887 6 6 248
0.426641 0.0719084 0.658463 158 158 96
0.0608213 0.105853 0.677577 7 7 247
0.0781644 -0.0564456 0.686899 1 1 253
0.0921161 0.213907 0.636342 13 13 241
0.34972 -0.02099 0.6841 102 102 152
0.566866 0.0684393 0.578288 241 241 13
0.499893 -0.0423473 0.629658 194 194 60
0.408728 0.249414 0.591232 130 130 124
0.18211 0.0917108 0.68149 27 27 227
0.377047 -0.152147 0.651856 89 89 165
-0.112225 -0.086627 0.682258 4 4 250
0.396975 -0.155619 0.645887 123 123 131
-0.318275 -0.174378 0.652998 57 57 197
0.122735 0.133222 0.670295 7 7 247
-0.085582 0.177325 0.654511 0 0 254
0.219467 -0.165641 0.659216 34 34 220
0.224292 -0.126906 0.672317 30 30 224
0.4397 -0.165178 0.625857 116 116 138
0.583971 -0.265019 0.435703 255 255 0
0.359478 -0.0749459 0.676577 84 84 170
0.202673 -0.355488 0.516293 35 35 219
-0.0439785 0.126125 0.672724 0 0 254
0.378349 -0.340313 0.517603 84 84 170
0.0170594 0.117681 0.674345 1 1 253
0.28165 0.25385 0.611521 67 67 187
0.458819 -0.00677372 0.652663 175 175 79
0.567319 0.0373718 0.582957 230 230 24
0.480067 -0.131954 0.619604 184 184 70
0.206411 -0.190663 0.648525 42 42 212
-0.234094 0.215943 0.635108 22 22 232
0.665834 -0.0700204 0.455993 255 255 0
0.1814 -0.141109 0.668043 19 19 235
0.0228012 -0.0729964 0.684413 0 0 254
0.273573 0.410359 0.425246 42 42 212
0.00515334 -0.0776982 0.683275 0 0 254
-0.0119354 0.0354766 0.688898 0 0 254
0.234482 0.0773736 0.683967 40 40 214
-0.242885 -0.0784317 0.683172 50 50 204
0.508936 -0.206503 0.566701 206 206 48
0.28126 -0.0424191 0.688087 49 49 205
0.503142 -0.300694 0.487088 171 171 83
-0.505016 0.0788669 0.620371 180 180 74
0.216537 0.131387 0.670633 21 21 233
0.493952 0.00854617 0.634682 177 177 77
0.122433 -0.0735832 0.684896 9 9 245
0.284874 0.111363 0.676795 65 65 189
0.3866 -0.0709652 0.670964 119 119 135
-0.328299 0.19781 0.641972 75 75 179
0.202275 -0.184198 0.651263 31 31 223
0.500751 0.0997351 0.618234 172 172 82
0.231311 0.166233 0.658842 40 40 214
-0.105212 0.0653602 0.685575 8 8 246
0.380418 0.313682 0.545635 121 121 133
-0.355232 0.288843 0.577119 77 77 177
-0.0287756 0.378621 0.484325 0 0 254
0.447572 0.0135719 0.657074 147 147 107
0.36004 -0.326005 0.538892 100 100 154
0.351015 0.178605 0.646714 99 99 155
0.295832 0.139527 0.668306 58 58 196
0.43297 -0.365232 0.452392 122 122 132
0.108578 -0.124199 0.673491 13 13 241
0.471115 -0.0817607 0.638376 194 194 60
0.0191424 -0.230547 0.627415 0 0 254
-0.00878399 -0.175618 0.654436 0 0 254
0.442527 -0.278272 0.552713 123 123 131
-0.130266 -0.208552 0.639813 10 10 244
-0.165552 -0.00414252 0.690462 10 10 244
0.534207 -0.220334 0.537751 223 223 31
0.555625 -0.0370691 0.592298 232 232 22
0.21895 -0.282007 0.590905 24 24 230
-0.00887031 -0.31791 0.559315 0 0 254
0.0981984 -0.205712 0.640229 10 10 244
0.212762 0.00630332 0.690103 25 25 229
0.189294 -0.0431083 0.688462 12 12 242
0.477352 0.253867 0.553626 182 182 72
0.113608 -0.063229 0.686101 2 2 252
-0.00617536 0.376965 0.486521 0 0 254
-0.0724046 -0.132599 0.670624 7 7 247
-0.132873 0.145377 0.666241 6 6 248
0.618748 0.0804741 0.523084 255 255 0
0.250337 0.0125161 0.690128 32 32 222
-0.0816113 0.108682 0.677093 2 2 252
-0.385889 -0.298364 0.559019 93 93 161
-0.142087 -0.0298599 0.689416 19 19 235
-0.335566 -0.289416 0.580611 66 66 188
0.200755 0.138893 0.668545 31 31 223
0.17678 0.315203 0.561347 16 16 238
-0.0766456 -0.0802222 0.683717 1 1 253
0.0954016 0.232916 0.625862 1 1 253
0.289025 -0.269123 0.600713 39 39 215
0.27186 -0.404977 0.436104 64 64 190
-0.285311 -0.0930714 0.680845 54 54 200
0.455286 -0.319507 0.502755 186 186 68
0.258169 0.323302 0.553785 30 30 224
-0.0956639 0.304551 0.572038 5 5 249
-0.0952713 0.130205 0.671726 4 4 250
0.109399 -0.320498 0.555887 2 2 252
0.212174 0.134982 0.670294 31 31 223
0.479449 0.292996 0.515858 175 175 79
0.252353 0.25494 0.61115 34 34 220
0.352494 0.112471 0.669595 86 86 168
0.422293 -0.103302 0.654132 117 117 137
-0.0430726 0.0105853 0.689978 0 0 255
0.292955 0.151695 0.664089 54 54 200
-0.0843168 0.391878 0.461507 1 1 253
-0.457429 -0.029633 0.651669 133 133 121
-0.103497 0.271659 0.598856 2 2 252
0.0682779 0.182514 0.652175 4 4 250
0.28226 0.44029 0.33495 57 57 197
0.313428 -0.235903 0.622545 84 84 170
0.142698 -0.0605084 0.686455 8 8 246
0.317325 0.0784155 0.681418 52 52 202
0.0886562 -0.151176 0.664059 9 9 245
-0.163477 0.195754 0.645689 17 17 237
-0.118249 0.311742 0.565119 9 9 245
-0.113874 -0.108805 0.676682 9 9 245
0.37137 0.138747 0.658545 74 74 180
0.432553 -0.048365 0.660597 151 151 103
-0.389471 -0.168743 0.64294 110 110 144
0.19192 0.0451308 0.688569 26 26 228
0.500158 -0.202219 0.574771 181 181 73
0.577662 -0.2598 0.451908 255 255 0
-0.14863 -0.0734459 0.684455 11 11 243
-0.060673 -0.109017 0.677271 2 2 252
0.0386308 0.0301867 0.689955 2 2 252
-0.324041 0.069825 0.682613 58 58 196
-0.373974 -0.126852 0.660939 126 126 128
0.0814013 0.106652 0.677304 5 5 249
-0.0767059 -0.136329 0.669594 3 3 251
-0.0465384 0.0233865 0.689471 0 0 254
-0.33281 -0.168701 0.654052 62 62 192
0.587397 0.195437 0.501457 255 255 0
0.275511 -0.115721 0.675035 44 44 210
-0.172771 0.291226 0.583213 18 18 236
0.489228 0.0166296 0.636936 182 182 72
0.396082 0.000937665 0.674282 120 120 134
-0.0679368 -0.0614281 0.686377 0 0 254
0.238487 0.191028 0.647698 48 48 206
0.454757 0.0758807 0.646787 170 170 84
0.447247 0.224732 0.591328 182 182 72
0.195672 0.0581884 0.686662 20 20 234
-0.15919 0.371825 0.494688 13 13 241
-0.00194779 -0.0666237 0.685649 0 0 254
0.549063 0.187326 0.546582 240 240 14
0.0630593 -0.0188725 0.690304 2 2 252
-0.0745435 0.00898494 0.690231 5 5 249
0.0239115 0.0731113 0.684642 0 0 254
-0.224491 -0.171348 0.657074 31 31 223
0.328192 0.12395 0.670279 89 89 165
-0.131442 -0.0708859 0.685144 8 8 246
-0.0777856 0.026453 0.690168 2 2 252
0.00457967 0.259885 0.607821 0 0 254
0.384768 0.0478671 0.675229 88 88 166
0.109481 -0.0873438 0.681596 6 6 248
-0.0532366 0.201924 0.64252 0 0 254
0.484265 -0.0570252 0.636069 171 171 83
-0.263876 0.214736 0.635898 36 36 218
0.433847 0.0594685 0.657874 138 138 116
0.167885 0.0374497 0.688575 18 18 236
0.129181 -0.185598 0.650885 13 13 241
0.249309 0.15052 0.664162 40 40 214
-0.0155412 -0.1469 0.666079 0 0 254
0.439879 0.230224 0.59131 143 143 111
0.515278 0.0720373 0.615445 202 202 52
-0.04765 -0.117541 0.674792 0 0 254
0.229866 0.387862 0.468182 39 39 215
0.0598782 0.0535195 0.68757 2 2 252
0.102677 -0.32026 0.556367 2 2 252
-0.222804 -0.0669222 0.685461 20 20 234
0.392361 -0.0555518 0.672445 94 94 160
0.553127 -0.155906 0.559902 234 234 20
0.654068 0.0764993 0.475582 255 255 0
-0.266215 -0.290033 0.585069 60 60 194
0.610569 0.0976446 0.527432 255 255 0
0.320165 0.321743 0.552913 58 58 196
-0.165307 0.00306108 0.69005 17 17 237
0.113053 0.00464973 0.690794 6 6 248
-0.130512 -0.0310401 0.689568 13 13 241
0.0862463 -0.321751 0.555812 3 3 251
0.334514 0.0153569 0.686616 91 91 163
0.436368 0.197203 0.613025 152 152 102
0.145649 0.0823849 0.682547 12 12 242
0.00203069 0.131159 0.671054 0 0 254
0.321064 0.0527794 0.685085 88 88 166
0.187395 0.229938 0.627033 20 20 234
-0.181852 -0.175578 0.65535 15 15 239
0.583338 -0.0570504 0.565438 255 255 0
0.111178 -0.012996 0.68988 4 4 250
0.00447988 0.0382381 0.68864 1 1 253
0.145024 -0.215399 0.635634 18 18 236
-0.109676 0.0840036 0.682151 2 2 252
0.451181 0.0978223 0.644119 136 136 118
0.485527 0.112272 0.623071 194 194 60
0.295822 0.408864 0.426748 67 67 187
0.3006 -0.259676 0.607742 75 75 179
0.13037 0.0786485 0.683825 12 12 242
0.570373 0.216079 0.505798 255 255 0
0.360522 0.0368758 0.681379 91 91 163
0.279587 -0.141265 0.66753 48 48 206
-0.151115 0.071551 0.684794 9 9 245
0.000810674 -0.0670154 0.685123 0 0 254
0.414916 0.276162 0.567756 125 125 129
-0.116501 0.110769 0.676464 8 8 246
-0.0712318 0.0653279 0.68556 1 1 253
0.0696428 -0.0389093 0.689161 2 2 252
0.575781 0.192509 0.517453 255 255 0
0.39192 -0.154693 0.647866 93 93 161
-0.161149 0.268774 0.601288 13 13 241
0.0956962 0.280029 0.59315 2 2 252
0.0684227 0.0780179 0.683879 3 3 251
0.348289 0.0365267 0.683676 86 86 168
0.1943 -0.128796 0.671377 24 24 230
0.031297 0.131848 0.670866 0 0 254
0.547897 0.154139 0.565603 217 217 37
0.0435817 -0.115087 0.675301 0 0 254
0.252793 -0.159071 0.661696 40 40 214
0.0389877 0.0787893 0.683925 2 2 252
-0.104429 -0.116407 0.674863 4 4 250
-0.276885 -0.132724 0.670779 33 33 221
0.27493 0.109424 0.677162 51 51 203
0.602782 -0.150125 0.512282 255 255 0
-0.00409104 -0.0243188 0.690164 0 0 254
-0.0876513 0.129451 0.671447 2 2 252
-0.0635891 -0.0230303 0.690138 0 0 254
0.153952 -0.153921 0.663668 27 27 227
-0.208074 0.252423 0.613488 23 23 231
0.0843548 -0.0975482 0.680045 5 5 249
-0.110751 0.048694 0.687704 5 5 249
0.218815 -0.401184 0.444821 31 31 223
-0.0368493 -0.0476204 0.687649 1 1 253
0.446717 0.00651029 0.657563 147 147 107
0.34266 -0.302265 0.566774 67 67 187
0.0436712 0.118039 0.674807 0 0 254
-0.359606 0.119444 0.666126 100 100 154
0.13808 0.0160824 0.689728 5 5 249
0.121431 -0.0200053 0.689921 11 11 243
-0.0589401 0.0320725 0.689039 0 0 254
0.0121958 0.0612304 0.686427 0 0 254
-0.385981 0.249588 0.599245 94 94 160
0.085965 -0.0709388 0.685212 7 7 247
0.0643454 0.164181 0.65963 0 0 254
0.413756 -0.052964 0.666079 144 144 110
0.263661 0.149319 0.664789 30 30 224
0.382038 -0.181886 0.638547 108 108 146
0.346249 -0.160932 0.655433 63 63 191
0.0221724 -0.0164035 0.690209 0 0 254
-0.116089 -0.0914902 0.680942 4 4 250
0.0471527 -0.0554325 0.686867 0 0 254
0.428905 0.183941 0.621851 119 119 135
0.0279191 -0.00958731 0.690468 0 0 254
-0.29638 -0.270637 0.599731 61 61 193
-0.275779 0.0893851 0.681068 39 39 215
0.400281 0.142258 0.649259 121 121 133
-0.272309 0.150452 0.665031 61 61 193
0.144309 0.03107 0.689805 9 9 245
0.421851 -0.18355 0.624764 125 125 129
0.152872 0.0426876 0.688745 9 9 245
0.089926 -0.076781 0.683812 9 9 245
0.192701 0.080275 0.683668 29 29 225
0.216424 0.00835526 0.690592 43 43 211
0.0672453 -0.0749819 0.684369 1 1 253
0.443506 -0.354695 0.462934 140 140 114
0.332699 -0.357214 0.508949 69 69 185
0.616858 0.0542857 0.531219 255 255 0
-0.325741 -0.00275393 0.688245 96 96 158
0.254656 -0.401625 0.442532 40 40 214
-0.271977 -0.0512284 0.687648 39 39 215
0.202309 -0.207126 0.639963 34 34 220
0.0422693 -0.134744 0.669987 0 0 254
-0.343859 -0.196928 0.639474 66 66 188
0.0139721 0.119933 0.674419 0 0 254
0.433916 -0.0533298 0.658618 147 147 107
0.598119 -0.262345 0.41723 255 255 0
-0.315836 0.243121 0.617795 81 81 173
-0.0162805 0.0673186 0.685506 0 0 254
0.399053 0.109166 0.660107 92 92 162
-0.274379 -0.284332 0.589216 42 42 212
0.342058 0.044524 0.683634 93 93 161
-0.290611 0.171525 0.655915 45 45 209
0.426063 0.0622938 0.660674 139 139 115
0.413505 0.0511826 0.666619 120 120 134
0.106251 0.232947 0.625534 11 11 243
0.421146 0.116266 0.650328 129 129 125
0.318299 0.154247 0.660974 70 70 184
0.0437848 -0.22599 0.629871 0 0 254
0.0348257 -0.402406 0.441423 0 0 254
0.226191 0.388734 0.467583 26 26 228
-0.423919 -0.0488306 0.663132 115 115 139
0.0597229 0.132278 0.670577 6 6 248
0.32942 -0.195562 0.643003 58 58 196
0.263368 -0.179021 0.653486 56 56 198
0.548334 0.222711 0.521939 255 255 0
-0.137073 -0.109503 0.676843 7 7 247
0.108004 -0.192126 0.647766 3 3 251
0.512336 -0.251904 0.529808 223 223 31
0.48983 -0.156587 0.605165 174 174 80
0.357907 0.162957 0.652492 97 97 157
-0.0878735 0.0934362 0.680463 3 3 251
-0.0487571 0.238503 0.621881 1 1 253
0.000891894 0.0203307 0.690409 1 1 253
-0.213519 -0.0351143 0.688989 20 20 234
0.028277 -0.16935 0.657035 1 1 253
0.546365 0.00472297 0.60133 255 255 0
0.58786 -0.153043 0.527846 255 255 0
0.151248 -0.0328953 0.689186 21 21 233
0.416871 -0.311858 0.533814 125 125 129
-0.0769699 0.0412512 0.688323 4 4 250
0.159732 0.409819 0.426862 22 22 232
-0.201772 -0.0129504 0.690381 30 30 224
-0.218986 -0.123434 0.6733 44 44 210
-0.279032 0.216664 0.634547 45 45 209
-0.0953626 0.291289 0.583481 2 2 252
-0.0417436 0.0124834 0.690512 0 0 254
-0.0847582 -0.0970843 0.679756 4 4 250
-0.179645 0.144762 0.666211 14 14 240
-0.161886 -0.164068 0.659207 22 22 232
0.389739 0.211712 0.621787 116 116 138
0.523524 -0.103787 0.602708 234 234 20
0.230814 0.353616 0.51807 20 20 234
-0.200238 -0.0965868 0.679873 17 17 237
0.486757 0.245339 0.554494 176 176 78
-0.0826527 0.354282 0.517967 8 8 246
0.485704 0.300729 0.503041 182 182 72
0.304373 -0.110491 0.675832 77 77 177
0.288654 0.347161 0.52586 35 35 219
0.00624487 0.0157115 0.69022 0 0 254
0.513747 -0.334916 0.425958 209 209 45
0.479611 0.0546145 0.638699 164 164 90
0.297809 -0.0956421 0.680233 39 39 215
0.456717 -0.23578 0.578808 171 171 83
0.529417 0.21951 0.542171 222 222 32
0.368829 0.165119 0.649233 102 102 152
-0.197273 0.00053646 0.690188 18 18 236
0.593529 -0.161606 0.516651 255 255 0
0.181188 0.0297382 0.689416 21 21 233
0.365493 -0.33139 0.53147 116 116 138
-0.029659 -0.0341864 0.689158 2 2 252
0.631033 0.17139 0.459535 255 255 0
0.0998267 0.216015 0.634906 6 6 248
0.399897 0.270744 0.578287 141 141 113
0.173469 0.00105424 0.690338 18 18 236
0.223502 -0.148582 0.66527 43 43 211
0.339136 -0.0793193 0.679189 84 84 170
0.11684 0.0500955 0.687947 4 4 250
-0.00417511 -0.0086889 0.690449 0 0 254
-0.14056 -0.183971 0.651322 8 8 246
0.316379 -0.122751 0.671578 87 87 167
0.129647 -0.177364 0.654359 10 10 244
-0.308894 0.095811 0.679043 65 65 189
-0.333644 0.0405495 0.684951 60 60 194
-0.406765 0.0659721 0.666438 96 96 158
0.44464 -0.126896 0.639105 168 168 86
0.31944 0.234331 0.622826 76 76 178
0.485774 0.143619 0.612527 205 205 49
0.235832 0.110817 0.677092 27 27 227
0.222418 -0.0568049 0.686528 37 37 217
0.0546574 0.130507 0.671335 0 0 254
0.403169 -0.0626284 0.668197 132 132 122
-0.133346 0.0188783 0.690368 11 11 243
0.386625 0.23989 0.605654 113 113 141
-0.188252 0.294621 0.580907 32 32 222
-0.442686 0.0267758 0.657792 179 179 75
0.124429 -0.189013 0.648683 10 10 244
0.438759 0.122136 0.642339 139 139 115
0.364726 -0.197116 0.635694 98 98 156
0.288854 -0.0264841 0.689743 71 71 183
0.142181 0.0253646 0.689829 12 12 242
0.267138 0.126147 0.672956 62 62 192
0.286687 -0.0612599 0.686016 73 73 181
0.35996 0.317699 0.548401 75 75 179
-0.147663 0.0801981 0.682798 22 22 232
-0.295895 -0.146618 0.66514 76 76 178
0.62636 0.141379 0.487407 255 255 0
-0.0636038 0.0428903 0.687984 1 1 253
-0.07756 0.172115 0.656511 5 5 249
0.330542 0.2291 0.624482 81 81 173
0.370422 -0.155519 0.652799 84 84 170
0.0144157 -0.0881285 0.6818 0 0 254
0.389064 0.334224 0.521205 114 114 140
-0.113353 0.0958939 0.679964 11 11 243
0.179687 -0.0175439 0.690265 10 10 244
0.225909 0.382626 0.477088 41 41 213
0.452356 0.0565615 0.651139 148 148 106
-0.0249725 -0.143685 0.667331 2 2 252
0.0772285 0.148675 0.664718 2 2 252
0.587705 -0.271864 0.421152 255 255 0
0.503822 -0.130263 0.607026 180 180 74
0.407534 -0.304541 0.544858 114 114 140
0.0931647 0.0346891 0.689514 1 1 253
0.5159 0.213635 0.556529 238 238 16
0.172027 -0.0859822 0.681722 23 23 231
0.484381 -0.131008 0.618677 189 189 65
0.459135 0.114028 0.635988 167 167 87
-0.249276 -0.107243 0.67799 25 25 229
-0.0375989 0.256896 0.60972 0 0 254
0.370763 0.0128141 0.68106 119 119 135
0.355994 -0.0462032 0.680864 94 94 160
0.0261796 0.150786 0.664582 2 2 252
0.350578 -0.250244 0.607075 101 101 153
-0.335789 0.108895 0.673301 85 85 169
0.405232 0.066352 0.666676 105 105 149
0.46537 -0.166987 0.613987 192 192 62
0.231533 0.344733 0.530041 28 28 226
0.0147915 -0.0739988 0.684005 0 0 254
-0.0967443 -0.0342579 0.688948 3 3 251
0.0569338 -0.0719898 0.685186 5 5 249
0.102184 0.337703 0.537987 3 3 251
0.117271 0.239291 0.621582 7 7 247
-0.137032 -0.0434032 0.68793 13 13 241
0.224303 -0.0181456 0.689851 41 41 213
-0.265861 0.257401 0.610222 41 41 213
0.42472 0.0954465 0.654383 129 129 125
-0.0191903 0.258235 0.608805 0 0 254
-0.0444555 0.0951248 0.680196 0 0 254
-0.149948 0.243252 0.619481 19 19 235
0.456235 -0.336946 0.479768 159 159 95
0.144881 0.107355 0.677497 13 13 241
0.473717 -0.297273 0.515902 193 193 61
0.00197294 0.321089 0.556035 0 0 254
0.0314998 0.0843314 0.682619 1 1 253
0.443924 -0.114402 0.642443 141 141 113
0.066225 -0.201134 0.64251 8 8 246
0.341963 -0.384433 0.464429 83 83 171
0.639671 0.180328 0.436807 255 255 0
0.477523 0.0221181 0.642495 169 169 85
0.337384 0.281772 0.586501 84 84 170
0.0553452 0.038254 0.689333 4 4 250
0.489794 0.0112016 0.636907 155 155 99
0.14707 0.16175 0.66024 20 20 234
0.0430014 0.263112 0.604977 0 0 254
0.454705 0.127645 0.633752 126 126 128
0.0208599 -0.155481 0.662395 2 2 252
0.0206332 -0.0412388 0.688504 0 0 254
-0.365018 -0.212885 0.62666 73 73 181
0.467457 -0.288519 0.528909 147 147 107
0.534682 0.143649 0.580482 215 215 39
0.507363 -0.0825902 0.618897 234 234 20
0.0100952 0.0572606 0.687229 0 0 254
0.209057 0.186574 0.650409 35 35 219
0.328973 -0.0838745 0.680129 69 69 185
0.266143 0.164487 0.659014 36 36 218
0.319936 -0.181607 0.650225 59 59 195
0.21448 -0.173021 0.656439 28 28 226
0.370765 0.040529 0.678454 96 96 158
0.253309 0.227148 0.628453 32 32 222
0.0888617 0.0566939 0.686604 4 4 250
0.0993816 -0.0744184 0.68478 8 8 246
0.01283 0.0119981 0.690105 0 0 254
0.264206 0.0779752 0.684013 43 43 211
-0.390636 0.176038 0.63901 132 132 122
-0.0241834 0.247294 0.616944 0 0 254
-0.220999 -0.166388 0.658692 25 25 229
0.358582 0.0878846 0.674291 83 83 171
-0.458484 -0.164742 0.617668 142 142 112
0.0529383 -0.016488 0.689986 4 4 250
0.065843 0.235824 0.62411 0 0 254
0.185777 -0.121713 0.673754 15 15 239
-0.0991098 -0.0463492 0.687635 4 4 250
0.00153213 0.0456796 0.688031 0 0 254
0.213865 0.225858 0.629557 33 33 221
0.429165 0.133164 0.643277 143 143 111
0.545063 -0.0662366 0.59641 227 227 27
0.214519 -0.103092 0.678458 37 37 217
0.55309 0.0428175 0.59311 246 246 8
0.0607435 0.0902561 0.681326 0 0 254
0.521692 0.150015 0.586886 210 210 44
0.185398 0.158054 0.661687 26 26 228
0.009518 0.00348051 0.690322 0 0 254
0.346196 -0.0790441 0.678216 72 72 182
-0.0379918 0.379747 0.482701 0 0 254
-0.0754887 -0.317002 0.559664 2 2 252
0.398326 0.151443 0.646213 117 117 137
-0.0348429 -0.00107571 0.690975 0 0 254
0.428662 -0.098066 0.652351 107 107 147
0.396662 0.32942 0.52286 109 109 145
-0.235401 -0.197359 0.64449 40 40 214
0.422558 -0.197424 0.617496 161 161 93
0.49233 -0.0815043 0.627353 187 187 67
0.399372 0.0285089 0.672411 103 103 151
0.531568 0.0938729 0.600042 191 191 63
-0.28687 -0.11116 0.676435 42 42 212
-0.154516 0.0589681 0.686805 27 27 227
0.0952867 -0.376077 0.488445 6 6 248
-0.0299408 0.2362 0.623078 0 0 254
0.510105 0.240738 0.540913 171 171 83
0.25887 0.143698 0.667006 47 47 207
0.246104 -0.137233 0.669547 45 45 209
0.266189 0.00294741 0.690437 58 58 196
-0.0791625 -0.159515 0.661169 2 2 252
0.339541 0.181749 0.64773 59 59 195
0.421386 0.0437306 0.664772 117 117 137
0.399146 -0.351196 0.494639 112 112 142
0.301578 0.398083 0.449768 42 42 212
0.237598 0.106596 0.677241 22 22 232
-0.0714233 -0.274896 0.596991 5 5 249
0.248835 -0.148994 0.665066 42 42 212
-0.272812 0.207879 0.639813 43 43 211
-0.0199985 -0.312787 0.56373 0 0 254
0.156014 -0.178902 0.653906 18 18 236
0.208996 -0.0538859 0.687497 27 27 227
-0.033139 0.249094 0.614879 0 0 254
0.209235 -0.00223705 0.690251 16 16 238
0.0663587 -0.385583 0.47189 1 1 253
0.579334 0.0331633 0.572222 255 255 0
-0.211166 0.357254 0.514756 20 20 234
0.688307 -0.00415968 0.424028 255 255 0
0.0957726 0.0805305 0.683067 7 7 247
0.248604 -0.399057 0.448664 30 30 224
0.371731 -0.0422681 0.678135 102 102 152
0.0289511 -0.00990577 0.690783 0 0 254
0.443757 0.187418 0.614181 144 144 110
0.346611 -0.215124 0.629473 93 93 161
0.325727 0.394011 0.453361 83 83 171
0.547706 -0.0374617 0.598298 248 248 6
0.0687613 -0.0853511 0.682129 0 0 254
0.419689 0.172706 0.63079 117 117 137
0.65666 0.0383173 0.47904 255 255 0
0.493829 -0.248443 0.547758 159 159 95
0.590067 0.168411 0.517723 255 255 0
-0.247404 0.29969 0.57671 31 31 223
0.158026 0.296375 0.579437 16 16 238
0.334976 -0.0222792 0.686763 88 88 166
-0.430412 0.0741259 0.656869 119 119 135
0.329212 -0.130527 0.667984 60 60 194
0.408731 -0.301156 0.548594 144 144 110
0.405135 -0.289319 0.560766 120 120 134
0.498837 0.335908 0.442125 180 180 74
0.45526 -0.25608 0.564747 142 142 112
0.469056 -0.154219 0.617003 139 139 115
0.232237 0.190315 0.648758 22 22 232
0.0501601 0.0986319 0.679175 1 1 253
0.339101 0.355247 0.510458 95 95 159
0.165159 -0.185365 0.650022 24 24 230
0.0137512 0.19216 0.647086 0 0 254
0.409553 -0.191626 0.625417 144 144 110
0.39606 0.197703 0.626617 122 122 132
0.325797 -0.08499 0.680185 94 94 160
-0.226173 -0.0635408 0.685949 23 23 231
0.252801 -0.369754 0.497259 37 37 217
0.10485 0.0104154 0.689965 15 15 239
0.301609 0.170315 0.656773 64 64 190
0.455864 -0.130291 0.632411 148 148 106
0.0597673 -0.0530484 0.687584 3 3 251
0.293545 -0.306948 0.569311 49 49 205
0.189134 0.102954 0.678963 19 19 235
0.481965 0.207594 0.584116 170 170 84
0.276678 -0.204951 0.641606 60 60 194
0.208656 0.0913933 0.681341 18 18 236
0.624515 0.0173138 0.526963 255 255 0
0.424883 -0.293538 0.547498 145 145 109
0.413966 0.0192593 0.668974 137 137 117
-0.315572 -0.176956 0.651956 72 72 182
0.421482 -0.0941321 0.656774 141 141 113
0.342806 0.233851 0.618989 106 106 148
0.278785 0.217967 0.634477 47 47 207
0.102832 0.025497 0.689624 7 7 247
0.170514 0.268132 0.602285 19 19 235
0.452803 -0.193838 0.60647 186 186 68
-0.153222 -0.0999155 0.679459 12 12 242
-0.042733 -0.0900705 0.681675 0 0 254
0.230047 -0.411688 0.422209 25 25 229
0.255204 -0.0500199 0.688023 25 25 229
0.414644 -0.0803486 0.662025 153 153 101
0.322992 -0.150996 0.661714 54 54 200
0.289966 -0.142375 0.66739 69 69 185
0.302286 -0.152278 0.663328 72 72 182
0.442748 -0.283828 0.548559 158 158 96
0.10494 -0.39498 0.456654 2 2 252
-0.0157728 0.0938335 0.680846 0 0 254
0.460533 -0.228121 0.582295 141 141 113
0.254227 0.0850478 0.682471 59 59 195
0.616956 0.123231 0.508355 255 255 0
0.537638 0.0460593 0.604971 241 241 13
0.390832 -0.387672 0.438415 125 125 129
0.305192 0.261192 0.605914 75 75 179
-0.136579 0.184719 0.650437 18 18 236
0.409268 0.148639 0.644681 98 98 156
0.403073 0.097643 0.661089 114 114 140
0.421948 -0.0881815 0.657291 130 130 124
-0.309205 -0.01088 0.689743 44 44 210
0.143026 -0.42442 0.388697 13 13 241
0.148555 -0.108795 0.67728 11 11 243
0.549918 0.0746983 0.59106 238 238 16
0.101237 -0.0801665 0.683751 4 4 250
0.188917 0.209741 0.638698 18 18 236
-0.0933879 0.0447941 0.688484 1 1 253
0.148539 -0.252728 0.612644 25 25 229
0.0804726 0.282066 0.59149 3 3 251
-0.495135 -0.0565 0.630488 169 169 85
0.287549 0.219045 0.633595 43 43 211
0.151366 -0.0961167 0.679853 9 9 245
0.396466 0.31962 0.534643 116 116 138
0.274082 -0.331955 0.545016 47 47 207
-0.106524 -0.290783 0.583964 7 7 247
-0.114135 -0.203806 0.642182 3 3 251
-0.245442 -0.128441 0.671394 42 42 212
0.0359429 0.109713 0.677095 0 0 254
-0.0519347 0.0104502 0.68996 4 4 250
-0.0208488 -0.397853 0.450634 0 0 254
0.158058 0.296645 0.578366 8 8 246
0.257135 0.228815 0.627433 52 52 202
0.121524 0.333719 0.541752 17 17 237
-0.353239 0.208867 0.632151 65 65 189
-0.122349 -0.153004 0.663746 10 10 244
0.292944 -0.33996 0.53515 58 58 196
0.0895591 0.405379 0.435206 2 2 252
0.301854 0.241759 0.619242 62 62 192
0.0563153 -0.10151 0.678956 6 6 248
0.36883 -0.0754548 0.674667 96 96 158
0.290034 0.191713 0.647394 73 73 181
0.495528 0.0897504 0.623672 186 186 68
-0.0398652 -0.280961 0.592112 2 2 252
0.381837 0.0394862 0.676167 110 110 144
-0.10692 0.11962 0.67416 3 3 251
0.670927 0.0543251 0.452997 255 255 0
0.334346 0.130675 0.667276 60 60 194
-0.195297 0.130886 0.670969 28 28 226
0.00170417 -0.144775 0.666836 0 0 254
-0.0573972 -0.128935 0.67114 2 2 252
0.132046 0.103643 0.678825 12 12 242
-0.177664 0.275947 0.595388 14 14 240
0.483342 -0.226969 0.570068 159 159 95
0.317178 -0.23111 0.624892 75 75 179
-0.0879967 0.136129 0.668989 9 9 245
0.439492 -0.115837 0.644053 126 126 128
0.709915 -0.0248371 0.361484 255 255 0
0.489187 0.191114 0.588586 190 190 64
0.35076 0.0795967 0.677473 95 95 159
-0.263801 0.0686506 0.685515 31 31 223
0.35973 0.150118 0.657145 86 86 168
0.192836 0.336187 0.539702 26 26 228
0.113348 -0.141498 0.667673 3 3 251
0.26626 -0.177808 0.653841 40 40 214
0.472146 -0.198763 0.594127 202 202 52
0.268146 -0.0988304 0.679828 35 35 219
0.193568 0.1663 0.65888 18 18 236
0.507615 0.0551883 0.623841 191 191 63
0.265726 0.0527552 0.687536 35 35 219
0.378815 0.173318 0.643137 108 108 146
0.655459 0.207502 0.370607 255 255 0
0.389768 -0.07492 0.669845 110 110 144
-0.374296 0.243842 0.606369 127 127 127
0.204745 -0.26717 0.60234 27 27 227
0.134211 -0.0847677 0.682089 18 18 236
0.478514 -0.0198881 0.642314 187 187 67
-0.124194 -0.0480093 0.687762 7 7 247
0.454065 -0.157504 0.623448 177 177 77
-0.0853486 -0.119296 0.674798 4 4 250
-0.15818 0.115284 0.675645 8 8 246
-0.434716 -0.0251552 0.660952 163 163 91
0.0253582 0.156727 0.661997 0 0 254
0.201159 0.232042 0.625812 30 30 224
0.112896 -0.0474191 0.68805 14 14 240
0.0548718 -0.232496 0.625727 2 2 252
0.422099 0.201122 0.615834 137 137 117
0.45468 0.323911 0.49716 143 143 111
-0.289278 0.260684 0.607026 39 39 215
0.135038 -0.152574 0.663762 10 10 244
0.172235 0.126086 0.671968 10 10 244
-0.000401437 0.0971404 0.679854 0 0 254
0.387816 -0.125529 0.658684 108 108 146
0.117539 0.0706086 0.684517 9 9 245
0.190446 -0.145096 0.666789 13 13 241
-0.265967 0.237986 0.622053 28 28 226
0.20759 -0.10148 0.679255 34 34 220
0.323386 0.243434 0.615804 70 70 184
0.0150359 0.133827 0.670159 0 0 254
0.193429 0.0704965 0.685219 25 25 229
0.103966 0.0303682 0.689342 2 2 252
0.507983 0.224869 0.555067 195 195 59
-0.105071 0.123601 0.673002 2 2 252
0.519182 0.0667248 0.614065 210 210 44
-0.342184 -0.256956 0.60421 63 63 191
0.476595 0.216823 0.581313 203 203 51
0.407307 0.0606641 0.666782 125 125 129
0.0113588 0.184637 0.651403 0 0 254
0.329756 0.163259 0.65681 67 67 187
-0.0524429 0.154364 0.66316 3 3 251
-0.0142877 0.103764 0.678256 0 0 254
0.324999 -0.26461 0.601542 79 79 175
0.471819 -0.00896077 0.646206 172 172 82
0.0829751 -0.120291 0.674257 5 5 249
0.0999275 0.230355 0.626968 9 9 245
0.0708263 -0.188509 0.64881 3 3 251
0.397303 -0.264871 0.583602 129 129 125
-0.0175217 -0.24037 0.620533 0 0 254
-0.00382285 -0.0399955 0.688304 0 0 254
0.630376 -0.199621 0.435927 255 255 0
0.357441 0.0839375 0.675066 99 99 155
0.146394 0.130539 0.670857 5 5 249
-0.337493 0.175495 0.650274 68 68 186
0.506404 -0.198245 0.573146 228 228 26
0.565116 -0.0655667 0.580679 255 255 0
0.0285346 -0.068986 0.684855 0 0 254
0.239533 0.235131 0.623837 32 32 222
0.116977 -0.153925 0.663514 3 3 251
0.369916 0.214014 0.625883 89 89 165
0.384567 0.410259 0.392613 83 83 171
0.631519 -0.0958749 0.501885 255 255 0
0.415683 0.0707723 0.663276 138 138 116
0.59701 0.118077 0.534747 255 255 0
-0.108158 -0.0163035 0.689728 5 5 249
0.430528 -0.261867 0.572947 131 131 123
-0.0445252 -0.319175 0.558249 1 1 253
0.21321 0.0791478 0.68334 31 31 223
0.265655 0.0373987 0.688708 53 53 201
0.444655 0.0801712 0.65023 156 156 98
0.482743 0.0316288 0.63962 207 207 47
0.531054 0.26911 0.497087 236 236 18
0.1319 0.169366 0.657008 6 6 248
-0.282483 0.111122 0.676158 40 40 214
0.360647 -0.0201837 0.682062 95 95 159
0.0530167 -0.258998 0.608698 0 0 254
0.287797 -0.0207785 0.68954 38 38 216
0.575808 0.179881 0.524778 249 249 5
-0.216864 -0.0833115 0.6828 34 34 220
0.164023 -0.326048 0.550798 27 27 227
-0.016694 0.129587 0.671286 0 0 254
-0.00507108 0.27632 0.595321 0 0 254
0.143616 0.035142 0.689027 13 13 241
0.336248 -0.0650132 0.682118 92 92 162
0.270162 -0.135032 0.670013 53 53 201
-0.192601 -0.182367 0.651877 12 12 242
0.322804 0.0518834 0.684876 83 83 171
-0.269768 -0.258046 0.609156 39 39 215
-0.434537 0.135385 0.639873 113 113 141
0.354152 0.283419 0.581795 90 90 164
0.221465 0.0885362 0.681937 26 26 228
0.516214 -0.205593 0.5613 227 227 27
0.0424784 0.0563686 0.687279 1 1 253
-0.251401 0.0248381 0.689433 31 31 223
0.253748 -0.160658 0.660641 52 52 202
0.303103 0.0137662 0.689475 58 58 196
0.0936712 -0.00644891 0.690944 5 5 249
-0.0486263 -0.190698 0.647966 0 0 254
-0.0901328 -0.308745 0.568117 5 5 249
0.216678 0.204141 0.642009 27 27 227
0.457255 0.305051 0.517852 187 187 67
0.177343 -0.101372 0.679434 25 25 229
0.43604 0.0436748 0.659234 133 133 121
-0.0947625 0.0119339 0.690263 4 4 250
0.0376019 0.0634066 0.686482 2 2 252
0.0884108 -0.229359 0.627131 1 1 253
0.2975 0.404745 0.436818 70 70 184
-0.390534 -0.122475 0.658283 107 107 147
0.115874 0.0754441 0.683909 12 12 242
0.25533 0.209989 0.638259 53 53 201
-0.343681 0.0122206 0.685727 63 63 191
0.656579 -0.150255 0.431271 255 255 0
0.256535 0.0961381 0.680359 30 30 224
0.411514 -0.184707 0.627868 127 127 127
0.0714049 -0.140015 0.667905 3 3 251
0.0295008 0.0123211 0.690757 1 1 253
0.0734592 -0.167224 0.657948 3 3 251
-0.0349088 0.387411 0.470078 0 0 254
-0.252528 -0.0698513 0.684986 29 29 225
0.303271 -0.0119099 0.689766 57 57 197
0.170698 0.1867 0.649582 23 23 231
0.0950428 0.2962 0.579407 10 10 244
0.215462 -0.162781 0.659804 41 41 213
0.073213 -0.147548 0.665848 2 2 252
0.348997 -0.172736 0.650131 91 91 163
0.0455425 -0.201518 0.64333 0 0 254
0.354343 -0.299 0.56808 101 101 153
0.477235 -0.184653 0.599055 173 173 81
-0.0697359 0.0398285 0.688634 3 3 251
-0.354348 0.105603 0.671471 74 74 180
0.425895 0.359083 0.467011 112 112 142
-0.226867 0.0406256 0.688261 22 22 232
0.518168 -0.325352 0.437428 195 195 59
0.582623 0.0551834 0.56648 255 255 0
0.550108 0.0846184 0.588493 249 249 5
0.119606 -0.149576 0.665205 7 7 247
0.310518 -0.176259 0.652957 63 63 191
-0.179649 -0.191587 0.647694 12 12 242
0.537722 -0.183223 0.558077 209 209 45
0.408342 -0.060618 0.667267 129 129 125
0.626436 -0.127788 0.494826 255 255 0
-0.327078 -0.360984 0.505009 52 52 202
-0.244443 -0.0167665 0.690005 26 26 228
0.29617 -0.194108 0.645541 76 76 178
0.570589 -0.209167 0.509965 255 255 0
0.436443 0.0172033 0.661003 136 136 118
-0.296734 -0.0369234 0.688831 51 51 203
0.1973 0.206336 0.640207 14 14 240
0.0450924 -0.276521 0.595247 4 4 250
0.441877 -0.202366 0.606831 137 137 117
0.316417 0.187111 0.648032 74 74 180
0.423326 0.12491 0.647498 136 136 118
0.471447 0.1216 0.628448 202 202 52
0.209456 0.323878 0.553218 41 41 213
0.468819 -0.00778781 0.647681 171 171 83
-0.246535 -0.224539 0.630432 36 36 218
-0.077943 0.17993 0.652513 6 6 248
0.0721126 -0.235607 0.623656 3 3 251
0.174242 0.0263356 0.690209 10 10 244
0.419848 0.165819 0.633429 146 146 108
0.402393 0.247251 0.595175 101 101 153
-0.000672957 -0.0531733 0.687449 0 0 254
0.180158 -0.0500845 0.687447 26 26 228
0.167337 0.129635 0.67175 19 19 235
0.435701 0.15026 0.63444 113 113 141
-0.0155485 -0.144216 0.666505 0 0 254
0.0992939 -0.12669 0.671791 11 11 243
0.405225 0.329145 0.519461 108 108 146
0.28839 -0.17328 0.655933 59 59 195
0.478694 -0.038707 0.641556 191 191 63
0.417086 0.111254 0.653857 126 126 128
-0.0568123 0.0474825 0.687559 5 5 249
0.456499 -0.0817776 0.644949 175 175 79
0.182021 0.397207 0.451767 20 20 234
0.115741 -0.1693 0.657967 6 6 248
0.411313 0.0387373 0.668017 118 118 136
0.0543322 -0.197325 0.64521 7 7 247
0.344698 -0.101481 0.673697 88 88 166
0.343851 0.13631 0.664354 93 93 161
0.0884152 -0.231019 0.626563 2 2 252
-0.0859672 0.0361593 0.688581 9 9 245
-0.277956 -0.0272193 0.689227 48 48 206
0.573312 0.243156 0.477314 255 255 0
-0.442224 0.0720945 0.652735 123 123 131
0.353029 -0.132921 0.663376 92 92 162
-0.284412 -0.178146 0.653409 59 59 195
0.344201 0.274975 0.591066 89 89 165
-0.135958 0.145136 0.666326 10 10 244
0.229583 -0.237262 0.622418 26 26 228
-0.226636 -0.0870029 0.682136 31 31 223
0.267767 -0.145621 0.666239 51 51 203
-0.0789785 -0.0870087 0.682042 10 10 244
0.571186 -0.173137 0.53457 229 229 25
0.493142 -0.119546 0.616807 219 219 35
-0.0455227 0.0270702 0.68958 0 0 254
0.488659 0.0894842 0.628078 188 188 66
0.539642 0.289978 0.4634 226 226 28
-0.356679 0.0486145 0.68118 75 75 179
-0.223284 0.0709316 0.684801 22 22 232
0.16972 -0.123092 0.673764 18 18 236
-0.0719475 0.102215 0.679013 4 4 250
-0.0301558 -0.234933 0.624736 2 2 252
0.483137 0.000932888 0.641028 175 175 79
0.567369 -0.134885 0.557504 228 228 26
0.167773 0.180307 0.652645 8 8 246
0.17324 0.347492 0.525943 19 19 235
0.143703 0.108571 0.677367 12 12 242
0.330397 0.179444 0.650221 93 93 161
0.46471 0.0369744 0.648155 155 155 99
0.419498 -0.198218 0.618863 126 126 128
0.0915573 -0.0449702 0.688097 5 5 249
0.550349 0.269995 0.475649 230 230 24
-0.0388342 0.0547795 0.68764 1 1 253
0.275652 0.12574 0.672508 40 40 214
0.193528 0.112617 0.675869 17 17 237
0.256762 -0.239108 0.621601 53 53 201
0.0416146 0.294061 0.581469 2 2 252
0.341406 -0.0966356 0.674896 99 99 155
-0.0101223 -0.10422 0.678552 0 0 254
0.177004 -0.233827 0.625476 17 17 237
0.358643 0.215713 0.626894 112 112 142
-0.198893 0.0101995 0.690001 17 17 237
0.0761956 0.0502422 0.687733 4 4 250
-0.136204 -0.1448 0.667086 12 12 242
0.284562 -0.138277 0.66915 39 39 215
0.186475 0.114021 0.675624 22 22 232
0.4031 0.272649 0.5764 128 128 126
0.339901 -0.0776886 0.679271 99 99 155
0.277157 0.267246 0.602164 52 52 202
0.292328 0.127658 0.671967 37 37 217
0.36641 0.233687 0.614267 112 112 142
0.115616 0.194293 0.646134 9 9 245
0.13138 0.161107 0.660241 8 8 246
0.391615 0.0777671 0.669015 125 125 129
0.492627 0.0905061 0.625064 173 173 81
0.0215695 0.105454 0.677894 1 1 253
0.476259 -0.268967 0.541228 151 151 103
0.425653 0.17439 0.62748 131 131 123
0.56813 -0.146748 0.551105 255 255 0
0.140167 0.170957 0.657009 15 15 239
0.291358 0.259555 0.607556 69 69 185
0.213501 0.286048 0.587369 21 21 233
0.314709 -0.11559 0.673596 85 85 169
0.0169975 0.354158 0.517997 1 1 253
0.480844 -0.0660547 0.636704 170 170 84
-0.00856112 -0.389458 0.466419 0 0 254
0.0684063 0.0355658 0.689428 1 1 253
-0.298276 0.172425 0.655322 40 40 214
-0.0953293 -0.0999125 0.679515 12 12 242
0.594029 -0.228782 0.463401 255 255 0
0.221605 -0.130532 0.67085 29 29 225
0.475973 -0.0319669 0.643387 169 169 85
0.628196 -0.107288 0.501222 255 255 0
0.298811 -0.384268 0.473279 64 64 190
0.673481 0.0195571 0.45381 255 255 0
-0.266613 0.194247 0.646329 52 52 202
0.521709 0.0821321 0.609063 234 234 20
0.124849 0.104237 0.678109 13 13 241
-0.0964863 0.0121521 0.690479 2 2 252
0.203106 -0.127353 0.671607 16 16 238
0.140705 -0.0880215 0.681816 5 5 249
0.354097 0.00901296 0.68396 99 99 155
0.406337 0.127618 0.652604 124 124 130
0.0943697 0.297244 0.578818 7 7 247
0.314756 -0.224506 0.628784 62 62 192
0.399845 -0.27094 0.578982 107 107 147
0.162185 0.0496923 0.687339 12 12 242
-0.312634 -0.203246 0.64043 55 55 199
0.0732497 -0.392599 0.45983 9 9 245
0.0724222 -0.0789424 0.683092 0 0 254
-0.48248 -0.0190712 0.640707 147 147 107
0.0410165 -0.290346 0.584119 0 0 254
0.413261 0.00225385 0.670016 133 133 121
0.295095 0.094459 0.679713 67 67 187
0.434493 0.0454027 0.660199 115 115 139
0.419785 -0.0900802 0.65811 134 134 120
0.423261 0.415925 0.333803 137 137 117
-0.067271 0.178464 0.653505 2 2 252
0.283062 0.2034 0.642067 54 54 200
0.331968 -0.219577 0.629558 90 90 164
-0.0212214 -0.123814 0.672988 0 0 254
0.366264 -0.0133715 0.681185 97 97 157
0.254211 0.0677859 0.68498 38 38 216
-0.171051 0.0885298 0.682124 15 15 239
-0.42249 -0.0566605 0.662864 160 160 94
0.63101 0.0459204 0.514515 255 255 0
0.281283 -0.19541 0.646205 68 68 186
0.377818 0.193053 0.634709 81 81 173
-0.056203 -0.256996 0.609307 4 4 250
0.34443 0.0485661 0.682474 75 75 179
0.251215 0.124383 0.673245 25 25 229
0.247044 -0.00761953 0.689948 41 41 213
-0.356312 -0.244339 0.60961 87 87 167
0.368896 0.216277 0.623953 112 112 142
0.244592 -0.0902269 0.681201 51 51 203
0.442465 -0.201933 0.607898 130 130 124
-0.0855046 0.139873 0.668383 3 3 251
0.255945 0.380148 0.480589 56 56 198
-0.190332 -0.1842 0.651546 19 19 235
-0.141901 0.212333 0.636869 11 11 243
0.299293 -0.218487 0.633314 45 45 209
-0.0627834 -0.27109 0.599994 0 0 254
0.352057 0.150727 0.658307 68 68 186
0.272944 0.333183 0.542697 44 44 210
0.365997 0.105207 0.668658 79 79 175
0.546062 -0.14263 0.572807 214 214 40
0.415206 -0.168464 0.634389 131 131 123
0.54758 0.124978 0.577687 210 210 44
0.189954 -0.31726 0.559765 33 33 221
0.607532 -0.0478688 0.542583 255 255 0
0.126649 -0.0277905 0.689389 7 7 247
0.221329 -0.0342949 0.688994 34 34 220
0.00896083 0.244301 0.618351 0 0 254
0.212748 -0.253348 0.612629 24 24 230
0.553042 0.2262 0.514657 230 230 24
-0.325929 -0.275924 0.592337 58 58 196
0.381914 0.185163 0.637224 107 107 147
0.330432 0.377452 0.480521 60 60 194
-0.0351794 0.175521 0.654819 1 1 253
-0.250231 -0.156757 0.662293 36 36 218
0.288082 0.147531 0.665799 35 35 219
-0.214752 -0.2131 0.636653 22 22 232
0.00339681 0.123004 0.673866 0 0 254
0.137794 -0.235756 0.624319 17 17 237
0.0527503 -0.21864 0.633411 2 2 252
0.176421 -0.345727 0.528985 24 24 230
-0.108818 -0.354428 0.518079 2 2 252
-0.000370434 -0.0363313 0.689151 0 0 254
0.0201605 0.15669 0.662701 2 2 252
-0.414307 0.171619 0.633388 109 109 145
0.624479 -0.131135 0.494755 255 255 0
-0.196119 0.232438 0.625423 20 20 234
0.429527 -0.0770361 0.656696 128 128 126
0.320981 -0.206279 0.638195 57 57 197
0.591985 -0.227456 0.46793 255 255 0
-0.0736049 0.121872 0.673829 9 9 245
-0.131759 0.378488 0.48417 20 20 234
-0.0589038 0.0427001 0.688955 1 1 253
0.143762 0.0800573 0.683695 8 8 246
0.0436689 0.118797 0.674853 0 0 254
0.386816 0.0119254 0.677028 101 101 153
-0.0188419 -0.122224 0.673998 0 0 254
0.279255 0.105932 0.677835 63 63 191
0.103882 0.264685 0.603914 10 10 244
0.350505 0.0495422 0.681594 78 78 176
0.238226 -0.300987 0.575158 53 53 201
0.444663 -0.0722415 0.651719 159 159 95
-0.0627002 -0.055539 0.687361 1 1 253
0.0381443 0.0589981 0.68663 1 1 253
0.524667 0.0171131 0.616787 184 184 70
0.110975 -0.0853612 0.6821 12 12 242
-0.130714 -0.0872049 0.681757 9 9 245
0.623458 0.120604 0.501533 255 255 0
0.55131 0.0853208 0.587682 217 217 37
0.342609 -0.0391001 0.684032 66 66 188
0.000705439 -0.0180162 0.689869 0 0 254
-0.036317 -0.08215 0.683146 0 0 254
0.237259 0.362736 0.506349 24 24 230
0.424068 -0.211184 0.610452 108 108 146
0.0989882 0.13261 0.670049 8 8 246
0.596042 0.0684059 0.550651 255 255 0
0.40527 0.0152116 0.671941 111 111 143
0.436744 -0.0507129 0.658447 154 154 100
-0.314045 -0.0276901 0.68796 49 49 205
0.484084 -0.100296 0.627038 161 161 93
0.328178 -0.151659 0.66112 66 66 188
0.304478 -0.0815843 0.681778 67 67 187
-0.272127 -0.323927 0.553579 45 45 209
0.124354 -0.293506 0.581519 15 15 239
0.44703 0.0401727 0.65573 139 139 115
0.0781498 -0.0627393 0.686299 3 3 251
0.0992776 0.227319 0.629307 13 13 241
0.406018 0.151691 0.644749 147 147 107
0.149663 -0.0903061 0.681233 10 10 244
0.361719 -0.236215 0.614608 86 86 168
-0.145034 -0.190017 0.648246 8 8 246
-0.209507 -0.321194 0.55583 22 22 232
0.0180893 -0.133517 0.669816 0 0 254
0.0763278 0.122416 0.673505 4 4 250
0.137618 0.129423 0.671671 9 9 245
0.430238 -0.307889 0.530636 113 113 141
-0.0461005 -0.110569 0.676887 0 0 254
0.210393 0.207713 0.639941 18 18 236
-0.0102968 0.0711533 0.685107 0 0 254
0.0299043 0.178108 0.653898 1 1 253
-0.334153 -0.0926417 0.677011 99 99 155
0.465342 0.207039 0.593231 193 193 61
0.510809 0.02748 0.624323 211 211 43
0.585137 0.202034 0.498757 255 255 0
0.319452 0.424962 0.380881 78 78 176
0.388538 -0.0456315 0.674003 105 105 149
-0.134876 0.264703 0.604993 11 11 243
0.341739 -0.0426204 0.683789 104 104 150
-0.111697 -0.0785499 0.683495 4 4 250
0.170624 -0.21124 0.637382 10 10 244
0.424112 -0.283287 0.557711 145 145 109
0.543703 -0.137904 0.576365 255 255 0
-0.389863 -0.167973 0.642142 134 134 120
0.0408256 -0.0427893 0.688237 2 2 252
-0.0365374 0.020238 0.689622 3 3 251
0.526106 -0.0465675 0.613025 222 222 32
0.569989 0.1985 0.519782 228 228 26
0.00946948 0.0551841 0.687047 1 1 253
0.0544124 0.160932 0.660313 1 1 253
-0.114428 -0.291635 0.583764 5 5 249
0.245557 -0.298766 0.57728 33 33 221
-0.295903 -0.195648 0.645116 49 49 205
0.119296 -0.0772975 0.683975 2 2 252
0.255685 0.0506338 0.687608 59 59 195
0.179201 0.422884 0.394346 22 22 232
-0.162235 -0.37002 0.497438 13 13 241
0.516448 -0.0741833 0.614686 188 188 66
0.374567 0.363378 0.487019 94 94 160
-0.429393 -0.118495 0.647125 168 168 86
0.0251459 -0.0133033 0.690021 0 0 254
0.397348 -0.243988 0.599475 101 101 153
0.246217 0.152108 0.663992 55 55 199
0.401294 -0.278992 0.570815 111 111 143
0.102466 0.184053 0.651599 15 15 239
0.347107 0.220372 0.626736 78 78 176
0.189708 -0.0387652 0.689231 17 17 237
-0.0406572 0.0341807 0.689219 0 0 254
0.467356 0.0699156 0.642389 153 153 101
0.354142 -0.0149977 0.683247 78 78 176
0.511509 0.180622 0.580224 177 177 77
0.13275 -0.277145 0.595462 7 7 247
0.0497928 -0.155095 0.663032 1 1 253
0.0201473 -0.254952 0.611347 0 0 254
0.180227 -0.214675 0.63582 28 28 226
0.0185443 -0.263876 0.605334 0 0 254
0.444273 -0.332215 0.494941 152 152 102
-0.273844 0.0655479 0.686163 67 67 187
-0.145036 0.104574 0.678358 13 13 241
0.482804 0.0773099 0.633379 191 191 63
0.456204 -0.109892 0.638359 152 152 102
0.295324 0.345883 0.528279 57 57 197
-0.0911543 0.0682151 0.684935 2 2 252
0.153302 -0.182018 0.651552 10 10 244
-0.00471377 -0.0575521 0.686422 0 0 254
0.378131 -0.115503 0.663865 107 107 147
0.572034 0.0116187 0.580371 255 255 0
0.627268 0.0366034 0.52106 255 255 0
0.446008 -0.0348868 0.656025 175 175 79
0.294946 -0.0674005 0.684708 43 43 211
0.139458 -0.218719 0.634064 14 14 240
-0.259436 -0.13225 0.670277 58 58 196
0.595595 0.109111 0.540116 255 255 0
0.144004 -0.0737797 0.684675 24 24 230
-0.326801 -0.313084 0.560218 56 56 198
-0.0306104 0.145887 0.665754 0 0 254
-0.119037 0.26305 0.605343 7 7 247
0.434716 0.352375 0.472849 149 149 105
-0.242127 -0.224005 0.630959 39 39 215
0.248664 0.0223655 0.68964 35 35 219
-0.45344 -0.00809521 0.654602 179 179 75
0.144092 0.389004 0.465893 13 13 241
0.41891 -0.137087 0.645632 100 100 154
-0.306808 0.279336 0.592412 62 62 192
-0.274464 -0.00456658 0.690798 38 38 216
0.381663 -0.00499027 0.678208 117 117 137
-0.0636883 -0.132216 0.670424 2 2 252
0.213801 0.0863904 0.682313 36 36 218
0.429138 0.109953 0.64943 137 137 117
0.46827 -0.272289 0.543406 143 143 111
0.348279 0.0468307 0.682429 69 69 185
0.280815 0.0865508 0.681763 40 40 214
0.571472 -0.0773311 0.572151 255 255 0
0.44017 0.146511 0.633806 153 153 101
0.22182 0.427829 0.380877 30 30 224
0.381278 0.142552 0.654897 97 97 157
0.178006 0.230135 0.62759 16 16 238
0.0352609 -0.342094 0.532458 2 2 252
0.212954 -0.00108899 0.690994 30 30 224
0.230095 -0.308157 0.568269 42 42 212
0.181514 -0.0808733 0.68318 16 16 238
0.382597 -0.181673 0.638042 112 112 142
-0.282696 0.0632725 0.686414 42 42 212
0.283925 0.140381 0.668327 70 70 184
0.160954 0.232723 0.626094 13 13 241
0.267378 -0.414153 0.416354 47 47 207
-0.435584 -0.100618 0.649624 164 164 90
0.158838 0.0164511 0.689877 25 25 229
0.37328 0.115261 0.664514 114 114 140
0.248265 -0.176749 0.654603 40 40 214
0.00154886 0.160282 0.661154 0 0 254
0.0228387 -0.132652 0.670937 0 0 254
0.398948 0.213921 0.617618 97 97 157
0.421212 -0.131338 0.646531 142 142 112
0.5599 0.0253843 0.590507 255 255 0
0.404602 0.104671 0.659159 143 143 111
0.0675659 0.099244 0.679647 4 4 250
0.277416 0.0545409 0.68683 31 31 223
0.0912421 0.11868 0.674924 3 3 251
0.288257 0.14952 0.66498 55 55 199
0.129012 -0.113375 0.675518 6 6 248
0.101917 0.0446677 0.688688 2 2 252
-0.371972 0.200949 0.631902 90 90 164
0.233978 0.0131138 0.69019 51 51 203
0.0619435 -0.344883 0.529961 1 1 253
-0.330077 0.0249753 0.686639 88 88 166
0.540747 -0.155508 0.571421 253 253 1
0.474194 -0.301001 0.51063 200 200 54
0.160815 -0.016306 0.690227 21 21 233
0.263986 -0.257859 0.609701 45 45 209
0.285 0.293124 0.581278 48 48 206
-0.196649 -0.159941 0.661602 32 32 222
0.199455 -0.144633 0.666557 31 31 223
0.263804 -0.129439 0.67197 33 33 221
0.413003 0.335266 0.508923 113 113 141
-0.0363226 -0.275586 0.59662 2 2 252
0.516023 0.00907679 0.621482 205 205 49
0.332066 -0.0644573 0.682509 57 57 197
0.374688 0.372146 0.474502 95 95 159
-0.0192718 0.0257389 0.689698 2 2 252
0.0678513 -0.0960946 0.680602 3 3 251
0.244485 0.334899 0.540657 36 36 218
0.230409 0.0432962 0.688112 21 21 233
0.108253 0.145772 0.665837 9 9 245
-0.0299037 0.100465 0.678686 0 0 254
0.263621 0.0822672 0.683258 33 33 221
0.610986 0.141318 0.508008 255 255 0
-0.145782 -0.0052275 0.690781 9 9 245
-0.0339541 -0.263076 0.606115 0 0 254
0.116903 0.0430665 0.688576 18 18 236
0.0544039 -0.111773 0.676728 0 0 254
0.409992 0.0128318 0.670745 134 134 120
0.354709 -0.307443 0.560377 80 80 174
0.294252 0.0598775 0.686042 41 41 213
0.134311 0.0542552 0.68731 11 11 243
0.0838747 0.0151582 0.690077 5 5 249
0.411364 0.015178 0.66994 139 139 115
0.380912 0.193114 0.633331 79 79 175
0.0980112 0.429549 0.373596 2 2 252
-0.332211 -0.176601 0.650607 92 92 162
0.353031 -0.121918 0.666757 112 112 142
-0.0306874 -0.400145 0.446353 0 0 254
0.1462 0.0833204 0.682774 9 9 245
0.296456 0.327302 0.549465 67 67 187
0.17253 0.154765 0.66258 9 9 245
0.27652 0.124006 0.673268 42 42 212
-0.354472 -0.187406 0.642021 72 72 182
0.25548 0.239563 0.621256 34 34 220
0.209652 -0.0799164 0.683055 16 16 238
0.463497 0.0559353 0.64665 189 189 65
0.00873698 0.0451815 0.688361 1 1 253
0.186754 0.373889 0.490986 14 14 240
0.46248 -0.0451705 0.647907 148 148 106
0.0204996 -0.0780596 0.683625 2 2 252
0.29089 -0.258914 0.608465 64 64 190
0.255232 -0.0515589 0.687447 26 26 228
-0.0534326 -0.31908 0.558489 4 4 250
-0.0868053 -0.304276 0.572478 4 4 250
0.309601 -0.239115 0.620091 63 63 191
-0.315023 0.128366 0.670686 52 52 202
-0.193218 -0.120429 0.673657 18 18 236
0.198738 0.20197 0.642761 29 29 225
0.351576 -0.411685 0.407267 80 80 174
0.306992 -0.0595092 0.68545 75 75 179
0.471142 -0.136802 0.622616 181 181 73
0.290857 0.213447 0.636986 49 49 205
-0.286118 0.344872 0.530158 47 47 207
0.0185357 0.265309 0.603938 0 0 254
-0.266248 0.377371 0.485566 38 38 216
0.162124 -0.0340507 0.689147 29 29 225
-0.281045 -0.0141119 0.69042 41 41 213
-0.229466 -0.360852 0.509104 23 23 231
0.16002 0.263601 0.605114 16 16 238
-0.280094 0.153664 0.663494 32 32 222
0.354916 0.251801 0.604935 113 113 141
0.433735 0.0668714 0.656884 170 170 84
0.159289 0.284824 0.58934 26 26 228
0.250818 0.0038168 0.690229 43 43 211
0.0287325 0.390223 0.465369 0 0 254
-0.0238952 -0.0352922 0.689592 0 0 254
0.0985628 0.241632 0.620006 7 7 247
-0.239681 -0.0251344 0.689728 31 31 223
0.309966 0.220667 0.631096 48 48 206
0.137116 -0.0843926 0.682615 7 7 247
-0.149132 -0.333601 0.543013 18 18 236
0.138893 -0.406677 0.432701 12 12 242
0.394794 -0.101703 0.663162 140 140 114
0.287754 -0.309431 0.567527 61 61 193
-0.111387 0.208425 0.638916 6 6 248
0.0658867 0.193812 0.646355 2 2 252
0.618172 0.067473 0.526 255 255 0
-0.227756 0.268343 0.602037 24 24 230
-0.0507315 -0.0143164 0.690601 1 1 253
0.587622 -0.0858417 0.555339 255 255 0
0.498887 0.0287927 0.631657 181 181 73
0.396834 -0.084239 0.665943 106 106 148
-0.0947047 -0.0636198 0.686042 5 5 249
0.0727223 -0.331904 0.544126 5 5 249
0.146146 -0.182346 0.651548 25 25 229
0.625473 -0.0453777 0.522679 255 255 0
0.561331 -0.189225 0.533928 234 234 20
0.346198 0.0475457 0.683077 77 77 177
0.626766 0.0413113 0.520938 255 255 0
0.222564 0.0222648 0.690138 18 18 236
-0.192471 -0.258428 0.609298 18 18 236
0.416864 -0.200508 0.618681 142 142 112
-0.412435 0.12671 0.650686 134 134 120
-0.083091 -0.144658 0.666461 1 1 253
0.0131931 0.132794 0.670094 0 0 254
-0.05129 -0.112555 0.676044 0 0 254
0.172246 -0.101305 0.678681 12 12 242
0.155134 -0.233492 0.625469 24 24 230
-0.0270023 -0.0631967 0.686483 0 0 254
0.530213 0.0530993 0.609466 219 219 35
0.606245 0.145466 0.511783 255 255 0
0.425515 -0.128697 0.64515 114 114 140
0.161027 -0.013233 0.690716 27 27 227
-0.114795 0.149791 0.664964 8 8 246
0.518144 0.148867 0.58987 242 242 12
0.572051 0.0820371 0.571372 252 252 2
0.26113 0.214989 0.635434 48 48 206
-0.0801229 -0.0459902 0.688426 1 1 253
-0.457963 0.0347864 0.651141 156 156 98
-0.273493 -0.34889 0.524966 45 45 209
-0.120821 0.35803 0.512382 11 11 243
0.629296 -0.095396 0.503998 255 255 0
0.337929 -0.2903 0.579597 77 77 177
0.414333 0.199574 0.620369 112 112 142
0.503234 0.039338 0.627759 207 207 47
0.218628 -0.436691 0.347704 25 25 229
0.182048 0.271589 0.599798 13 13 241
-0.322804 -0.0738254 0.681764 53 53 201
0.324646 0.119097 0.6714 92 92 162
0.105744 -0.119012 0.674622 5 5 249
0.350684 -0.0209981 0.684446 88 88 166
0.149856 0.0382781 0.689003 14 14 240
0.278607 -0.267623 0.602452 54 54 200
0.0636561 -0.307046 0.568833 6 6 248
0.338754 -0.103368 0.673667 57 57 197
0.412004 0.400263 0.395436 141 141 113
0.443047 -0.172915 0.621876 152 152 102
0.204949 -0.275248 0.596858 21 21 233
0.541835 0.0948949 0.592489 235 235 19
0.616616 0.187685 0.469457 255 255 0
-0.316812 0.00175661 0.688283 51 51 203
0.0227588 0.0128289 0.690496 0 0 254
0.11738 -0.185465 0.650829 7 7 247
0.434424 -0.0465427 0.659553 126 126 128
0.0411199 -0.0225128 0.689835 2 2 252
0.139416 -0.15951 0.660846 18 18 236
-0.385287 0.169179 0.64316 99 99 155
-0.110771 0.198779 0.644099 4 4 250
0.467958 0.0404933 0.646187 151 151 103
0.532856 0.124432 0.589062 230 230 24
-0.483448 0.145866 0.613271 147 147 107
0.0537262 0.239875 0.621364 6 6 248
-0.470463 0.204529 0.592521 154 154 100
0.48477 0.0245529 0.639116 183 183 71
-0.0739622 -0.21231 0.637462 3 3 251
0.135018 -0.189078 0.649278 9 9 245
-0.19783 -0.36801 0.500228 14 14 240
0.277683 0.111856 0.676282 58 58 196
0.451211 -0.208195 0.600268 182 182 72
-0.00447935 -0.164072 0.659457 0 0 254
0.561856 0.201327 0.525172 255 255 0
0.458868 0.119424 0.634904 161 161 93
0.352431 -0.150846 0.657854 98 98 156
-0.298321 -0.16337 0.659406 61 61 193
-0.340786 0.11371 0.671408 76 76 178
0.0640394 -0.100227 0.678804 3 3 251
0.23135 0.2313 0.626971 27 27 227
0.507541 0.311276 0.470416 197 197 57
-0.231175 0.184705 0.65045 29 29 225
0.391861 -0.0161266 0.675662 104 104 150
0.455899 0.104442 0.640677 160 160 94
0.396424 0.331003 0.520773 110 110 144
0.278444 0.0295395 0.689976 46 46 208
0.100648 0.167241 0.658175 2 2 252
0.397703 0.0197781 0.673584 133 133 121
0.343843 -0.123502 0.66794 84 84 170
0.466129 0.0456932 0.647094 154 154 100
-0.301461 0.357577 0.512909 44 44 210
0.235828 -0.246928 0.616321 38 38 216
0.679247 0.0109821 0.443951 255 255 0
0.402824 -0.0403504 0.670794 130 130 124
-0.327965 0.274436 0.593409 66 66 188
0.379035 0.320115 0.540254 129 129 125
0.4659 -0.0708604 0.643091 165 165 89
0.604777 0.0882186 0.536171 255 255 0
0.0871707 -0.214669 0.635438 10 10 244
0.29994 -0.126631 0.67133 79 79 175
-0.0560567 -0.0934146 0.680343 5 5 249
0.467622 0.141562 0.622621 167 167 87
-0.0361433 0.141894 0.667074 0 0 254
0.120398 -0.134895 0.669322 6 6 248
0.0301222 -0.24269 0.619613 1 1 253
0.267471 -0.086786 0.681826 48 48 206
0.0741625 0.115626 0.675199 4 4 250
0.352699 0.00170505 0.683698 102 102 152
0.249034 0.21764 0.634354 35 35 219
0.617777 0.0344618 0.533156 255 255 0
0.418388 -0.0258298 0.667573 103 103 151
0.426604 0.0627685 0.659937 155 155 99
0.3335 -0.0290377 0.68612 68 68 186
0.523748 -0.262175 0.510706 202 202 52
-0.00719061 -0.222715 0.632049 0 0 254
-0.106132 -0.196601 0.644993 2 2 252
0.193595 -0.0295943 0.689978 15 15 239
-0.0490624 -0.303987 0.572424 0 0 254
0.0610495 0.0412788 0.688703 7 7 247
0.520388 -0.109238 0.603621 200 200 54
0.352414 0.159959 0.653999 71 71 183
0.144424 0.0923093 0.68136 10 10 244
0.363162 -0.093013 0.672578 108 108 146
0.115468 -0.178667 0.653893 4 4 250
-0.4857 -0.090471 0.62965 163 163 91
-0.00946943 -0.286147 0.587373 0 0 254
0.21119 -0.195056 0.645833 32 32 222
0.0895011 0.00823557 0.689971 1 1 253
0.279824 -0.362587 0.506526 63 63 191
0.116961 -0.416359 0.411443 8 8 246
0.221989 0.243212 0.618978 29 29 225
-0.0766549 0.0275649 0.689168 3 3 251
-0.0139056 -0.38706 0.470712 1 1 253
0.471687 -0.0386225 0.644217 158 158 96
0.439472 -0.0250093 0.659768 161 161 93
-0.0238166 0.118704 0.674225 1 1 253
-0.0618973 -0.318997 0.55805 0 0 254
-0.0524739 0.0998972 0.679158 3 3 251
0.335555 -0.266615 0.598173 63 63 191
0.383373 0.243366 0.603863 100 100 154
-0.29033 0.0622793 0.685895 65 65 189
0.463603 -0.345725 0.460184 154 154 100
-0.0430798 0.279375 0.59333 1 1 253
0.211101 -0.043252 0.688858 21 21 233
0.00981921 0.130961 0.670515 0 0 254
0.0932322 -0.385876 0.47229 6 6 248
0.416548 0.239712 0.594658 147 147 107
0.386756 0.0214658 0.676706 133 133 121
0.516352 -0.166334 0.58312 189 189 65
0.21706 -0.156601 0.661967 43 43 211
0.026786 0.0210842 0.689807 0 0 254
0.498937 -0.23263 0.555333 196 196 58
0.034069 -0.0439848 0.688305 1 1 253
0.490653 -0.1092 0.621889 171 171 83
0.146114 -0.188875 0.649114 17 17 237
0.178244 -0.346802 0.526971 26 26 228
0.110016 0.322051 0.554369 3 3 251
0.469153 -0.079008 0.639407 139 139 115
0.658441 0.191728 0.38453 255 255 0
0.0124356 -0.117855 0.674566 0 0 254
0.311207 -0.299843 0.574359 79 79 175
-0.0991244 -0.121998 0.674084 6 6 248
0.238926 -0.0707107 0.684513 26 26 228
0.396465 0.222476 0.612562 115 115 139
-0.441961 0.131381 0.638586 117 117 137
-0.03651 0.280767 0.592658 0 0 254
-0.44815 0.121993 0.638204 132 132 122
0.202215 0.00355715 0.690425 40 40 214
-0.0854302 -0.0809279 0.683239 1 1 253
0.0693636 0.372292 0.49242 1 1 253
0.215098 -0.166823 0.658012 32 32 222
0.200509 0.182737 0.651412 20 20 234
0.499268 0.239457 0.550898 170 170 84
0.45105 -0.208939 0.599393 129 129 125
0.583318 -0.0418628 0.568601 255 255 0
0.402166 -0.271074 0.577305 146 146 108
-0.0455905 0.0393939 0.68893 0 0 254
-0.247413 -0.168837 0.657276 32 32 222
0.00883708 -0.0203301 0.689695 0 0 254
-0.0836897 -0.337149 0.538029 5 5 249
0.288583 -0.0643661 0.685892 68 68 186
0.0821131 0.037558 0.688782 1 1 253
0.44699 -0.000865734 0.657464 169 169 85
0.00922797 -0.0413146 0.688538 1 1 253
0.3242 -0.0337747 0.686884 79 79 175
0.193604 0.119035 0.674745 24 24 230
0.43295 0.135756 0.640333 126 126 128
0.327296 0.158813 0.658119 89 89 165
0.458707 0.0942196 0.641726 135 135 119
0.231483 0.00472857 0.690974 35 35 219
-0.147405 0.173286 0.65618 12 12 242
-0.151183 -0.11045 0.677019 14 14 240
0.59406 0.0787338 0.550109 255 255 0
-0.0747214 -0.0376197 0.688982 10 10 244
-0.0599427 0.180731 0.652389 5 5 249
0.449357 -0.124255 0.637304 135 135 119
-0.0775859 -0.154253 0.66329 0 0 254
-0.202174 -0.0370501 0.688593 30 30 224
0.500308 -0.0261729 0.631113 222 222 32
0.24972 0.00745214 0.690582 32 32 222
0.061505 0.0550777 0.687535 0 0 254
0.276858 0.23609 0.623364 40 40 214
-0.161111 0.113162 0.676025 10 10 244
0.0349976 -0.132083 0.670786 0 0 254
0.424951 0.171219 0.629415 156 156 98
0.491807 0.085632 0.626612 189 189 65
-0.115126 -0.197271 0.644989 10 10 244
-0.00879879 0.29329 0.581183 0 0 254
0.476507 0.140899 0.618807 166 166 88
-0.0361346 -0.127572 0.672506 4 4 250
-0.200408 0.0545389 0.687276 22 22 232
0.48799 0.00616577 0.638735 202 202 52
0.359091 -0.110443 0.668924 89 89 165
0.381365 0.222586 0.617996 95 95 159
-0.0853058 0.375369 0.488152 5 5 249
-0.155975 0.161109 0.661201 9 9 245
0.400774 -0.00543919 0.673751 145 145 109
-0.190945 0.0684039 0.685201 13 13 241
0.291671 -0.209618 0.637924 75 75 179
0.0647164 -0.257896 0.609143 2 2 252
0.0533522 0.0857099 0.682744 0 0 254
0.0859204 -0.0158815 0.689921 3 3 251
0.441005 -0.361536 0.452854 131 131 123
0.358952 0.283369 0.58065 102 102 152
0.192196 -0.400557 0.44455 16 16 238
0.438604 0.0300473 0.659848 152 152 102
0.418102 -0.00770037 0.667985 120 120 134
0.0977433 0.188 0.64987 7 7 247
0.060825 -0.0608403 0.686242 0 0 254
-0.159532 -0.0720823 0.684185 10 10 244
-0.200699 -0.19171 0.647773 20 20 234
0.383739 0.256336 0.594779 114 114 140
0.0965008 0.17593 0.654892 13 13 241
0.296582 0.0381353 0.688702 44 44 210
-0.179187 0.032151 0.689323 10 10 244
-0.0178741 0.0755033 0.68389 0 0 254
0.402037 -0.0601873 0.669196 134 134 120
-0.157624 -0.0132637 0.69065 26 26 228
0.249811 0.309024 0.567828 33 33 221
-0.243106 0.145258 0.666472 40 40 214
0.265003 -0.199065 0.64385 44 44 210
0.48534 -0.257053 0.545732 160 160 94
0.426853 -0.0862746 0.655837 160 160 94
0.606001 -0.0578102 0.543137 255 255 0
0.21913 -0.080347 0.683511 19 19 235
0.412027 0.0177788 0.669547 123 123 131
0.405131 -0.128312 0.652589 111 111 143
-0.28715 -0.192276 0.647677 44 44 210
0.512086 -0.269724 0.514706 193 193 61
-0.167893 -0.304107 0.572217 19 19 235
0.316803 0.140977 0.66577 70 70 184
0.0372184 -0.192427 0.647376 3 3 251
-0.0979637 -0.336966 0.538441 1 1 253
-0.0598932 0.0697436 0.684696 0 0 254
0.326593 -0.126224 0.669443 67 67 187
0.21699 0.242994 0.618851 26 26 228
0.237789 0.14916 0.664728 29 29 225
0.422252 -0.0346933 0.664699 144 144 110
0.465742 -0.251612 0.563075 193 193 61
-0.00790172 0.253466 0.612567 0 0 254
0.406013 -0.156839 0.642715 102 102 152
-0.348883 0.109074 0.670772 89 89 165
0.220303 0.184712 0.651203 39 39 215
-0.404824 -0.119073 0.655214 94 94 160
0.112057 0.223346 0.630825 7 7 247
0.371615 -0.10323 0.667808 86 86 168
0.117107 0.116702 0.675426 15 15 239
0.0767096 0.217843 0.633748 3 3 251
0.33886 -0.069408 0.681024 87 87 167
-0.18221 0.0220857 0.690299 19 19 235
0.430549 -0.141321 0.639121 159 159 95
0.172764 0.347574 0.526578 18 18 236
0.51116 -0.0237096 0.62452 227 227 27
0.135259 0.123698 0.672946 12 12 242
-0.0936036 -0.0293193 0.689118 10 10 244
0.31433 -0.0997891 0.677682 64 64 190
0.454483 -0.230291 0.584536 125 125 129
0.0617986 -0.227564 0.628864 2 2 252
0.251498 0.14067 0.668124 28 28 226
0.461355 0.0425084 0.649389 142 142 112
0.108514 0.217378 0.63439 6 6 248
0.264776 0.306822 0.569824 36 36 218
0.137889 -0.0565993 0.686767 10 10 244
0.518537 0.104387 0.606264 190 190 64
-0.216867 0.204447 0.641298 33 33 221
0.48351 0.0759517 0.633139 183 183 71
0.16201 0.154107 0.663246 16 16 238
0.5959 -0.238987 0.450056 255 255 0
0.0880008 -0.149933 0.664766 3 3 251
0.237895 0.00372957 0.690634 36 36 218
-0.0134647 -0.28632 0.587289 0 0 254
0.408774 -0.0813877 0.663229 114 114 140
0.406339 0.174459 0.634576 116 116 138
0.325712 0.0607257 0.683692 92 92 162
0.337292 0.0318788 0.685347 71 71 183
0.131391 -0.176715 0.654188 16 16 238
-0.367918 0.327469 0.535844 86 86 168
0.484545 0.209756 0.580018 190 190 64
0.227117 0.361384 0.507866 42 42 212
-0.167238 0.248676 0.615144 8 8 246
-0.282343 0.110683 0.676556 40 40 214
-0.118918 -0.0665365 0.68563 6 6 248
0.378196 0.207711 0.626587 110 110 144
0.596221 -0.0390311 0.556051 255 255 0
0.579907 0.0641086 0.568236 255 255 0
-0.249359 0.325065 0.55163 43 43 211
0.370283 -0.0493201 0.678341 114 114 140
0.109534 0.255014 0.611011 15 15 239
0.366881 -0.236865 0.612755 113 113 141
0.146282 0.00927983 0.690151 10 10 244
0.246407 -0.208166 0.639378 29 29 225
0.309 0.393195 0.457388 75 75 179
0.197345 -0.0915585 0.680669 20 20 234
0.252497 -0.278417 0.593468 40 40 214
-0.286345 0.190097 0.648625 39 39 215
-0.140693 0.273057 0.597603 8 8 246
0.192125 -0.0110467 0.690302 31 31 223
0.362128 0.0424395 0.680535 86 86 168
0.365415 0.257312 0.599356 104 104 150
0.0280929 0.0315036 0.68982 0 0 254
0.283839 0.294469 0.581014 60 60 194
0.273852 -0.110083 0.676631 32 32 222
0.107998 -0.0442818 0.688476 9 9 245
-0.403364 0.184581 0.631659 95 95 159
0.219345 -0.294111 0.58166 33 33 221
0.618092 -0.00943533 0.534654 255 255 0
0.348569 -0.145988 0.660195 104 104 150
0.500171 0.027303 0.631056 203 203 51
0.0716635 -0.294586 0.580932 9 9 245
0.369403 0.265384 0.591573 80 80 174
0.266595 0.0272616 0.689389 61 61 193
-0.496719 -0.0598964 0.629148 165 165 89
0.384658 0.101434 0.665241 83 83 171
-0.104887 0.367163 0.501229 5 5 249
0.0291772 0.164564 0.659482 2 2 252
0.507556 0.154898 0.59545 170 170 84
-0.280852 -0.0880007 0.681494 64 64 190
0.239908 -0.325291 0.551437 32 32 222
0.285649 -0.0290454 0.689741 61 61 193
0.580651 0.0224342 0.572719 248 248 6
0.404341 0.162991 0.639863 111 111 143
0.157759 -0.262036 0.606384 18 18 236
0.0516578 -0.0315488 0.689248 0 0 254
0.371118 -0.0226302 0.680251 116 116 138
-0.183041 -0.019746 0.689846 20 20 234
0.249255 0.102696 0.678969 48 48 206
0.167819 -0.135785 0.669431 29 29 225
0.0839518 -0.0771981 0.683508 2 2 252
-0.41421 0.0722986 0.662702 102 102 152
0.567614 -0.236251 0.491045 255 255 0
0.00827128 -0.0645264 0.686218 0 0 254
0.314885 -0.248167 0.614107 89 89 165
0.358386 0.359452 0.499254 83 83 171
0.322788 -0.139663 0.666175 89 89 165
-0.219684 0.136492 0.669379 32 32 222
0.156807 0.238627 0.622304 27 27 227
0.501286 0.131682 0.608054 172 172 82
-0.199191 0.265244 0.604268 39 39 215
-0.0071934 -0.066794 0.685418 0 0 254
0.193991 -0.341852 0.53269 34 34 220
-0.359497 -0.118827 0.667149 98 98 156
-0.0180146 0.430173 0.373746 0 0 254
0.476845 -0.0357041 0.642236 178 178 76
0.579066 0.0468409 0.57173 255 255 0
-0.108422 -0.285745 0.588161 11 11 243
0.0849288 0.272645 0.599028 1 1 253
-0.418329 -0.130768 0.647741 139 139 115
-0.45055 -0.0159238 0.655557 178 178 76
0.189666 -0.0952372 0.67989 34 34 220
0.350732 0.222936 0.6249 72 72 182
-0.203181 0.0985238 0.679183 20 20 234
-0.150525 0.270671 0.600387 17 17 237
0.605897 0.0192929 0.547512 255 255 0
0.328759 0.174544 0.651719 96 96 158
0.0375507 0.229791 0.627153 1 1 253
0.28438 0.194608 0.646307 41 41 213
0.138945 0.273336 0.598207 11 11 243
-0.0340607 0.411838 0.420832 0 0 254
0.126878 0.0683402 0.684906 16 16 238
0.0961418 -0.189999 0.647891 4 4 250
-0.0177869 0.00413492 0.690885 0 0 254
-0.206394 0.224318 0.63091 16 16 238
0.306709 0.142667 0.666207 77 77 177
0.154784 -0.279748 0.592864 15 15 239
0.215861 0.243618 0.618708 31 31 223
-0.0201365 0.316702 0.559777 0 0 254
0.289464 0.0268162 0.689521 61 61 193
0.376232 0.0631134 0.674488 112 112 142
0.147417 0.384913 0.47281 15 15 239
0.23175 0.134703 0.670253 42 42 212
-0.194795 0.152326 0.664272 25 25 229
0.460001 0.283611 0.537826 172 172 82
0.181104 -0.126265 0.672032 13 13 241
-0.202033 0.253296 0.61208 15 15 239
0.278671 -0.108851 0.677489 57 57 197
0.517227 -0.0128322 0.621658 223 223 31
0.14855 -0.0440723 0.688726 14 14 240
0.409126 -0.0769634 0.664244 108 108 146
-0.108282 0.0660251 0.685947 9 9 245
0.114813 0.053122 0.687382 13 13 241
0.312259 0.208784 0.637136 78 78 176
0.416838 0.130468 0.6479 124 124 130
-0.414676 0.0403953 0.667037 107 107 147
0.210874 -0.0417024 0.688938 22 22 232
0.0523076 0.0408344 0.688484 1 1 253
0.0970981 -0.343173 0.531728 12 12 242
0.433229 0.149288 0.635041 131 131 123
0.241582 0.0784895 0.68387 42 42 212
0.0685816 0.189018 0.648496 6 6 248
-0.0454751 -0.295115 0.580772 4 4 250
0.20686 0.349705 0.523992 27 27 227
0.400106 0.0473195 0.67069 116 116 138
0.481011 -0.133399 0.619585 166 166 88
0.484718 -0.069632 0.633914 166 166 88
0.596282 0.194068 0.49229 255 255 0
-0.111734 -0.0981983 0.679266 6 6 248
0.341846 0.115376 0.670302 101 101 153
0.349341 -0.0487494 0.682295 99 99 155
0.318531 -0.12163 0.671294 83 83 171
0.401968 -0.0118782 0.672938 135 135 119
0.302872 0.198671 0.643992 82 82 172
0.314003 -0.384135 0.471756 84 84 170
0.471195 0.184743 0.602428 198 198 56
0.243827 0.0864738 0.681645 28 28 226
-0.468272 0.0974446 0.636633 145 145 109
-0.265939 0.273416 0.598176 46 46 208
-0.147789 0.121124 0.673786 8 8 246
-0.428095 0.0346898 0.662984 117 117 137
0.123164 -0.0152458 0.690463 11 11 243
-0.0220672 0.0592941 0.686275 0 0 254
-0.410521 0.123314 0.651824 141 141 113
0.199547 0.339419 0.536152 29 29 225
0.131188 -0.0074024 0.690415 6 6 248
0.070754 0.0223827 0.690299 6 6 248
0.0381847 -0.0126412 0.690225 0 0 254
0.21804 0.0465852 0.688115 21 21 233
0.137818 0.104588 0.678389 5 5 249
0.495112 -0.0934541 0.623462 198 198 56
0.104954 -0.0165916 0.69052 5 5 249
0.0512044 -0.25514 0.61086 2 2 252
0.301236 -0.340071 0.534346 75 75 179
0.435864 0.100272 0.649664 138 138 116
-0.337209 0.334091 0.536358 63 63 191
0.407954 0.162219 0.639393 111 111 143
0.160987 -0.0923074 0.68066 7 7 247
0.687661 0.101345 0.395386 255 255 0
0.170328 0.296194 0.579759 18 18 236
0.329831 0.0543912 0.684388 84 84 170
-0.262971 0.322679 0.554243 30 30 224
0.0700964 -0.0935552 0.681093 5 5 249
0.49125 -0.0603988 0.631952 204 204 50
-0.0423287 -0.207506 0.64017 1 1 253
0.461115 -0.205148 0.596658 154 154 100
0.0848706 0.0656805 0.686173 2 2 252
0.194922 -0.01135 0.690707 12 12 242
0.38932 0.163326 0.644881 106 106 148
0.0321073 -0.061143 0.686225 2 2 252
0.112308 -0.0137372 0.689907 2 2 252
0.220836 -0.179688 0.653222 36 36 218
0.049889 0.15959 0.660802 0 0 254
0.101445 -0.133116 0.670065 3 3 251
0.45225 -0.0975567 0.643393 130 130 124
0.286538 -0.29036 0.584649 36 36 218
0.0429747 -0.209614 0.638251 0 0 254
0.290228 0.0361679 0.688708 40 40 214
-0.229094 -0.129134 0.671508 44 44 210
0.403335 0.0746763 0.666541 144 144 110
0.34247 0.192632 0.641914 91 91 163
0.457586 -0.074901 0.645596 181 181 73
0.140092 -0.195852 0.645962 19 19 235
0.440838 0.337423 0.490105 141 141 113
0.0710198 0.0251166 0.689643 4 4 250
0.228548 0.290259 0.583742 20 20 234
0.358378 -0.290902 0.574107 83 83 171
-0.237202 0.289328 0.584686 40 40 214
0.172556 0.0893463 0.68136 16 16 238
0.412296 -0.106883 0.656137 123 123 131
0.502796 -0.19355 0.578502 223 223 31
0.126932 -0.0515407 0.687631 7 7 247
0.176773 -0.00314183 0.690975 16 16 238
-0.170135 -0.0136012 0.690109 11 11 243
0.536806 0.206092 0.545463 242 242 12
0.309478 -0.172663 0.654913 78 78 176
0.163947 -0.173498 0.655992 17 17 237
0.357868 -0.10161 0.671012 74 74 180
0.217986 0.23852 0.621588 36 36 218
-0.197844 -0.243894 0.619257 19 19 235
0.0837166 -0.0709593 0.685117 4 4 250
0.210676 0.307184 0.569601 36 36 218
-0.158003 0.108105 0.677076 11 11 243
-0.318688 -0.0242116 0.688056 55 55 199
0.147444 -0.154141 0.663759 15 15 239
-0.156004 -0.1229 0.673343 9 9 245
0.136087 0.254185 0.611613 18 18 236
0.195953 -0.166491 0.658917 38 38 216
-0.108881 0.161587 0.660166 3 3 251
-0.247015 0.320454 0.556579 29 29 225
0.324283 0.228353 0.625088 60 60 194
0.0758246 -0.180904 0.652728 8 8 246
0.268311 -0.293811 0.580899 50 50 204
0.113964 0.0647292 0.686254 5 5 249
0.427007 0.0968404 0.653593 133 133 121
-0.245144 -0.241766 0.619676 24 24 230
0.441873 0.100571 0.647256 145 145 109
0.444922 0.184212 0.615965 121 121 133
-0.0116909 -0.00442389 0.690731 0 0 254
0.162465 0.0147829 0.690736 10 10 244
-0.0654355 -0.0366954 0.689193 1 1 253
0.0922066 -0.0275571 0.689679 1 1 253
-0.227793 -0.217637 0.634769 21 21 233
0.166742 -0.256741 0.610094 14 14 240
0.321734 0.090029 0.679278 51 51 203
-0.101121 -0.352543 0.51978 5 5 249
-0.17818 0.356267 0.515271 24 24 230
0.0581667 0.00923005 0.690482 2 2 252
-0.180852 -0.256901 0.60951 22 22 232
0.176916 -0.112186 0.676622 18 18 236
0.18136 -0.0997039 0.679387 15 15 239
0.46848 -0.0766 0.640317 164 164 90
0.018279 0.253942 0.61211 0 0 254
-0.149494 -0.0751296 0.68374 18 18 236
0.161092 -0.17093 0.656765 21 21 233
-0.125598 0.090476 0.681741 11 11 243
0.515113 0.0862852 0.612473 205 205 49
0.176325 0.263305 0.605341 27 27 227
0.218386 0.230245 0.626941 21 21 233
0.226623 0.221161 0.632633 44 44 210
0.146728 -0.0126386 0.690024 12 12 242
0.30455 0.252196 0.612578 42 42 212
-0.29998 -0.101982 0.678508 59 59 195
0.488798 -0.223348 0.568578 182 182 72
0.486513 -0.143026 0.612612 177 177 77
-0.215333 0.203755 0.641745 21 21 233
0.144728 0.117928 0.674343 7 7 247
0.200633 -0.238029 0.622514 16 16 238
0.576827 0.232128 0.482845 255 255 0
-0.0110808 0.118766 0.674652 0 0 254
0.648679 -0.134223 0.456973 255 255 0
0.000867682 0.0723587 0.685051 0 0 254
0.419587 0.126309 0.648125 133 133 121
0.321749 0.343573 0.527201 51 51 203
0.272311 -0.397211 0.451003 59 59 195
-0.23469 0.208174 0.639681 26 26 228
-0.271817 -0.105584 0.678211 38 38 216
0.0147067 -0.0188453 0.690102 0 0 254
-0.0256829 0.228743 0.627619 0 0 254
0.341675 -0.154769 0.657705 81 81 173
-0.255191 -0.0660565 0.686104 27 27 227
0.183689 0.0788455 0.683284 21 21 233
0.0479556 -0.180393 0.652239 0 0 254
0.3893 0.161804 0.645692 105 105 149
0.550955 0.136977 0.570547 245 245 9
0.411137 -0.0269059 0.669428 101 101 153
0.00504201 0.0738565 0.684487 0 0 254
0.452258 -0.0738993 0.648673 185 185 69
0.237707 0.234875 0.624874 46 46 208
0.244037 0.314517 0.562442 53 53 201
0.553328 -0.201627 0.534089 255 255 0
0.269304 -0.248361 0.615277 46 46 208
0.465034 0.131806 0.628219 163 163 91
0.239562 0.179029 0.653853 36 36 218
0.621258 -0.131457 0.500191 255 255 0
-0.210909 0.0953618 0.680356 28 28 226
0.27575 -0.163924 0.659643 49 49 205
0.279656 -0.264987 0.604556 43 43 211
0.383113 -0.213686 0.622036 87 87 167
0.565742 0.0458736 0.583073 250 250 4
0.518964 -0.120416 0.60089 246 246 8
0.439302 -0.00381229 0.660339 134 134 120
0.307065 0.103683 0.677471 62 62 192
0.17311 0.0778803 0.683594 24 24 230
0.117805 -0.139339 0.668227 3 3 251
-0.411913 -0.16241 0.638295 101 101 153
-0.155618 -0.123262 0.67295 12 12 242
0.247567 0.280428 0.591824 48 48 206
0.327415 -0.0131286 0.687789 84 84 170
0.458081 -0.332316 0.485313 156 156 98
0.00288934 -0.107872 0.677811 1 1 253
0.14919 -0.0705641 0.684644 11 11 243
0.2632 -0.118394 0.674971 43 43 211
0.119583 -0.188326 0.648997 7 7 247
0.252814 0.236276 0.624013 46 46 208
0.402927 0.207498 0.620177 109 109 145
0.359331 0.258674 0.599485 114 114 140
-0.35517 0.270934 0.591912 68 68 186
0.319294 0.016847 0.687922 61 61 193
-0.183601 -0.268567 0.601398 13 13 241
0.235084 -0.0394137 0.688948 43 43 211
0.401123 0.32672 0.524528 118 118 136
0.217335 0.293993 0.580609 28 28 226
0.366229 0.0952199 0.670795 114 114 140
0.255343 0.134979 0.66962 40 40 214
0.380318 -0.226955 0.615141 116 116 138
0.413323 -0.130624 0.649353 144 144 110
-0.0794066 -0.0328554 0.68975 3 3 251
-0.281611 -0.375909 0.488597 35 35 219
-0.0237238 0.131473 0.670748 0 0 254
-0.226876 0.2255 0.62946 27 27 227
-0.423528 -0.133377 0.645001 110 110 144
0.220365 0.173262 0.6554 22 22 232
0.475692 0.16179 0.610997 169 169 85
0.552366 -0.0721627 0.589292 250 250 4
0.565681 0.0818077 0.576122 255 255 0
-0.00565313 -0.052318 0.687718 0 0 254
0.46524 -0.237757 0.573019 165 165 89
0.542276 -0.0892658 0.593339 223 223 31
0.33624 0.342836 0.526465 71 71 183
0.582327 -0.0276395 0.569893 255 255 0
0.0220507 0.161322 0.660056 1 1 253
0.479907 0.191245 0.594416 182 182 72
0.196073 0.0185201 0.690006 15 15 239
0.0881957 -0.20666 0.639728 5 5 249
0.338376 -0.027603 0.685507 78 78 176
0.473868 -0.1224 0.626664 169 169 85
0.123211 -0.0497793 0.687652 4 4 250
0.248908 0.0444738 0.688107 25 25 229
0.418113 0.0890575 0.658918 153 153 101
-0.45005 0.175017 0.617708 132 132 122
-0.132326 -0.263372 0.605534 10 10 244
-0.446678 -0.0989956 0.645887 169 169 85
0.26229 -0.155121 0.66252 30 30 224
0.151203 -0.328243 0.547947 16 16 238
0.607899 0.0560016 0.54032 255 255 0
-0.345072 0.054065 0.682609 98 98 156
0.509572 -0.243722 0.53922 175 175 79
-0.168604 0.262365 0.606183 20 20 234
0.443139 0.209952 0.602377 126 126 128
0.321003 -0.372716 0.488384 65 65 189
0.593699 -0.0257511 0.559523 255 255 0
0.0378943 -0.16486 0.658804 0 0 254
0.210453 -0.301984 0.573452 19 19 235
0.350724 -0.0485906 0.682068 64 64 190
0.282401 -0.0902765 0.681293 71 71 183
-0.140915 -0.298969 0.576573 6 6 248
-0.372335 0.167434 0.647854 76 76 178
-0.0874313 -0.119987 0.674569 3 3 251
-0.0508908 0.00195748 0.69016 1 1 253
0.210047 0.199568 0.644382 40 40 214
0.4636 0.12153 0.631283 193 193 61
0.405537 -0.168823 0.63722 99 99 155
0.101695 -0.0674334 0.685303 4 4 250
0.0647797 -0.330354 0.545695 3 3 251
0.247003 0.422054 0.397259 34 34 220
0.144575 0.0502342 0.687734 20 20 234
0.494262 0.248 0.547284 200 200 54
-0.0953235 -0.0932986 0.680931 2 2 252
-0.100184 -0.0579468 0.687198 6 6 248
0.38854 0.130536 0.656345 104 104 150
0.490359 0.164793 0.601476 197 197 57
0.377251 -0.28363 0.575467 83 83 171
0.527721 -0.231873 0.534334 251 251 3
0.460033 0.3375 0.475897 130 130 124
0.293148 0.141268 0.667105 45 45 209
0.290142 0.331883 0.54358 42 42 212
-0.173675 0.045734 0.688599 20 20 234
0.33374 -0.0899355 0.678023 97 97 157
-0.0988372 0.125922 0.672088 1 1 253
0.402379 0.298236 0.552975 114 114 140
-0.29304 -0.244051 0.618412 58 58 196
0.212964 -0.388534 0.468454 30 30 224
0.46267 -0.0345849 0.648964 150 150 104
-0.154767 0.0217753 0.690121 22 22 232
0.412185 0.270112 0.57438 139 139 115
0.282623 0.0939408 0.680078 48 48 206
-0.0649821 0.197573 0.644648 7 7 247
0.549443 0.142793 0.568803 255 255 0
0.058828 0.221185 0.632339 3 3 251
0.210846 0.12326 0.673569 20 20 234
0.582243 0.0916423 0.559414 255 255 0
0.288029 0.0918647 0.680673 50 50 204
0.386323 -0.0711013 0.671841 98 98 156
-0.0417903 0.0387533 0.688408 1 1 253
0.00716775 0.0540107 0.686849 0 0 254
0.306682 -0.166372 0.6578 44 44 210
0.0305426 0.194372 0.646236 3 3 251
0.424023 0.151617 0.638017 108 108 146
0.156361 0.331866 0.544796 19 19 235
0.447069 -0.0558115 0.653779 156 156 98
-0.0783895 0.09813 0.679772 0 0 254
0.417495 0.225224 0.604633 129 129 125
0.23263 0.325567 0.550669 40 40 214
-0.0742899 0.150721 0.664444 4 4 250
0.0347323 -0.154826 0.662866 0 0 254
0.045014 0.0162467 0.690217 0 0 254
-0.279867 -0.164927 0.65908 36 36 218
0.181661 -0.105282 0.67756 31 31 223
0.0378445 0.312674 0.56397 0 0 254
-0.0307922 -0.299083 0.57695 2 2 252
0.48241 0.302994 0.503355 186 186 68
-0.079533 -0.187034 0.649812 0 0 254
0.440465 0.0872231 0.651141 142 142 112
-0.308843 -0.0418204 0.687324 54 54 200
-0.317678 0.0266969 0.687994 85 85 169
0.195618 -0.0657376 0.685743 35 35 219
0.17604 0.0280892 0.689235 12 12 242
0.381161 0.0604747 0.674435 131 131 123
0.586867 -0.0216082 0.566957 255 255 0
0.198152 0.35513 0.517506 35 35 219
-0.159088 0.261128 0.607274 10 10 244
0.399741 -0.102802 0.661193 110 110 144
-0.368337 -0.208531 0.628723 72 72 182
0.272494 0.194792 0.646647 39 39 215
0.483335 -0.26501 0.539998 184 184 70
0.368246 0.0229168 0.680423 104 104 150
-0.0932963 0.208575 0.639648 3 3 251
-0.324523 -0.0267934 0.687726 93 93 161
0.153566 0.0806802 0.683642 12 12 242
0.569509 0.134527 0.555496 245 245 9
0.170519 0.032445 0.688931 12 12 242
0.257693 0.186773 0.650128 51 51 203
0.0211583 -0.0680347 0.685135 1 1 253
-0.0810526 0.131527 0.671211 0 0 254
0.231019 0.114498 0.675826 43 43 211
0.497209 0.0629132 0.628227 176 176 78
0.00972026 -0.283321 0.589728 0 0 254
0.361706 -0.184076 0.642059 101 101 153
0.502629 -0.0382626 0.628391 180 180 74
0.447552 0.0303037 0.655959 142 142 112
-0.0473582 -0.0676392 0.68584 0 0 254
-0.235022 0.248393 0.615266 47 47 207
0.271658 0.146232 0.666509 45 45 209
0.304776 -0.171111 0.65576 63 63 191
0.106859 0.0499156 0.688108 1 1 253
-0.003762 0.0712502 0.685154 1 1 253
0.0277976 -0.0119822 0.690317 1 1 253
0.38665 -0.0613877 0.672896 103 103 151
0.374022 -0.198194 0.633297 76 76 178
0.450432 -0.101433 0.643072 154 154 100
0.185734 0.121042 0.674141 13 13 241
0.250645 0.306379 0.57053 28 28 226
-0.0162641 -0.0550739 0.686669 0 0 254
0.286328 -0.115611 0.675002 38 38 216
-0.126462 -0.0678283 0.685304 10 10 244
0.122237 0.210388 0.638448 6 6 248
0.371209 -0.0298945 0.679432 84 84 170
-0.120627 -0.228978 0.627488 8 8 246
0.498682 0.293394 0.499891 174 174 80
-0.115659 0.266089 0.60318 5 5 249
0.433645 0.328299 0.506571 157 157 97
-0.0059105 -0.177512 0.654206 0 0 254
0.631283 -0.0587201 0.511678 255 255 0
0.325114 0.15612 0.659637 57 57 197
0.698635 0.0160482 0.39955 255 255 0
-0.242059 0.0182692 0.690543 34 34 220
0.289357 -0.411481 0.423196 72 72 182
0.0269142 -0.0988585 0.679419 0 0 254
-0.163965 0.120271 0.674002 8 8 246
0.419471 -0.0576959 0.66401 153 153 101
0.0701073 -0.264879 0.604484 3 3 251
0.51966 0.0259979 0.618416 229 229 25
0.52466 0.000447208 0.616452 228 228 26
0.133532 -0.242445 0.619725 4 4 250
0.369261 -0.167508 0.648341 104 104 150
0.280969 -0.193325 0.647211 44 44 210
-0.0157967 0.0152854 0.690051 0 0 254
0.000113272 -0.0284354 0.689394 0 0 254
-0.00881806 0.0697619 0.685108 1 1 253
0.339884 -0.176237 0.650299 81 81 173
0.556245 -0.151938 0.560047 230 230 24
0.435031 -0.0155922 0.661512 144 144 110
0.255262 0.296291 0.579209 55 55 199
-0.315758 -0.0408078 0.686722 55 55 199
-0.0978202 -0.0515352 0.687288 7 7 247
-0.0343777 0.0900858 0.681789 0 0 254
0.131004 -0.361948 0.508441 9 9 245
0.0982779 0.325726 0.551091 6 6 248
0.521386 0.244405 0.528747 239 239 15
-0.139587 0.16255 0.660074 6 6 248
0.563965 0.0539831 0.582888 255 255 0
0.401964 0.049452 0.670036 139 139 115
0.0709817 0.0886423 0.681488 3 3 251
0.231437 -0.101879 0.678721 48 48 206
0.0663022 0.405084 0.436266 8 8 246
0.612346 0.0139334 0.540572 255 255 0
0.10229 -0.0718992 0.684492 4 4 250
0.448738 0.151998 0.627712 173 173 81
-0.0216 -0.0785071 0.683532 0 0 254
-0.0166023 0.0674893 0.685539 0 0 254
-0.367293 -0.0767006 0.674468 77 77 177
0.235644 0.131682 0.67028 38 38 216
0.562542 -0.0445626 0.586566 255 255 0
-0.133391 -0.0116933 0.689915 10 10 244
0.00326184 -0.102923 0.678378 0 0 254
0.160394 0.234751 0.624179 22 22 232
0.50935 -0.0169335 0.625805 197 197 57
0.410517 -0.335988 0.508129 138 138 116
0.161531 -0.153822 0.663671 28 28 226
0.298884 0.173064 0.65517 40 40 214
0.185124 0.157063 0.662305 13 13 241
0.277068 0.066912 0.685406 57 57 197
0.0621812 0.0720719 0.68466 5 5 249
0.455914 0.0714606 0.647223 152 152 102
0.419223 -0.15586 0.638159 117 117 137
-0.132681 0.16691 0.658024 7 7 247
0.109545 0.11301 0.676566 4 4 250
0.134965 -0.0906266 0.681699 15 15 239
-0.301734 -0.032215 0.688557 47 47 207
0.104319 -0.148856 0.665043 4 4 250
-0.0739328 0.00118975 0.690084 2 2 252
-0.0365468 -0.37619 0.488035 1 1 253
0.00213367 0.180535 0.652368 1 1 253
-0.19772 -0.139951 0.668042 17 17 237
0.172829 0.0910078 0.68109 10 10 244
0.403428 -0.0723078 0.666672 144 144 110
0.344094 -0.152188 0.658512 61 61 193
0.221599 -0.376395 0.487561 41 41 213
-0.135121 0.136246 0.669825 18 18 236
0.206643 0.0715419 0.684994 21 21 233
-0.0340879 0.169522 0.657747 4 4 250
-0.203306 0.192116 0.647938 19 19 235
0.228622 -0.10813 0.676918 21 21 233
0.438286 0.21776 0.600309 136 136 118
0.0823551 -0.122745 0.672951 4 4 250
0.313378 -0.252769 0.611502 63 63 191
0.241212 0.256861 0.609739 48 48 206
-0.188553 -0.108871 0.677375 13 13 241
0.333964 -0.0649442 0.681854 91 91 163
-0.256621 -0.191589 0.648191 42 42 212
0.390419 0.0383728 0.674887 129 129 125
0.376273 0.146947 0.654098 103 103 151
0.110908 0.132165 0.670767 8 8 246
0.225866 -0.218015 0.634434 31 31 223
0.0238211 0.173881 0.655775 0 0 254
0.0188583 0.0988576 0.679874 0 0 254
0.0792228 0.261322 0.606453 2 2 252
0.581364 0.0207729 0.571704 254 254 0
0.469785 -0.111555 0.631455 150 150 104
0.413134 0.0657013 0.665039 130 130 124
-0.131475 0.29237 0.582633 4 4 250
-0.152145 -0.151214 0.664463 8 8 246
0.235987 -0.239755 0.621413 26 26 228
0.104863 -0.314659 0.562064 7 7 247
0.131286 -0.0699892 0.684581 12 12 242
-0.134582 0.0553485 0.686957 9 9 245
-0.0466432 0.109034 0.676959 0 0 254
0.30626 0.0825582 0.681475 84 84 170
0.410959 0.145034 0.645455 119 119 135
-0.317703 0.0200808 0.688751 91 91 163
-0.363187 -0.00588108 0.681872 86 86 168
0.412453 0.100093 0.657513 125 125 129
-0.0433041 0.0698789 0.684765 1 1 253
0.217915 -0.180467 0.652702 23 23 231
0.375389 -0.192463 0.63536 89 89 165
0.373609 0.161811 0.649459 84 84 170
-0.152494 -0.366678 0.501116 14 14 240
0.2896 -0.331081 0.545379 61 61 193
-0.0313524 0.140953 0.667469 0 0 254
-0.167118 0.166168 0.659216 13 13 241
0.444079 -0.16572 0.624319 163 163 91
0.203549 -0.101017 0.679417 26 26 228
0.136149 0.180088 0.65241 14 14 240
0.21997 -0.363526 0.504935 31 31 223
0.122788 0.170588 0.657153 14 14 240
0.384345 -0.269859 0.583973 97 97 157
0.362611 -0.144617 0.65794 92 92 162
0.606305 0.0137823 0.547921 255 255 0
0.348436 0.426182 0.367697 90 90 164
-0.166842 -0.0583082 0.686697 21 21 233
0.380046 -0.378293 0.460667 114 114 140
0.192487 0.0918237 0.680754 15 15 239
-0.17663 0.304886 0.571029 14 14 240
-0.121013 -0.302058 0.573407 6 6 248
0.397935 0.0465296 0.671987 128 128 126
0.623379 0.182809 0.46225 255 255 0
0.308203 -0.0504559 0.686298 45 45 209
0.000862174 -0.0444353 0.688415 0 0 254
-0.16397 -0.266595 0.603623 13 13 241
-0.215919 -0.247729 0.616485 28 28 226
-0.218012 -0.220293 0.632517 42 42 212
0.0620133 0.0631697 0.685573 1 1 253
0.460852 0.0819227 0.643312 145 145 109
0.0197361 -0.166873 0.658524 2 2 252
0.177531 -0.182584 0.651774 17 17 237
0.555282 -0.204053 0.530188 220 220 34
0.23124 -0.158766 0.66197 38 38 216
-0.235922 -0.0103399 0.68998 26 26 228
0.43961 -0.360534 0.455639 154 154 100
0.377463 0.0866127 0.670683 119 119 135
0.145733 -0.253868 0.612603 13 13 241
0.588112 0.165418 0.520696 251 251 3
-0.100602 -0.0839726 0.682667 2 2 252
0.399594 -0.123414 0.655569 121 121 133
0.351817 0.245678 0.610584 70 70 184
-0.0184614 0.203897 0.642018 0 0 254
0.32097 0.219073 0.631582 80 80 174
0.334265 -0.211061 0.634291 79 79 175
0.410541 0.0793813 0.663474 111 111 143
0.525911 0.348009 0.380186 212 212 42
0.380247 0.0462917 0.67656 98 98 156
-0.0846577 -0.172386 0.656139 4 4 250
0.466199 0.130657 0.627748 158 158 96
0.329355 -0.0906657 0.677743 78 78 176
-0.0985456 0.0475245 0.687864 4 4 250
0.186183 -0.0737899 0.68474 13 13 241
0.486915 -0.0011108 0.639206 208 208 46
0.0334613 0.139635 0.667775 0 0 254
0.112011 -0.121314 0.674134 15 15 239
-0.343425 -0.179197 0.648355 81 81 173
0.272485 -0.111043 0.676204 36 36 218
-0.0941634 -0.108107 0.677731 5 5 249
0.142945 -0.232657 0.625551 9 9 245
0.530736 -0.239606 0.525731 237 237 17
0.0769654 -0.143334 0.666778 10 10 244
0.108944 -0.0079115 0.690356 3 3 251
0.513636 0.102323 0.610246 190 190 64
0.141273 0.266198 0.602831 20 20 234
-0.382503 -0.102164 0.666072 82 82 172
-0.0900394 0.316329 0.560793 11 11 243
0.131912 -0.0191421 0.690302 9 9 245
0.123427 0.0295499 0.689555 5 5 249
0.324543 -0.0593184 0.684322 61 61 193
0.414754 0.0705567 0.663285 141 141 113
0.404462 -0.263675 0.581764 115 115 139
0.375934 0.196415 0.632694 96 96 158
0.486858 0.219617 0.573535 151 151 103
0.309698 0.274216 0.595765 47 47 207
-0.0819535 -0.113007 0.675626 5 5 249
0.493924 0.0953359 0.623013 185 185 69
-0.0069813 0.0395246 0.688786 0 0 254
-0.109266 0.0958248 0.679819 6 6 248
-0.293231 -0.0971157 0.679447 41 41 213
0.344496 0.329138 0.539821 76 76 178
0.221633 0.157522 0.661876 19 19 235
-0.0249283 -0.19956 0.643499 0 0 254
0.129699 0.303268 0.573255 15 15 239
-0.0413361 -0.332192 0.544381 1 1 253
0.299571 -0.212609 0.636942 49 49 205
0.200365 0.0963321 0.680307 23 23 231
-0.042831 -0.166695 0.658858 0 0 254
-0.101357 0.127279 0.672352 2 2 252
0.618677 0.114889 0.509971 255 255 0
0.377061 -0.0830863 0.671079 120 120 134
0.170102 -0.208144 0.638918 25 25 229
0.0770333 -0.160406 0.661062 9 9 245
0.10977 -0.0216412 0.689676 8 8 246
-0.15351 -0.0570356 0.687221 18 18 236
0.35941 -0.0539576 0.679274 89 89 165
-0.0171751 -0.153935 0.663322 0 0 254
0.0570958 0.397074 0.452621 3 3 251
0.65648 0.0145319 0.483638 255 255 0
0.0551686 0.225317 0.629498 4 4 250
-0.0905673 -0.0780965 0.683574 4 4 250
0.060527 -0.389767 0.464435 1 1 253
0.155983 0.0438756 0.688672 16 16 238
-0.0220431 -0.144148 0.666631 0 0 254
0.578933 -0.0268648 0.57387 255 255 0
0.212054 -0.0703342 0.685271 23 23 231
0.0349804 -0.368008 0.499906 0 0 254
0.221274 0.198226 0.645034 18 18 236
0.0569442 0.00166086 0.690389 3 3 251
0.0546526 -0.00248257 0.690436 1 1 253
0.262101 -0.0201184 0.690431 31 31 223
0.216689 0.21382 0.636434 20 20 234
0.561087 -0.12264 0.567686 234 234 20
0.664687 0.0499128 0.465129 255 255 0
-0.0945504 0.181149 0.651991 1 1 253
0.378548 0.0226738 0.678627 130 130 124
-0.262031 0.0637477 0.685821 37 37 217
0.469443 0.018224 0.646941 161 161 93
0.119253 -0.15482 0.663138 6 6 248
0.470943 0.316215 0.495955 169 169 85
-0.250256 0.13175 0.670314 27 27 227
0.127717 0.0414729 0.689054 4 4 250
-0.0474739 0.257327 0.609471 0 0 254
0.0351232 0.0270559 0.689999 0 0 254
0.0197694 -0.172487 0.655943 0 0 254
0.226455 0.118766 0.674447 38 38 216
0.473697 -0.105923 0.631128 149 149 105
0.16743 -0.0269883 0.689993 12 12 242
0.229514 0.32141 0.555505 40 40 214
0.237135 0.213374 0.636587 23 23 231
-0.315634 -0.191668 0.646276 64 64 190
0.0877022 0.133723 0.669828 1 1 253
0.257836 -0.192877 0.647613 28 28 226
0.390275 -0.314895 0.542195 115 115 139
0.441734 -0.0203088 0.658482 135 135 119
0.120493 -0.119069 0.674792 5 5 249
0.242318 0.00977514 0.690806 46 46 208
-0.341417 -0.257069 0.604199 72 72 182
0.113128 0.144165 0.666366 5 5 249
0.187577 -0.113539 0.676414 17 17 237
0.0225262 -0.0654355 0.685904 2 2 252
0.484619 0.351717 0.429438 212 212 42
-0.121481 0.0314119 0.689771 3 3 251
0.550781 0.0860547 0.587576 233 233 21
0.20586 0.0555856 0.686597 25 25 229
0.654862 -0.0841977 0.470113 255 255 0
0.0442144 0.0879859 0.681493 1 1 253
0.0374955 0.27892 0.59336 3 3 251
0.308944 -0.0475432 0.687153 84 84 170
0.638223 -0.190218 0.431166 255 255 0
0.396131 -0.179171 0.635971 133 133 121
-0.124154 -0.12919 0.67154 7 7 247
0.474363 0.213516 0.583708 161 161 93
0.017718 -0.275832 0.596104 0 0 254
-0.0956925 -0.0124205 0.689873 4 4 250
0.240061 -0.151944 0.664529 22 22 232
-0.0111251 0.120548 0.674106 1 1 253
0.169236 -0.109659 0.677334 13 13 241
0.0323275 0.251366 0.613568 0 0 254
0.482727 0.1887 0.594261 188 188 66
0.240084 0.404257 0.437142 35 35 219
0.246203 0.258138 0.609435 43 43 211
-0.383626 -0.220775 0.618448 133 133 121
-0.281203 0.175658 0.655217 37 37 217
-0.125168 0.0567012 0.687124 7 7 247
0.363306 0.106248 0.669477 106 106 148
0.595267 -0.0739616 0.550114 255 255 0
0.135378 -0.12175 0.673202 6 6 248
0.0467699 0.107477 0.677384 0 0 254
0.00717752 -0.0370666 0.688765 0 0 254
0.367545 -0.0719961 0.675009 118 118 136
0.116431 0.0864676 0.682249 7 7 247
0.529913 -0.242757 0.52262 226 226 28
0.239904 0.129198 0.671785 28 28 226
0.378448 -0.321227 0.538584 93 93 161
0.341444 0.230068 0.622046 82 82 172
-0.0831424 -0.00445117 0.690263 2 2 252
0.0127101 0.069143 0.685572 1 1 253
0.479358 -0.147775 0.614915 185 185 69
0.431524 -0.18741 0.619983 167 167 87
0.0427818 0.230281 0.627344 0 0 254
0.416232 0.117932 0.651873 128 128 126
0.25037 0.0632077 0.686004 37 37 217
0.413741 -0.255601 0.585197 119 119 135
0.339775 0.0127945 0.6857 101 101 153
-0.0752657 -0.369566 0.497776 8 8 246
0.188228 0.34648 0.527654 20 20 234
0.269803 0.0943382 0.680608 53 53 201
0.100433 0.069696 0.685333 1 1 253
0.0611786 -0.133483 0.67033 1 1 253
0.146272 0.0923738 0.681006 10 10 244
-0.414722 0.177585 0.630146 108 108 146
0.273807 -0.0250901 0.690005 59 59 195
0.27981 -0.177584 0.653916 56 56 198
-0.282109 -0.0441015 0.688285 36 36 218
0.393337 -0.180697 0.636413 119 119 135
-0.0392525 -0.11863 0.674886 0 0 254
0.630608 0.156584 0.471266 255 255 0
0.246148 -0.187825 0.649588 40 40 214
0.160505 -0.162837 0.659845 19 19 235
-0.0434184 -0.223772 0.631364 1 1 253
0.461016 0.0447407 0.649232 172 172 82
-0.297598 -0.12599 0.671979 45 45 209
-0.300792 -0.327557 0.548104 51 51 203
0.386033 0.221302 0.616805 99 99 155
0.095209 0.0438345 0.688338 6 6 248
0.374464 0.328346 0.53217 101 101 153
0.238977 0.237711 0.623006 32 32 222
0.136298 0.086848 0.682324 6 6 248
-0.00497291 0.0250715 0.689686 0 0 254
-0.214839 -0.213082 0.63691 34 34 220
0.217904 0.355135 0.516452 24 24 230
0.305662 -0.1946 0.645402 46 46 208
0.200208 0.21082 0.638449 32 32 222
0.0173117 -0.301927 0.573591 0 0 254
-0.318593 0.0698822 0.68345 55 55 199
-0.134628 -0.264165 0.605391 11 11 243
0.32117 -0.239684 0.619251 87 87 167
0.551573 -0.149725 0.564666 255 255 0
-0.0430576 -0.2226 0.631964 0 0 254
0.205346 -0.177826 0.653923 35 35 219
0.50764 0.112375 0.610972 197 197 57
-0.288452 -0.019888 0.689635 50 50 204
0.48496 0.0347676 0.638826 179 179 75
0.595516 0.0656881 0.551547 255 255 0
-0.441208 0.127861 0.640211 125 125 129
0.122061 0.0895526 0.68161 5 5 249
0.377768 0.111442 0.664476 118 118 136
-0.194629 -0.198191 0.644374 31 31 223
0.442813 -0.298298 0.533795 172 172 82
0.382284 -0.232662 0.610837 132 132 122
-0.0823716 0.0304621 0.689002 3 3 251
0.459938 0.182031 0.60906 162 162 92
0.473239 0.190191 0.598513 153 153 101
0.331084 0.159659 0.6583 72 72 182
-0.322343 -0.0512227 0.685193 51 51 203
0.30348 -0.0352238 0.688499 42 42 212
-0.0301184 0.12934 0.671596 0 0 254
0.152354 0.285232 0.587922 11 11 243
0.427625 -0.00365136 0.664408 139 139 115
-0.165322 0.0565095 0.686741 19 19 235
0.410846 -0.0642837 0.665291 112 112 142
0.310753 -0.106608 0.676028 87 87 167
-0.295554 0.262662 0.60518 40 40 214
0.190353 -0.166239 0.658285 11 11 243
0.417202 -0.138651 0.645612 113 113 141
0.393101 0.0292355 0.674886 92 92 162
0.0252631 -0.0124631 0.69028 0 0 254
0.0297744 0.241553 0.620253 0 0 254
0.285964 0.122754 0.673616 58 58 196
0.446909 0.113502 0.641426 163 163 91
0.668464 -0.195643 0.348953 255 255 0
0.164918 -0.25885 0.608776 9 9 245
-0.0486904 0.399021 0.448448 0 0 254
0.176353 -0.0747912 0.684556 24 24 230
0.0736712 0.0554475 0.687525 2 2 252
0.396362 0.0100222 0.674281 120 120 134
-0.277316 -0.0772283 0.684233 38 38 216
0.318986 0.281194 0.589439 87 87 167
0.223201 0.0756737 0.684165 41 41 213
0.459585 0.0226036 0.651395 158 158 96
0.399782 0.142626 0.648922 109 109 145
0.117678 0.10651 0.677885 5 5 249
0.351534 -0.313181 0.554666 94 94 160
0.167576 0.0265231 0.689608 28 28 226
0.190468 0.336381 0.539202 25 25 229
0.0420042 -0.0603283 0.68631 4 4 250
0.375878 -0.129917 0.660228 78 78 176
-0.283679 0.0360319 0.689405 44 44 210
0.267894 0.120876 0.674391 47 47 207
0.0482284 0.0644865 0.685508 0 0 254
0.527799 0.169479 0.574353 210 210 44
0.141127 -0.0489733 0.687936 8 8 246
0.319163 0.362858 0.503695 51 51 203
0.115111 0.151881 0.66457 7 7 247
0.433405 -0.120598 0.644927 122 122 132
0.540609 -0.119972 0.585323 208 208 46
0.287847 -0.103833 0.678306 41 41 213
0.310418 -0.0301494 0.688421 69 69 185
0.445082 -0.0731136 0.651879 164 164 90
0.289008 -0.412622 0.419799 61 61 193
0.550931 -0.0804977 0.58832 228 228 26
0.259214 -0.206553 0.640776 61 61 193
0.247056 0.0789883 0.683655 26 26 228
0.536607 -0.026424 0.606963 233 233 21
0.34481 0.10452 0.672864 105 105 149
0.000579049 -0.0449882 0.688207 0 0 254
0.378713 0.340852 0.515924 125 125 129
0.257959 0.2469 0.61727 43 43 211
0.532631 0.174426 0.567635 230 230 24
0.0569434 0.091619 0.680775 2 2 252
0.270028 -0.35759 0.513312 56 56 198
0.436601 0.0979638 0.649413 116 116 138
0.308793 0.420124 0.400045 67 67 187
-0.29493 0.10346 0.677755 39 39 215
0.0165063 0.0869403 0.681877 1 1 253
0.294981 0.249959 0.614745 76 76 178
0.3701 -0.0266582 0.680332 102 102 152
0.303402 -0.15777 0.661412 62 62 192
-0.111634 -0.0133597 0.690485 4 4 250
-0.0476368 -0.0844799 0.682364 0 0 254
0.2898 0.160123 0.660741 41 41 213
0.23119 0.151284 0.663779 42 42 212
0.0161099 0.154817 0.663093 0 0 254
0.309579 -0.034409 0.687867 61 61 193
-0.0112922 -0.0815393 0.68352 0 0 254
0.251189 0.205163 0.640772 51 51 203
0.296501 -0.141591 0.66736 48 48 206
0.547002 0.238552 0.510333 235 235 19
-0.345657 -0.0739088 0.67908 83 83 171
-0.257393 -0.349062 0.523967 35 35 219
-0.283352 0.0735765 0.684322 61 61 193
0.445592 0.073755 0.651033 152 152 102
0.30762 -0.421382 0.394656 49 49 205
0.122708 -0.366003 0.503162 12 12 242
0.0584882 0.193159 0.646561 4 4 250
0.487087 -0.0660772 0.633147 187 187 67
0.344296 -0.0307177 0.684902 79 79 175
-0.0246147 0.194201 0.645942 0 0 254
0.406197 -0.141847 0.648044 127 127 127
-0.147867 0.0914261 0.681128 10 10 244
0.364302 0.159603 0.65193 86 86 168
0.262033 0.10161 0.67842 56 56 198
0.392653 0.329216 0.524117 121 121 133
0.311005 -0.191265 0.646862 68 68 186
0.501812 0.021587 0.629787 192 192 62
-0.286118 0.285879 0.587679 47 47 207
0.352653 0.337516 0.528934 76 76 178
0.377887 -0.276184 0.580756 112 112 142
0.144547 0.156011 0.663001 12 12 242
-0.245236 0.0371781 0.689212 51 51 203
0.41643 0.158721 0.638283 106 106 148
-0.262437 0.232501 0.625299 37 37 217
0.240624 -0.116585 0.675194 30 30 224
0.216964 0.0563986 0.687206 34 34 220
0.329001 -0.345357 0.523977 96 96 158
0.444728 -0.0202022 0.657554 137 137 117
-0.310601 -0.216774 0.633001 58 58 196
0.142871 -0.278271 0.594097 16 16 238
-0.345731 0.139008 0.662885 86 86 168
0.378183 0.312469 0.548035 84 84 170
0.232029 0.25398 0.611733 31 31 223
0.312257 0.102458 0.67715 69 69 185
0.502664 0.135415 0.606419 210 210 44
0.461852 0.368068 0.421772 144 144 110
0.643644 -0.164857 0.44429 255 255 0
-0.213006 0.319801 0.557396 42 42 212
0.0466268 0.00898737 0.69088 2 2 252
0.405152 -0.274658 0.573207 129 129 125
0.442759 -0.0109086 0.658648 118 118 136
0.207035 -0.079695 0.683374 16 16 238
0.498297 -0.329334 0.453264 193 193 61
-0.11119 0.224333 0.630884 7 7 247
0.176517 0.0247758 0.689788 28 28 226
0.239915 0.292631 0.582502 51 51 203
0.503625 0.33194 0.442644 181 181 73
-0.27797 0.117789 0.675116 43 43 211
0.202287 -0.0160342 0.690606 29 29 225
0.03371 0.360181 0.510848 0 0 254
0.171135 0.0013385 0.690233 20 20 234
-0.356306 0.0922585 0.673357 70 70 184
-0.0740266 0.189355 0.648593 2 2 252
0.00286183 -0.157557 0.661647 0 0 254
0.380491 -0.136117 0.656364 106 106 148
0.0732552 0.0245153 0.689558 4 4 250
0.140906 -0.0504053 0.68733 21 21 233
0.201252 -0.0400746 0.688493 36 36 218
0.144041 -0.231619 0.626666 18 18 236
0.0666551 -0.0777533 0.683657 0 0 254
0.384368 0.121347 0.659942 122 122 132
-0.305907 0.251832 0.612647 46 46 208
0.407189 -0.196131 0.624062 125 125 129
-0.289595 -0.116718 0.674921 46 46 208
0.177896 0.177664 0.653875 13 13 241
0.427967 -0.31544 0.523594 131 131 123
0.238163 -0.146403 0.66595 27 27 227
0.237769 0.14762 0.665789 39 39 215
0.687939 0.0722085 0.410067 255 255 0
0.585195 -0.243315 0.462113 255 255 0
-0.0776818 -0.131912 0.670342 5 5 249
0.380203 -0.137476 0.657021 127 127 127
0.521014 -0.0741322 0.611799 189 189 65
0.0741249 0.1146 0.675792 2 2 252
0.413605 0.144334 0.644313 132 132 122
0.373375 -0.00192711 0.67974 95 95 159
0.416036 0.167719 0.633905 157 157 97
-0.0828869 -0.317961 0.559156 1 1 253
0.107995 -0.119824 0.67377 5 5 249
0.528894 -0.130703 0.589829 190 190 64
-0.14912 0.00838944 0.690049 11 11 243
0.313477 0.175579 0.65368 82 82 172
0.0443639 0.0848434 0.682483 0 0 254
-0.251213 0.252672 0.613424 42 42 212
-0.124382 -0.224118 0.630164 17 17 237
0.313137 -0.0201406 0.688939 75 75 179
0.0387778 -0.178978 0.653675 1 1 253
0.123567 0.110663 0.677062 13 13 241
0.2217 -0.18475 0.650528 19 19 235
0.131433 0.316906 0.559425 5 5 249
-0.0585035 -0.15739 0.661787 0 0 254
-0.367561 0.151664 0.654449 85 85 169
0.479146 -0.175099 0.602878 148 148 106
0.592305 -0.259748 0.430067 255 255 0
-0.19562 -0.246924 0.616624 16 16 238
-0.305177 0.203335 0.640535 60 60 194
0.249701 0.194307 0.646431 32 32 222
0.407559 -0.163224 0.63897 123 123 131
0.648291 0.185212 0.416312 255 255 0
0.465064 -0.258337 0.558273 141 141 113
0.509459 -0.0882912 0.615747 204 204 50
0.00859312 0.162451 0.659889 2 2 252
0.428968 0.27373 0.563685 143 143 111
0.0826697 -0.245785 0.617797 5 5 249
0.0829435 -0.0730009 0.684978 0 0 254
0.0190774 0.119825 0.674386 0 0 254
0.0144966 -0.108661 0.676678 1 1 253
0.224186 0.362808 0.506222 47 47 207
0.220117 0.399825 0.447804 37 37 217
0.0234692 0.359441 0.510996 2 2 252
0.0899979 -0.148228 0.665837 1 1 253
-0.15164 0.0381424 0.688739 11 11 243
0.0794384 0.145561 0.666343 3 3 251
-0.0537422 -0.0987904 0.679789 6 6 248
-0.000673518 -0.0788117 0.683733 0 0 254
0.677137 0.0245236 0.446821 255 255 0
0.00307652 -0.159 0.66122 0 0 254
0.504938 -0.0136959 0.62806 228 228 26
0.0785644 0.313824 0.562886 2 2 252
0.3337 0.135208 0.666228 91 91 163
0.0117553 0.0169474 0.690507 1 1 253
0.428842 -0.0119572 0.664238 136 136 118
-0.292985 0.00281197 0.690709 46 46 208
0.358435 -0.041502 0.68124 101 101 153
0.1616 0.120833 0.673752 10 10 244
0.158085 -0.0715847 0.685053 12 12 242
0.503395 -0.0867538 0.6204 226 226 28
0.400886 0.205719 0.621329 93 93 161
0.0058464 -0.0246683 0.689657 0 0 254
0.349971 -0.406475 0.418796 106 106 148
-0.224968 -0.00873721 0.690225 22 22 232
0.284084 -0.126442 0.672675 66 66 188
0.123027 -0.255577 0.610535 6 6 248
0.439223 0.00564368 0.660081 119 119 135
0.469308 -0.0564923 0.64377 137 137 117
0.605437 0.192302 0.480534 255 255 0
-0.307937 0.0637567 0.684769 53 53 201
-0.43443 0.0259804 0.661186 145 145 109
0.241365 0.391547 0.461925 37 37 217
0.0128843 0.24533 0.617474 0 0 254
0.496922 -0.0548471 0.629519 217 217 37
0.324241 0.282967 0.587155 61 61 193
0.0946801 -0.219787 0.633257 3 3 251
0.337717 -0.361934 0.500784 57 57 197
-0.388445 -0.00704447 0.676102 88 88 166
-0.0412152 0.0670421 0.685431 4 4 250
0.616933 0.0646173 0.529381 255 255 0
-0.0214844 0.17691 0.654381 0 0 254
0.132897 -0.198527 0.643845 17 17 237
0.0342672 -0.0134224 0.690735 0 0 254
0.431389 -0.0597839 0.659234 161 161 93
0.142515 0.19838 0.644081 10 10 244
0.506389 -0.108192 0.613164 179 179 75
0.325692 -0.2139 0.633258 95 95 159
0.219435 0.200336 0.643205 19 19 235
0.543483 -0.0392301 0.601277 215 215 39
0.464671 0.191154 0.602365 158 158 96
0.210764 -0.184765 0.650558 15 15 239
0.0239574 0.163931 0.65936 1 1 253
-0.0391045 0.386295 0.47137 0 0 254
0.47546 0.290071 0.522675 179 179 75
0.0359102 -0.0570611 0.687085 1 1 253
-0.126633 -0.0404214 0.688612 7 7 247
0.190822 0.09481 0.680749 16 16 238
0.0931436 -0.127148 0.672521 9 9 245
0.443075 -0.0711868 0.653288 143 143 111
0.212111 0.217841 0.63375 34 34 220
0.524351 0.0770636 0.608914 251 251 3
0.507751 0.00532331 0.626785 178 178 76
0.261795 0.133656 0.670088 31 31 223
-0.303008 -0.00680113 0.690211 63 63 191
0.210725 -0.181589 0.652584 41 41 213
-0.389784 0.280864 0.57329 108 108 146
-0.342409 -0.0798511 0.678722 85 85 169
0.284903 0.307348 0.569728 43 43 211
0.0622362 0.291931 0.583205 0 0 254
0.42784 0.34327 0.490358 144 144 110
0.297274 0.190122 0.648213 69 69 185
0.371167 0.27632 0.582721 121 121 133
-0.0126541 0.180034 0.652874 1 1 253
-0.235454 -0.100024 0.678796 26 26 228
-0.0802693 0.171822 0.656241 6 6 248
0.0820076 -0.142692 0.666941 6 6 248
0.0821565 -0.179949 0.652622 8 8 246
0.336035 -0.0443307 0.684923 83 83 171
0.126631 -0.0462908 0.688614 7 7 247
0.316694 -0.207466 0.638077 64 64 190
0.589799 -0.111532 0.54552 255 255 0
0.210751 -0.0145422 0.689988 19 19 235
-0.0360652 0.147151 0.665686 0 0 254
-0.445363 -0.0796396 0.649868 174 174 80
-0.119417 0.310002 0.566363 5 5 249
0.296767 -0.115671 0.674659 67 67 187
0.280543 0.247882 0.616314 55 55 199
-0.227586 0.340548 0.535216 25 25 229
0.083415 -0.0313985 0.689567 6 6 248
0.388964 0.108223 0.663332 107 107 147
0.30143 -0.0338907 0.688718 59 59 195
0.223957 0.103164 0.678561 22 22 232
0.204541 -0.126087 0.672571 37 37 217
0.30165 -0.13133 0.670027 61 61 193
0.37587 -0.167184 0.647086 99 99 155
0.0657208 0.134369 0.669828 0 0 254
0.121051 0.0309474 0.689592 4 4 250
0.0281463 0.00239813 0.690546 0 0 254
0.368958 0.200515 0.632644 98 98 156
0.469126 -0.0759212 0.640311 197 197 57
0.514533 -0.0216644 0.622118 237 237 17
0.0812187 -0.226441 0.629132 7 7 247
-0.168081 -0.213539 0.636799 12 12 242
0.323855 -0.184438 0.648852 78 78 176
0.416979 0.0270709 0.667128 117 117 137
0.274217 -0.175096 0.655557 36 36 218
0.313914 0.0340554 0.687499 73 73 181
0.360529 -0.273837 0.588194 77 77 177
0.3011 0.079626 0.682434 40 40 214
0.189827 -0.201892 0.643208 21 21 233
0.0155529 0.135273 0.66947 0 0 254
-0.327736 -0.0301994 0.686908 75 75 179
-0.141154 0.303171 0.573369 6 6 248
-0.330029 -0.129111 0.668173 90 90 164
0.43604 0.0165601 0.66099 128 128 126
-0.353763 0.148732 0.658263 86 86 168
0.0579927 0.0981712 0.679372 2 2 252
0.389633 -0.0999879 0.664306 136 136 118
0.224835 0.139952 0.668605 21 21 233
0.270576 -0.313116 0.563687 38 38 216
0.164754 -0.144558 0.666217 28 28 226
-0.0335633 0.0238542 0.689705 0 0 254
0.152381 -0.0122665 0.690417 12 12 242
-0.215374 -0.186004 0.650037 19 19 235
0.231539 0.197142 0.6453 21 21 233
0.147737 -0.387428 0.470366 13 13 241
-0.0634803 0.00686129 0.690707 1 1 253
-0.0465251 -0.0610612 0.686754 1 1 253
0.117123 0.323782 0.552755 8 8 246
0.471035 0.189575 0.600098 200 200 54
0.597363 -0.0502538 0.553097 255 255 0
0.0975552 0.0925163 0.680633 3 3 251
0.378346 -0.212153 0.624616 98 98 156
0.488848 0.0607067 0.633577 173 173 81
0.569219 0.234917 0.490676 255 255 0
0.427364 0.330336 0.506893 133 133 121
0.00534823 0.220508 0.632737 0 0 254
-0.394685 0.153003 0.64675 140 140 114
-0.312642 -0.190393 0.646564 65 65 189
0.0462062 -0.103016 0.67856 0 0 254
-0.138424 0.0201376 0.689965 12 12 242
0.364507 0.0535893 0.67838 115 115 139
0.18732 0.378146 0.484109 16 16 238
-0.0319821 0.0803478 0.683055 0 0 254
0.38754 0.229294 0.611376 98 98 156
0.0089464 -0.177439 0.654218 0 0 254
0.538122 0.158163 0.572161 203 203 51
0.342328 -0.332146 0.536716 70 70 184
0.164606 0.345272 0.52845 14 14 240
0.324812 0.342957 0.527451 69 69 185
0.400225 0.368054 0.469259 138 138 116
-0.210498 -0.0687242 0.685245 28 28 226
-0.227021 -0.202889 0.642523 20 20 234
0.0806281 -0.186757 0.65037 2 2 252
0.242092 0.283045 0.590624 43 43 211
0.593723 0.101777 0.544251 255 255 0
0.573409 -0.147582 0.54519 255 255 0
-0.0649681 -0.33679 0.538918 0 0 254
0.108805 -0.173281 0.65579 10 10 244
0.0395789 -0.10043 0.678839 1 1 253
0.196996 -0.196812 0.644882 27 27 227
0.487816 -0.117861 0.620374 208 208 46
0.547152 -0.139282 0.573217 221 221 33
0.119542 0.00108985 0.690739 4 4 250
0.637777 -0.0951113 0.492415 255 255 0
0.103188 0.0391663 0.688464 5 5 249
0.405369 0.168319 0.638135 100 100 154
0.0563733 0.349374 0.523494 0 0 254
0.104026 -0.132589 0.670113 7 7 247
0.515734 0.112765 0.605475 243 243 11
0.1862 -0.294892 0.579846 22 22 232
0.277909 -0.147045 0.66612 48 48 206
0.336417 -0.224188 0.62614 56 56 198
-0.0912216 -0.270311 0.59994 4 4 250
0.357581 -0.178894 0.646094 109 109 145
-0.222147 0.15398 0.66315 28 28 226
-0.0219985 0.0746348 0.683804 0 0 254
0.389802 0.248696 0.598085 103 103 151
0.177972 0.157732 0.662435 31 31 223
0.240395 0.0712749 0.684753 47 47 207
0.545379 0.0364413 0.60052 243 243 11
0.266754 -0.118728 0.674252 52 52 202
0.341335 -0.194075 0.641265 80 80 174
0.0430935 0.124251 0.673503 0 0 254
0.0861163 0.0569468 0.686653 0 0 254
0.297593 0.14079 0.667931 46 46 208
0.000477959 0.157398 0.661826 0 0 254
0.088506 0.041002 0.68882 3 3 251
0.542145 -0.326757 0.399891 221 221 33
0.361809 -0.173489 0.647217 75 75 179
0.289499 -0.0228622 0.68973 49 49 205
-0.422339 -0.125522 0.647707 141 141 113
0.463274 -0.169803 0.614094 158 158 96
0.144825 0.165417 0.65902 20 20 234
0.135891 -0.201723 0.642355 9 9 245
0.0267651 0.107217 0.67756 2 2 252
-0.02534 0.319382 0.55805 0 0 254
0.302686 -0.292351 0.581323 54 54 200
0.316584 -0.0767505 0.681809 73 73 181
0.597915 -0.0553826 0.550992 255 255 0
0.441952 0.123113 0.641003 126 126 128
0.494281 -0.268592 0.529421 203 203 51
0.0735072 -0.0162698 0.690552 6 6 248
0.089792 0.108976 0.676915 9 9 245
0.469874 0.0463235 0.644239 154 154 100
0.389552 0.0327999 0.675054 112 112 142
0.125221 -0.338895 0.536432 8 8 246
-0.278834 -0.106525 0.678046 41 41 213
0.030837 -0.0450016 0.688311 0 0 254
0.453989 0.0266192 0.653982 143 143 111
0.436139 -0.0373395 0.66019 155 155 99
-0.119709 0.197819 0.645116 8 8 246
0.0167088 -0.33722 0.537986 0 0 254
0.244219 -0.115933 0.675617 26 26 228
0.29631 -0.125668 0.672636 64 64 190
0.41987 -0.30288 0.541666 124 124 130
0.331308 0.291701 0.578648 80 80 174
0.335009 0.151392 0.660085 96 96 158
0.180765 -0.119969 0.674173 27 27 227
0.16972 0.0438122 0.687972 26 26 228
0.404396 -0.00312282 0.67237 136 136 118
0.431153 -0.0938201 0.652958 133 133 121
0.0276534 0.296893 0.579044 2 2 252
-0.00798323 0.222358 0.631223 0 0 254
-0.363355 -0.0888322 0.673314 100 100 154
0.337399 0.180685 0.648369 78 78 176
0.288833 0.344668 0.530283 60 60 194
-0.285282 -0.131188 0.67124 43 43 211
0.015167 -0.279221 0.593114 0 0 254
-0.00815941 0.0828715 0.683291 0 0 254
0.223657 0.00523511 0.690323 31 31 223
0.249799 0.101753 0.679307 31 31 223
0.156747 -0.0488586 0.688326 7 7 247
0.291612 -0.249022 0.614787 50 50 204
0.226154 -0.330227 0.546179 22 22 232
0.0457069 -0.0044382 0.690625 0 0 254
-0.315878 0.0767584 0.68254 79 79 175
0.289315 -0.164638 0.659435 59 59 195
-0.00638057 -0.226001 0.630114 0 0 254
0.0864918 -0.0139131 0.690573 2 2 252
0.0424468 -0.166311 0.658175 2 2 252
0.210253 0.0296108 0.68951 24 24 230
0.507887 -0.076532 0.61926 190 190 64
0.611799 0.0113583 0.541218 255 255 0
0.624439 0.0144906 0.526249 255 255 0
0.101147 -0.248206 0.616216 4 4 250
0.0728617 -0.108857 0.677597 3 3 251
0.175853 0.0904435 0.680897 23 23 231
0.144333 0.244964 0.617693 23 23 231
0.313807 0.105192 0.676746 79 79 175
0.184584 -0.419446 0.402234 27 27 227
0.396008 -0.141147 0.650917 121 121 133
0.461294 0.0760411 0.643739 192 192 62
-0.148663 0.0383807 0.689005 9 9 245
0.370399 -0.00457841 0.680338 98 98 156
0.466123 0.0820694 0.641248 169 169 85
0.34405 0.0086289 0.685883 106 106 148
-0.0541551 0.153582 0.663682 0 0 254
0.328977 -0.285354 0.585105 64 64 190
-0.39197 0.171765 0.639882 95 95 159
0.183353 -0.0594838 0.686661 32 32 222
0.256039 0.0996296 0.679546 51 51 203
0.00348719 0.119582 0.67461 0 0 254
0.217422 0.153815 0.663899 26 26 228
0.156704 -0.149741 0.66466 20 20 234
0.139636 -0.00978263 0.690052 13 13 241
0.541083 -0.128778 0.581297 222 222 32
0.185052 0.0761573 0.68382 27 27 227
0.302898 0.227162 0.628005 57 57 197
0.489811 0.0760258 0.630245 168 168 86
0.178025 0.147274 0.665832 11 11 243
0.602742 -0.0754022 0.54247 255 255 0
0.434658 -0.0701323 0.656656 142 142 112
-0.270023 0.369013 0.498439 30 30 224
0.173087 -0.32245 0.554326 14 14 240
-0.425272 0.213463 0.607563 109 109 145
-0.0338928 -0.0645557 0.685935 1 1 253
0.392859 -0.157971 0.646109 96 96 158
-0.385769 0.0237546 0.676348 117 117 137
0.117673 0.134251 0.670265 8 8 246
0.102571 0.188692 0.648641 10 10 244
-0.193255 0.0504006 0.688154 19 19 235
-0.322828 0.21797 0.631741 68 68 186
0.30614 -0.00845519 0.689302 62 62 192
-0.0525232 0.209929 0.638738 1 1 253
0.575493 0.201982 0.510993 241 241 13
-0.231866 -0.22304 0.631092 22 22 232
0.324776 -0.176605 0.652198 81 81 173
0.0459825 -0.282838 0.590649 0 0 254
0.167542 -0.418141 0.405851 30 30 224
0.495643 -0.24497 0.548623 219 219 35
-0.0980896 -0.31027 0.566903 3 3 251
0.186318 0.16838 0.657497 34 34 220
0.247733 0.0909913 0.681539 55 55 199
0.023726 0.0936053 0.680364 2 2 252
0.522508 0.288954 0.483132 197 197 57
-0.124618 0.197437 0.645242 12 12 242
0.444795 0.197416 0.609243 146 146 108
0.567771 0.277552 0.443837 254 254 0
0.478844 0.028127 0.642157 170 170 84
0.305727 -0.195895 0.645141 74 74 180
-0.181538 0.193173 0.647312 33 33 221
0.600296 0.224023 0.460919 255 255 0
0.107471 -0.289656 0.58501 12 12 242
0.628008 0.116595 0.497979 255 255 0
0.441606 -0.114008 0.643232 143 143 111
0.513179 0.285167 0.49629 198 198 56
0.374324 -0.156197 0.651555 105 105 149
-0.17739 -0.136745 0.669192 12 12 242
-0.145058 -0.0384297 0.688518 13 13 241
0.0465661 -0.210791 0.638378 2 2 252
-0.0291126 -0.0380782 0.689334 0 0 254
-0.0242607 -0.00567513 0.690693 0 0 254
-0.317853 0.0632811 0.684395 49 49 205
-0.0915656 0.0822464 0.682825 3 3 251
0.468168 -0.0288065 0.64716 172 172 82
0.349665 0.0117478 0.684193 89 89 165
0.0884684 -0.0942969 0.680841 10 10 244
-0.206601 -0.217904 0.634353 22 22 232
-0.28236 0.156565 0.661967 37 37 217
0.348712 0.098583 0.673344 68 68 186
0.0841476 0.0319658 0.689691 1 1 253
0.308086 0.202989 0.640458 67 67 187
0.424587 0.101399 0.65382 134 134 120
0.0795403 0.0309048 0.689074 0 0 254
0.328051 -0.387865 0.462651 56 56 198
0.240114 0.0785525 0.683737 24 24 230
0.651298 0.119274 0.461249 255 255 0
0.167387 -0.203525 0.642197 15 15 239
0.415046 0.0273064 0.667627 140 140 114
-0.375994 -0.0775213 0.673066 110 110 144
0.483774 -0.00196131 0.640001 189 189 65
0.655866 0.0584794 0.47737 255 255 0
0.297195 -0.245317 0.617266 41 41 213
0.377777 -0.173969 0.643102 96 96 158
0.298332 0.0648253 0.685211 53 53 201
0.309652 0.222343 0.630029 62 62 192
0.0797479 0.0609201 0.685943 4 4 250
0.15452 0.0968415 0.680051 13 13 241
0.117425 -0.237571 0.622215 16 16 238
0.471515 0.130383 0.625011 160 160 94
0.266198 0.0882353 0.681789 64 64 190
0.389065 0.0711539 0.670623 93 93 161
-0.0507585 -0.136447 0.66927 1 1 253
0.213943 -0.0667983 0.685718 17 17 237
-0.0540354 0.0573302 0.686484 1 1 253
0.099504 -0.00735594 0.69072 8 8 246
0.223987 0.13873 0.668316 29 29 225
-0.0987957 0.0247297 0.689653 2 2 252
0.0885731 0.083051 0.682479 1 1 253
0.0467761 -0.258887 0.609101 4 4 250
0.266421 0.215674 0.635629 38 38 216
0.235367 -0.073726 0.684251 36 36 218
0.0105354 0.0159256 0.690041 0 0 254
-0.0105494 0.0721586 0.685002 0 0 254
0.394369 -0.156648 0.645352 87 87 167
0.36169 0.335805 0.528589 99 99 155
-0.0487048 0.108653 0.677397 0 0 254
0.384185 0.25859 0.592909 122 122 132
-0.22353 0.343859 0.531034 27 27 227
-0.285665 -0.319258 0.558211 67 67 187
0.0200471 0.0547752 0.687109 2 2 252
-0.397754 -0.273819 0.576669 99 99 155
0.497277 0.0576447 0.628529 193 193 61
0.0677493 0.166486 0.658825 0 0 254
0.428652 -0.230248 0.596111 136 136 118
-0.043864 0.265941 0.603309 2 2 252
0.220264 -0.295998 0.579118 33 33 221
0.440656 0.0564918 0.656015 132 132 122
0.373129 0.255106 0.598334 115 115 139
0.122929 0.099991 0.67954 5 5 249
0.0389502 -0.251808 0.613252 1 1 253
-0.139636 0.159171 0.661138 9 9 245
0.172861 -0.00155543 0.690309 15 15 239
0.230286 0.226924 0.629411 39 39 215
0.310225 -0.136621 0.668458 48 48 206
0.318926 0.0962107 0.678523 67 67 187
0.401853 -0.234578 0.603251 99 99 155
0.091997 -0.0668782 0.685196 4 4 250
0.341085 0.0243105 0.685804 87 87 167
0.225428 0.0829563 0.682528 18 18 236
0.149738 0.0670359 0.685011 18 18 236
-0.158972 -0.015237 0.690156 11 11 243
0.308394 0.153709 0.66194 56 56 198
0.207011 0.275794 0.595696 35 35 219
0.19811 -0.0994954 0.679433 23 23 231
-0.00549359 -0.139129 0.668717 0 0 254
0.0725852 -0.109738 0.677253 7 7 247
0.337343 0.0157293 0.686003 56 56 198
0.332024 -0.346258 0.522679 78 78 176
-0.212052 0.179891 0.653376 26 26 228
-0.0579506 0.171867 0.656085 0 0 254
-0.0367139 -0.267035 0.602428 0 0 254
0.185662 0.309049 0.567796 15 15 239
0.0163225 0.100405 0.679196 0 0 254
0.445496 -0.311373 0.519065 162 162 92
0.499889 -0.347753 0.420737 182 182 72
0.141921 -0.159246 0.66087 7 7 247
0.470403 -0.241457 0.568089 143 143 111
0.329988 -0.184083 0.647386 95 95 159
0.253738 -0.388836 0.467199 58 58 196
0.194244 0.199727 0.643478 17 17 237
0.344066 -0.00145796 0.685195 90 90 164
0.488844 0.25451 0.545775 171 171 83
0.652851 0.106291 0.464955 255 255 0
0.294116 -0.0999542 0.678686 46 46 208
0.185051 0.342346 0.53278 34 34 220
0.287026 -0.116293 0.674619 71 71 183
0.232206 -0.138704 0.66859 25 25 229
0.320315 0.15241 0.662077 75 75 179
-0.427884 0.022098 0.664157 164 164 90
-0.467273 0.00850151 0.648157 139 139 115
0.557946 0.175508 0.545418 236 236 18
0.183764 0.279089 0.593023 25 25 229
0.15456 0.196942 0.644633 12 12 242
0.516501 -0.324077 0.440958 229 229 25
-0.194393 -0.14105 0.66732 21 21 233
0.0216146 -0.286158 0.588408 0 0 254
0.364953 -0.198404 0.634732 75 75 179
0.00552333 -0.0341782 0.689175 0 0 254
0.0275115 0.00678578 0.690373 0 0 254
0.524019 -0.0227956 0.616477 202 202 52
0.0239849 -0.0498918 0.688151 1 1 253
-0.225868 -0.361896 0.508309 31 31 223
0.594991 -0.20828 0.482123 255 255 0
0.36309 0.303847 0.561512 93 93 161
-0.287327 -0.0841643 0.682485 59 59 195
-0.0818435 0.241499 0.62059 3 3 251
0.116415 0.129461 0.671768 10 10 244
0.562748 -0.101881 0.57312 247 247 7
0.588317 0.0508735 0.562019 253 253 1
-0.279823 0.149626 0.664621 55 55 199
0.403232 -0.141757 0.648642 115 115 139
0.157402 -0.0226664 0.689756 20 20 234
0.0826532 -0.0443244 0.688421 1 1 253
0.39352 -0.0752994 0.668954 125 125 129
0.0132416 0.163438 0.659552 0 0 254
0.379725 0.068467 0.673635 96 96 158
-0.332626 -0.118826 0.671215 68 68 186
0.301187 0.0127901 0.689381 59 59 195
0.241228 0.180428 0.652424 49 49 205
0.368277 -0.0730537 0.674974 75 75 179
0.529887 -0.149636 0.582277 210 210 44
0.292361 0.308166 0.568302 58 58 196
0.0249929 -0.22647 0.629007 0 0 254
0.119966 0.303297 0.573353 14 14 240
0.571034 0.219647 0.501793 255 255 0
-0.0532751 -0.054417 0.687347 1 1 253
-0.270825 0.157416 0.662537 40 40 214
0.516383 -0.321741 0.445976 216 216 38
-0.385272 0.153841 0.649495 107 107 147
-0.490284 -0.16549 0.601471 155 155 99
0.28477 0.0493033 0.687431 70 70 184
0.443454 -0.125524 0.639648 132 132 122
-0.0138502 -0.0699002 0.685087 0 0 254
0.632526 0.0703342 0.508551 255 255 0
-0.177462 0.258884 0.608982 12 12 242
0.147675 0.00822779 0.689994 10 10 244
0.0364822 -0.111697 0.676765 0 0 254
0.168004 0.146791 0.666147 19 19 235
0.627041 -0.128689 0.492617 255 255 0
0.366976 0.152492 0.654128 105 105 149
0.238103 -0.15371 0.663374 23 23 231
0.371082 -0.0021837 0.680606 110 110 144
0.439406 -0.0259702 0.659906 138 138 116
-0.4545 0.115162 0.638247 129 129 125
-0.190784 -0.269704 0.600107 13 13 241
0.340701 -0.305458 0.565361 92 92 162
0.0314306 -0.149001 0.664627 0 0 254
-0.0610394 0.284812 0.58868 0 0 254
0.113835 0.0284948 0.689302 13 13 241
0.124909 0.316505 0.559746 18 18 236
0.0431648 -0.0619597 0.686277 1 1 253
0.363704 0.0747142 0.676152 77 77 177
0.133132 -0.189795 0.648365 10 10 244
0.340962 0.0768371 0.679589 101 101 153
0.194904 0.0147504 0.690221 12 12 242
-0.399382 -0.0214664 0.67311 102 102 152
-0.216818 0.347233 0.527132 41 41 213
-0.0986333 -0.00460876 0.690801 9 9 245
0.488268 -0.125288 0.617761 177 177 77
0.107018 0.0564172 0.68707 4 4 250
0.0509852 0.207875 0.639142 6 6 248
0.331021 0.268384 0.597894 66 66 188
0.0264747 0.392029 0.46182 0 0 254
0.248142 -0.242349 0.619945 49 49 205
0.0699585 0.0540371 0.687313 5 5 249
0.303078 0.17601 0.653515 66 66 188
0.32924 -0.219142 0.630694 71 71 183
0.164432 -0.349242 0.523633 11 11 243
0.407282 0.0474641 0.668377 136 136 118
0.0925222 0.11592 0.675011 12 12 242
0.394517 0.139276 0.652531 101 101 153
0.29995 -0.152571 0.663233 45 45 209
0.551954 -0.0711051 0.589655 255 255 0
0.00511347 0.0867834 0.682035 0 0 254
0.439559 -0.0775558 0.652745 148 148 106
0.444236 -0.205742 0.604125 161 161 93
0.458448 0.333177 0.483154 181 181 73
-0.0572249 0.116683 0.675126 0 0 254
0.581383 -0.0875943 0.561201 255 255 0
-0.118873 -0.126939 0.671782 12 12 242
0.0920393 0.0745288 0.684142 6 6 248
0.138089 0.142813 0.666983 9 9 245
-0.352123 0.0748434 0.678274 91 91 163
0.424439 -0.27388 0.566028 156 156 98
0.27839 0.130032 0.671226 65 65 189
0.343717 -0.388577 0.456744 86 86 168
0.408353 0.229509 0.604215 136 136 118
-0.0540937 0.0510242 0.68787 1 1 253
0.330661 -0.0840005 0.679487 69 69 185
0.371668 -0.175345 0.643746 96 96 158
0.311782 -0.149594 0.66356 74 74 180
0.0186613 0.0284299 0.689331 0 0 254
0.360747 -0.360148 0.497162 116 116 138
-0.099484 0.189257 0.648862 4 4 250
0.0602138 -0.180308 0.652332 1 1 253
0.196305 -0.37515 0.488897 24 24 230
-0.284886 -0.150781 0.664194 44 44 210
0.0581446 0.0357099 0.689308 2 2 252
-0.185179 0.213669 0.636886 14 14 240
0.124639 0.279767 0.593097 7 7 247
0.262449 -0.0877672 0.682347 54 54 200
0.659598 -0.0799756 0.464472 255 255 0
0.0434322 0.113633 0.675548 0 0 254
0.0606107 0.231901 0.626507 6 6 248
0.391257 -0.218983 0.6174 127 127 127
0.190453 -0.209321 0.638516 32 32 222
-0.0574913 0.0818723 0.682697 3 3 251
0.377653 -0.164016 0.646996 100 100 154
-0.21109 0.0811666 0.682945 40 40 214
-0.353907 0.00973073 0.683641 83 83 171
-0.120864 0.043543 0.688557 4 4 250
0.285962 0.224416 0.630397 35 35 219
0.205462 0.202585 0.642038 26 26 228
0.35879 -0.228587 0.619682 100 100 154
0.379613 0.098581 0.667578 83 83 171
0.29293 0.0297518 0.689126 45 45 209
-0.0458101 -0.334266 0.542189 0 0 254
0.388643 0.335454 0.519405 126 126 128
-0.39864 0.187229 0.630964 104 104 150
0.61444 0.0992778 0.521744 255 255 0
0.0387619 -0.361485 0.509109 3 3 251
0.632532 -0.160497 0.466805 255 255 0
0.0488192 0.126399 0.672679 4 4 250
-0.115879 0.0227065 0.689651 4 4 250
0.17708 -0.0238359 0.689752 13 13 241
0.0977208 -0.28282 0.589928 9 9 245
0.30887 0.0700493 0.684121 45 45 209
0.519617 -0.192715 0.56775 187 187 67
-0.0700118 -0.0525493 0.686979 1 1 253
-0.138927 0.307979 0.569157 12 12 242
0.0474667 0.116753 0.675083 1 1 253
0.431883 0.0921289 0.652747 149 149 105
0.225346 -0.194611 0.646692 36 36 218
0.442774 -0.185312 0.615969 129 129 125
0.274108 0.0139998 0.690474 55 55 199
-0.0396291 0.230285 0.626738 4 4 250
0.123666 0.102177 0.679063 4 4 250
0.588997 0.180531 0.509989 255 255 0
0.16064 0.283472 0.590354 20 20 234
0.346848 0.277039 0.58786 90 90 164
-0.00499753 0.159692 0.661049 0 0 254
0.361372 -0.109843 0.66895 101 101 153
-0.119233 -0.1618 0.660353 7 7 247
0.197166 -0.264179 0.604974 30 30 224
0.508113 0.146931 0.597719 225 225 29
-0.135743 0.0985877 0.67961 4 4 250
0.326948 0.0513105 0.684424 53 53 201
-0.464645 -0.0762695 0.643037 133 133 121
0.570949 0.0509138 0.578571 250 250 4
-0.21462 -0.0193486 0.689822 22 22 232
0.397696 0.0545889 0.670365 121 121 133
-0.0566175 -0.117742 0.674402 2 2 252
0.269275 0.115147 0.675013 32 32 222
-0.12669 -0.135395 0.669458 19 19 235
0.289135 0.353358 0.518716 45 45 209
-0.00353754 -0.0631253 0.686043 0 0 254
0.224348 -0.142089 0.66735 22 22 232
-0.0386157 0.0424853 0.688884 1 1 253
0.055675 -0.147433 0.665819 2 2 252
-0.178321 -0.383048 0.47603 13 13 241
-0.0264648 -0.00806046 0.690049 0 0 254
0.119611 0.0607319 0.686609 5 5 249
0.25612 0.164489 0.659084 59 59 195
0.258153 0.0530944 0.687041 34 34 220
0.0120042 -0.134027 0.670031 0 0 254
0.303187 -0.00303398 0.689954 61 61 193
0.155333 0.0676702 0.685433 22 22 232
0.413661 -0.0539332 0.666197 130 130 124
-0.216785 -0.011915 0.690254 22 22 232
0.421761 0.114168 0.651197 157 157 97
-0.00990206 0.052956 0.686978 0 0 255
0.00566527 -0.0896652 0.681161 0 0 254
0.672211 -0.0409658 0.45333 255 255 0
-0.34186 0.348855 0.516945 61 61 193
0.20849 -0.172834 0.656081 19 19 235
0.179328 -0.22662 0.628816 16 16 238
-0.0417656 0.168468 0.657919 1 1 253
0.670384 -0.0202941 0.460075 255 255 0
0.374417 -0.33716 0.522993 78 78 176
-0.273489 0.108092 0.676985 35 35 219
0.113632 -0.185538 0.650885 3 3 251
0.13433 0.235363 0.623604 15 15 239
-0.452851 0.172149 0.617065 128 128 126
0.0692813 -0.0167792 0.690615 3 3 251
